step,timestamp,equity
0,1776432300000,10000.0
1,1776432600000,10000.0
2,1776432900000,10000.0
3,1776433200000,10000.0
4,1776433500000,10000.0
5,1776433800000,10000.0
6,1776434100000,10000.0
7,1776434400000,10000.0
8,1776434700000,10000.0
9,1776435000000,10000.0
10,1776435300000,10000.0
11,1776435600000,10000.0
12,1776435900000,10000.0
13,1776436200000,10000.0
14,1776436500000,10000.0
15,1776436800000,10000.0
16,1776437100000,10000.0
17,1776437400000,10000.0
18,1776437700000,10000.0
19,1776438000000,10000.0
20,1776438300000,10000.0
21,1776438600000,10000.0
22,1776438900000,10000.0
23,1776439200000,10000.0
24,1776439500000,10000.0
25,1776439800000,10000.0
26,1776440100000,10000.0
27,1776440400000,10000.0
28,1776440700000,10000.0
29,1776441000000,10000.0
30,1776441300000,10000.0
31,1776441600000,10000.0
32,1776441900000,10000.0
33,1776442200000,10000.0
34,1776442500000,10000.0
35,1776442800000,10000.0
36,1776443100000,10000.0
37,1776443400000,10000.0
38,1776443700000,10000.0
39,1776444000000,10000.0
40,1776444300000,10000.0
41,1776444600000,10000.0
42,1776444900000,10000.0
43,1776445200000,10000.0
44,1776445500000,10000.0
45,1776445800000,10000.0
46,1776446100000,10000.0
47,1776446400000,10000.0
48,1776446700000,10000.0
49,1776447000000,10000.0
50,1776447300000,10000.0
51,1776447600000,10000.0
52,1776447900000,10000.0
53,1776448200000,10000.0
54,1776448500000,10000.0
55,1776448800000,10000.0
56,1776449100000,10000.0
57,1776449400000,10000.0
58,1776449700000,10000.0
59,1776450000000,10000.0
60,1776450300000,10000.0
61,1776450600000,10000.0
62,1776450900000,10000.0
63,1776451200000,10000.0
64,1776451500000,10000.0
65,1776451800000,10000.0
66,1776452100000,10000.0
67,1776452400000,10000.0
68,1776452700000,10000.0
69,1776453000000,10000.0
70,1776453300000,10000.0
71,1776453600000,10000.0
72,1776453900000,10000.0
73,1776454200000,10000.0
74,1776454500000,10000.0
75,1776454800000,10000.0
76,1776455100000,10000.0
77,1776455400000,10000.0
78,1776455700000,10000.0
79,1776456000000,10000.0
80,1776456300000,10000.0
81,1776456600000,10000.0
82,1776456900000,10000.0
83,1776457200000,10000.0
84,1776457500000,10000.0
85,1776457800000,10000.0
86,1776458100000,10000.0
87,1776458400000,10000.0
88,1776458700000,10000.0
89,1776459000000,10000.0
90,1776459300000,10000.0
91,1776459600000,10000.0
92,1776459900000,10000.0
93,1776460200000,10000.0
94,1776460500000,10000.0
95,1776460800000,10000.0
96,1776461100000,10000.0
97,1776461400000,10000.0
98,1776461700000,10000.0
99,1776462000000,10000.0
100,1776462300000,10000.0
101,1776462600000,10000.0
102,1776462900000,10000.0
103,1776463200000,10000.0
104,1776463500000,10000.0
105,1776463800000,10000.0
106,1776464100000,9996.0
107,1776464400000,9981.06908640957
108,1776464700000,9963.053011837494
109,1776465000000,9959.068587517622
110,1776465300000,9944.022891081635
111,1776465600000,9935.990364800089
112,1776465900000,9938.069851299373
113,1776466200000,9937.21359215261
114,1776466500000,9922.494089677291
115,1776466800000,9911.718913459357
116,1776467100000,9911.718913459357
117,1776467400000,9911.718913459357
118,1776467700000,9911.718913459357
119,1776468000000,9911.718913459357
120,1776468300000,9911.718913459357
121,1776468600000,9911.718913459357
122,1776468900000,9911.718913459357
123,1776469200000,9907.754225893974
124,1776469500000,9900.547787554779
125,1776469800000,9908.859759048282
126,1776470100000,9914.714990198878
127,1776470400000,9909.555835478772
128,1776470700000,9920.324547315182
129,1776471000000,9919.62847088469
130,1776471300000,9908.614085013993
131,1776471600000,9913.445674355042
132,1776471900000,9904.028169707231
133,1776472200000,9938.054023456496
134,1776472500000,9929.619214945847
135,1776472800000,9932.765478100691
136,1776473100000,9932.765478100691
137,1776473400000,9932.765478100691
138,1776473700000,9932.765478100691
139,1776474000000,9928.792371909452
140,1776474300000,9919.681173832703
141,1776474600000,9901.910233439768
142,1776474900000,9908.083041450445
143,1776475200000,9908.083041450445
144,1776475500000,9908.083041450445
145,1776475800000,9908.083041450445
146,1776476100000,9908.083041450445
147,1776476400000,9908.083041450445
148,1776476700000,9904.119808233867
149,1776477000000,9904.447426689247
150,1776477300000,9897.69029604703
151,1776477600000,9908.255991233043
152,1776477900000,9899.983625234692
153,1776478200000,9897.485534512418
154,1776478500000,9891.137926939426
155,1776478800000,9888.986845978086
156,1776479100000,9888.986845978086
157,1776479400000,9888.986845978086
158,1776479700000,9888.986845978086
159,1776480000000,9888.986845978086
160,1776480300000,9888.986845978086
161,1776480600000,9888.986845978086
162,1776480900000,9888.986845978086
163,1776481200000,9888.986845978086
164,1776481500000,9888.986845978086
165,1776481800000,9888.986845978086
166,1776482100000,9888.986845978086
167,1776482400000,9888.986845978086
168,1776482700000,9888.986845978086
169,1776483000000,9885.031251239696
170,1776483300000,9886.586831403403
171,1776483600000,9885.481550760767
172,1776483900000,9877.417095701541
173,1776484200000,9928.260005262764
174,1776484500000,9928.66936846374
175,1776484800000,9915.815363953094
176,1776485100000,9911.476114022747
177,1776485400000,9906.314189788463
178,1776485700000,9902.351664112548
179,1776486000000,9910.204518540942
180,1776486300000,9928.993808979563
181,1776486600000,9930.720614665388
182,1776486900000,9912.589154964226
183,1776487200000,9921.716556446445
184,1776487500000,9914.973791387507
185,1776487800000,9902.673333658253
186,1776488100000,9898.712264324791
187,1776488400000,9887.441838429571
188,1776488700000,9878.886186655098
189,1776489000000,9881.148498422386
190,1776489300000,9889.416219608296
191,1776489600000,9887.19504078223
192,1776489900000,9892.5834560825
193,1776490200000,9895.709559615481
194,1776490500000,9897.642807852983
195,1776490800000,9898.671131383568
196,1776491100000,9898.136403147664
197,1776491400000,9894.96916667346
198,1776491700000,9890.682372332476
199,1776492000000,9890.682372332476
200,1776492300000,9890.682372332476
201,1776492600000,9890.682372332476
202,1776492900000,9886.726099383543
203,1776493200000,9893.297162704448
204,1776493500000,9885.329748427852
205,1776493800000,9875.678499175276
206,1776494100000,9881.592456164088
207,1776494400000,9873.120349540732
208,1776494700000,9873.120349540732
209,1776495000000,9873.120349540732
210,1776495300000,9873.120349540732
211,1776495600000,9873.120349540732
212,1776495900000,9873.120349540732
213,1776496200000,9873.120349540732
214,1776496500000,9873.120349540732
215,1776496800000,9869.171101400916
216,1776497100000,9875.19912306245
217,1776497400000,9874.543011861193
218,1776497700000,9878.520686018806
219,1776498000000,9878.725720769196
220,1776498300000,9885.532874482222
221,1776498600000,9883.236485277828
222,1776498900000,9885.409853631987
223,1776499200000,9884.83575633089
224,1776499500000,9887.419194185832
225,1776499800000,9906.815481572943
226,1776500100000,9929.346464471831
227,1776500400000,9929.346464471831
228,1776500700000,9929.346464471831
229,1776501000000,9929.346464471831
230,1776501300000,9929.346464471831
231,1776501600000,9929.346464471831
232,1776501900000,9929.346464471831
233,1776502200000,9929.346464471831
234,1776502500000,9929.346464471831
235,1776502800000,9929.346464471831
236,1776503100000,9929.346464471831
237,1776503400000,9925.374725886042
238,1776503700000,9934.90176391986
239,1776504000000,9934.776408156256
240,1776504300000,9917.686239051736
241,1776504600000,9907.783133727113
242,1776504900000,9921.321556196219
243,1776505200000,9924.497235540824
244,1776505500000,9923.285463159329
245,1776505800000,9934.859978665325
246,1776506100000,9926.377571994866
247,1776506400000,9960.850406985646
248,1776506700000,10002.46852050179
249,1776507000000,9983.039871048099
250,1776507300000,9983.039871048099
251,1776507600000,9983.039871048099
252,1776507900000,9983.039871048099
253,1776508200000,9983.039871048099
254,1776508500000,9983.039871048099
255,1776508800000,9983.039871048099
256,1776509100000,9979.04665509968
257,1776509400000,9987.334774544302
258,1776509700000,9985.305031006845
259,1776510000000,9983.106142174598
260,1776510300000,9996.553193110261
261,1776510600000,10016.21633362939
262,1776510900000,9998.371505029234
263,1776511200000,9997.906355468567
264,1776511500000,9997.821782821173
265,1776511800000,9994.016013688437
266,1776512100000,10043.617871385082
267,1776512400000,10031.819987073604
268,1776512700000,10027.475109786117
269,1776513000000,10023.464119742202
270,1776513300000,10022.313344128059
271,1776513600000,9998.914239973783
272,1776513900000,10003.005886601853
273,1776514200000,9998.658512059526
274,1776514500000,9996.911037978789
275,1776514800000,10004.028798258869
276,1776515100000,10013.192381852987
277,1776515400000,10005.861514977692
278,1776515700000,10024.401788761137
279,1776516000000,10005.98937893482
280,1776516300000,10002.451809454302
281,1776516600000,9998.77461116701
282,1776516900000,9998.77461116701
283,1776517200000,9994.775101322542
284,1776517500000,9997.914807007914
285,1776517800000,9999.060375298523
286,1776518100000,9996.599524896474
287,1776518400000,9994.223531404841
288,1776518700000,10006.230784228632
289,1776519000000,10019.2138915222
290,1776519300000,10035.421561411558
291,1776519600000,10021.505028103418
292,1776519900000,10001.648511066196
293,1776520200000,9993.114509875619
294,1776520500000,9993.114509875619
295,1776520800000,9989.117264071669
296,1776521100000,9984.236300760878
297,1776521400000,9980.204200634573
298,1776521700000,9980.628632226817
299,1776522000000,9998.58208857868
300,1776522300000,9981.944370162768
301,1776522600000,9965.803252075902
302,1776522900000,9965.803252075902
303,1776523200000,9965.803252075902
304,1776523500000,9965.803252075902
305,1776523800000,9965.803252075902
306,1776524100000,9965.803252075902
307,1776524400000,9965.803252075902
308,1776524700000,9965.803252075902
309,1776525000000,9965.803252075902
310,1776525300000,9965.803252075902
311,1776525600000,9965.803252075902
312,1776525900000,9965.803252075902
313,1776526200000,9965.803252075902
314,1776526500000,9965.803252075902
315,1776526800000,9965.803252075902
316,1776527100000,9965.803252075902
317,1776527400000,9965.803252075902
318,1776527700000,9965.803252075902
319,1776528000000,9965.803252075902
320,1776528300000,9965.803252075902
321,1776528600000,9965.803252075902
322,1776528900000,9965.803252075902
323,1776529200000,9961.817727879912
324,1776529500000,9958.621805014007
325,1776529800000,9948.655571866379
326,1776530100000,9946.973507200111
327,1776530400000,9939.548262265422
328,1776530700000,9939.548262265422
329,1776531000000,9939.548262265422
330,1776531300000,9939.548262265422
331,1776531600000,9939.548262265422
332,1776531900000,9939.548262265422
333,1776532200000,9935.572442960516
334,1776532500000,9922.251985567966
335,1776532800000,9927.984840648303
336,1776533100000,9919.132637950725
337,1776533400000,9909.226601598672
338,1776533700000,9914.832996640473
339,1776534000000,9917.952344257714
340,1776534300000,9907.902478321164
341,1776534600000,9907.902478321164
342,1776534900000,9907.902478321164
343,1776535200000,9907.902478321164
344,1776535500000,9907.902478321164
345,1776535800000,9903.939317329838
346,1776536100000,9926.094790619183
347,1776536400000,9927.059896463228
348,1776536700000,9928.696380285735
349,1776537000000,9941.872173113112
350,1776537300000,9959.831534037052
351,1776537600000,9968.643370004404
352,1776537900000,9954.292665714715
353,1776538200000,9960.628795386478
354,1776538500000,9961.719784601482
355,1776538800000,9932.13945765131
356,1776539100000,9928.16660186825
357,1776539400000,9926.26757963982
358,1776539700000,9932.724255216483
359,1776540000000,9947.325626128408
360,1776540300000,9937.366309552643
361,1776540600000,9946.35501476721
362,1776540900000,9953.740101211104
363,1776541200000,9954.03550466886
364,1776541500000,9946.059611309454
365,1776541800000,9953.022692813696
366,1776542100000,9949.140247368907
367,1776542400000,9964.163623220484
368,1776542700000,9943.024509655575
369,1776543000000,9939.047299851714
370,1776543300000,9941.501448240397
371,1776543600000,9939.93587082003
372,1776543900000,9944.04022243559
373,1776544200000,9944.04022243559
374,1776544500000,9940.316686949309
375,1776544800000,9929.146080490473
376,1776545100000,9922.249077260207
377,1776545400000,9918.602491302157
378,1776545700000,9918.602491302157
379,1776546000000,9918.602491302157
380,1776546300000,9918.602491302157
381,1776546600000,9918.602491302157
382,1776546900000,9918.602491302157
383,1776547200000,9918.602491302157
384,1776547500000,9918.602491302157
385,1776547800000,9918.602491302157
386,1776548100000,9918.602491302157
387,1776548400000,9918.602491302157
388,1776548700000,9918.602491302157
389,1776549000000,9918.602491302157
390,1776549300000,9918.602491302157
391,1776549600000,9918.602491302157
392,1776549900000,9918.602491302157
393,1776550200000,9918.602491302157
394,1776550500000,9918.602491302157
395,1776550800000,9918.602491302157
396,1776551100000,9918.602491302157
397,1776551400000,9918.602491302157
398,1776551700000,9918.602491302157
399,1776552000000,9918.602491302157
400,1776552300000,9914.635843635171
401,1776552600000,9914.425565930227
402,1776552900000,9910.514400618275
403,1776553200000,9917.32739825845
404,1776553500000,9912.95362199562
405,1776553800000,9905.467735699625
406,1776554100000,9902.818236617335
407,1776554400000,9904.206069469965
408,1776554700000,9902.944403240303
409,1776555000000,9893.43451049678
410,1776555300000,9893.43451049678
411,1776555600000,9893.43451049678
412,1776555900000,9889.477136692582
413,1776556200000,9900.19810372929
414,1776556500000,9901.4593939689
415,1776556800000,9891.579287091936
416,1776557100000,9881.194664119128
417,1776557400000,9894.39616862707
418,1776557700000,9899.60950161747
419,1776558000000,9910.834984750021
420,1776558300000,9911.507672877815
421,1776558600000,9919.117457323477
422,1776558900000,9923.11154308225
423,1776559200000,9920.378747563089
424,1776559500000,9904.532283936263
425,1776559800000,9900.57047102269
426,1776560100000,9897.660350397617
427,1776560400000,9892.093163114874
428,1776560700000,9901.667038214744
429,1776561000000,9899.473903830634
430,1776561300000,9907.571630787352
431,1776561600000,9913.434047698725
432,1776561900000,9917.651613822018
433,1776562200000,9918.832532336537
434,1776562500000,9921.110018043115
435,1776562800000,9915.416303776672
436,1776563100000,9906.179833966666
437,1776563400000,9892.260288406947
438,1776563700000,9892.260288406947
439,1776564000000,9892.260288406947
440,1776564300000,9892.260288406947
441,1776564600000,9892.260288406947
442,1776564900000,9892.260288406947
443,1776565200000,9888.303384291585
444,1776565500000,9884.49373578965
445,1776565800000,9889.827243692358
446,1776566100000,9877.890345052963
447,1776566400000,9854.268341066969
448,1776566700000,9850.326633730543
449,1776567000000,9857.605832804004
450,1776567300000,9866.105244438912
451,1776567600000,9865.347871124912
452,1776567900000,9872.248383541371
453,1776568200000,9852.556677377326
454,1776568500000,9862.949522297238
455,1776568800000,9859.162655727228
456,1776569100000,9842.672813689433
457,1776569400000,9838.735744563955
458,1776569700000,9836.003571962434
459,1776570000000,9833.859867305859
460,1776570300000,9830.581260184033
461,1776570600000,9832.598864566695
462,1776570900000,9846.553961546768
463,1776571200000,9835.289003743577
464,1776571500000,9834.82663607255
465,1776571800000,9825.707603255842
466,1776572100000,9825.707603255842
467,1776572400000,9825.707603255842
468,1776572700000,9825.707603255842
469,1776573000000,9821.777320214538
470,1776573300000,9821.945571513417
471,1776573600000,9853.24031310498
472,1776573900000,9847.68802024196
473,1776574200000,9832.519840428322
474,1776574500000,9828.58683249215
475,1776574800000,9842.155671103832
476,1776575100000,9840.090847836836
477,1776575400000,9832.33722577302
478,1776575700000,9834.444188290361
479,1776576000000,9826.437730724463
480,1776576300000,9826.564148475501
481,1776576600000,9811.478296851335
482,1776576900000,9819.063361913766
483,1776577200000,9817.377791899893
484,1776577500000,9819.105501164113
485,1776577800000,9832.800757526833
486,1776578100000,9829.064989471757
487,1776578400000,9825.133363475969
488,1776578700000,9822.939451095503
489,1776579000000,9850.532118342138
490,1776579300000,9829.605569482304
491,1776579600000,9819.901726261009
492,1776579900000,9830.618144427133
493,1776580200000,9823.572310436019
494,1776580500000,9823.572310436019
495,1776580800000,9822.348782377683
496,1776581100000,9827.453847724537
497,1776581400000,9840.828275120843
498,1776581700000,9835.596637905886
499,1776582000000,9839.501460062374
500,1776582300000,9835.56565947835
501,1776582600000,9838.320457121854
502,1776582900000,9861.587901833907
503,1776583200000,9907.402305720489
504,1776583500000,9913.462860536196
505,1776583800000,9897.103600684004
506,1776584100000,9892.865450463229
507,1776584400000,9859.926807095198
508,1776584700000,9855.982836372359
509,1776585000000,9843.331145770808
510,1776585300000,9850.01907649284
511,1776585600000,9860.455656282
512,1776585900000,9859.30550259095
513,1776586200000,9847.292786262202
514,1776586500000,9841.584616091804
515,1776586800000,9841.925402370636
516,1776587100000,9852.745366723479
517,1776587400000,9856.579212360313
518,1776587700000,9841.499419522097
519,1776588000000,9836.558018479067
520,1776588300000,9831.850487160644
521,1776588600000,9831.850487160644
522,1776588900000,9831.850487160644
523,1776589200000,9827.917746965779
524,1776589500000,9830.378286790921
525,1776589800000,9827.960170066213
526,1776590100000,9835.426635742504
527,1776590400000,9845.565756746106
528,1776590700000,9837.929598668079
529,1776591000000,9842.638562816195
530,1776591300000,9857.82603277138
531,1776591600000,9852.09891421286
532,1776591900000,9862.789535522095
533,1776592200000,9855.832147051007
534,1776592500000,9859.013879583517
535,1776592800000,9852.178947701343
536,1776593100000,9848.238076122261
537,1776593400000,9843.586574598456
538,1776593700000,9850.627838373024
539,1776594000000,9846.061685501032
540,1776594300000,9834.752989135817
541,1776594600000,9826.218123954523
542,1776594900000,9830.144161937918
543,1776595200000,9822.548131926565
544,1776595500000,9810.748003655517
545,1776595800000,9810.748003655517
546,1776596100000,9810.748003655517
547,1776596400000,9810.748003655517
548,1776596700000,9806.824489156956
549,1776597000000,9803.370773894003
550,1776597300000,9791.156415037216
551,1776597600000,9792.293613965261
552,1776597900000,9796.126395537562
553,1776598200000,9805.771527186542
554,1776598500000,9797.60054229614
555,1776598800000,9804.255261949149
556,1776599100000,9807.666858733286
557,1776599400000,9812.93166858535
558,1776599700000,9810.99421855979
559,1776600000000,9821.945023052083
560,1776600300000,9821.42687020255
561,1776600600000,9817.499085011506
562,1776600900000,9813.544775400915
563,1776601200000,9801.976316433758
564,1776601500000,9797.433067093929
565,1776601800000,9799.031617787574
566,1776602100000,9782.41320699996
567,1776602400000,9782.41320699996
568,1776602700000,9782.41320699996
569,1776603000000,9778.501024153731
570,1776603300000,9784.964761283121
571,1776603600000,9808.805038487624
572,1776603900000,9815.226803297994
573,1776604200000,9806.118810070217
574,1776604500000,9829.035696256236
575,1776604800000,9838.10171716499
576,1776605100000,9831.050367569293
577,1776605400000,9827.608637409487
578,1776605700000,9827.188914219267
579,1776606000000,9830.672616698093
580,1776606300000,9816.947668377896
581,1776606600000,9810.378083486736
582,1776606900000,9806.454716926655
583,1776607200000,9783.434181153789
584,1776607500000,9767.70977147287
585,1776607800000,9776.934758485675
586,1776608100000,9786.369404294228
587,1776608400000,9790.730307245736
588,1776608700000,9807.796533219425
589,1776609000000,9798.278023892575
590,1776609300000,9797.481320468743
591,1776609600000,9803.645289063663
592,1776609900000,9820.627651519057
593,1776610200000,9803.645289063663
594,1776610500000,9800.101457986953
595,1776610800000,9796.182201255104
596,1776611100000,9783.405920044359
597,1776611400000,9787.092191344507
598,1776611700000,9797.103769080142
599,1776612000000,9784.997719014877
600,1776612300000,9781.814121073838
601,1776612600000,9737.536511138045
602,1776612900000,9737.536511138045
603,1776613200000,9733.64149653359
604,1776613500000,9716.010742743854
605,1776613800000,9713.498046241753
606,1776614100000,9710.189662513989
607,1776614400000,9710.650323539374
608,1776614700000,9729.579303855193
609,1776615000000,9730.961286931348
610,1776615300000,9749.262093121644
611,1776615600000,9748.592040721083
612,1776615900000,9754.622512326123
613,1776616200000,9737.82932403709
614,1776616500000,9742.980351866394
615,1776616800000,9757.249566822189
616,1776617100000,9753.34666699546
617,1776617400000,9804.286949032887
618,1776617700000,9794.620063827766
619,1776618000000,9825.848306033877
620,1776618300000,9830.05129960132
621,1776618600000,9810.591439384052
622,1776618900000,9795.754872090974
623,1776619200000,9798.696967588185
624,1776619500000,9789.320994687692
625,1776619800000,9785.405266289818
626,1776620100000,9766.352960169303
627,1776620400000,9775.688165840824
628,1776620700000,9788.50285726264
629,1776621000000,9818.375515411508
630,1776621300000,9829.662627723437
631,1776621600000,9846.635728944386
632,1776621900000,9817.3146965852
633,1776622200000,9826.26800747925
634,1776622500000,9831.614534363847
635,1776622800000,9849.94548368247
636,1776623100000,9823.467445777791
637,1776623400000,9841.051291211712
638,1776623700000,9841.051291211712
639,1776624000000,9837.114870695228
640,1776624300000,9827.195451699832
641,1776624600000,9830.888395568249
642,1776624900000,9819.809563963
643,1776625200000,9810.190733422009
644,1776625500000,9800.614844088792
645,1776625800000,9801.903080321961
646,1776626100000,9779.17148987207
647,1776626400000,9775.25982127612
648,1776626700000,9758.772686437283
649,1776627000000,9766.48372366165
650,1776627300000,9763.331144906937
651,1776627600000,9767.88960337659
652,1776627900000,9761.669650698374
653,1776628200000,9762.095674854414
654,1776628500000,9757.366806722344
655,1776628800000,9784.887967202676
656,1776629100000,9780.755532889067
657,1776629400000,9777.815966212374
658,1776629700000,9797.114860481088
659,1776630000000,9794.400227657197
660,1776630300000,9790.482467566135
661,1776630600000,9772.452609004642
662,1776630900000,9790.311568432851
663,1776631200000,9833.677223503746
664,1776631500000,9850.040815515718
665,1776631800000,9819.791668924396
666,1776632100000,9841.025886234971
667,1776632400000,9837.35155486936
668,1776632700000,9824.277771173107
669,1776633000000,9820.090742407641
670,1776633300000,9836.539783986258
671,1776633600000,9827.823928188758
672,1776633900000,9814.382030085353
673,1776634200000,9810.45627727332
674,1776634500000,9801.226504742424
675,1776634800000,9803.58760934335
676,1776635100000,9817.797166123475
677,1776635400000,9854.716256247058
678,1776635700000,9853.771814406688
679,1776636000000,9930.400391000405
680,1776636300000,9885.925766153856
681,1776636600000,9921.21354764407
682,1776636900000,9913.529225397417
683,1776637200000,9915.546896601847
684,1776637500000,9907.94843270432
685,1776637800000,9888.416161825664
686,1776638100000,9884.460795360934
687,1776638400000,9874.35920071908
688,1776638700000,9884.504336717147
689,1776639000000,9873.096501388849
690,1776639300000,9889.903464887795
691,1776639600000,9921.558030856018
692,1776639900000,9920.208248813356
693,1776640200000,9910.759774514725
694,1776640500000,9911.23872943309
695,1776640800000,9920.600121019292
696,1776641100000,9914.025376230842
697,1776641400000,9915.33161691729
698,1776641700000,9899.252844774048
699,1776642000000,9895.293143636138
700,1776642300000,9900.968669862934
701,1776642600000,9895.817038364765
702,1776642900000,9913.585801244037
703,1776643200000,9875.82172288883
704,1776643500000,9883.243564877715
705,1776643800000,9887.653012176992
706,1776644100000,9876.520249193665
707,1776644400000,9850.11796708939
708,1776644700000,9850.11796708939
709,1776645000000,9850.11796708939
710,1776645300000,9850.11796708939
711,1776645600000,9850.11796708939
712,1776645900000,9850.11796708939
713,1776646200000,9850.11796708939
714,1776646500000,9850.11796708939
715,1776646800000,9850.11796708939
716,1776647100000,9850.11796708939
717,1776647400000,9850.11796708939
718,1776647700000,9850.11796708939
719,1776648000000,9850.11796708939
720,1776648300000,9850.11796708939
721,1776648600000,9846.178707754421
722,1776648900000,9827.808490899646
723,1776649200000,9835.96349370901
724,1776649500000,9835.190914495492
725,1776649800000,9831.585544832406
726,1776650100000,9812.48566983153
727,1776650400000,9802.44214005579
728,1776650700000,9801.240350168095
729,1776651000000,9764.370050334224
730,1776651300000,9764.370050334224
731,1776651600000,9764.370050334224
732,1776651900000,9760.46430231409
733,1776652200000,9759.17818553747
734,1776652500000,9758.192162675396
735,1776652800000,9756.134375832804
736,1776653100000,9745.631088823742
737,1776653400000,9751.161390963207
738,1776653700000,9761.364584057725
739,1776654000000,9765.351546065245
740,1776654300000,9758.920962182146
741,1776654600000,9740.700974513366
742,1776654900000,9752.961954450475
743,1776655200000,9744.516454284005
744,1776655500000,9747.017131674564
745,1776655800000,9747.017131674564
746,1776656100000,9747.017131674564
747,1776656400000,9747.017131674564
748,1776656700000,9747.017131674564
749,1776657000000,9743.119104427344
750,1776657300000,9739.839209654658
751,1776657600000,9728.466068040278
752,1776657900000,9728.508664076287
753,1776658200000,9726.293670203822
754,1776658500000,9716.539177957782
755,1776658800000,9719.137536154323
756,1776659100000,9719.520900478405
757,1776659400000,9711.503317967108
758,1776659700000,9711.503317967108
759,1776660000000,9707.618716639921
760,1776660300000,9690.249229459336
761,1776660600000,9690.249229459336
762,1776660900000,9690.249229459336
763,1776661200000,9690.249229459336
764,1776661500000,9686.373129767553
765,1776661800000,9689.952562652823
766,1776662100000,9710.02295418808
767,1776662400000,9722.636193879029
768,1776662700000,9720.590803658875
769,1776663000000,9712.750141148284
770,1776663300000,9716.79830929234
771,1776663600000,9726.854811208095
772,1776663900000,9714.965980553452
773,1776664200000,9697.878449755919
774,1776664500000,9702.736251528782
775,1776664800000,9682.21796648213
776,1776665100000,9682.21796648213
777,1776665400000,9678.345079295537
778,1776665700000,9664.95535851531
779,1776666000000,9666.277273624186
780,1776666300000,9662.140958606089
781,1776666600000,9639.678434806023
782,1776666900000,9639.678434806023
783,1776667200000,9635.82333445217
784,1776667500000,9637.046411576279
785,1776667800000,9627.135269363682
786,1776668100000,9641.938720072709
787,1776668400000,9640.378242362642
788,1776668700000,9639.914316556946
789,1776669000000,9646.071877250728
790,1776669300000,9663.869758160155
791,1776669600000,9800.263945034776
792,1776669900000,9762.728129846646
793,1776670200000,9727.837148500279
794,1776670500000,9723.946791712237
795,1776670800000,9717.181159771717
796,1776671100000,9708.301267849783
797,1776671400000,9677.179360923392
798,1776671700000,9720.52169054235
799,1776672000000,9693.92429997618
800,1776672300000,9697.222545547182
801,1776672600000,9727.0336112851
802,1776672900000,9761.749760179893
803,1776673200000,9735.110084414095
804,1776673500000,9724.158217710377
805,1776673800000,9715.236040588818
806,1776674100000,9700.783262972072
807,1776674400000,9700.783262972072
808,1776674700000,9700.783262972072
809,1776675000000,9700.783262972072
810,1776675300000,9700.783262972072
811,1776675600000,9700.783262972072
812,1776675900000,9696.903725574364
813,1776676200000,9700.441404297424
814,1776676500000,9701.999667544485
815,1776676800000,9708.274835755627
816,1776677100000,9705.874268050693
817,1776677400000,9707.348300851967
818,1776677700000,9729.669368985557
819,1776678000000,9732.828010702575
820,1776678300000,9729.037640642153
821,1776678600000,9734.217813058061
822,1776678900000,9724.657657461223
823,1776679200000,9740.70355738367
824,1776679500000,9745.479931557597
825,1776679800000,9745.479931557597
826,1776680100000,9745.479931557597
827,1776680400000,9741.582519067471
828,1776680700000,9739.521520628601
829,1776681000000,9712.223806611742
830,1776681300000,9713.149152849603
831,1776681600000,9711.719072300182
832,1776681900000,9703.209892458133
833,1776682200000,9703.209892458133
834,1776682500000,9703.209892458133
835,1776682800000,9703.209892458133
836,1776683100000,9703.209892458133
837,1776683400000,9699.329384602723
838,1776683700000,9699.119365128357
839,1776684000000,9693.616854899992
840,1776684300000,9683.021860703471
841,1776684600000,9683.021860703471
842,1776684900000,9683.021860703471
843,1776685200000,9683.021860703471
844,1776685500000,9679.149426446042
845,1776685800000,9672.36212731529
846,1776686100000,9671.566086059212
847,1776686400000,9670.937632435995
848,1776686700000,9684.889302871434
849,1776687000000,9687.863983354664
850,1776687300000,9705.502581712983
851,1776687600000,9708.267777655143
852,1776687900000,9701.648066157246
853,1776688200000,9700.726334176527
854,1776688500000,9683.422911083924
855,1776688800000,9683.590498716783
856,1776689100000,9695.296866080207
857,1776689400000,9691.419522802431
858,1776689700000,9697.90185387325
859,1776690000000,9686.777337325906
860,1776690300000,9712.49755415529
861,1776690600000,9699.61653499521
862,1776690900000,9679.082183022483
863,1776691200000,9662.544093864182
864,1776691500000,9658.679849075594
865,1776691800000,9658.096094395347
866,1776692100000,9645.420278481415
867,1776692400000,9642.709988894556
868,1776692700000,9612.928277216475
869,1776693000000,9612.928277216475
870,1776693300000,9612.928277216475
871,1776693600000,9612.928277216475
872,1776693900000,9609.083105905587
873,1776694200000,9622.022615012884
874,1776694500000,9600.317631994196
875,1776694800000,9558.201616867553
876,1776695100000,9576.567371729518
877,1776695400000,9576.567371729518
878,1776695700000,9594.72442483169
879,1776696000000,9610.836200687867
880,1776696300000,9595.559231870868
881,1776696600000,9655.03923341246
882,1776696900000,9659.71415283187
883,1776697200000,9688.514995683588
884,1776697500000,9682.65688171611
885,1776697800000,9682.65688171611
886,1776698100000,9678.783818963424
887,1776698400000,9630.821080838285
888,1776698700000,9590.749280655471
889,1776699000000,9590.749280655471
890,1776699300000,9590.749280655471
891,1776699600000,9590.749280655471
892,1776699900000,9590.749280655471
893,1776700200000,9590.749280655471
894,1776700500000,9590.749280655471
895,1776700800000,9590.749280655471
896,1776701100000,9586.91374804973
897,1776701400000,9584.50522616071
898,1776701700000,9571.42446072896
899,1776702000000,9577.030503056854
900,1776702300000,9567.354889261303
901,1776702600000,9567.10573182451
902,1776702900000,9560.207559549304
903,1776703200000,9560.207559549304
904,1776703500000,9556.383476525483
905,1776703800000,9555.05397341863
906,1776704100000,9560.496626762311
907,1776704400000,9537.978167889985
908,1776704700000,9516.581477264064
909,1776705000000,9502.765943485663
910,1776705300000,9498.965597177528
911,1776705600000,9478.215042184536
912,1776705900000,9472.403249661842
913,1776706200000,9457.832840238754
914,1776706500000,9471.789327916487
915,1776706800000,9467.369091349932
916,1776707100000,9494.87278554183
917,1776707400000,9489.961411578992
918,1776707700000,9483.290128612802
919,1776708000000,9512.308163109908
920,1776708300000,9539.402576138236
921,1776708600000,9542.06290370144
922,1776708900000,9548.024367695145
923,1776709200000,9548.024367695145
924,1776709500000,9544.20592163728
925,1776709800000,9552.772695546311
926,1776710100000,9532.97484005319
927,1776710400000,9571.87373210903
928,1776710700000,9555.969864756378
929,1776711000000,9578.964889459567
930,1776711300000,9567.85677592202
931,1776711600000,9565.192468246962
932,1776711900000,9570.685040992466
933,1776712200000,9567.938754619714
934,1776712500000,9551.665983127441
935,1776712800000,9539.118459439702
936,1776713100000,9535.303575032807
937,1776713400000,9533.257038779033
938,1776713700000,9536.858942585675
939,1776714000000,9530.923987449733
940,1776714300000,9535.426367208034
941,1776714600000,9536.940804035827
942,1776714900000,9544.144611649112
943,1776715200000,9552.699133189884
944,1776715500000,9536.040328084167
945,1776715800000,9545.004156875695
946,1776716100000,9563.832290410413
947,1776716400000,9556.26010627145
948,1776716700000,9537.954303013721
949,1776717000000,9537.954303013721
950,1776717300000,9537.954303013721
951,1776717600000,9537.954303013721
952,1776717900000,9534.139884176282
953,1776718200000,9530.467948615542
954,1776718500000,9537.199830476899
955,1776718800000,9556.334694676752
956,1776719100000,9521.573704701752
957,1776719400000,9482.896020215589
958,1776719700000,9479.102861807502
959,1776720000000,9476.650568392739
960,1776720300000,9480.819467197836
961,1776720600000,9482.781301929646
962,1776720900000,9481.718641449914
963,1776721200000,9489.974695946281
964,1776721500000,9480.57423785636
965,1776721800000,9476.282724380524
966,1776722100000,9473.053871384422
967,1776722400000,9458.054009997457
968,1776722700000,9460.220202513832
969,1776723000000,9465.860477367785
970,1776723300000,9487.427880080202
971,1776723600000,9483.63290892817
972,1776723900000,9486.741261382738
973,1776724200000,9466.782366674459
974,1776724500000,9473.489864076422
975,1776724800000,9478.765883374308
976,1776725100000,9488.254538235618
977,1776725400000,9484.041902672192
978,1776725700000,9484.859890160236
979,1776726000000,9510.340200412811
980,1776726300000,9512.794162876944
981,1776726600000,9516.066112829121
982,1776726900000,9520.851339634179
983,1776727200000,9510.907963471842
984,1776727500000,9507.103600286455
985,1776727800000,9500.391946190499
986,1776728100000,9491.909733038558
987,1776728400000,9493.268534174547
988,1776728700000,9487.956857006584
989,1776729000000,9489.85094343857
990,1776729300000,9490.550931902566
991,1776729600000,9485.403957902601
992,1776729900000,9495.903784862528
993,1776730200000,9483.345168302614
994,1776730500000,9483.262816718616
995,1776730800000,9481.821663998626
996,1776731100000,9479.208719696438
997,1776731400000,9479.208719696438
998,1776731700000,9479.208719696438
999,1776732000000,9479.208719696438
1000,1776732300000,9475.417794393621
1001,1776732600000,9464.192108470821
1002,1776732900000,9478.316062395508
1003,1776733200000,9474.519739519797
1004,1776733500000,9484.561625836193
1005,1776733800000,9482.316488651633
1006,1776734100000,9468.314996755194
1007,1776734400000,9468.886486220355
1008,1776734700000,9482.316488651633
1009,1776735000000,9485.5005013861
1010,1776735300000,9474.68302222413
1011,1776735600000,9478.52016577592
1012,1776735900000,9469.751006218092
1013,1776736200000,9469.751006218092
1014,1776736500000,9469.751006218092
1015,1776736800000,9465.963105815605
1016,1776737100000,9468.053106254056
1017,1776737400000,9468.585851463857
1018,1776737700000,9467.151537437469
1019,1776738000000,9475.224676385993
1020,1776738300000,9469.200557475166
1021,1776738600000,9466.536831426161
1022,1776738900000,9467.479380643501
1023,1776739200000,9476.290166805595
1024,1776739500000,9478.994873255355
1025,1776739800000,9473.298597550558
1026,1776740100000,9476.044284401072
1027,1776740400000,9484.485180511938
1028,1776740700000,9480.691386439734
1029,1776741000000,9482.420073949308
1030,1776741300000,9492.462925195414
1031,1776741600000,9488.758594817751
1032,1776741900000,9472.829974193808
1033,1776742200000,9463.404511343979
1034,1776742500000,9478.180673628209
1035,1776742800000,9470.813172099304
1036,1776743100000,9456.476885092796
1037,1776743400000,9456.476885092796
1038,1776743700000,9456.476885092796
1039,1776744000000,9456.476885092796
1040,1776744300000,9452.69429433876
1041,1776744600000,9462.607345038305
1042,1776744900000,9467.154240193879
1043,1776745200000,9461.99289974701
1044,1776745500000,9454.087036999028
1045,1776745800000,9465.843423572453
1046,1776746100000,9450.605180348359
1047,1776746400000,9448.720881455058
1048,1776746700000,9440.721686761257
1049,1776747000000,9440.721686761257
1050,1776747300000,9436.946153193265
1051,1776747600000,9442.40954318686
1052,1776747900000,9454.1925260835
1053,1776748200000,9445.793583257522
1054,1776748500000,9437.761584535592
1055,1776748800000,9454.151754516382
1056,1776749100000,9450.074597804743
1057,1776749400000,9440.982538337787
1058,1776749700000,9437.924670804057
1059,1776750000000,9437.68004140136
1060,1776750300000,9432.175879840646
1061,1776750600000,9437.068467894613
1062,1776750900000,9431.052478683572
1063,1776751200000,9431.052478683572
1064,1776751500000,9431.052478683572
1065,1776751800000,9427.2800576921
1066,1776752100000,9435.564832054883
1067,1776752400000,9434.748598127515
1068,1776752700000,9430.871486972519
1069,1776753000000,9387.178440726335
1070,1776753300000,9383.424320174154
1071,1776753600000,9381.240482599369
1072,1776753900000,9380.75518536053
1073,1776754200000,9369.282033548485
1074,1776754500000,9365.53507012775
1075,1776754800000,9349.935005670482
1076,1776755100000,9353.65315574838
1077,1776755400000,9353.491497049341
1078,1776755700000,9363.069774967404
1079,1776756000000,9370.344416424161
1080,1776756300000,9382.347574827809
1081,1776756600000,9365.898802200587
1082,1776756900000,9380.852231861698
1083,1776757200000,9383.560015070603
1084,1776757500000,9387.965214619415
1085,1776757800000,9375.113348045812
1086,1776758100000,9366.313863897823
1087,1776758400000,9362.568087507545
1088,1776758700000,9361.55902045667
1089,1776759000000,9348.965863661766
1090,1776759300000,9353.163582593403
1091,1776759600000,9371.891867057617
1092,1776759900000,9376.251036717389
1093,1776760200000,9373.587099703083
1094,1776760500000,9371.286426827091
1095,1776760800000,9391.265954434388
1096,1776761100000,9399.298128159342
1097,1776761400000,9375.244475975955
1098,1776761700000,9371.495128055149
1099,1776762000000,9365.928933559635
1100,1776762300000,9368.873369778277
1101,1776762600000,9374.72190747284
1102,1776762900000,9381.619148478154
1103,1776763200000,9377.86801740509
1104,1776763500000,9356.692277476497
1105,1776763800000,9363.26684054004
1106,1776764100000,9373.108517763994
1107,1776764400000,9377.787347919644
1108,1776764700000,9375.689941298146
1109,1776765000000,9369.6800646327
1110,1776765300000,9376.858910822591
1111,1776765600000,9373.108917256977
1112,1776765900000,9382.130428868997
1113,1776766200000,9376.532258716896
1114,1776766500000,9372.8269950191
1115,1776766800000,9385.513495723506
1116,1776767100000,9376.169787268198
1117,1776767400000,9380.358346230922
1118,1776767700000,9380.358346230922
1119,1776768000000,9397.958348795442
1120,1776768300000,9404.321736450353
1121,1776768600000,9402.79130144474
1122,1776768900000,9388.614640340136
1123,1776769200000,9380.672686321905
1124,1776769500000,9380.672686321905
1125,1776769800000,9380.672686321905
1126,1776770100000,9380.672686321905
1127,1776770400000,9380.672686321905
1128,1776770700000,9380.672686321905
1129,1776771000000,9380.672686321905
1130,1776771300000,9380.672686321905
1131,1776771600000,9380.672686321905
1132,1776771900000,9380.672686321905
1133,1776772200000,9376.920417247376
1134,1776772500000,9378.981694938515
1135,1776772800000,9381.447144725955
1136,1776773100000,9377.324589343678
1137,1776773400000,9393.895645292043
1138,1776773700000,9395.47191646762
1139,1776774000000,9399.473220221007
1140,1776774300000,9388.883911297904
1141,1776774600000,9379.385867034816
1142,1776774900000,9432.494080488848
1143,1776775200000,9467.616635657458
1144,1776775500000,9468.303728221172
1145,1776775800000,9429.022467287692
1146,1776776100000,9425.250858300778
1147,1776776400000,9443.140571455726
1148,1776776700000,9433.664741656758
1149,1776777000000,9437.789995146826
1150,1776777300000,9432.725327495653
1151,1776777600000,9431.214096019094
1152,1776777900000,9428.355009441819
1153,1776778200000,9433.37883299903
1154,1776778500000,9448.041862731052
1155,1776778800000,9414.59054977694
1156,1776779100000,9421.248137092594
1157,1776779400000,9417.327104072332
1158,1776779700000,9406.080713389112
1159,1776780000000,9402.318281103757
1160,1776780300000,9401.055457472454
1161,1776780600000,9413.724430031652
1162,1776780900000,9377.917269647292
1163,1776781200000,9381.787213033545
1164,1776781500000,9379.245366722382
1165,1776781800000,9375.494418765285
1166,1776782100000,9388.521557812675
1167,1776782400000,9394.91375647568
1168,1776782700000,9361.496312832374
1169,1776783000000,9354.982743308678
1170,1776783300000,9298.749001835231
1171,1776783600000,9298.749001835231
1172,1776783900000,9298.749001835231
1173,1776784200000,9295.029502234496
1174,1776784500000,9274.699518515052
1175,1776784800000,9303.581003322834
1176,1776785100000,9308.17945202128
1177,1776785400000,9311.24508448691
1178,1776785700000,9285.550243952614
1179,1776786000000,9299.345590047951
1180,1776786300000,9285.18720852905
1181,1776786600000,9298.45817012369
1182,1776786900000,9274.901204861477
1183,1776787200000,9274.981879400046
1184,1776787500000,9251.847492939014
1185,1776787800000,9248.147493941638
1186,1776788100000,9249.545575162296
1187,1776788400000,9232.049587315205
1188,1776788700000,9236.643282754509
1189,1776789000000,9272.833613780684
1190,1776789300000,9259.731595484232
1191,1776789600000,9240.637800527818
1192,1776789900000,9254.77839344533
1193,1776790200000,9235.125366000651
1194,1776790500000,9213.463544692357
1195,1776790800000,9213.463544692357
1196,1776791100000,9209.77815927448
1197,1776791400000,9227.643313201454
1198,1776791700000,9279.240435616943
1199,1776792000000,9253.182090291692
1200,1776792300000,9247.626706855788
1201,1776792600000,9243.669994912229
1202,1776792900000,9201.17800894684
1203,1776793200000,9201.17800894684
1204,1776793500000,9201.17800894684
1205,1776793800000,9201.17800894684
1206,1776794100000,9197.497537743262
1207,1776794400000,9201.088303635377
1208,1776794700000,9199.372715486923
1209,1776795000000,9199.572202480927
1210,1776795300000,9204.280095539476
1211,1776795600000,9205.836094092727
1212,1776795900000,9200.729227046164
1213,1776796200000,9183.533448162818
1214,1776796500000,9194.465335434366
1215,1776796800000,9198.973741498909
1216,1776797100000,9212.25957529973
1217,1776797400000,9191.832107113481
1218,1776797700000,9169.673337153152
1219,1776798000000,9166.006201245471
1220,1776798300000,9156.956926733777
1221,1776798600000,9149.409278560272
1222,1776798900000,9152.768179579894
1223,1776799200000,9194.774200566486
1224,1776799500000,9185.803959019962
1225,1776799800000,9150.871388415871
1226,1776800100000,9096.413534538493
1227,1776800400000,9092.774969124679
1228,1776800700000,9063.329793277344
1229,1776801000000,9069.48904058684
1230,1776801300000,9055.978433585364
1231,1776801600000,9043.779150204617
1232,1776801900000,8988.750421683382
1233,1776802200000,8988.750421683382
1234,1776802500000,8988.750421683382
1235,1776802800000,8985.155640470952
1236,1776803100000,8984.923078302985
1237,1776803400000,9005.388549084038
1238,1776803700000,8993.79920104704
1239,1776804000000,8977.519849289383
1240,1776804300000,8981.861009758093
1241,1776804600000,8982.40365481668
1242,1776804900000,8971.318191476943
1243,1776805200000,8976.35703844955
1244,1776805500000,8962.752151623508
1245,1776805800000,8967.132072453545
1246,1776806100000,8967.248353537529
1247,1776806400000,8968.969858532557
1248,1776806700000,8968.969858532557
1249,1776807000000,8968.969858532557
1250,1776807300000,8965.382987963258
1251,1776807600000,8949.189776790057
1252,1776807900000,8950.373541019142
1253,1776808200000,8946.793391602734
1254,1776808500000,8941.604140668178
1255,1776808800000,8947.025746122192
1256,1776809100000,8943.114445044654
1257,1776809400000,8929.831511682318
1258,1776809700000,8962.090064133703
1259,1776810000000,8962.632224679104
1260,1776810300000,8963.639094263423
1261,1776810600000,8971.61659943147
1262,1776810900000,8967.550395340959
1263,1776811200000,8945.55416749896
1264,1776811500000,8961.354274822086
1265,1776811800000,8950.000579496626
1266,1776812100000,8950.000579496626
1267,1776812400000,8950.000579496626
1268,1776812700000,8946.421295121701
1269,1776813000000,8936.243604582483
1270,1776813300000,8940.484308973824
1271,1776813600000,8933.737733805781
1272,1776813900000,8929.227166407718
1273,1776814200000,8939.944582960381
1274,1776814500000,8953.36062958026
1275,1776814800000,8958.680785998487
1276,1776815100000,8971.055932449584
1277,1776815400000,8969.205443260635
1278,1776815700000,8971.557106604923
1279,1776816000000,8964.81053143688
1280,1776816300000,8974.404427921188
1281,1776816600000,8970.815383958814
1282,1776816900000,8970.429991646886
1283,1776817200000,8954.898681476223
1284,1776817500000,8958.714065364302
1285,1776817800000,8953.703965309249
1286,1776818100000,8964.726185430365
1287,1776818400000,8966.267754678074
1288,1776818700000,8956.55586841751
1289,1776819000000,8953.280033766128
1290,1776819300000,8962.606527714766
1291,1776819600000,8961.026419235865
1292,1776819900000,8958.945300751458
1293,1776820200000,8965.956130675466
1294,1776820500000,8965.956130675466
1295,1776820800000,8965.956130675466
1296,1776821100000,8962.369748223195
1297,1776821400000,8952.490397709322
1298,1776821700000,8936.179783723675
1299,1776822000000,8941.100087705094
1300,1776822300000,8936.29601137678
1301,1776822600000,8935.366190151944
1302,1776822900000,8930.87205423191
1303,1776823200000,8932.421756273301
1304,1776823500000,8925.887743962423
1305,1776823800000,8922.318102793071
1306,1776824100000,8963.549766816857
1307,1776824400000,8957.01536964534
1308,1776824700000,8999.775547627374
1309,1776825000000,8987.967777299895
1310,1776825300000,8994.502174471414
1311,1776825600000,9032.829661974525
1312,1776825900000,9018.194140824284
1313,1776826200000,9054.267070238977
1314,1776826500000,9057.744439493996
1315,1776826800000,9071.768555060937
1316,1776827100000,9073.335281868141
1317,1776827400000,9056.910126298175
1318,1776827700000,9056.910126298175
1319,1776828000000,9056.910126298175
1320,1776828300000,9056.910126298175
1321,1776828600000,9053.288086655584
1322,1776828900000,9048.301063666977
1323,1776829200000,9069.131475073236
1324,1776829500000,9065.218580112944
1325,1776829800000,9070.09051795566
1326,1776830100000,9067.251751023683
1327,1776830400000,9076.343477549066
1328,1776830700000,9078.683542182182
1329,1776831000000,9063.684111501065
1330,1776831300000,9055.513066142808
1331,1776831600000,9053.633342093257
1332,1776831900000,9061.689302305622
1333,1776832200000,9050.012250901753
1334,1776832500000,9046.392969857601
1335,1776832800000,9041.040821104976
1336,1776833100000,9032.66853127051
1337,1776833400000,9029.83953835841
1338,1776833700000,9036.759102102875
1339,1776834000000,9037.56192441577
1340,1776834300000,9048.266221921021
1341,1776834600000,9047.004644000759
1342,1776834900000,9138.029402429343
1343,1776835200000,9136.34729853566
1344,1776835500000,9128.586682844352
1345,1776835800000,9155.997330384585
1346,1776836100000,9132.425624664776
1347,1776836400000,9132.425624664776
1348,1776836700000,9132.425624664776
1349,1776837000000,9132.425624664776
1350,1776837300000,9132.425624664776
1351,1776837600000,9128.77338486287
1352,1776837900000,9120.76652504948
1353,1776838200000,9121.490955223073
1354,1776838500000,9124.159908494203
1355,1776838800000,9114.551676718133
1356,1776839100000,9121.33844360758
1357,1776839400000,9116.000537065318
1358,1776839700000,9118.898257759687
1359,1776840000000,9118.288211297715
1360,1776840300000,9116.877478854405
1361,1776840600000,9123.016071378002
1362,1776840900000,9125.41812932202
1363,1776841200000,9122.759256097177
1364,1776841500000,9119.110882069544
1365,1776841800000,9129.506611355711
1366,1776842100000,9103.003213615151
1367,1776842400000,9096.796239719015
1368,1776842700000,9091.122380145247
1369,1776843000000,9093.67371297372
1370,1776843300000,9091.84589243989
1371,1776843600000,9115.797957351973
1372,1776843900000,9106.506536304996
1373,1776844200000,9100.642278758953
1374,1776844500000,9100.908835920136
1375,1776844800000,9099.081015386304
1376,1776845100000,9100.732693558883
1377,1776845400000,9097.093128394492
1378,1776845700000,9097.131180241551
1379,1776846000000,9077.289088193633
1380,1776846300000,9077.289088193633
1381,1776846600000,9077.289088193633
1382,1776846900000,9077.289088193633
1383,1776847200000,9077.289088193633
1384,1776847500000,9077.289088193633
1385,1776847800000,9077.289088193633
1386,1776848100000,9077.289088193633
1387,1776848400000,9077.289088193633
1388,1776848700000,9077.289088193633
1389,1776849000000,9077.289088193633
1390,1776849300000,9077.289088193633
1391,1776849600000,9077.289088193633
1392,1776849900000,9077.289088193633
1393,1776850200000,9077.289088193633
1394,1776850500000,9077.289088193633
1395,1776850800000,9077.289088193633
1396,1776851100000,9077.289088193633
1397,1776851400000,9077.289088193633
1398,1776851700000,9077.289088193633
1399,1776852000000,9077.289088193633
1400,1776852300000,9077.289088193633
1401,1776852600000,9077.289088193633
1402,1776852900000,9077.289088193633
1403,1776853200000,9077.289088193633
1404,1776853500000,9077.289088193633
1405,1776853800000,9077.289088193633
1406,1776854100000,9077.289088193633
1407,1776854400000,9077.289088193633
1408,1776854700000,9077.289088193633
1409,1776855000000,9077.289088193633
1410,1776855300000,9077.289088193633
1411,1776855600000,9077.289088193633
1412,1776855900000,9077.289088193633
1413,1776856200000,9077.289088193633
1414,1776856500000,9077.289088193633
1415,1776856800000,9077.289088193633
1416,1776857100000,9077.289088193633
1417,1776857400000,9077.289088193633
1418,1776857700000,9077.289088193633
1419,1776858000000,9077.289088193633
1420,1776858300000,9073.658898596277
1421,1776858600000,9082.521927980322
1422,1776858900000,9084.37786148382
1423,1776859200000,9091.687966915959
1424,1776859500000,9091.915224079652
1425,1776859800000,9099.073824735999
1426,1776860100000,9095.134700565312
1427,1776860400000,9088.809376175843
1428,1776860700000,9083.165823277453
1429,1776861000000,9098.922319960204
1430,1776861300000,9085.589899690185
1431,1776861600000,9091.195576394623
1432,1776861900000,9093.31434064982
1433,1776862200000,9089.677742233242
1434,1776862500000,9094.02638183003
1435,1776862800000,9104.992516465405
1436,1776863100000,9102.0051901337
1437,1776863400000,9109.076456260647
1438,1776863700000,9124.655930294353
1439,1776864000000,9121.933303764192
1440,1776864300000,9111.156240415632
1441,1776864600000,9105.18158775222
1442,1776864900000,9108.66049942965
1443,1776865200000,9127.378556824515
1444,1776865500000,9125.676915243164
1445,1776865800000,9123.61457309741
1446,1776866100000,9119.965857011388
1447,1776866400000,9125.247544857759
1448,1776866700000,9111.590609140714
1449,1776867000000,9141.281240105669
1450,1776867300000,9094.953292424647
1451,1776867600000,9112.835578418788
1452,1776867900000,9097.103693904955
1453,1776868200000,9050.700655713295
1454,1776868500000,9050.700655713295
1455,1776868800000,9050.700655713295
1456,1776869100000,9050.700655713295
1457,1776869400000,9050.700655713295
1458,1776869700000,9050.700655713295
1459,1776870000000,9050.700655713295
1460,1776870300000,9050.700655713295
1461,1776870600000,9050.700655713295
1462,1776870900000,9050.700655713295
1463,1776871200000,9050.700655713295
1464,1776871500000,9050.700655713295
1465,1776871800000,9050.700655713295
1466,1776872100000,9050.700655713295
1467,1776872400000,9050.700655713295
1468,1776872700000,9047.08109936228
1469,1776873000000,9047.944499410765
1470,1776873300000,9023.769298053156
1471,1776873600000,9054.326151943053
1472,1776873900000,9036.983072708246
1473,1776874200000,9026.584732993872
1474,1776874500000,9011.606619109267
1475,1776874800000,8994.381081949801
1476,1776875100000,8990.783329517022
1477,1776875400000,8989.956767848316
1478,1776875700000,8988.190931556084
1479,1776876000000,9003.745319321708
1480,1776876300000,8999.650081963126
1481,1776876600000,9020.689833530152
1482,1776876900000,9020.20141072592
1483,1776877200000,8998.823520294422
1484,1776877500000,8989.919196863375
1485,1776877800000,8991.647462170667
1486,1776878100000,9005.962007433234
1487,1776878400000,9009.418538047816
1488,1776878700000,8996.012678300083
1489,1776879000000,8992.414273228764
1490,1776879300000,8973.01497138659
1491,1776879600000,8975.458681889964
1492,1776879900000,8966.210177523346
1493,1776880200000,8956.201024728414
1494,1776880500000,8952.619260671336
1495,1776880800000,8962.768903424168
1496,1776881100000,8954.783522728925
1497,1776881400000,8962.097235889054
1498,1776881700000,8957.208988827948
1499,1776882000000,8960.00760355759
1500,1776882300000,8948.999718954332
1501,1776882600000,8943.327859768924
1502,1776882900000,8948.58925546065
1503,1776883200000,8948.738514912899
1504,1776883500000,8966.910853224039
1505,1776883800000,8957.619452321629
1506,1776884100000,8940.459585191707
1507,1776884400000,8940.459585191707
1508,1776884700000,8940.459585191707
1509,1776885000000,8940.459585191707
1510,1776885300000,8940.459585191707
1511,1776885600000,8940.459585191707
1512,1776885900000,8940.459585191707
1513,1776886200000,8940.459585191707
1514,1776886500000,8940.459585191707
1515,1776886800000,8940.459585191707
1516,1776887100000,8940.459585191707
1517,1776887400000,8940.459585191707
1518,1776887700000,8940.459585191707
1519,1776888000000,8940.459585191707
1520,1776888300000,8940.459585191707
1521,1776888600000,8940.459585191707
1522,1776888900000,8940.459585191707
1523,1776889200000,8940.459585191707
1524,1776889500000,8940.459585191707
1525,1776889800000,8940.459585191707
1526,1776890100000,8940.459585191707
1527,1776890400000,8940.459585191707
1528,1776890700000,8940.459585191707
1529,1776891000000,8940.459585191707
1530,1776891300000,8940.459585191707
1531,1776891600000,8940.459585191707
1532,1776891900000,8936.88340135763
1533,1776892200000,8940.429721443616
1534,1776892500000,8939.757787111534
1535,1776892800000,8928.297573781037
1536,1776893100000,8929.380134649391
1537,1776893400000,8915.899817922023
1538,1776893700000,8912.334171124214
1539,1776894000000,8919.377589764956
1540,1776894300000,8910.888416771642
1541,1776894600000,8905.661458727724
1542,1776894900000,8906.402871216224
1543,1776895200000,8904.512269370549
1544,1776895500000,8916.708504806358
1545,1776895800000,8905.846811849848
1546,1776896100000,8898.729251960258
1547,1776896400000,8890.721997084469
1548,1776896700000,8882.459977611948
1549,1776897000000,8882.459977611948
1550,1776897300000,8878.906993620903
1551,1776897600000,8878.350862007552
1552,1776897900000,8880.056332288505
1553,1776898200000,8875.347751295438
1554,1776898500000,8862.927478597192
1555,1776898800000,8881.798878010346
1556,1776899100000,8874.939921445644
1557,1776899400000,8872.418791465105
1558,1776899700000,8876.015109231463
1559,1776900000000,8932.740533793592
1560,1776900300000,8914.05451158489
1561,1776900600000,8947.459483827037
1562,1776900900000,8943.22501201047
1563,1776901200000,8943.22501201047
1564,1776901500000,8943.22501201047
1565,1776901800000,8943.22501201047
1566,1776902100000,8943.22501201047
1567,1776902400000,8943.22501201047
1568,1776902700000,8943.22501201047
1569,1776903000000,8943.22501201047
1570,1776903300000,8939.647722005668
1571,1776903600000,8960.061934800602
1572,1776903900000,8956.477910026682
1573,1776904200000,8960.96985029791
1574,1776904500000,8942.133899076542
1575,1776904800000,8956.024941259835
1576,1776905100000,8960.781113311723
1577,1776905400000,8967.160423444813
1578,1776905700000,8959.233470024998
1579,1776906000000,8976.97474672649
1580,1776906300000,8975.464850837001
1581,1776906600000,8979.881296313757
1582,1776906900000,8988.22347110318
1583,1776907200000,9003.171440409116
1584,1776907500000,8994.902599294142
1585,1776907800000,8991.304638254425
1586,1776908100000,8983.348051227276
1587,1776908400000,8974.972696461855
1588,1776908700000,8965.950155191837
1589,1776909000000,8977.447233097093
1590,1776909300000,8975.886371527175
1591,1776909600000,8991.19042887126
1592,1776909900000,8987.345379638044
1593,1776910200000,8999.527713842292
1594,1776910500000,9001.73576191681
1595,1776910800000,9009.768488532736
1596,1776911100000,9020.123472606345
1597,1776911400000,9021.306292835523
1598,1776911700000,9017.69777031839
1599,1776912000000,9020.078214172392
1600,1776912300000,9017.928135852648
1601,1776912600000,9008.137600646669
1602,1776912900000,9008.828697249444
1603,1776913200000,9014.626229861613
1604,1776913500000,9032.97868409086
1605,1776913800000,9050.563253205913
1606,1776914100000,9060.660942457573
1607,1776914400000,9061.00649075896
1608,1776914700000,9058.35728711499
1609,1776915000000,9073.791777910299
1610,1776915300000,9067.285213007699
1611,1776915600000,9067.285213007699
1612,1776915900000,9063.658298922497
1613,1776916200000,9051.28173880205
1614,1776916500000,9049.070253137894
1615,1776916800000,9056.597063994845
1616,1776917100000,9047.557131367683
1617,1776917400000,9038.633592722845
1618,1776917700000,9040.573492428244
1619,1776918000000,9040.573492428244
1620,1776918300000,9039.254360628573
1621,1776918600000,9018.916731756033
1622,1776918900000,9018.916731756033
1623,1776919200000,9018.916731756033
1624,1776919500000,9018.916731756033
1625,1776919800000,9018.916731756033
1626,1776920100000,9018.916731756033
1627,1776920400000,9018.916731756033
1628,1776920700000,9018.916731756033
1629,1776921000000,9018.916731756033
1630,1776921300000,9018.916731756033
1631,1776921600000,9018.916731756033
1632,1776921900000,9018.916731756033
1633,1776922200000,9018.916731756033
1634,1776922500000,9015.30916506333
1635,1776922800000,9001.711782285109
1636,1776923100000,8991.581154322865
1637,1776923400000,8985.644282985835
1638,1776923700000,8985.644282985835
1639,1776924000000,8985.644282985835
1640,1776924300000,8985.644282985835
1641,1776924600000,8985.644282985835
1642,1776924900000,8985.644282985835
1643,1776925200000,8985.644282985835
1644,1776925500000,8985.644282985835
1645,1776925800000,8985.644282985835
1646,1776926100000,8985.644282985835
1647,1776926400000,8985.644282985835
1648,1776926700000,8985.644282985835
1649,1776927000000,8985.644282985835
1650,1776927300000,8985.644282985835
1651,1776927600000,8985.644282985835
1652,1776927900000,8985.644282985835
1653,1776928200000,8985.644282985835
1654,1776928500000,8985.644282985835
1655,1776928800000,8985.644282985835
1656,1776929100000,8985.644282985835
1657,1776929400000,8985.644282985835
1658,1776929700000,8985.644282985835
1659,1776930000000,8985.644282985835
1660,1776930300000,8985.644282985835
1661,1776930600000,8982.050025272642
1662,1776930900000,8970.03743969807
1663,1776931200000,8988.996600317363
1664,1776931500000,8975.755890977978
1665,1776931800000,8973.95208419841
1666,1776932100000,8970.651501580476
1667,1776932400000,8989.034979185013
1668,1776932700000,8990.800407096931
1669,1776933000000,8997.132920259246
1670,1776933300000,9000.970807024285
1671,1776933600000,9003.964358701014
1672,1776933900000,8996.019933097385
1673,1776934200000,8988.776053992911
1674,1776934500000,8985.180543571314
1675,1776934800000,9027.398503515837
1676,1776935100000,9055.633444880004
1677,1776935400000,9053.174892162582
1678,1776935700000,9036.848565523436
1679,1776936000000,9060.742624745903
1680,1776936300000,9055.364540676535
1681,1776936600000,9052.252934893546
1682,1776936900000,9047.796808093215
1683,1776937200000,9041.688841185864
1684,1776937500000,9075.26345173319
1685,1776937800000,9076.64638763674
1686,1776938100000,9074.346839319349
1687,1776938400000,9074.346839319349
1688,1776938700000,9074.346839319349
1689,1776939000000,9074.346839319349
1690,1776939300000,9074.346839319349
1691,1776939600000,9074.346839319349
1692,1776939900000,9070.717100583623
1693,1776940200000,9067.108667293149
1694,1776940500000,9068.599107130518
1695,1776940800000,9074.756976984912
1696,1776941100000,9074.83542118688
1697,1776941400000,9076.521971529166
1698,1776941700000,9068.716773433467
1699,1776942000000,9054.910593887307
1700,1776942300000,9060.166355419085
1701,1776942600000,9056.440255825662
1702,1776942900000,9047.497616801444
1703,1776943200000,9042.281077370651
1704,1776943500000,9043.789681750564
1705,1776943800000,9040.172165877866
1706,1776944100000,9013.294810057267
1707,1776944400000,9013.294810057267
1708,1776944700000,9013.294810057267
1709,1776945000000,9013.294810057267
1710,1776945300000,9013.294810057267
1711,1776945600000,9013.294810057267
1712,1776945900000,9013.294810057267
1713,1776946200000,9013.294810057267
1714,1776946500000,9013.294810057267
1715,1776946800000,9013.294810057267
1716,1776947100000,9013.294810057267
1717,1776947400000,9013.294810057267
1718,1776947700000,9013.294810057267
1719,1776948000000,9013.294810057267
1720,1776948300000,9013.294810057267
1721,1776948600000,9013.294810057267
1722,1776948900000,9013.294810057267
1723,1776949200000,9013.294810057267
1724,1776949500000,9013.294810057267
1725,1776949800000,9013.294810057267
1726,1776950100000,9013.294810057267
1727,1776950400000,9013.294810057267
1728,1776950700000,9009.689492133244
1729,1776951000000,9008.797163532041
1730,1776951300000,9015.004666844752
1731,1776951600000,9019.388716059355
1732,1776951900000,9017.293683691316
1733,1776952200000,9037.584460144739
1734,1776952500000,9022.802842881345
1735,1776952800000,9007.40047528668
1736,1776953100000,9015.276245114683
1737,1776953400000,9022.104498758667
1738,1776953700000,9024.820281457976
1739,1776954000000,8992.696451814694
1740,1776954300000,8993.06012972186
1741,1776954600000,8993.06012972186
1742,1776954900000,8993.06012972186
1743,1776955200000,8993.06012972186
1744,1776955500000,8993.06012972186
1745,1776955800000,8989.463624970922
1746,1776956100000,8995.976751603233
1747,1776956400000,8964.64437318862
1748,1776956700000,8967.881666899353
1749,1776957000000,8977.593548031558
1750,1776957300000,9007.962446175123
1751,1776957600000,9022.568807084273
1752,1776957900000,8988.384527067343
1753,1776958200000,8999.175506103129
1754,1776958500000,9013.04962200628
1755,1776958800000,9004.725152464389
1756,1776959100000,8995.938212392392
1757,1776959400000,8970.843918386745
1758,1776959700000,8967.256298343398
1759,1776960000000,8949.692734367061
1760,1776960300000,8961.222426255246
1761,1776960600000,8956.572117193678
1762,1776960900000,8966.10332915458
1763,1776961200000,8968.217106000748
1764,1776961500000,8954.91952802304
1765,1776961800000,8966.526084523814
1766,1776962100000,8955.111689554507
1767,1776962400000,8959.838863228664
1768,1776962700000,8954.304611122334
1769,1776963000000,8931.092193711711
1770,1776963300000,8927.519756834228
1771,1776963600000,8954.2011634601
1772,1776963900000,8974.663306958792
1773,1776964200000,8958.040214773177
1774,1776964500000,8987.140223726285
1775,1776964800000,8985.719774740448
1776,1776965100000,8992.55328607772
1777,1776965400000,8989.520435540391
1778,1776965700000,9040.157522359852
1779,1776966000000,9049.409636024362
1780,1776966300000,9048.680216274879
1781,1776966600000,9004.108830530078
1782,1776966900000,8987.02895106291
1783,1776967200000,8983.434139482486
1784,1776967500000,8969.546176918835
1785,1776967800000,8971.141153011578
1786,1776968100000,8975.303651595083
1787,1776968400000,8977.248744391112
1788,1776968700000,8983.0840227792
1789,1776969000000,8974.214399629305
1790,1776969300000,8966.356224733345
1791,1776969600000,8968.57363052082
1792,1776969900000,8980.166383585156
1793,1776970200000,8978.065683365445
1794,1776970500000,9002.379343315813
1795,1776970800000,9011.563868821553
1796,1776971100000,9007.959243274025
1797,1776971400000,9008.154450878843
1798,1776971700000,8991.678929032198
1799,1776972000000,8990.000143630761
1800,1776972300000,8986.876821953672
1801,1776972600000,9000.03381451841
1802,1776972900000,9001.8687660037
1803,1776973200000,8999.760523871664
1804,1776973500000,8976.785601409194
1805,1776973800000,8976.785601409194
1806,1776974100000,8976.785601409194
1807,1776974400000,8973.195605167877
1808,1776974700000,8978.525895178438
1809,1776975000000,8964.427664353407
1810,1776975300000,8968.483319796223
1811,1776975600000,8962.264648117238
1812,1776975900000,8955.543847669142
1813,1776976200000,8969.062699145199
1814,1776976500000,8982.349798881667
1815,1776976800000,8990.074856867985
1816,1776977100000,8985.903325555371
1817,1776977400000,8976.13112720268
1818,1776977700000,8981.809044822623
1819,1776978000000,8976.324798250387
1820,1776978300000,8972.734986293479
1821,1776978600000,8957.952758652485
1822,1776978900000,8963.047416742855
1823,1776979200000,8967.794711781607
1824,1776979500000,8971.345534087013
1825,1776979800000,8981.920809213992
1826,1776980100000,8980.917315953768
1827,1776980400000,8986.127761728008
1828,1776980700000,8984.5067341538
1829,1776981000000,8985.548823308649
1830,1776981300000,8960.654471276166
1831,1776981600000,8975.35950712791
1832,1776981900000,8983.922566549585
1833,1776982200000,8980.329716093056
1834,1776982500000,9010.586242371242
1835,1776982800000,9004.30367704214
1836,1776983100000,8982.950663592314
1837,1776983400000,8988.69362208333
1838,1776983700000,8995.708510978402
1839,1776984000000,9002.993203292512
1840,1776984300000,8998.946152006896
1841,1776984600000,8998.368001823235
1842,1776984900000,8988.192558590827
1843,1776985200000,8983.066293629045
1844,1776985500000,8973.92540454581
1845,1776985800000,8973.92540454581
1846,1776986100000,8973.92540454581
1847,1776986400000,8973.92540454581
1848,1776986700000,8973.92540454581
1849,1776987000000,8973.92540454581
1850,1776987300000,8973.92540454581
1851,1776987600000,8970.33655215447
1852,1776987900000,8970.99076225999
1853,1776988200000,8970.528966891388
1854,1776988500000,8967.527296995473
1855,1776988800000,8957.25235004407
1856,1776989100000,8972.337665418414
1857,1776989400000,8972.876426681783
1858,1776989700000,8979.533976579136
1859,1776990000000,8974.56967636666
1860,1776990300000,8981.034811527094
1861,1776990600000,8984.729174475911
1862,1776990900000,8986.845736582007
1863,1776991200000,8972.595844820145
1864,1776991500000,8969.007524146353
1865,1776991800000,8960.596559183445
1866,1776992100000,8958.176966522882
1867,1776992400000,8935.05310034234
1868,1776992700000,8931.479079102204
1869,1776993000000,8929.0965109991
1870,1776993300000,8938.088784162434
1871,1776993600000,8941.163065585795
1872,1776993900000,8944.967488847207
1873,1776994200000,8942.508063708518
1874,1776994500000,8935.052931256863
1875,1776994800000,8944.81377477604
1876,1776995100000,8909.278005099042
1877,1776995400000,8909.278005099042
1878,1776995700000,8909.278005099042
1879,1776996000000,8905.715006496725
1880,1776996300000,8895.557209334795
1881,1776996600000,8894.869839602034
1882,1776996900000,8892.654981574244
1883,1776997200000,8875.356379040535
1884,1776997500000,8871.80623648892
1885,1776997800000,8859.056262163758
1886,1776998100000,8863.75161199009
1887,1776998400000,8854.551780216547
1888,1776998700000,8859.018088587936
1889,1776999000000,8891.541975189839
1890,1776999300000,8891.236586583249
1891,1776999600000,8894.977597013984
1892,1776999900000,8889.595122822822
1893,1777000200000,8892.419967433787
1894,1777000500000,8899.253037506252
1895,1777000800000,8929.83007174114
1896,1777001100000,8924.068028394118
1897,1777001400000,8924.068028394118
1898,1777001700000,8924.068028394118
1899,1777002000000,8924.068028394118
1900,1777002300000,8924.068028394118
1901,1777002600000,8920.498401182762
1902,1777002900000,8918.449211128975
1903,1777003200000,8924.712773180176
1904,1777003500000,8919.41581021095
1905,1777003800000,8915.626741809607
1906,1777004100000,8912.262977004331
1907,1777004400000,8913.422895902702
1908,1777004700000,8933.489492844514
1909,1777005000000,8932.87086943205
1910,1777005300000,8940.3330143449
1911,1777005600000,8933.373500954676
1912,1777005900000,8921.73564800769
1913,1777006200000,8922.46513536422
1914,1777006500000,8918.896149310074
1915,1777006800000,8921.488359581996
1916,1777007100000,8921.952636048607
1917,1777007400000,8930.735199208699
1918,1777007700000,8931.392924203068
1919,1777008000000,8931.238165380864
1920,1777008300000,8923.42284485955
1921,1777008600000,8912.048071427536
1922,1777008900000,8909.804068505573
1923,1777009200000,8905.770680771
1924,1777009500000,8905.770680771
1925,1777009800000,8905.770680771
1926,1777010100000,8905.770680771
1927,1777010400000,8905.770680771
1928,1777010700000,8905.770680771
1929,1777011000000,8905.770680771
1930,1777011300000,8905.770680771
1931,1777011600000,8905.770680771
1932,1777011900000,8905.770680771
1933,1777012200000,8905.770680771
1934,1777012500000,8905.770680771
1935,1777012800000,8905.770680771
1936,1777013100000,8905.770680771
1937,1777013400000,8905.770680771
1938,1777013700000,8905.770680771
1939,1777014000000,8905.770680771
1940,1777014300000,8905.770680771
1941,1777014600000,8905.770680771
1942,1777014900000,8905.770680771
1943,1777015200000,8905.770680771
1944,1777015500000,8905.770680771
1945,1777015800000,8905.770680771
1946,1777016100000,8905.770680771
1947,1777016400000,8905.770680771
1948,1777016700000,8905.770680771
1949,1777017000000,8905.770680771
1950,1777017300000,8905.770680771
1951,1777017600000,8905.770680771
1952,1777017900000,8905.770680771
1953,1777018200000,8905.770680771
1954,1777018500000,8905.770680771
1955,1777018800000,8905.770680771
1956,1777019100000,8905.770680771
1957,1777019400000,8905.770680771
1958,1777019700000,8905.770680771
1959,1777020000000,8905.770680771
1960,1777020300000,8905.770680771
1961,1777020600000,8905.770680771
1962,1777020900000,8905.770680771
1963,1777021200000,8905.770680771
1964,1777021500000,8905.770680771
1965,1777021800000,8905.770680771
1966,1777022100000,8905.770680771
1967,1777022400000,8905.770680771
1968,1777022700000,8905.770680771
1969,1777023000000,8905.770680771
1970,1777023300000,8902.208372498693
1971,1777023600000,8895.807501649773
1972,1777023900000,8907.375340533361
1973,1777024200000,8897.696915334094
1974,1777024500000,8900.049042573757
1975,1777024800000,8905.0232132937
1976,1777025100000,8906.681270200346
1977,1777025400000,8905.293129534317
1978,1777025700000,8901.437183239786
1979,1777026000000,8887.131622487082
1980,1777026300000,8884.302558833659
1981,1777026600000,8880.749548412208
1982,1777026900000,8876.030622745282
1983,1777027200000,8877.411771720968
1984,1777027500000,8880.903009409507
1985,1777027800000,8889.228268512948
1986,1777028100000,8885.468474079136
1987,1777028400000,8907.758683936736
1988,1777028700000,8921.723634690896
1989,1777029000000,8933.079748490982
1990,1777029300000,8922.068921934817
1991,1777029600000,8933.80868822815
1992,1777029900000,8945.241532526883
1993,1777030200000,8939.669598676042
1994,1777030500000,8936.094445867133
1995,1777030800000,8942.501348399966
1996,1777031100000,8938.396327016653
1997,1777031400000,8933.562376602662
1998,1777031700000,8931.68250699722
1999,1777032000000,8932.334706656251
2000,1777032300000,8933.33218848771
2001,1777032600000,8943.844112403853
2002,1777032900000,8934.099482204216
2003,1777033200000,8941.350407825204
2004,1777033500000,8932.679988828679
2005,1777033800000,8918.446690387478
2006,1777034100000,8915.685004620389
2007,1777034400000,8915.685004620389
2008,1777034700000,8915.685004620389
2009,1777035000000,8912.11873061854
2010,1777035300000,8886.933179758029
2011,1777035600000,8871.368566413998
2012,1777035900000,8867.820728555005
2013,1777036200000,8864.621301777473
2014,1777036500000,8869.45853035779
2015,1777036800000,8857.422591528024
2016,1777037100000,8849.690643482323
2017,1777037400000,8855.899054967296
2018,1777037700000,8850.263024671582
2019,1777038000000,8850.263024671582
2020,1777038300000,8846.722919461714
2021,1777038600000,8862.153873076004
2022,1777038900000,8845.882620007469
2023,1777039200000,8866.62273835539
2024,1777039500000,8861.619137059668
2025,1777039800000,8869.525591015503
2026,1777040100000,8859.900342721441
2027,1777040400000,8876.133400360237
2028,1777040700000,8886.2551892409
2029,1777041000000,8867.501233239373
2030,1777041300000,8852.375843062988
2031,1777041600000,8849.969530989472
2032,1777041900000,8857.256361285312
2033,1777042200000,8853.713458740798
2034,1777042500000,8854.479124203974
2035,1777042800000,8868.720501819034
2036,1777043100000,8881.507115054063
2037,1777043400000,8873.735610602833
2038,1777043700000,8878.214753562408
2039,1777044000000,8858.00118533458
2040,1777044300000,8859.302816621977
2041,1777044600000,8846.350059330382
2042,1777044900000,8846.350059330382
2043,1777045200000,8842.81222687314
2044,1777045500000,8828.663788163643
2045,1777045800000,8829.956925034941
2046,1777046100000,8838.248214386205
2047,1777046400000,8831.173995031457
2048,1777046700000,8819.04132850369
2049,1777047000000,8812.043176023722
2050,1777047300000,8795.13629584584
2051,1777047600000,8795.13629584584
2052,1777047900000,8795.13629584584
2053,1777048200000,8791.61894479771
2054,1777048500000,8784.912991110017
2055,1777048800000,8765.628638414899
2056,1777049100000,8755.722438736751
2057,1777049400000,8752.220149761257
2058,1777049700000,8742.874961608251
2059,1777050000000,8748.701516165185
2060,1777050300000,8749.155533403387
2061,1777050600000,8730.938103924494
2062,1777050900000,8727.445728682924
2063,1777051200000,8731.291342394996
2064,1777051500000,8729.066918777227
2065,1777051800000,8747.465541242824
2066,1777052100000,8742.375758388613
2067,1777052400000,8732.309298965838
2068,1777052700000,8731.479852871078
2069,1777053000000,8713.458251357646
2070,1777053300000,8711.253512818155
2071,1777053600000,8707.769708173955
2072,1777053900000,8706.79341661547
2073,1777054200000,8691.135202004396
2074,1777054500000,8675.910747941092
2075,1777054800000,8672.440383641917
2076,1777055100000,8674.80111450353
2077,1777055400000,8659.72119020546
2078,1777055700000,8659.72119020546
2079,1777056000000,8659.72119020546
2080,1777056300000,8659.72119020546
2081,1777056600000,8656.257994368547
2082,1777056900000,8657.489490080348
2083,1777057200000,8664.020149158094
2084,1777057500000,8662.452790979434
2085,1777057800000,8664.393329676821
2086,1777058100000,8665.998005907351
2087,1777058400000,8654.87722644925
2088,1777058700000,8660.773478645158
2089,1777059000000,8666.371186426082
2090,1777059300000,8665.998005907351
2091,1777059600000,8663.124515913145
2092,1777059900000,8660.40029812643
2093,1777060200000,8660.81600954225
2094,1777060500000,8657.352375865168
2095,1777060800000,8655.972628975493
2096,1777061100000,8645.419429792302
2097,1777061400000,8652.206292871244
2098,1777061700000,8641.131027297364
2099,1777062000000,8637.861298240621
2100,1777062300000,8634.406153721326
2101,1777062600000,8620.425653635693
2102,1777062900000,8600.267796794677
2103,1777063200000,8596.828377559807
2104,1777063500000,8597.789987335262
2105,1777063800000,8600.674816661627
2106,1777064100000,8604.44728578072
2107,1777064400000,8599.306371981173
2108,1777064700000,8604.373315797993
2109,1777065000000,8560.819244898143
2110,1777065300000,8560.819244898143
2111,1777065600000,8557.394917200185
2112,1777065900000,8559.02013205446
2113,1777066200000,8555.215651827406
2114,1777066500000,8564.96694095306
2115,1777066800000,8566.924586118439
2116,1777067100000,8563.563346306186
2117,1777067400000,8562.307498464246
2118,1777067700000,8566.702965911038
2119,1777068000000,8571.541673772632
2120,1777068300000,8571.061496656595
2121,1777068600000,8567.14620632584
2122,1777068900000,8567.072332923373
2123,1777069200000,8566.841757090671
2124,1777069500000,8563.415020387834
2125,1777069800000,8570.044584882291
2126,1777070100000,8582.229650349756
2127,1777070400000,8574.52602233385
2128,1777070700000,8570.896428364818
2129,1777071000000,8567.674237800475
2130,1777071300000,8567.674237800475
2131,1777071600000,8564.415010562976
2132,1777071900000,8558.588984261201
2133,1777072200000,8558.588984261201
2134,1777072500000,8555.165548667497
2135,1777072800000,8554.869623871607
2136,1777073100000,8551.170563923015
2137,1777073400000,8546.620720186243
2138,1777073700000,8549.432005747176
2139,1777074000000,8550.541723731754
2140,1777074300000,8549.382894834496
2141,1777074600000,8549.382894834496
2142,1777074900000,8549.382894834496
2143,1777075200000,8549.382894834496
2144,1777075500000,8545.963141676562
2145,1777075800000,8549.84265818307
2146,1777076100000,8551.542255890683
2147,1777076400000,8550.618561484373
2148,1777076700000,8552.872375835774
2149,1777077000000,8551.283621456918
2150,1777077300000,8547.10852274039
2151,1777077600000,8547.10852274039
2152,1777077900000,8539.189052835078
2153,1777078200000,8539.189052835078
2154,1777078500000,8539.189052835078
2155,1777078800000,8535.774060212469
2156,1777079100000,8535.516091658847
2157,1777079400000,8542.628653208723
2158,1777079700000,8547.087823921342
2159,1777080000000,8542.51809525717
2160,1777080300000,8541.559926343716
2161,1777080600000,8548.193403436866
2162,1777080900000,8545.908539104781
2163,1777081200000,8548.230256087383
2164,1777081500000,8549.851772710153
2165,1777081800000,8547.124676571859
2166,1777082100000,8542.444389956136
2167,1777082400000,8528.344759727823
2168,1777082700000,8528.344759727823
2169,1777083000000,8524.934103955087
2170,1777083300000,8526.700037559398
2171,1777083600000,8526.552876425705
2172,1777083900000,8528.355600313436
2173,1777084200000,8528.723503147668
2174,1777084500000,8528.098068329477
2175,1777084800000,8525.44916792301
2176,1777085100000,8523.388912051316
2177,1777085400000,8524.235088570049
2178,1777085700000,8525.78028047382
2179,1777086000000,8531.409193837555
2180,1777086300000,8526.001022174358
2181,1777086600000,8522.88516735578
2182,1777086900000,8519.476694983312
2183,1777087200000,8516.647610143014
2184,1777087500000,8510.622026846797
2185,1777087800000,8512.642801732722
2186,1777088100000,8509.238085117742
2187,1777088400000,8505.835070486622
2188,1777088700000,8509.24751709854
2189,1777089000000,8507.52294730542
2190,1777089300000,8507.009245664916
2191,1777089600000,8505.651605615014
2192,1777089900000,8508.220113817533
2193,1777090200000,8508.256806791853
2194,1777090500000,8507.52294730542
2195,1777090800000,8505.7983775123
2196,1777091100000,8504.000421770537
2197,1777091400000,8502.019001157167
2198,1777091700000,8498.068359158468
2199,1777092000000,8494.669131814804
2200,1777092300000,8494.155642283185
2201,1777092600000,8494.155642283185
2202,1777092900000,8495.255976993796
2203,1777093200000,8508.056537460556
2204,1777093500000,8503.1417090865
2205,1777093800000,8505.048955918224
2206,1777094100000,8504.75553332873
2207,1777094400000,8503.838587736553
2208,1777094700000,8503.838587736553
2209,1777095000000,8499.290537599365
2210,1777095300000,8499.363893246738
2211,1777095600000,8498.950055114461
2212,1777095900000,8495.550475092416
2213,1777096200000,8493.86185931277
2214,1777096500000,8492.650461036066
2215,1777096800000,8489.309938515462
2216,1777097100000,8485.844573341137
2217,1777097400000,8482.45091424362
2218,1777097700000,8474.922486407471
2219,1777098000000,8471.53251741291
2220,1777098300000,8470.3609872407
2221,1777098600000,8466.407072909487
2222,1777098900000,8464.906049876345
2223,1777099200000,8467.249110220764
2224,1777099500000,8464.270199470811
2225,1777099800000,8464.270199470811
2226,1777100100000,8464.270199470811
2227,1777100400000,8460.884491391023
2228,1777100700000,8461.689003338504
2229,1777101000000,8460.884491391023
2230,1777101300000,8457.849287225517
2231,1777101600000,8456.057419706123
2232,1777101900000,8456.203694605665
2233,1777102200000,8450.77712739751
2234,1777102500000,8447.397492473536
2235,1777102800000,8447.506886380459
2236,1777103100000,8446.15769486176
2237,1777103400000,8446.996381481491
2238,1777103700000,8446.95991684585
2239,1777104000000,8449.366582798122
2240,1777104300000,8453.231834176013
2241,1777104600000,8452.611935370125
2242,1777104900000,8450.788703588101
2243,1777105200000,8452.466076827563
2244,1777105500000,8454.581025694712
2245,1777105800000,8457.060620918264
2246,1777106100000,8457.942790947965
2247,1777106400000,8454.56029033171
2248,1777106700000,8453.284542928557
2249,1777107000000,8453.466792557578
2250,1777107300000,8454.341590776885
2251,1777107600000,8451.462046638337
2252,1777107900000,8453.248093002752
2253,1777108200000,8454.851889738145
2254,1777108500000,8452.956493596317
2255,1777108800000,8446.260032513559
2256,1777109100000,8446.260032513559
2257,1777109400000,8446.260032513559
2258,1777109700000,8442.882204066242
2259,1777110000000,8444.737262948292
2260,1777110300000,8447.719906641003
2261,1777110600000,8449.538591819486
2262,1777110900000,8432.124480324643
2263,1777111200000,8432.124480324643
2264,1777111500000,8432.124480324643
2265,1777111800000,8428.752304967584
2266,1777112100000,8428.897632041646
2267,1777112400000,8432.966790115373
2268,1777112700000,8432.494477124672
2269,1777113000000,8437.944242401985
2270,1777113300000,8434.420060855991
2271,1777113600000,8430.677888698901
2272,1777113900000,8427.98933782876
2273,1777114200000,8428.897632041646
2274,1777114500000,8431.00487461554
2275,1777114800000,8420.805169300766
2276,1777115100000,8417.436847233046
2277,1777115400000,8417.218805575123
2278,1777115700000,8417.000763917198
2279,1777116000000,8426.303874655288
2280,1777116300000,8424.959284431425
2281,1777116600000,8425.83145106312
2282,1777116900000,8426.521916313213
2283,1777117200000,8432.699763287725
2284,1777117500000,8431.100791129616
2285,1777117800000,8435.13456180121
2286,1777118100000,8430.410325879524
2287,1777118400000,8430.373985603203
2288,1777118700000,8421.932667727393
2289,1777119000000,8418.563894660301
2290,1777119300000,8419.073091427153
2291,1777119600000,8413.690154177586
2292,1777119900000,8424.237801490928
2293,1777120200000,8421.255363285087
2294,1777120500000,8424.41965747909
2295,1777120800000,8426.71104292992
2296,1777121100000,8424.41965747909
2297,1777121400000,8423.510377538283
2298,1777121700000,8425.838134186744
2299,1777122000000,8420.96439370403
2300,1777122300000,8412.367338551252
2301,1777122600000,8412.367338551252
2302,1777122900000,8412.367338551252
2303,1777123200000,8409.003064470648
2304,1777123500000,8407.006986885879
2305,1777123800000,8404.86574002222
2306,1777124100000,8408.168341117018
2307,1777124400000,8410.164418701786
2308,1777124700000,8408.4586796748
2309,1777125000000,8411.216895973754
2310,1777125300000,8406.208555851972
2311,1777125600000,8399.291183861782
2312,1777125900000,8395.93213919717
2313,1777126200000,8398.758039901215
2314,1777126500000,8390.89623922458
2315,1777126800000,8390.099190308054
2316,1777127100000,8396.113286678199
2317,1777127400000,8395.352467257879
2318,1777127700000,8396.040827685789
2319,1777128000000,8395.678532723732
2320,1777128300000,8396.36689315164
2321,1777128600000,8393.468533455183
2322,1777128900000,8390.823780232167
2323,1777129200000,8390.533944262523
2324,1777129500000,8388.373161499436
2325,1777129800000,8388.373161499436
2326,1777130100000,8388.373161499436
2327,1777130400000,8385.018483170503
2328,1777130700000,8384.83760550085
2329,1777131000000,8386.356977925934
2330,1777131300000,8384.692903365129
2331,1777131600000,8381.256227641721
2332,1777131900000,8355.12258934757
2333,1777132200000,8351.780540311831
2334,1777132500000,8346.093382834213
2335,1777132800000,8345.00666484486
2336,1777133100000,8339.853707596885
2337,1777133400000,8336.517766113846
2338,1777133700000,8340.669227987226
2339,1777134000000,8339.080842574802
2340,1777134300000,8342.077115057327
2341,1777134600000,8348.466756375485
2342,1777134900000,8352.329420901151
2343,1777135200000,8341.313887428
2344,1777135500000,8337.977361873027
2345,1777135800000,8339.927532674088
2346,1777136100000,8338.59130453262
2347,1777136400000,8340.035875496369
2348,1777136700000,8341.624903556492
2349,1777137000000,8342.780560327492
2350,1777137300000,8345.055759595398
2351,1777137600000,8332.849134951717
2352,1777137900000,8340.108104044555
2353,1777138200000,8339.133018644025
2354,1777138500000,8331.368449713873
2355,1777138800000,8332.415763662593
2356,1777139100000,8337.211983474184
2357,1777139400000,8333.877098680794
2358,1777139700000,8333.55216955665
2359,1777140000000,8326.151006173364
2360,1777140300000,8328.317200334326
2361,1777140600000,8327.983554381337
2362,1777140900000,8327.983554381337
2363,1777141200000,8327.983554381337
2364,1777141500000,8327.983554381337
2365,1777141800000,8327.983554381337
2366,1777142100000,8327.983554381337
2367,1777142400000,8327.983554381337
2368,1777142700000,8327.983554381337
2369,1777143000000,8327.983554381337
2370,1777143300000,8327.983554381337
2371,1777143600000,8327.983554381337
2372,1777143900000,8327.983554381337
2373,1777144200000,8327.983554381337
2374,1777144500000,8327.983554381337
2375,1777144800000,8327.983554381337
2376,1777145100000,8327.983554381337
2377,1777145400000,8324.652360959584
2378,1777145700000,8324.977023210851
2379,1777146000000,8329.3419268112
2380,1777146300000,8325.301685462116
2381,1777146600000,8319.674206440179
2382,1777146900000,8319.421691355861
2383,1777147200000,8322.199357283356
2384,1777147500000,8319.133102688069
2385,1777147800000,8318.050895183851
2386,1777148100000,8314.4696597427
2387,1777148400000,8314.4696597427
2388,1777148700000,8314.4696597427
2389,1777149000000,8314.4696597427
2390,1777149300000,8314.4696597427
2391,1777149600000,8314.4696597427
2392,1777149900000,8314.4696597427
2393,1777150200000,8314.4696597427
2394,1777150500000,8311.14453690337
2395,1777150800000,8316.713564238751
2396,1777151100000,8317.252502367981
2397,1777151400000,8322.462237617206
2398,1777151700000,8320.342414308903
2399,1777152000000,8320.953210855361
2400,1777152300000,8320.989140063979
2401,1777152600000,8315.456041937214
2402,1777152900000,8315.096749851062
2403,1777153200000,8315.779404814752
2404,1777153500000,8318.617812295366
2405,1777153800000,8320.450201934747
2406,1777154100000,8317.158269510353
2407,1777154400000,8313.832071442162
2408,1777154700000,8312.396573121932
2409,1777155000000,8310.853412427687
2410,1777155300000,8310.530425305635
2411,1777155600000,8312.468348037946
2412,1777155900000,8313.36553448809
2413,1777156200000,8325.56727021004
2414,1777156500000,8323.485797645708
2415,1777156800000,8322.086186783485
2416,1777157100000,8319.466402349066
2417,1777157400000,8318.569215898922
2418,1777157700000,8317.815579280801
2419,1777158000000,8316.677045133652
2420,1777158300000,8313.351039516723
2421,1777158600000,8313.243492467715
2422,1777158900000,8312.777455255333
2423,1777159200000,8313.135945418702
2424,1777159500000,8314.67745312119
2425,1777159800000,8314.856698202875
2426,1777160100000,8312.741606238997
2427,1777160400000,8312.992549353354
2428,1777160700000,8312.669908206324
2429,1777161000000,8312.203870993942
2430,1777161300000,8315.179339349908
2431,1777161600000,8315.03594328456
2432,1777161900000,8303.539954887212
2433,1777162200000,8303.539954887212
2434,1777162500000,8303.539954887212
2435,1777162800000,8300.218538905257
2436,1777163100000,8299.680528826413
2437,1777163400000,8296.30899899898
2438,1777163700000,8297.743692542568
2439,1777164000000,8292.435326431292
2440,1777164300000,8294.300428037957
2441,1777164600000,8297.45675383385
2442,1777164900000,8299.142518747567
2443,1777165200000,8303.841140102819
2444,1777165500000,8301.22282438577
2445,1777165800000,8299.537059472053
2446,1777166100000,8298.425171975772
2447,1777166400000,8295.686963815895
2448,1777166700000,8295.686963815895
2449,1777167000000,8295.686963815895
2450,1777167300000,8295.686963815895
2451,1777167600000,8295.686963815895
2452,1777167900000,8292.36868903037
2453,1777168200000,8288.964720225975
2454,1777168500000,8297.241739108242
2455,1777168800000,8291.472907766056
2456,1777169100000,8289.072213977692
2457,1777169400000,8281.174294331515
2458,1777169700000,8277.862486975253
2459,1777170000000,8279.291552575076
2460,1777170300000,8279.57736569504
2461,1777170600000,8280.22044521496
2462,1777170900000,8277.71958041527
2463,1777171200000,8272.360584415934
2464,1777171500000,8268.55199816583
2465,1777171800000,8265.244577366566
2466,1777172100000,8266.173062394928
2467,1777172400000,8268.529985928468
2468,1777172700000,8267.172969348552
2469,1777173000000,8262.494833244105
2470,1777173300000,8262.494833244105
2471,1777173600000,8262.994786720916
2472,1777173900000,8276.422108669556
2473,1777174200000,8281.671620176074
2474,1777174500000,8291.670689712295
2475,1777174800000,8287.52821804729
2476,1777175100000,8286.38546724315
2477,1777175400000,8284.09682883105
2478,1777175700000,8280.783190099519
2479,1777176000000,8284.47696487601
2480,1777176300000,8276.372177502348
2481,1777176600000,8276.623210739586
2482,1777176900000,8276.408039393384
2483,1777177200000,8276.085282374077
2484,1777177500000,8277.734929361637
2485,1777177800000,8276.838382085789
2486,1777178100000,8274.471497277551
2487,1777178400000,8269.008940472488
2488,1777178700000,8265.701998284736
2489,1777179000000,8264.988893718039
2490,1777179300000,8263.954892096324
2491,1777179600000,8264.703651891357
2492,1777179900000,8268.910968834878
2493,1777180200000,8301.78508935967
2494,1777180500000,8309.130066396661
2495,1777180800000,8306.669855641552
2496,1777181100000,8310.877172585073
2497,1777181400000,8309.023100711656
2498,1777181700000,8306.170682444863
2499,1777182000000,8304.316610571448
2500,1777182300000,8304.309826093173
2501,1777182600000,8300.988766374681
2502,1777182900000,8301.773352144095
2503,1777183200000,8314.826006307976
2504,1777183500000,8308.406668194591
2505,1777183800000,8310.724762513313
2506,1777184100000,8303.021556777254
2507,1777184400000,8303.94879450474
2508,1777184700000,8307.51509345662
2509,1777185000000,8307.015811603358
2510,1777185300000,8312.935867863478
2511,1777185600000,8316.074210941133
2512,1777185900000,8307.229789540472
2513,1777186200000,8303.016011770109
2514,1777186500000,8299.69546947386
2515,1777186800000,8295.349687529408
2516,1777187100000,8296.489564760739
2517,1777187400000,8297.73630548251
2518,1777187700000,8299.37487900255
2519,1777188000000,8300.55037739736
2520,1777188300000,8299.980438781695
2521,1777188600000,8296.489564760739
2522,1777188900000,8295.456551019844
2523,1777189200000,8294.744127750262
2524,1777189500000,8296.240216616385
2525,1777189800000,8301.155937176505
2526,1777190100000,8300.826787828715
2527,1777190400000,8297.507121046941
2528,1777190700000,8297.435972012492
2529,1777191000000,8299.392570459851
2530,1777191300000,8293.024731876625
2531,1777191600000,8292.31324153213
2532,1777191900000,8293.878520290018
2533,1777192200000,8301.491466976111
2534,1777192500000,8304.550875457437
2535,1777192800000,8292.588237100972
2536,1777193100000,8289.271865080536
2537,1777193400000,8293.857111172418
2538,1777193700000,8290.338201380975
2539,1777194000000,8284.651074445308
2540,1777194300000,8282.838302734564
2541,1777194600000,8285.82404437579
2542,1777194900000,8285.255331682221
2543,1777195200000,8291.120181334629
2544,1777195500000,8289.20077599384
2545,1777195800000,8287.778994259923
2546,1777196100000,8288.596518756925
2547,1777196400000,8294.390279322637
2548,1777196700000,8288.869974715473
2549,1777197000000,8285.55508970259
2550,1777197300000,8286.797387003495
2551,1777197600000,8280.514912081773
2552,1777197900000,8286.97485804648
2553,1777198200000,8287.578259592636
2554,1777198500000,8289.601429482682
2555,1777198800000,8283.70939085553
2556,1777199100000,8281.721715174082
2557,1777199400000,8281.260290462316
2558,1777199700000,8276.138636967527
2559,1777200000000,8276.138636967527
2560,1777200300000,8276.138636967527
2561,1777200600000,8276.138636967527
2562,1777200900000,8272.82884347144
2563,1777201200000,8273.857206858827
2564,1777201500000,8277.225983472686
2565,1777201800000,8276.48130653699
2566,1777202100000,8275.240178310834
2567,1777202400000,8285.133743313634
2568,1777202700000,8284.850056861942
2569,1777203000000,8286.76494041087
2570,1777203300000,8280.523838473619
2571,1777203600000,8280.31107363485
2572,1777203900000,8279.353631860386
2573,1777204200000,8284.318144765017
2574,1777204500000,8280.154029914456
2575,1777204800000,8276.842630582356
2576,1777205100000,8273.049669990847
2577,1777205400000,8258.331016315906
2578,1777205700000,8258.331016315906
2579,1777206000000,8258.331016315906
2580,1777206300000,8258.331016315906
2581,1777206600000,8258.331016315906
2582,1777206900000,8258.331016315906
2583,1777207200000,8258.331016315906
2584,1777207500000,8255.02768390938
2585,1777207800000,8253.999045970537
2586,1777208100000,8252.722116115421
2587,1777208400000,8249.898209971288
2588,1777208700000,8249.898209971288
2589,1777209000000,8249.898209971288
2590,1777209300000,8249.898209971288
2591,1777209600000,8249.898209971288
2592,1777209900000,8249.898209971288
2593,1777210200000,8249.898209971288
2594,1777210500000,8249.898209971288
2595,1777210800000,8249.898209971288
2596,1777211100000,8249.898209971288
2597,1777211400000,8249.898209971288
2598,1777211700000,8249.898209971288
2599,1777212000000,8249.898209971288
2600,1777212300000,8246.598910547185
2601,1777212600000,8244.622104623779
2602,1777212900000,8263.18996026149
2603,1777213200000,8284.511224149657
2604,1777213500000,8295.489557045716
2605,1777213800000,8288.46483599647
2606,1777214100000,8287.794133986743
2607,1777214400000,8285.005425630508
2608,1777214700000,8281.899016322299
2609,1777215000000,8292.594948372158
2610,1777215300000,8282.110816956949
2611,1777215600000,8285.923228380663
2612,1777215900000,8279.962741490379
2613,1777216200000,8276.651418658348
2614,1777216500000,8280.038096021457
2615,1777216800000,8272.135848840868
2616,1777217100000,8284.483110060539
2617,1777217400000,8274.570023195603
2618,1777217700000,8279.332538237475
2619,1777218000000,8274.640578974002
2620,1777218300000,8271.112790054096
2621,1777218600000,8277.39225433153
2622,1777218900000,8283.424773384568
2623,1777219200000,8281.731434703013
2624,1777219500000,8276.051694541964
2625,1777219800000,8269.849974990946
2626,1777220100000,8266.542696456658
2627,1777220400000,8269.889646039263
2628,1777220700000,8268.304248868555
2629,1777221000000,8268.867945640362
2630,1777221300000,8263.90036783881
2631,1777221600000,8261.222808172726
2632,1777221900000,8266.789313794323
2633,1777222200000,8264.640219851808
2634,1777222500000,8254.352753766327
2635,1777222800000,8253.305228101515
2636,1777223100000,8253.305228101515
2637,1777223400000,8253.305228101515
2638,1777223700000,8253.305228101515
2639,1777224000000,8250.004566142667
2640,1777224300000,8250.778187586056
2641,1777224600000,8245.855142037211
2642,1777224900000,8246.347446592097
2643,1777225200000,8253.415533415793
2644,1777225500000,8256.861665299984
2645,1777225800000,8255.736397745963
2646,1777226100000,8261.67921701564
2647,1777226400000,8258.69022507527
2648,1777226700000,8280.703271600818
2649,1777227000000,8310.73384944877
2650,1777227300000,8315.37557810911
2651,1777227600000,8306.812329045715
2652,1777227900000,8306.812329045715
2653,1777228200000,8303.4902685262
2654,1777228500000,8308.455228294244
2655,1777228800000,8311.83562643419
2656,1777229100000,8315.920274186621
2657,1777229400000,8317.997810543462
2658,1777229700000,8317.152711008475
2659,1777230000000,8312.645513488551
2660,1777230300000,8318.948547520322
2661,1777230600000,8330.005266436392
2662,1777230900000,8344.724083337402
2663,1777231200000,8338.702749150625
2664,1777231500000,8327.342367073801
2665,1777231800000,8324.01209618115
2666,1777232100000,8319.12054521949
2667,1777232400000,8325.666073844446
2668,1777232700000,8326.475467169037
2669,1777233000000,8337.595827628638
2670,1777233300000,8331.120681031909
2671,1777233600000,8332.985804779879
2672,1777233900000,8330.944725961344
2673,1777234200000,8323.836141110587
2674,1777234500000,8322.076590404953
2675,1777234800000,8329.537085396838
2676,1777235100000,8328.37578193112
2677,1777235400000,8340.944741233205
2678,1777235700000,8337.609030478863
2679,1777236000000,8336.69305360545
2680,1777236300000,8333.13483575104
2681,1777236600000,8325.892962540494
2682,1777236900000,8325.892962540494
2683,1777237200000,8322.563271293728
2684,1777237500000,8321.261865050568
2685,1777237800000,8323.196387844455
2686,1777238100000,8321.402557617395
2687,1777238400000,8325.658507763948
2688,1777238700000,8319.890112523992
2689,1777239000000,8282.001119672881
2690,1777239300000,8282.001119672881
2691,1777239600000,8282.001119672881
2692,1777239900000,8282.001119672881
2693,1777240200000,8282.001119672881
2694,1777240500000,8282.001119672881
2695,1777240800000,8282.001119672881
2696,1777241100000,8282.001119672881
2697,1777241400000,8278.688981652618
2698,1777241700000,8299.852452941359
2699,1777242000000,8287.803942059156
2700,1777242300000,8269.713714125874
2701,1777242600000,8220.325946713045
2702,1777242900000,8220.325946713045
2703,1777243200000,8220.325946713045
2704,1777243500000,8220.325946713045
2705,1777243800000,8220.325946713045
2706,1777244100000,8220.325946713045
2707,1777244400000,8220.325946713045
2708,1777244700000,8220.325946713045
2709,1777245000000,8220.325946713045
2710,1777245300000,8220.325946713045
2711,1777245600000,8220.325946713045
2712,1777245900000,8220.325946713045
2713,1777246200000,8220.325946713045
2714,1777246500000,8220.325946713045
2715,1777246800000,8217.038473828936
2716,1777247100000,8222.50991989112
2717,1777247400000,8205.056699540866
2718,1777247700000,8205.22984656815
2719,1777248000000,8217.765691343531
2720,1777248300000,8207.169093273735
2721,1777248600000,8195.221948391121
2722,1777248900000,8197.472859745814
2723,1777249200000,8186.474929718026
2724,1777249500000,8186.474929718026
2725,1777249800000,8186.474929718026
2726,1777250100000,8183.2009945331765
2727,1777250400000,8194.322712223056
2728,1777250700000,8195.18619962134
2729,1777251000000,8210.038182871802
2730,1777251300000,8257.564529273282
2731,1777251600000,8278.15006884834
2732,1777251900000,8241.07302342561
2733,1777252200000,8241.07302342561
2734,1777252500000,8237.77725337025
2735,1777252800000,8237.915501264142
2736,1777253100000,8235.703534961864
2737,1777253400000,8227.650595142628
2738,1777253700000,8250.150439873625
2739,1777254000000,8249.286390536798
2740,1777254300000,8281.982017442366
2741,1777254600000,8267.154930822398
2742,1777254900000,8276.244729845828
2743,1777255200000,8262.523626377
2744,1777255500000,8257.339330356033
2745,1777255800000,8260.588155862506
2746,1777256100000,8266.059481140504
2747,1777256400000,8262.753718500577
2748,1777256700000,8272.883031492278
2749,1777257000000,8270.497630139284
2750,1777257300000,8269.63335428675
2751,1777257600000,8269.39135704804
2752,1777257900000,8271.465619094122
2753,1777258200000,8282.078926563243
2754,1777258500000,8269.94449359366
2755,1777258800000,8270.532201173384
2756,1777259100000,8272.986744594582
2757,1777259400000,8282.424636904256
2758,1777259700000,8281.871500358635
2759,1777260000000,8285.505081654535
2760,1777260300000,8282.19154232974
2761,1777260600000,8279.704584430983
2762,1777260900000,8274.178011322638
2763,1777261200000,8289.652416026005
2764,1777261500000,8284.885746720056
2765,1777261800000,8278.979221710513
2766,1777262100000,8272.07100532508
2767,1777262400000,8269.89491716367
2768,1777262700000,8265.439117595068
2769,1777263000000,8255.46951005852
2770,1777263300000,8255.46951005852
2771,1777263600000,8255.46951005852
2772,1777263900000,8255.46951005852
2773,1777264200000,8255.46951005852
2774,1777264500000,8255.46951005852
2775,1777264800000,8255.46951005852
2776,1777265100000,8255.46951005852
2777,1777265400000,8255.46951005852
2778,1777265700000,8255.46951005852
2779,1777266000000,8252.167322254496
2780,1777266300000,8273.22285031665
2781,1777266600000,8297.335946810268
2782,1777266900000,8358.661040918683
2783,1777267200000,8390.209587916099
2784,1777267500000,8396.776411024593
2785,1777267800000,8407.547390726353
2786,1777268100000,8412.411704140053
2787,1777268400000,8426.935154189523
2788,1777268700000,8442.327231634297
2789,1777269000000,8430.13170300424
2790,1777269300000,8435.725663429994
2791,1777269600000,8444.436332579124
2792,1777269900000,8444.436332579124
2793,1777270200000,8444.436332579124
2794,1777270500000,8444.436332579124
2795,1777270800000,8444.436332579124
2796,1777271100000,8444.436332579124
2797,1777271400000,8444.436332579124
2798,1777271700000,8444.436332579124
2799,1777272000000,8444.436332579124
2800,1777272300000,8444.436332579124
2801,1777272600000,8444.436332579124
2802,1777272900000,8441.058558046094
2803,1777273200000,8437.820493274015
2804,1777273500000,8444.987895072885
2805,1777273800000,8450.918283363322
2806,1777274100000,8446.479587833057
2807,1777274400000,8444.769598571398
2808,1777274700000,8444.805981321646
2809,1777275000000,8455.648040895574
2810,1777275300000,8447.680218591244
2811,1777275600000,8442.513868056018
2812,1777275900000,8446.042994830079
2813,1777276200000,8446.770649835042
2814,1777276500000,8457.531588099064
2815,1777276800000,8454.148575463823
2816,1777277100000,8470.55701883513
2817,1777277400000,8465.780338653705
2818,1777277700000,8464.832295258919
2819,1777278000000,8471.468599022426
2820,1777278300000,8485.835102774192
2821,1777278600000,8480.219768820454
2822,1777278900000,8476.64637448626
2823,1777279200000,8479.818673538046
2824,1777279500000,8467.238866953378
2825,1777279800000,8461.988165074557
2826,1777280100000,8451.690697166041
2827,1777280400000,8451.690697166041
2828,1777280700000,8451.690697166041
2829,1777281000000,8451.690697166041
2830,1777281300000,8451.690697166041
2831,1777281600000,8448.310020887175
2832,1777281900000,8436.705367857387
2833,1777282200000,8419.567496069447
2834,1777282500000,8419.567496069447
2835,1777282800000,8419.567496069447
2836,1777283100000,8419.567496069447
2837,1777283400000,8419.567496069447
2838,1777283700000,8419.567496069447
2839,1777284000000,8419.567496069447
2840,1777284300000,8419.567496069447
2841,1777284600000,8419.567496069447
2842,1777284900000,8419.567496069447
2843,1777285200000,8419.567496069447
2844,1777285500000,8419.567496069447
2845,1777285800000,8419.567496069447
2846,1777286100000,8419.567496069447
2847,1777286400000,8419.567496069447
2848,1777286700000,8419.567496069447
2849,1777287000000,8419.567496069447
2850,1777287300000,8419.567496069447
2851,1777287600000,8416.19966907102
2852,1777287900000,8420.992447059785
2853,1777288200000,8417.615717113156
2854,1777288500000,8410.35393228169
2855,1777288800000,8406.214714927755
2856,1777289100000,8404.744410959862
2857,1777289400000,8404.744410959862
2858,1777289700000,8401.38251319548
2859,1777290000000,8401.599906323292
2860,1777290300000,8403.230354781894
2861,1777290600000,8401.128887879697
2862,1777290900000,8398.846260037657
2863,1777291200000,8410.186934871923
2864,1777291500000,8407.505752962225
2865,1777291800000,8400.73033381204
2866,1777292100000,8402.288317894701
2867,1777292400000,8411.889847706463
2868,1777292700000,8413.33913522522
2869,1777293000000,8415.33190556351
2870,1777293300000,8423.080338202742
2871,1777293600000,8419.711106067463
2872,1777293900000,8413.600149714928
2873,1777294200000,8423.930575929926
2874,1777294500000,8425.27644131709
2875,1777294800000,8425.458315018059
2876,1777295100000,8420.438600871335
2877,1777295400000,8424.148824371088
2878,1777295700000,8420.038478729204
2879,1777296000000,8414.132498881321
