step,timestamp,equity
0,1776432300000,10000.0
1,1776432600000,10000.0
2,1776432900000,10000.0
3,1776433200000,10000.0
4,1776433500000,10000.0
5,1776433800000,10000.0
6,1776434100000,10000.0
7,1776434400000,10000.0
8,1776434700000,10000.0
9,1776435000000,10000.0
10,1776435300000,10000.0
11,1776435600000,10000.0
12,1776435900000,10000.0
13,1776436200000,10000.0
14,1776436500000,10000.0
15,1776436800000,10000.0
16,1776437100000,10000.0
17,1776437400000,10000.0
18,1776437700000,10000.0
19,1776438000000,10000.0
20,1776438300000,10000.0
21,1776438600000,10000.0
22,1776438900000,10000.0
23,1776439200000,10000.0
24,1776439500000,10000.0
25,1776439800000,10000.0
26,1776440100000,10000.0
27,1776440400000,10000.0
28,1776440700000,10000.0
29,1776441000000,10000.0
30,1776441300000,10000.0
31,1776441600000,10000.0
32,1776441900000,10000.0
33,1776442200000,10000.0
34,1776442500000,10000.0
35,1776442800000,10000.0
36,1776443100000,10000.0
37,1776443400000,10000.0
38,1776443700000,10000.0
39,1776444000000,10000.0
40,1776444300000,10000.0
41,1776444600000,10000.0
42,1776444900000,10000.0
43,1776445200000,10000.0
44,1776445500000,10000.0
45,1776445800000,10000.0
46,1776446100000,10000.0
47,1776446400000,10000.0
48,1776446700000,10000.0
49,1776447000000,10000.0
50,1776447300000,10000.0
51,1776447600000,10000.0
52,1776447900000,10000.0
53,1776448200000,10000.0
54,1776448500000,10000.0
55,1776448800000,10000.0
56,1776449100000,10000.0
57,1776449400000,10000.0
58,1776449700000,10000.0
59,1776450000000,10000.0
60,1776450300000,10000.0
61,1776450600000,10000.0
62,1776450900000,10000.0
63,1776451200000,10000.0
64,1776451500000,10000.0
65,1776451800000,10000.0
66,1776452100000,10000.0
67,1776452400000,10000.0
68,1776452700000,10000.0
69,1776453000000,10000.0
70,1776453300000,10000.0
71,1776453600000,10000.0
72,1776453900000,10000.0
73,1776454200000,10000.0
74,1776454500000,10000.0
75,1776454800000,10000.0
76,1776455100000,10000.0
77,1776455400000,10000.0
78,1776455700000,10000.0
79,1776456000000,10000.0
80,1776456300000,10000.0
81,1776456600000,10000.0
82,1776456900000,10000.0
83,1776457200000,10000.0
84,1776457500000,10000.0
85,1776457800000,10000.0
86,1776458100000,10000.0
87,1776458400000,10000.0
88,1776458700000,10000.0
89,1776459000000,10000.0
90,1776459300000,10000.0
91,1776459600000,10000.0
92,1776459900000,10000.0
93,1776460200000,10000.0
94,1776460500000,10000.0
95,1776460800000,10000.0
96,1776461100000,10000.0
97,1776461400000,10000.0
98,1776461700000,10000.0
99,1776462000000,10000.0
100,1776462300000,10000.0
101,1776462600000,10000.0
102,1776462900000,10000.0
103,1776463200000,10000.0
104,1776463500000,10000.0
105,1776463800000,10000.0
106,1776464100000,10000.0
107,1776464400000,10000.0
108,1776464700000,10000.0
109,1776465000000,10000.0
110,1776465300000,10000.0
111,1776465600000,10000.0
112,1776465900000,10000.0
113,1776466200000,10000.0
114,1776466500000,10000.0
115,1776466800000,10000.0
116,1776467100000,10000.0
117,1776467400000,10000.0
118,1776467700000,10000.0
119,1776468000000,10000.0
120,1776468300000,10000.0
121,1776468600000,10000.0
122,1776468900000,10000.0
123,1776469200000,10000.0
124,1776469500000,10000.0
125,1776469800000,10000.0
126,1776470100000,10000.0
127,1776470400000,10000.0
128,1776470700000,10000.0
129,1776471000000,10000.0
130,1776471300000,10000.0
131,1776471600000,10000.0
132,1776471900000,10000.0
133,1776472200000,10000.0
134,1776472500000,10000.0
135,1776472800000,10000.0
136,1776473100000,10000.0
137,1776473400000,10000.0
138,1776473700000,10000.0
139,1776474000000,10000.0
140,1776474300000,10000.0
141,1776474600000,10000.0
142,1776474900000,10000.0
143,1776475200000,10000.0
144,1776475500000,10000.0
145,1776475800000,10000.0
146,1776476100000,10000.0
147,1776476400000,10000.0
148,1776476700000,10000.0
149,1776477000000,10000.0
150,1776477300000,10000.0
151,1776477600000,10000.0
152,1776477900000,10000.0
153,1776478200000,10000.0
154,1776478500000,10000.0
155,1776478800000,10000.0
156,1776479100000,10000.0
157,1776479400000,10000.0
158,1776479700000,10000.0
159,1776480000000,10000.0
160,1776480300000,10000.0
161,1776480600000,10000.0
162,1776480900000,10000.0
163,1776481200000,10000.0
164,1776481500000,10000.0
165,1776481800000,10000.0
166,1776482100000,10000.0
167,1776482400000,10000.0
168,1776482700000,10000.0
169,1776483000000,10000.0
170,1776483300000,10000.0
171,1776483600000,10000.0
172,1776483900000,10000.0
173,1776484200000,10000.0
174,1776484500000,10000.0
175,1776484800000,10000.0
176,1776485100000,10000.0
177,1776485400000,10000.0
178,1776485700000,10000.0
179,1776486000000,10000.0
180,1776486300000,10000.0
181,1776486600000,10000.0
182,1776486900000,10000.0
183,1776487200000,10000.0
184,1776487500000,10000.0
185,1776487800000,10000.0
186,1776488100000,10000.0
187,1776488400000,10000.0
188,1776488700000,10000.0
189,1776489000000,10000.0
190,1776489300000,10000.0
191,1776489600000,10000.0
192,1776489900000,10000.0
193,1776490200000,10000.0
194,1776490500000,10000.0
195,1776490800000,10000.0
196,1776491100000,10000.0
197,1776491400000,10000.0
198,1776491700000,10000.0
199,1776492000000,10000.0
200,1776492300000,9996.0
201,1776492600000,9995.750970178678
202,1776492900000,10000.358021873119
203,1776493200000,10006.99881710835
204,1776493500000,9998.946852885632
205,1776493800000,9989.19318488389
206,1776494100000,9995.169900595594
207,1776494400000,9988.612115300806
208,1776494700000,9991.475958246
209,1776495000000,9991.51746321622
210,1776495300000,9993.302176935687
211,1776495600000,9986.691802999148
212,1776495900000,9982.69712627795
213,1776496200000,9981.70219224583
214,1776496500000,9988.376541377975
215,1776496800000,9988.25217462396
216,1776497100000,9994.346145570702
217,1776497400000,9993.682856215954
218,1776497700000,9997.70404792911
219,1776498000000,9997.911325852467
220,1776498300000,10004.792952907972
221,1776498600000,10002.471440166357
222,1776498900000,10004.668586153955
223,1776499200000,10004.088207968553
224,1776499500000,10006.69990980287
225,1776499800000,10026.30840135259
226,1776500100000,10051.057385401598
227,1776500400000,10081.527240135303
228,1776500700000,10072.614289430885
229,1776501000000,10109.385393034692
230,1776501300000,10117.599016878785
231,1776501600000,10117.599016878785
232,1776501900000,10117.599016878785
233,1776502200000,10117.599016878785
234,1776502500000,10117.599016878785
235,1776502800000,10117.599016878785
236,1776503100000,10117.599016878785
237,1776503400000,10117.599016878785
238,1776503700000,10117.599016878785
239,1776504000000,10117.599016878785
240,1776504300000,10117.599016878785
241,1776504600000,10117.599016878785
242,1776504900000,10117.599016878785
243,1776505200000,10117.599016878785
244,1776505500000,10117.599016878785
245,1776505800000,10117.599016878785
246,1776506100000,10117.599016878785
247,1776506400000,10117.599016878785
248,1776506700000,10117.599016878785
249,1776507000000,10117.599016878785
250,1776507300000,10117.599016878785
251,1776507600000,10117.599016878785
252,1776507900000,10117.599016878785
253,1776508200000,10117.599016878785
254,1776508500000,10117.599016878785
255,1776508800000,10117.599016878785
256,1776509100000,10117.599016878785
257,1776509400000,10117.599016878785
258,1776509700000,10117.599016878785
259,1776510000000,10117.599016878785
260,1776510300000,10117.599016878785
261,1776510600000,10117.599016878785
262,1776510900000,10117.599016878785
263,1776511200000,10117.599016878785
264,1776511500000,10117.599016878785
265,1776511800000,10117.599016878785
266,1776512100000,10117.599016878785
267,1776512400000,10117.599016878785
268,1776512700000,10117.599016878785
269,1776513000000,10117.599016878785
270,1776513300000,10117.599016878785
271,1776513600000,10113.551977272034
272,1776513900000,10117.670315611285
273,1776514200000,10113.29458112583
274,1776514500000,10111.535707460109
275,1776514800000,10118.699900196096
276,1776515100000,10127.923262101707
277,1776515400000,10120.544572577217
278,1776515700000,10139.205793176945
279,1776516000000,10120.67327065032
280,1776516300000,10117.112623961177
281,1776516600000,10115.439549010856
282,1776516900000,10115.782743872462
283,1776517200000,10121.402559731228
284,1776517500000,10124.577112201066
285,1776517800000,10125.73539485898
286,1776518100000,10123.247232112351
287,1776518400000,10120.844868081122
288,1776518700000,10132.985386310369
289,1776519000000,10144.101690806812
290,1776519300000,10144.101690806812
291,1776519600000,10144.101690806812
292,1776519900000,10140.044050130491
293,1776520200000,10133.410539895312
294,1776520500000,10139.484078487261
295,1776520800000,10142.327011445195
296,1776521100000,10137.373416139704
297,1776521400000,10133.281315669952
298,1776521700000,10133.712063087822
299,1776522000000,10151.932678863666
300,1776522300000,10135.047380083215
301,1776522600000,10120.703491068189
302,1776522900000,10119.626622523518
303,1776523200000,10116.511929298384
304,1776523500000,10112.465324526665
305,1776523800000,10104.24142348924
306,1776524100000,10098.03066489327
307,1776524400000,10101.028962146496
308,1776524700000,10107.527820693756
309,1776525000000,10103.48480956548
310,1776525300000,10114.422175578315
311,1776525600000,10110.376406708085
312,1776525900000,10109.765158206068
313,1776526200000,10105.721252142786
314,1776526500000,10108.531530921777
315,1776526800000,10104.488118309408
316,1776527100000,10103.707860057628
317,1776527400000,10099.666376913605
318,1776527700000,10091.055360057038
319,1776528000000,10087.018937913017
320,1776528300000,10064.759558311041
321,1776528600000,10060.733654487718
322,1776528900000,10069.742017597426
323,1776529200000,10065.714120790388
324,1776529500000,10066.931608783774
325,1776529800000,10062.904836140262
326,1776530100000,10062.593790170567
327,1776530400000,10058.568752654499
328,1776530700000,10067.624599894149
329,1776531000000,10067.624599894149
330,1776531300000,10063.59755005419
331,1776531600000,10062.43683773142
332,1776531900000,10062.43683773142
333,1776532200000,10062.43683773142
334,1776532500000,10058.411862996329
335,1776532800000,10062.197258095732
336,1776533100000,10058.172379192494
337,1776533400000,10046.143819503002
338,1776533700000,10042.125361975202
339,1776534000000,10043.263225888044
340,1776534300000,10039.245920597688
341,1776534600000,10035.154343228663
342,1776534900000,10031.140281491373
343,1776535200000,10028.537673506236
344,1776535500000,10024.526258436834
345,1776535800000,10032.79196462383
346,1776536100000,10032.79196462383
347,1776536400000,10032.79196462383
348,1776536700000,10032.79196462383
349,1776537000000,10032.79196462383
350,1776537300000,10032.79196462383
351,1776537600000,10032.79196462383
352,1776537900000,10032.79196462383
353,1776538200000,10032.79196462383
354,1776538500000,10032.79196462383
355,1776538800000,10028.77884783798
356,1776539100000,10030.739359772342
357,1776539400000,10028.82146766264
358,1776539700000,10035.342300835628
359,1776540000000,10050.088760168002
360,1776540300000,10040.030481548232
361,1776540600000,10049.108504200822
362,1776540900000,10056.56697351633
363,1776541200000,10056.86531228895
364,1776541500000,10048.8101654282
365,1776541800000,10055.842436497109
366,1776542100000,10051.921412628384
367,1776542400000,10067.09407020736
368,1776542700000,10047.7446698117
369,1776543000000,10046.423455247239
370,1776543300000,10048.895405077521
371,1776543600000,10047.318471565099
372,1776543900000,10051.452594557124
373,1776544200000,10049.454705258158
374,1776544500000,10045.434923376055
375,1776544800000,10034.143305120077
376,1776545100000,10027.171586272636
377,1776545400000,10025.503506303003
378,1776545700000,10032.43245386917
379,1776546000000,10027.513756522816
380,1776546300000,10021.859281142832
381,1776546600000,10017.850537430375
382,1776546900000,10032.036151269736
383,1776547200000,10026.327826181225
384,1776547500000,10018.06353463517
385,1776547800000,10026.54082338602
386,1776548100000,10032.888140088917
387,1776548400000,10016.444755878727
388,1776548700000,10016.615153642562
389,1776549000000,10016.870750288317
390,1776549300000,10006.135691166639
391,1776549600000,10026.242627299307
392,1776549900000,10032.036151269736
393,1776550200000,10031.950952387819
394,1776550500000,10026.49822394506
395,1776550800000,10016.700352524482
396,1776551100000,10014.059187185021
397,1776551400000,10001.31354418794
398,1776551700000,9997.313018770265
399,1776552000000,9996.97314727429
400,1776552300000,9980.98954183354
401,1776552600000,9976.997146016805
402,1776552900000,9978.939548289129
403,1776553200000,9974.947972469812
404,1776553500000,9977.354494638286
405,1776553800000,9973.36355284043
406,1776554100000,9974.037477685577
407,1776554400000,9970.047862694504
408,1776554700000,9969.323726350161
409,1776555000000,9965.335996859621
410,1776555300000,9970.800284492336
411,1776555600000,9966.81196437854
412,1776555900000,9964.05434996427
413,1776556200000,9964.05434996427
414,1776556500000,9964.05434996427
415,1776556800000,9960.068728224283
416,1776557100000,9947.610362304147
417,1776557400000,9943.631318159225
418,1776557700000,9948.87580661554
419,1776558000000,9960.16837450132
420,1776558300000,9960.845082689233
421,1776558600000,9968.500344064985
422,1776558900000,9972.51829893071
423,1776559200000,9969.769171917318
424,1776559500000,9955.812065541639
425,1776559800000,9958.85725238724
426,1776560100000,9955.938948326871
427,1776560400000,9950.3561057766
428,1776560700000,9959.956903192598
429,1776561000000,9957.757601581885
430,1776561300000,9965.878099836827
431,1776561600000,9971.75700221931
432,1776561900000,9975.98642839376
433,1776562200000,9977.170667722605
434,1776562500000,9979.454557856807
435,1776562800000,9971.766959154713
436,1776563100000,9967.77825237105
437,1776563400000,9955.754707911616
438,1776563700000,9963.699594179863
439,1776564000000,9969.350235215572
440,1776564300000,9972.366742836137
441,1776564600000,9971.007190105742
442,1776564900000,9967.77825237105
443,1776565200000,10010.689135424162
444,1776565500000,10006.865393369924
445,1776565800000,10012.218632245856
446,1776566100000,10000.237573809247
447,1776566400000,9978.527216145741
448,1776566700000,9989.318665943256
449,1776567000000,9996.668747891958
450,1776567300000,10005.25092450258
451,1776567600000,10004.486176091732
452,1776567900000,10011.453883835009
453,1776568200000,9991.570425152975
454,1776568500000,10000.083436387822
455,1776568800000,9996.083403013266
456,1776569100000,9981.339060154369
457,1776569400000,9988.689862970978
458,1776569700000,9985.91194330191
459,1776570000000,9983.732344792335
460,1776570300000,9980.398841189452
461,1776570600000,9982.450228021995
462,1776570900000,9996.63898694708
463,1776571200000,9985.185410465387
464,1776571500000,9984.715300982929
465,1776571800000,9977.449972617673
466,1776572100000,9980.527052866488
467,1776572400000,9983.262235309876
468,1776572700000,9987.706906780386
469,1776573000000,10012.921869930387
470,1776573300000,10013.092818833098
471,1776573600000,10044.889314737507
472,1776573900000,10039.248000948015
473,1776574200000,10023.839994627951
474,1776574500000,10023.839994627951
475,1776574800000,10023.839994627951
476,1776575100000,10023.839994627951
477,1776575400000,10023.839994627951
478,1776575700000,10023.839994627951
479,1776576000000,10019.8304586301
480,1776576300000,10019.959308041945
481,1776576600000,10004.58327822822
482,1776576900000,10012.314242939032
483,1776577200000,10010.596250781073
484,1776577500000,10012.35719274298
485,1776577800000,10026.315879026391
486,1776578100000,10024.511987260536
487,1776578400000,10037.740526876816
488,1776578700000,10035.50713707147
489,1776579000000,10063.59630885409
490,1776579300000,10042.293206095406
491,1776579600000,10032.414751187145
492,1776579900000,10043.32400139018
493,1776580200000,10036.151384130704
494,1776580500000,10036.151384130704
495,1776580800000,10034.905839816183
496,1776581100000,10040.102766094009
497,1776581400000,10051.726241306926
498,1776581700000,10051.726241306926
499,1776582000000,10051.726241306926
500,1776582300000,10051.726241306926
501,1776582600000,10051.726241306926
502,1776582900000,10051.726241306926
503,1776583200000,10051.726241306926
504,1776583500000,10051.726241306926
505,1776583800000,10051.726241306926
506,1776584100000,10051.726241306926
507,1776584400000,10051.726241306926
508,1776584700000,10051.726241306926
509,1776585000000,10047.705550810404
510,1776585300000,10054.514840678738
511,1776585600000,10065.140802575183
512,1776585900000,10063.969778202922
513,1776586200000,10051.739079203748
514,1776586500000,10045.927328615488
515,1776586800000,10046.274298799863
516,1776587100000,10057.290602153727
517,1776587400000,10061.194016727934
518,1776587700000,10045.840586069393
519,1776588000000,10040.809518395976
520,1776588300000,10038.033756920986
521,1776588600000,10039.985464208086
522,1776588900000,10042.97808204831
523,1776589200000,10047.835664629543
524,1776589500000,10050.351198466255
525,1776589800000,10047.87903590259
526,1776590100000,10055.512379958811
527,1776590400000,10063.874636651934
528,1776590700000,10059.849086797272
529,1776591000000,10064.674092238112
530,1776591300000,10080.235821497754
531,1776591600000,10074.367571637275
532,1776591900000,10085.321638043502
533,1776592200000,10078.192801175957
534,1776592500000,10081.452939987335
535,1776592800000,10076.454060476555
536,1776593100000,10088.190560197514
537,1776593400000,10083.452491791644
538,1776593700000,10090.624797176675
539,1776594000000,10085.973665805777
540,1776594300000,10074.454508672245
541,1776594600000,10065.760805175238
542,1776594900000,10069.75990878386
543,1776595200000,10062.022512671525
544,1776595500000,10050.00844612142
545,1776595800000,10045.988442742972
546,1776596100000,10049.36908807436
547,1776596400000,10042.174381343453
548,1776596700000,10004.380500202782
549,1776597000000,10007.93451196142
550,1776597300000,10018.482979282226
551,1776597600000,10014.475586090512
552,1776597900000,10008.548606184766
553,1776598200000,10004.545186742293
554,1776598500000,10010.88636862306
555,1776598800000,10006.88201407561
556,1776599100000,10001.394544404939
557,1776599400000,9997.393986587176
558,1776599700000,9997.368757409216
559,1776600000000,9993.369809906255
560,1776600300000,9987.896017888124
561,1776600600000,9983.90085948097
562,1776600900000,9985.927432487411
563,1776601200000,9981.933061514417
564,1776601500000,9984.56583948786
565,1776601800000,9980.572013152065
566,1776602100000,9991.524692185956
567,1776602400000,9987.528082309082
568,1776602700000,9984.627053158289
569,1776603000000,9980.633202337027
570,1776603300000,9972.033247728164
571,1776603600000,9972.033247728164
572,1776603900000,9972.033247728164
573,1776604200000,9972.033247728164
574,1776604500000,9972.033247728164
575,1776604800000,9972.033247728164
576,1776605100000,9972.033247728164
577,1776605400000,9972.033247728164
578,1776605700000,9972.033247728164
579,1776606000000,9972.033247728164
580,1776606300000,9972.033247728164
581,1776606600000,9968.045232032215
582,1776606900000,9969.70779495902
583,1776607200000,9946.304024527824
584,1776607500000,9930.317842539302
585,1776607800000,9939.696402639236
586,1776608100000,9949.28811183235
587,1776608400000,9953.7216129705
588,1776608700000,9971.071949155374
589,1776609000000,9961.394980324989
590,1776609300000,9960.585013770904
591,1776609600000,9966.851597110404
592,1776609900000,9984.116673658009
593,1776610200000,9966.851597110404
594,1776610500000,9967.23526547813
595,1776610800000,9969.324126591295
596,1776611100000,9956.322031907299
597,1776611400000,9960.073455947271
598,1776611700000,9970.26198260129
599,1776612000000,9953.95918654714
600,1776612300000,9949.977602872521
601,1776612600000,9989.09492961589
602,1776612900000,9989.09492961589
603,1776613200000,9989.09492961589
604,1776613500000,9989.09492961589
605,1776613800000,9989.09492961589
606,1776614100000,9985.099291644045
607,1776614400000,9985.570717953577
608,1776614700000,10004.94205358163
609,1776615000000,10006.356332510226
610,1776615300000,10025.084814079826
611,1776615600000,10024.399103084143
612,1776615900000,10030.570502045292
613,1776616200000,10013.384870215981
614,1776616500000,10018.656273495295
615,1776616800000,10035.241908203385
616,1776617100000,10024.956243268134
617,1776617400000,10076.898851191141
618,1776617700000,10067.041755628195
619,1776618000000,10098.884459990237
620,1776618300000,10103.170153713258
621,1776618600000,10083.327391775672
622,1776618900000,10068.198892933411
623,1776619200000,10071.198878539524
624,1776619500000,10061.646390804217
625,1776619800000,10061.646390804217
626,1776620100000,10061.646390804217
627,1776620400000,10061.646390804217
628,1776620700000,10061.646390804217
629,1776621000000,10061.646390804217
630,1776621300000,10061.646390804217
631,1776621600000,10061.646390804217
632,1776621900000,10061.646390804217
633,1776622200000,10061.646390804217
634,1776622500000,10061.646390804217
635,1776622800000,10061.646390804217
636,1776623100000,10061.646390804217
637,1776623400000,10061.646390804217
638,1776623700000,10061.646390804217
639,1776624000000,10061.646390804217
640,1776624300000,10061.646390804217
641,1776624600000,10061.646390804217
642,1776624900000,10061.646390804217
643,1776625200000,10057.621732247895
644,1776625500000,10047.857904495528
645,1776625800000,10049.1714239241
646,1776626100000,10028.023761124128
647,1776626400000,10068.87421535264
648,1776626700000,10051.929814724093
649,1776627000000,10059.854715276462
650,1776627300000,10056.614700685992
651,1776627600000,10061.29958664789
652,1776627900000,10054.907125428852
653,1776628200000,10055.344965238375
654,1776628500000,10050.484943352667
655,1776628800000,10078.769395047862
656,1776629100000,10074.522348895489
657,1776629400000,10071.50125420978
658,1776629700000,10091.335397581177
659,1776630000000,10090.547285924036
660,1776630300000,10082.053193619287
661,1776630600000,10061.566004000144
662,1776630900000,10061.566004000144
663,1776631200000,10061.566004000144
664,1776631500000,10061.566004000144
665,1776631800000,10061.566004000144
666,1776632100000,10061.566004000144
667,1776632400000,10061.566004000144
668,1776632700000,10061.566004000144
669,1776633000000,10061.566004000144
670,1776633300000,10061.566004000144
671,1776633600000,10061.566004000144
672,1776633900000,10057.541377598545
673,1776634200000,10058.465510778291
674,1776634500000,10049.004147271366
675,1776634800000,10051.424496075462
676,1776635100000,10065.99059524194
677,1776635400000,10103.836049269643
678,1776635700000,10102.867909748004
679,1776636000000,10181.419230026437
680,1776636300000,10135.82865982562
681,1776636600000,10172.001872861401
682,1776636900000,10164.124737662612
683,1776637200000,10166.193035731569
684,1776637500000,10158.403913216565
685,1776637800000,10140.361313040565
686,1776638100000,10125.091112403807
687,1776638400000,10114.881641084705
688,1776638700000,10125.135118745698
689,1776639000000,10111.615169380766
690,1776639300000,10111.615169380766
691,1776639600000,10111.615169380766
692,1776639900000,10111.615169380766
693,1776640200000,10111.615169380766
694,1776640500000,10111.615169380766
695,1776640800000,10111.615169380766
696,1776641100000,10111.615169380766
697,1776641400000,10111.615169380766
698,1776641700000,10107.570523313014
699,1776642000000,10106.366329533166
700,1776642300000,10112.164299584285
701,1776642600000,10106.901526768654
702,1776642900000,10125.053633005617
703,1776643200000,10086.474832280868
704,1776643500000,10094.056793116946
705,1776643800000,10098.561369848969
706,1776644100000,10087.18842859485
707,1776644400000,10062.257157375043
708,1776644700000,10063.96418206818
709,1776645000000,10059.938596395355
710,1776645300000,10074.383146467717
711,1776645600000,10071.246868011638
712,1776645900000,10056.448934451268
713,1776646200000,10049.292918819088
714,1776646500000,10052.429197275165
715,1776646800000,10048.056076611058
716,1776647100000,10040.867826720596
717,1776647400000,10036.851479589908
718,1776647700000,10050.097529029088
719,1776648000000,10046.077490017477
720,1776648300000,10032.90171056544
721,1776648600000,10028.888549881214
722,1776648900000,10045.60764618512
723,1776649200000,10041.589403126647
724,1776649500000,10040.369241423448
725,1776649800000,10036.35309372688
726,1776650100000,10053.857901466088
727,1776650400000,10049.836358305503
728,1776650700000,10049.058291394562
729,1776651000000,10049.058291394562
730,1776651300000,10049.058291394562
731,1776651600000,10049.058291394562
732,1776651900000,10049.058291394562
733,1776652200000,10049.058291394562
734,1776652500000,10049.058291394562
735,1776652800000,10045.038668078003
736,1776653100000,10032.219404416426
737,1776653400000,10028.20651665466
738,1776653700000,10036.67696293054
739,1776654000000,10036.67696293054
740,1776654300000,10032.662292145369
741,1776654600000,10011.921920891704
742,1776654900000,10007.91715212335
743,1776655200000,9997.257938846105
744,1776655500000,9993.259035670566
745,1776655800000,9986.346975331031
746,1776656100000,9982.352436540898
747,1776656400000,9979.522739146132
748,1776656700000,9975.530930050476
749,1776657000000,9948.37433786037
750,1776657300000,9944.394988125227
751,1776657600000,9954.026209060159
752,1776657900000,9950.044598576535
753,1776658200000,9950.32064167011
754,1776658500000,9946.340513413445
755,1776658800000,9941.688111711619
756,1776659100000,9937.711436466934
757,1776659400000,9939.950651702351
758,1776659700000,9935.974671441669
759,1776660000000,9934.945785444226
760,1776660300000,9930.97180713005
761,1776660600000,9928.592678955396
762,1776660900000,9924.621241883815
763,1776661200000,9939.295320952233
764,1776661500000,9939.295320952233
765,1776661800000,9939.295320952233
766,1776662100000,9939.295320952233
767,1776662400000,9939.295320952233
768,1776662700000,9939.295320952233
769,1776663000000,9939.295320952233
770,1776663300000,9939.295320952233
771,1776663600000,9939.295320952233
772,1776663900000,9939.295320952233
773,1776664200000,9935.319602823853
774,1776664500000,9940.308176432449
775,1776664800000,9921.229070350448
776,1776665100000,9925.95508745333
777,1776665400000,9938.776596815775
778,1776665700000,9925.036139683325
779,1776666000000,9926.392681629522
780,1776666300000,9922.148018120452
781,1776666600000,9899.097792294959
782,1776666900000,9895.13815317804
783,1776667200000,9870.249132010835
784,1776667500000,9868.989478234482
785,1776667800000,9879.197017456636
786,1776668100000,9861.958171443199
787,1776668400000,9858.013388174622
788,1776668700000,9856.515380856483
789,1776669000000,9852.572774704142
790,1776669300000,9832.407633837653
791,1776669600000,9832.407633837653
792,1776669900000,9832.407633837653
793,1776670200000,9832.407633837653
794,1776670500000,9832.407633837653
795,1776670800000,9832.407633837653
796,1776671100000,9832.407633837653
797,1776671400000,9832.407633837653
798,1776671700000,9832.407633837653
799,1776672000000,9828.47545721944
800,1776672300000,9831.819482264753
801,1776672600000,9862.04432402047
802,1776672900000,9897.24233122819
803,1776673200000,9870.23289816989
804,1776673500000,9859.129020134811
805,1776673800000,9850.083003666081
806,1776674100000,9839.36497467469
807,1776674400000,9841.722941052796
808,1776674700000,9839.27923044276
809,1776675000000,9831.905226496683
810,1776675300000,9835.249251541998
811,1776675600000,9839.493591022587
812,1776675900000,9871.176084721132
813,1776676200000,9874.77734246224
814,1776676500000,9876.363610752964
815,1776676800000,9882.751556031833
816,1776677100000,9880.307845421796
817,1776677400000,9877.856041405132
818,1776677700000,9877.856041405132
819,1776678000000,9877.856041405132
820,1776678300000,9877.856041405132
821,1776678600000,9877.856041405132
822,1776678900000,9877.856041405132
823,1776679200000,9877.856041405132
824,1776679500000,9877.856041405132
825,1776679800000,9877.856041405132
826,1776680100000,9877.856041405132
827,1776680400000,9877.856041405132
828,1776680700000,9877.856041405132
829,1776681000000,9873.90568905904
830,1776681300000,9874.84643977322
831,1776681600000,9873.39255230585
832,1776681900000,9868.688798734947
833,1776682200000,9870.613061559408
834,1776682500000,9845.677763172998
835,1776682800000,9841.740279564454
836,1776683100000,9861.481873907798
837,1776683400000,9867.165060158153
838,1776683700000,9866.951406539718
839,1776684000000,9861.353681736737
840,1776684300000,9854.516765946835
841,1776684600000,9854.345843052088
842,1776684900000,9863.404756473707
843,1776685200000,9862.977449236838
844,1776685500000,9871.779978316337
845,1776685800000,9864.857601079062
846,1776686100000,9864.04571732901
847,1776686400000,9863.404756473707
848,1776686700000,9877.634087461442
849,1776687000000,9880.66796884321
850,1776687300000,9898.657603515392
851,1776687600000,9901.477831278726
852,1776687900000,9894.726376936196
853,1776688200000,9889.829182246132
854,1776688500000,9885.874041601362
855,1776688800000,9886.045132985533
856,1776689100000,9901.95663171339
857,1776689400000,9911.879931995278
858,1776689700000,9918.509723131885
859,1776690000000,9907.132146084547
860,1776690300000,9933.43744640076
861,1776690600000,9920.263409819632
862,1776690900000,9899.261942412704
863,1776691200000,9886.30177006179
864,1776691500000,9907.944830159357
865,1776691800000,9907.34601031476
866,1776692100000,9894.343065117802
867,1776692400000,9891.562830125033
868,1776692700000,9864.958119886522
869,1776693000000,9859.91092405349
870,1776693300000,9884.034809221532
871,1776693600000,9863.846025889412
872,1776693900000,9846.774870278055
873,1776694200000,9846.774870278055
874,1776694500000,9842.836947914417
875,1776694800000,9881.96697665655
876,1776695100000,9878.014980265165
877,1776695400000,9878.014980265165
878,1776695700000,9855.476750582648
879,1776696000000,9851.535348162899
880,1776696300000,9863.247886549916
881,1776696600000,9863.247886549916
882,1776696900000,9863.247886549916
883,1776697200000,9863.247886549916
884,1776697500000,9863.247886549916
885,1776697800000,9863.247886549916
886,1776698100000,9863.247886549916
887,1776698400000,9863.247886549916
888,1776698700000,9863.247886549916
889,1776699000000,9863.247886549916
890,1776699300000,9863.247886549916
891,1776699600000,9863.247886549916
892,1776699900000,9859.303376297346
893,1776700200000,9867.750279579954
894,1776700500000,9867.750279579954
895,1776700800000,9863.803968730293
896,1776701100000,9861.524755243432
897,1776701400000,9857.580934105563
898,1776701700000,9840.190222487454
899,1776702000000,9836.254933456265
900,1776702300000,9822.387292927973
901,1776702600000,9818.45912364466
902,1776702900000,9811.379717980033
903,1776703200000,9807.45595084627
904,1776703500000,9779.563218069103
905,1776703800000,9779.563218069103
906,1776704100000,9779.563218069103
907,1776704400000,9775.652174990491
908,1776704700000,9793.5704080104
909,1776705000000,9793.5704080104
910,1776705300000,9793.5704080104
911,1776705600000,9793.5704080104
912,1776705900000,9793.5704080104
913,1776706200000,9789.653763176162
914,1776706500000,9804.099903684562
915,1776706800000,9799.524586456095
916,1776707100000,9827.993226988778
917,1776707400000,9822.90954117937
918,1776707700000,9816.004201288257
919,1776708000000,9846.040311612174
920,1776708300000,9874.08531166074
921,1776708600000,9876.838974807502
922,1776708900000,9886.963982377905
923,1776709200000,9866.54451104345
924,1776709500000,9864.29921647763
925,1776709800000,9873.153302595681
926,1776710100000,9852.691467212815
927,1776710400000,9892.894949155547
928,1776710700000,9876.457698371796
929,1776711000000,9900.223929530777
930,1776711300000,9888.743272411199
931,1776711600000,9882.035608860315
932,1776711900000,9882.035608860315
933,1776712200000,9882.035608860315
934,1776712500000,9878.083585021539
935,1776712800000,9869.05449064829
936,1776713100000,9875.285837469264
937,1776713400000,9873.166331747843
938,1776713700000,9876.896661817544
939,1776714000000,9870.750095225425
940,1776714300000,9875.413007812549
941,1776714600000,9876.9814420464
942,1776714900000,9884.4421021858
943,1776715200000,9893.301636101334
944,1776715500000,9876.048859528975
945,1776715800000,9885.332294588794
946,1776716100000,9904.83174722586
947,1776716400000,9896.989576056605
948,1776716700000,9881.98347554895
949,1776717000000,9880.118310514103
950,1776717300000,9872.148969001562
951,1776717600000,9865.06489045413
952,1776717900000,9865.06489045413
953,1776718200000,9865.06489045413
954,1776718500000,9865.06489045413
955,1776718800000,9865.06489045413
956,1776719100000,9861.119653545331
957,1776719400000,9821.062695896431
958,1776719700000,9817.135056345982
959,1776720000000,9819.673784557193
960,1776720300000,9815.357946598133
961,1776720600000,9813.326964029164
962,1776720900000,9814.427079587356
963,1776721200000,9801.958068166967
964,1776721500000,9798.038068939546
965,1776721800000,9798.552291963977
966,1776722100000,9794.633654774632
967,1776722400000,9806.193086009864
968,1776722700000,9802.27139311404
969,1776723000000,9792.534555943512
970,1776723300000,9788.61832536725
971,1776723600000,9793.273492105856
972,1776723900000,9789.356966014233
973,1776724200000,9806.034193773634
974,1776724500000,9802.112564421997
975,1776724800000,9792.749093358185
976,1776725100000,9788.832776984116
977,1776725400000,9789.264480751332
978,1776725700000,9785.349557943595
979,1776726000000,9755.162486652016
980,1776726300000,9755.162486652016
981,1776726600000,9755.162486652016
982,1776726900000,9755.162486652016
983,1776727200000,9755.162486652016
984,1776727500000,9755.162486652016
985,1776727800000,9755.162486652016
986,1776728100000,9755.162486652016
987,1776728400000,9755.162486652016
988,1776728700000,9751.261201914302
989,1776729000000,9745.423811681108
990,1776729300000,9741.526421634444
991,1776729600000,9742.890713617011
992,1776729900000,9742.890713617011
993,1776730200000,9738.994336606967
994,1776730500000,9735.183211167703
995,1776730800000,9731.28991654216
996,1776731100000,9728.111813594403
997,1776731400000,9724.221346962291
998,1776731700000,9716.598862710644
999,1776732000000,9712.713000338033
1000,1776732300000,9729.114494222984
1001,1776732600000,9725.223626598821
1002,1776732900000,9735.841627489252
1003,1776733200000,9735.841627489252
1004,1776733500000,9735.841627489252
1005,1776733800000,9735.841627489252
1006,1776734100000,9731.948069549844
1007,1776734400000,9728.642846518169
1008,1776734700000,9728.642846518169
1009,1776735000000,9728.642846518169
1010,1776735300000,9724.75216751536
1011,1776735600000,9728.690586350569
1012,1776735900000,9723.57902147934
1013,1776736200000,9701.247348722245
1014,1776736500000,9700.074202686224
1015,1776736800000,9677.934307597558
1016,1776737100000,9677.934307597558
1017,1776737400000,9677.934307597558
1018,1776737700000,9677.934307597558
1019,1776738000000,9677.934307597558
1020,1776738300000,9677.934307597558
1021,1776738600000,9677.934307597558
1022,1776738900000,9677.934307597558
1023,1776739200000,9677.934307597558
1024,1776739500000,9677.934307597558
1025,1776739800000,9677.934307597558
1026,1776740100000,9677.934307597558
1027,1776740400000,9677.934307597558
1028,1776740700000,9677.934307597558
1029,1776741000000,9677.934307597558
1030,1776741300000,9677.934307597558
1031,1776741600000,9677.934307597558
1032,1776741900000,9674.06313387452
1033,1776742200000,9664.453390973968
1034,1776742500000,9679.518446438153
1035,1776742800000,9672.00690067746
1036,1776743100000,9659.333789952712
1037,1776743400000,9652.493667276774
1038,1776743700000,9651.52849659244
1039,1776744000000,9652.283847562789
1040,1776744300000,9664.453390973968
1041,1776744600000,9674.608665130883
1042,1776744900000,9679.266662781369
1043,1776745200000,9673.979205988926
1044,1776745500000,9665.880165029073
1045,1776745800000,9677.923816611861
1046,1776746100000,9662.313229891311
1047,1776746400000,9660.382888522641
1048,1776746700000,9654.130261045864
1049,1776747000000,9643.454321269535
1050,1776747300000,9643.454321269535
1051,1776747600000,9643.454321269535
1052,1776747900000,9643.454321269535
1053,1776748200000,9643.454321269535
1054,1776748500000,9643.454321269535
1055,1776748800000,9643.454321269535
1056,1776749100000,9643.454321269535
1057,1776749400000,9643.454321269535
1058,1776749700000,9639.597710863109
1059,1776750000000,9639.347854129504
1060,1776750300000,9633.726077623383
1061,1776750600000,9638.72321229549
1062,1776750900000,9636.432858904109
1063,1776751200000,9621.89952556606
1064,1776751500000,9622.232667877533
1065,1776751800000,9623.107166445152
1066,1776752100000,9610.808203405533
1067,1776752400000,9610.808203405533
1068,1776752700000,9606.963880124173
1069,1776753000000,9562.420350492852
1070,1776753300000,9562.420350492852
1071,1776753600000,9562.420350492852
1072,1776753900000,9562.420350492852
1073,1776754200000,9562.420350492852
1074,1776754500000,9558.596147193315
1075,1776754800000,9542.674503112048
1076,1776755100000,9546.469299110691
1077,1776755400000,9546.304307980316
1078,1776755700000,9556.080032455084
1079,1776756000000,9563.504633321996
1080,1776756300000,9575.755224752402
1081,1776756600000,9558.96737723666
1082,1776756900000,9574.229056796425
1083,1776757200000,9576.992658230221
1084,1776757500000,9581.488666532961
1085,1776757800000,9568.371871668083
1086,1776758100000,9563.215898843839
1087,1776758400000,9567.876898276956
1088,1776758700000,9566.845703712108
1089,1776759000000,9553.976395542792
1090,1776759300000,9558.266164932564
1091,1776759600000,9577.40513605616
1092,1776759900000,9578.027535892074
1093,1776760200000,9578.027535892074
1094,1776760500000,9578.027535892074
1095,1776760800000,9578.027535892074
1096,1776761100000,9578.027535892074
1097,1776761400000,9578.027535892074
1098,1776761700000,9574.197090966703
1099,1776762000000,9568.51050174924
1100,1776762300000,9571.518625030943
1101,1776762600000,9577.493664426103
1102,1776762900000,9584.54009019557
1103,1776763200000,9580.707823549019
1104,1776763500000,9559.074060221708
1105,1776763800000,9565.790828645235
1106,1776764100000,9575.845377696403
1107,1776764400000,9580.625409212533
1108,1776764700000,9578.482636463923
1109,1776765000000,9572.342768395793
1110,1776765300000,9583.509910989509
1111,1776765600000,9590.144265076551
1112,1776765900000,9599.37467076287
1113,1776766200000,9593.646874377164
1114,1776766500000,9589.855814898854
1115,1776766800000,9602.836072895241
1116,1776767100000,9589.439083190076
1117,1776767400000,9589.439083190076
1118,1776767700000,9589.439083190076
1119,1776768000000,9589.439083190076
1120,1776768300000,9589.439083190076
1121,1776768600000,9589.439083190076
1122,1776768900000,9589.439083190076
1123,1776769200000,9585.604074558527
1124,1776769500000,9571.370330186814
1125,1776769800000,9535.45686534142
1126,1776770100000,9551.994337125896
1127,1776770400000,9578.61061634121
1128,1776770700000,9571.658296113406
1129,1776771000000,9568.079291025722
1130,1776771300000,9565.77556361296
1131,1776771600000,9554.873996391849
1132,1776771900000,9551.788647178328
1133,1776772200000,9544.144010946413
1134,1776772500000,9540.32711672088
1135,1776772800000,9537.819155100851
1136,1776773100000,9538.196372404716
1137,1776773400000,9538.196372404716
1138,1776773700000,9538.196372404716
1139,1776774000000,9538.196372404716
1140,1776774300000,9538.196372404716
1141,1776774600000,9534.381856758884
1142,1776774900000,9476.597459512583
1143,1776775200000,9476.597459512583
1144,1776775500000,9476.597459512583
1145,1776775800000,9476.597459512583
1146,1776776100000,9476.597459512583
1147,1776776400000,9476.597459512583
1148,1776776700000,9476.597459512583
1149,1776777000000,9476.597459512583
1150,1776777300000,9476.597459512583
1151,1776777600000,9476.597459512583
1152,1776777900000,9476.597459512583
1153,1776778200000,9476.597459512583
1154,1776778500000,9476.597459512583
1155,1776778800000,9472.806820528776
1156,1776779100000,9479.490442906816
1157,1776779400000,9475.554076352879
1158,1776779700000,9466.164201969008
1159,1776780000000,9481.540633820325
1160,1776780300000,9480.26951545395
1161,1776780600000,9493.021702935976
1162,1776780900000,9456.979346676486
1163,1776781200000,9460.874709412155
1164,1776781500000,9460.218648319833
1165,1776781800000,9447.179434109914
1166,1776782100000,9433.976204626917
1167,1776782400000,9425.583777284386
1168,1776782700000,9421.813543773473
1169,1776783000000,9428.371704262263
1170,1776783300000,9481.244327333367
1171,1776783600000,9481.692400410242
1172,1776783900000,9475.663780830486
1173,1776784200000,9457.2113168465
1174,1776784500000,9436.681423142467
1175,1776784800000,9465.84690705534
1176,1776785100000,9470.490573488398
1177,1776785400000,9473.586351110433
1178,1776785700000,9447.638846567834
1179,1776786000000,9461.569845867001
1180,1776786300000,9447.272241323119
1181,1776786600000,9460.673699713252
1182,1776786900000,9436.885092722865
1183,1776787200000,9436.966560555024
1184,1776787500000,9413.611767247006
1185,1776787800000,9413.611767247006
1186,1776788100000,9413.611767247006
1187,1776788400000,9409.846322540108
1188,1776788700000,9405.16228515127
1189,1776789000000,9366.360481675503
1190,1776789300000,9366.360481675503
1191,1776789600000,9362.613937482834
1192,1776789900000,9346.401575461083
1193,1776790200000,9342.663014830898
1194,1776790500000,9358.992557136638
1195,1776790800000,9358.992557136638
1196,1776791100000,9358.992557136638
1197,1776791400000,9358.992557136638
1198,1776791700000,9358.992557136638
1199,1776792000000,9358.992557136638
1200,1776792300000,9358.992557136638
1201,1776792600000,9358.992557136638
1202,1776792900000,9355.248960113784
1203,1776793200000,9324.25475423485
1204,1776793500000,9333.585470664371
1205,1776793800000,9354.762140126155
1206,1776794100000,9358.332153368756
1207,1776794400000,9361.98330327596
1208,1776794700000,9360.238864986963
1209,1776795000000,9360.441706648473
1210,1776795300000,9365.228769860141
1211,1776795600000,9366.81093481993
1212,1776795900000,9361.61818828524
1213,1776796200000,9344.13323706296
1214,1776796500000,9355.248960113784
1215,1776796800000,9359.833181663938
1216,1776797100000,9373.342436320594
1217,1776797400000,9352.571450181833
1218,1776797700000,9330.040664519349
1219,1776798000000,9330.040664519349
1220,1776798300000,9330.040664519349
1221,1776798600000,9330.040664519349
1222,1776798900000,9330.040664519349
1223,1776799200000,9330.040664519349
1224,1776799500000,9330.040664519349
1225,1776799800000,9330.040664519349
1226,1776800100000,9330.040664519349
1227,1776800400000,9330.040664519349
1228,1776800700000,9330.040664519349
1229,1776801000000,9330.040664519349
1230,1776801300000,9330.040664519349
1231,1776801600000,9330.040664519349
1232,1776801900000,9330.040664519349
1233,1776802200000,9330.040664519349
1234,1776802500000,9330.040664519349
1235,1776802800000,9330.040664519349
1236,1776803100000,9330.040664519349
1237,1776803400000,9330.040664519349
1238,1776803700000,9330.040664519349
1239,1776804000000,9330.040664519349
1240,1776804300000,9330.040664519349
1241,1776804600000,9330.040664519349
1242,1776804900000,9326.309394507543
1243,1776805200000,9331.547626488076
1244,1776805500000,9317.404400140638
1245,1776805800000,9321.957632554486
1246,1776806100000,9322.07851483096
1247,1776806400000,9327.598805456599
1248,1776806700000,9319.056457919116
1249,1776807000000,9322.84410258196
1250,1776807300000,9325.100571742807
1251,1776807600000,9308.257641220787
1252,1776807900000,9313.213814556213
1253,1776808200000,9312.851167726792
1254,1776808500000,9318.250576075956
1255,1776808800000,9312.609403173845
1256,1776809100000,9316.679106481797
1257,1776809400000,9330.499980091969
1258,1776809700000,9296.935001324407
1259,1776810000000,9296.370884034197
1260,1776810300000,9291.605480155964
1261,1776810600000,9291.605480155964
1262,1776810900000,9291.605480155964
1263,1776811200000,9287.888837963901
1264,1776811500000,9304.289051829564
1265,1776811800000,9294.36049098442
1266,1776812100000,9288.652573413528
1267,1776812400000,9262.806157934061
1268,1776812700000,9249.517029166018
1269,1776813000000,9249.517029166018
1270,1776813300000,9249.517029166018
1271,1776813600000,9249.517029166018
1272,1776813900000,9249.517029166018
1273,1776814200000,9249.517029166018
1274,1776814500000,9249.517029166018
1275,1776814800000,9249.517029166018
1276,1776815100000,9249.517029166018
1277,1776815400000,9249.517029166018
1278,1776815700000,9249.517029166018
1279,1776816000000,9249.517029166018
1280,1776816300000,9249.517029166018
1281,1776816600000,9249.517029166018
1282,1776816900000,9249.517029166018
1283,1776817200000,9245.817962167752
1284,1776817500000,9249.75729706586
1285,1776817800000,9244.584433058244
1286,1776818100000,9255.964733875
1287,1776818400000,9257.556384338883
1288,1776818700000,9247.528986416426
1289,1776819000000,9244.146729180675
1290,1776819300000,9253.776214487163
1291,1776819600000,9252.144772761683
1292,1776819900000,9249.996044635443
1293,1776820200000,9260.938641574632
1294,1776820500000,9226.200870200406
1295,1776820800000,9221.386127547163
1296,1776821100000,9204.969831012686
1297,1776821400000,9201.288579330618
1298,1776821700000,9218.008879797637
1299,1776822000000,9212.964988682883
1300,1776822300000,9217.88973276343
1301,1776822600000,9218.842909037085
1302,1776822900000,9223.449927693078
1303,1776823200000,9221.861300570321
1304,1776823500000,9226.706613294731
1305,1776823800000,9273.213672313443
1306,1776824100000,9316.066888949814
1307,1776824400000,9309.275508000028
1308,1776824700000,9353.717351759155
1309,1776825000000,9341.445207235856
1310,1776825300000,9348.236588185644
1311,1776825600000,9388.071413288777
1312,1776825900000,9372.860308588377
1313,1776826200000,9410.351908685443
1314,1776826500000,9413.966035389716
1315,1776826800000,9424.770649706983
1316,1776827100000,9424.770649706983
1317,1776827400000,9424.770649706983
1318,1776827700000,9424.770649706983
1319,1776828000000,9424.770649706983
1320,1776828300000,9424.770649706983
1321,1776828600000,9424.770649706983
1322,1776828900000,9424.770649706983
1323,1776829200000,9424.770649706983
1324,1776829500000,9424.770649706983
1325,1776829800000,9424.770649706983
1326,1776830100000,9424.770649706983
1327,1776830400000,9424.770649706983
1328,1776830700000,9424.770649706983
1329,1776831000000,9424.770649706983
1330,1776831300000,9421.001495277987
1331,1776831600000,9419.04590392141
1332,1776831900000,9427.42700973532
1333,1776832200000,9419.04590392141
1334,1776832500000,9444.029581252398
1335,1776832800000,9438.442177376457
1336,1776833100000,9429.70188131338
1337,1776833400000,9426.748539264669
1338,1776833700000,9433.972254275706
1339,1776834000000,9434.810364857098
1340,1776834300000,9445.985172608978
1341,1776834600000,9444.668141695362
1342,1776834900000,9539.693917614031
1343,1776835200000,9537.937876395878
1344,1776835500000,9529.836140775764
1345,1776835800000,9558.451630626114
1346,1776836100000,9537.65850620208
1347,1776836400000,9568.069947298269
1348,1776836700000,9582.315113609737
1349,1776837000000,9582.315113609737
1350,1776837300000,9582.315113609737
1351,1776837600000,9582.315113609737
1352,1776837900000,9582.315113609737
1353,1776838200000,9582.315113609737
1354,1776838500000,9582.315113609737
1355,1776838800000,9582.315113609737
1356,1776839100000,9582.315113609737
1357,1776839400000,9582.315113609737
1358,1776839700000,9582.315113609737
1359,1776840000000,9582.315113609737
1360,1776840300000,9582.315113609737
1361,1776840600000,9582.315113609737
1362,1776840900000,9582.315113609737
1363,1776841200000,9582.315113609737
1364,1776841500000,9582.315113609737
1365,1776841800000,9582.315113609737
1366,1776842100000,9578.482953996216
1367,1776842400000,9571.951769477779
1368,1776842700000,9565.981545592827
1369,1776843000000,9568.666142910222
1370,1776843300000,9566.742849309701
1371,1776843600000,9591.946009199866
1372,1776843900000,9582.169266730549
1373,1776844200000,9575.99869976221
1374,1776844500000,9576.279180078951
1375,1776844800000,9574.35588647843
1376,1776845100000,9579.925424196608
1377,1776845400000,9579.24425771309
1378,1776845700000,9579.284326329765
1379,1776846000000,9562.21509562514
1380,1776846300000,9555.78717367131
1381,1776846600000,9551.965623111955
1382,1776846900000,9551.88552579384
1383,1776847200000,9546.99958938884
1384,1776847500000,9549.362460273225
1385,1776847800000,9568.786059916045
1386,1776848100000,9564.500853396907
1387,1776848400000,9564.380707419736
1388,1776848700000,9579.63924652059
1389,1776849000000,9578.758176021329
1390,1776849300000,9572.710828503667
1391,1776849600000,9575.874672569198
1392,1776849900000,9586.247275265054
1393,1776850200000,9576.275159159772
1394,1776850500000,9578.638030044156
1395,1776850800000,9579.198711270958
1396,1776851100000,9572.911071798953
1397,1776851400000,9554.568785950682
1398,1776851700000,9561.657398603837
1399,1776852000000,9552.468744190468
1400,1776852300000,9548.648520737483
1401,1776852600000,9561.169003953268
1402,1776852900000,9563.28908577575
1403,1776853200000,9558.008881991456
1404,1776853500000,9564.849145984745
1405,1776853800000,9572.529442398263
1406,1776854100000,9564.089116652158
1407,1776854400000,9560.608982339783
1408,1776854700000,9563.32908731957
1409,1776855000000,9561.32901012855
1410,1776855300000,9561.169003953268
1411,1776855600000,9561.729025566756
1412,1776855900000,9550.608596384682
1413,1776856200000,9559.208928306069
1414,1776856500000,9564.809144440926
1415,1776856800000,9568.409283384763
1416,1776857100000,9569.929342049936
1417,1776857400000,9572.08942541624
1418,1776857700000,9562.143184174802
1419,1776858000000,9558.319091719623
1420,1776858300000,9570.14389873757
1421,1776858600000,9579.491888069324
1422,1776858900000,9581.449373014864
1423,1776859200000,9589.159466779944
1424,1776859500000,9589.39915881409
1425,1776859800000,9596.94945788974
1426,1776860100000,9592.794795964515
1427,1776860400000,9586.12336768074
1428,1776860700000,9580.171015499409
1429,1776861000000,9596.789663200308
1430,1776861300000,9582.727730530318
1431,1776861600000,9588.64013403929
1432,1776861900000,9594.712332237696
1433,1776862200000,9602.742015381638
1434,1776862500000,9607.3361127028
1435,1776862800000,9618.9212276866
1436,1776863100000,9615.765282570324
1437,1776863400000,9619.386774956964
1438,1776863700000,9619.386774956964
1439,1776864000000,9619.386774956964
1440,1776864300000,9619.386774956964
1441,1776864600000,9619.386774956964
1442,1776864900000,9619.386774956964
1443,1776865200000,9619.386774956964
1444,1776865500000,9619.386774956964
1445,1776865800000,9619.386774956964
1446,1776866100000,9619.386774956964
1447,1776866400000,9619.386774956964
1448,1776866700000,9619.386774956964
1449,1776867000000,9619.386774956964
1450,1776867300000,9615.539789644045
1451,1776867600000,9634.44564072188
1452,1776867900000,9617.813278064797
1453,1776868200000,9572.582824220355
1454,1776868500000,9592.525705104148
1455,1776868800000,9556.429090704483
1456,1776869100000,9578.007287820747
1457,1776869400000,9578.525802723725
1458,1776869700000,9585.22661070068
1459,1776870000000,9557.789976502945
1460,1776870300000,9553.96762498265
1461,1776870600000,9550.542678585423
1462,1776870900000,9549.387754800311
1463,1776871200000,9542.264232207386
1464,1776871500000,9538.448089742997
1465,1776871800000,9532.44716115689
1466,1776872100000,9532.44716115689
1467,1776872400000,9532.44716115689
1468,1776872700000,9532.44716115689
1469,1776873000000,9532.44716115689
1470,1776873300000,9528.634944735712
1471,1776873600000,9560.901406361594
1472,1776873900000,9542.58800922258
1473,1776874200000,9531.607898816721
1474,1776874500000,9515.791783105753
1475,1776874800000,9501.402685353669
1476,1776875100000,9485.755067796032
1477,1776875400000,9481.961524477576
1478,1776875700000,9480.029764912038
1479,1776876000000,9476.238511256806
1480,1776876300000,9476.767525781503
1481,1776876600000,9472.977576760994
1482,1776876900000,9469.704686434885
1483,1776877200000,9465.917561985201
1484,1776877500000,9471.507345215254
1485,1776877800000,9467.719499846242
1486,1776878100000,9448.869507385636
1487,1776878400000,9445.09071534109
1488,1776878700000,9453.524666414713
1489,1776879000000,9449.744012678893
1490,1776879300000,9466.334086009289
1491,1776879600000,9462.54830953018
1492,1776879900000,9468.469618454907
1493,1776880200000,9468.469618454907
1494,1776880500000,9468.469618454907
1495,1776880800000,9468.469618454907
1496,1776881100000,9468.469618454907
1497,1776881400000,9468.469618454907
1498,1776881700000,9468.469618454907
1499,1776882000000,9468.469618454907
1500,1776882300000,9464.68298793363
1501,1776882600000,9454.901194294049
1502,1776882900000,9451.11999005718
1503,1776883200000,9447.497498551164
1504,1776883500000,9447.497498551164
1505,1776883800000,9443.719255200413
1506,1776884100000,9425.62817994386
1507,1776884400000,9421.858682571357
1508,1776884700000,9423.012800039813
1509,1776885000000,9419.244348610086
1510,1776885300000,9441.463391985833
1511,1776885600000,9441.463391985833
1512,1776885900000,9441.463391985833
1513,1776886200000,9437.687561795077
1514,1776886500000,9428.719180201664
1515,1776886800000,9419.364732690936
1516,1776887100000,9415.597740196357
1517,1776887400000,9419.057942748372
1518,1776887700000,9415.291072945232
1519,1776888000000,9425.891137772494
1520,1776888300000,9422.121535237893
1521,1776888600000,9424.281644467199
1522,1776888900000,9409.284233366183
1523,1776889200000,9405.521272265058
1524,1776889500000,9412.004557042048
1525,1776889800000,9408.240508029034
1526,1776890100000,9392.943743072732
1527,1776890400000,9389.187316860747
1528,1776890700000,9385.902488804191
1529,1776891000000,9382.148878530725
1530,1776891300000,9381.612606486964
1531,1776891600000,9377.860711823303
1532,1776891900000,9375.440902948203
1533,1776892200000,9371.691476472319
1534,1776892500000,9368.647516668501
1535,1776892800000,9364.900807003767
1536,1776893100000,9360.022807722513
1537,1776893400000,9360.022807722513
1538,1776893700000,9360.022807722513
1539,1776894000000,9360.022807722513
1540,1776894300000,9360.022807722513
1541,1776894600000,9360.022807722513
1542,1776894900000,9360.022807722513
1543,1776895200000,9360.022807722513
1544,1776895500000,9360.022807722513
1545,1776895800000,9356.279547251517
1546,1776896100000,9348.802001159807
1547,1776896400000,9340.389761806635
1548,1776896700000,9335.44367663139
1549,1776897000000,9332.094359111145
1550,1776897300000,9330.497591456144
1551,1776897600000,9331.081774744558
1552,1776897900000,9325.558936386633
1553,1776898200000,9321.829458707614
1554,1776898500000,9334.858877287299
1555,1776898800000,9311.336287630098
1556,1776899100000,9307.612497872997
1557,1776899400000,9306.529391726577
1558,1776899700000,9302.807524343363
1559,1776900000000,9239.720002894086
1560,1776900300000,9239.720002894086
1561,1776900600000,9239.720002894086
1562,1776900900000,9239.720002894086
1563,1776901200000,9239.720002894086
1564,1776901500000,9239.720002894086
1565,1776901800000,9239.720002894086
1566,1776902100000,9239.720002894086
1567,1776902400000,9239.720002894086
1568,1776902700000,9239.720002894086
1569,1776903000000,9239.720002894086
1570,1776903300000,9239.720002894086
1571,1776903600000,9239.720002894086
1572,1776903900000,9239.720002894086
1573,1776904200000,9239.720002894086
1574,1776904500000,9236.024114892929
1575,1776904800000,9250.325823674311
1576,1776905100000,9255.22260439837
1577,1776905400000,9261.790508702865
1578,1776905700000,9253.629207496097
1579,1776906000000,9271.894976863625
1580,1776906300000,9270.34044330043
1581,1776906600000,9274.887453972773
1582,1776906900000,9283.476251909418
1583,1776907200000,9298.866134185037
1584,1776907500000,9292.181639863304
1585,1776907800000,9293.3475400357
1586,1776908100000,9285.225102168011
1587,1776908400000,9276.675167570445
1588,1776908700000,9267.464556208522
1589,1776909000000,9279.201284610635
1590,1776909300000,9277.607887708362
1591,1776909600000,9293.23095001846
1592,1776909900000,9287.478753968433
1593,1776910200000,9287.478753968433
1594,1776910500000,9287.478753968433
1595,1776910800000,9287.478753968433
1596,1776911100000,9287.478753968433
1597,1776911400000,9287.478753968433
1598,1776911700000,9287.478753968433
1599,1776912000000,9287.478753968433
1600,1776912300000,9287.478753968433
1601,1776912600000,9287.478753968433
1602,1776912900000,9287.478753968433
1603,1776913200000,9287.478753968433
1604,1776913500000,9287.478753968433
1605,1776913800000,9287.478753968433
1606,1776914100000,9287.478753968433
1607,1776914400000,9287.478753968433
1608,1776914700000,9287.478753968433
1609,1776915000000,9287.478753968433
1610,1776915300000,9287.478753968433
1611,1776915600000,9287.478753968433
1612,1776915900000,9287.478753968433
1613,1776916200000,9287.478753968433
1614,1776916500000,9287.478753968433
1615,1776916800000,9287.478753968433
1616,1776917100000,9287.478753968433
1617,1776917400000,9283.763762466846
1618,1776917700000,9285.745302631976
1619,1776918000000,9285.745302631976
1620,1776918300000,9284.397855319687
1621,1776918600000,9265.49396214434
1622,1776918900000,9273.261599591653
1623,1776919200000,9273.737169231283
1624,1776919500000,9274.807200920453
1625,1776919800000,9267.515133112773
1626,1776920100000,9266.56399383351
1627,1776920400000,9247.849416674224
1628,1776920700000,9244.150276907556
1629,1776921000000,9245.841342792246
1630,1776921300000,9249.38078301602
1631,1776921600000,9258.26871068905
1632,1776921900000,9262.948637207151
1633,1776922200000,9272.859069833716
1634,1776922500000,9283.988642981802
1635,1776922800000,9270.106171881891
1636,1776923100000,9259.763141005753
1637,1776923400000,9255.555139850825
1638,1776923700000,9254.965233146862
1639,1776924000000,9239.388966505057
1640,1776924300000,9235.693210918456
1641,1776924600000,9245.976948791817
1642,1776924900000,9244.210657935704
1643,1776925200000,9227.332767532858
1644,1776925500000,9225.841233032143
1645,1776925800000,9224.499510406058
1646,1776926100000,9220.809710601898
1647,1776926400000,9221.865106207142
1648,1776926700000,9218.176360164658
1649,1776927000000,9194.732818570112
1650,1776927300000,9191.054925442684
1651,1776927600000,9186.871499500994
1652,1776927900000,9183.196750901194
1653,1776928200000,9184.130667714398
1654,1776928500000,9180.457015447311
1655,1776928800000,9177.095335750919
1656,1776929100000,9173.424497616617
1657,1776929400000,9165.261485002578
1658,1776929700000,9161.595380408578
1659,1776930000000,9156.836877931502
1660,1776930300000,9153.174143180331
1661,1776930600000,9196.45894184834
1662,1776930900000,9184.275360928299
1663,1776931200000,9203.504399185491
1664,1776931500000,9190.075212548381
1665,1776931800000,9188.245729151444
1666,1776932100000,9184.898163786831
1667,1776932400000,9203.543324364147
1668,1776932700000,9205.333882582428
1669,1776933000000,9211.756537061045
1670,1776933300000,9215.649054926873
1671,1776933600000,9218.685218862218
1672,1776933900000,9210.627706879955
1673,1776934200000,9205.100331510479
1674,1776934500000,9201.830616503183
1675,1776934800000,9244.609387848635
1676,1776935100000,9273.219394162472
1677,1776935400000,9270.728182728342
1678,1776935700000,9252.393656525392
1679,1776936000000,9252.393656525392
1680,1776936300000,9252.393656525392
1681,1776936600000,9252.393656525392
1682,1776936900000,9252.393656525392
1683,1776937200000,9252.393656525392
1684,1776937500000,9252.393656525392
1685,1776937800000,9252.393656525392
1686,1776938100000,9252.393656525392
1687,1776938400000,9252.393656525392
1688,1776938700000,9252.393656525392
1689,1776939000000,9252.393656525392
1690,1776939300000,9252.393656525392
1691,1776939600000,9252.393656525392
1692,1776939900000,9252.393656525392
1693,1776940200000,9252.393656525392
1694,1776940500000,9252.393656525392
1695,1776940800000,9252.393656525392
1696,1776941100000,9252.393656525392
1697,1776941400000,9252.393656525392
1698,1776941700000,9252.393656525392
1699,1776942000000,9248.692699062782
1700,1776942300000,9254.042264994818
1701,1776942600000,9250.249662281807
1702,1776942900000,9241.147415770583
1703,1776943200000,9235.83777197237
1704,1776943500000,9239.231153347167
1705,1776943800000,9250.928338556767
1706,1776944100000,9225.298328643585
1707,1776944400000,9218.192188823417
1708,1776944700000,9214.47943037805
1709,1776945000000,9193.764109658812
1710,1776945300000,9190.08660401495
1711,1776945600000,9184.91529181099
1712,1776945900000,9185.191621470743
1713,1776946200000,9177.33596400061
1714,1776946500000,9192.889376278163
1715,1776946800000,9183.967875834693
1716,1776947100000,9184.678437816916
1717,1776947400000,9185.68053870337
1718,1776947700000,9182.006266487888
1719,1776948000000,9182.298749859581
1720,1776948300000,9178.625830359637
1721,1776948600000,9172.246478821513
1722,1776948900000,9168.577580229985
1723,1776949200000,9161.81767390177
1724,1776949500000,9158.15294683221
1725,1776949800000,9177.28693033749
1726,1776950100000,9177.28693033749
1727,1776950400000,9173.616015565354
1728,1776950700000,9177.348932114995
1729,1776951000000,9177.348932114995
1730,1776951300000,9177.348932114995
1731,1776951600000,9177.348932114995
1732,1776951900000,9177.348932114995
1733,1776952200000,9177.348932114995
1734,1776952500000,9177.348932114995
1735,1776952800000,9173.677992542149
1736,1776953100000,9181.695075984366
1737,1776953400000,9188.645847835749
1738,1776953700000,9191.410359367548
1739,1776954000000,9158.710137248549
1740,1776954300000,9160.921746473989
1741,1776954600000,9158.828616314197
1742,1776954900000,9156.656500110641
1743,1776955200000,9146.822737661809
1744,1776955500000,9149.124583775756
1745,1776955800000,9145.464933942247
1746,1776956100000,9137.003285654118
1747,1776956400000,9133.348484339858
1748,1776956700000,9128.21986265404
1749,1776957000000,9124.56857470898
1750,1776957300000,9091.851784638618
1751,1776957600000,9088.215043924763
1752,1776957900000,9120.856866052587
1753,1776958200000,9117.208523306168
1754,1776958500000,9101.316648618431
1755,1776958800000,9097.676121958983
1756,1776959100000,9104.740242850592
1757,1776959400000,9104.740242850592
1758,1776959700000,9101.098346753452
1759,1776960000000,9117.117012931454
1760,1776960300000,9113.470166126282
1761,1776960600000,9116.37947922809
1762,1776960900000,9112.7329274364
1763,1776961200000,9108.759222367498
1764,1776961500000,9105.115718678551
1765,1776961800000,9091.482930037613
1766,1776962100000,9087.8463368656
1767,1776962400000,9081.226596211343
1768,1776962700000,9077.59410557286
1769,1776963000000,9095.702743170683
1770,1776963300000,9095.702743170683
1771,1776963600000,9095.702743170683
1772,1776963900000,9095.702743170683
1773,1776964200000,9095.702743170683
1774,1776964500000,9095.702743170683
1775,1776964800000,9095.702743170683
1776,1776965100000,9095.702743170683
1777,1776965400000,9095.702743170683
1778,1776965700000,9095.702743170683
1779,1776966000000,9095.702743170683
1780,1776966300000,9095.702743170683
1781,1776966600000,9095.702743170683
1782,1776966900000,9095.702743170683
1783,1776967200000,9095.702743170683
1784,1776967500000,9092.064462073415
1785,1776967800000,9093.676234358534
1786,1776968100000,9097.882566907512
1787,1776968400000,9099.848142864977
1788,1776968700000,9105.744870737373
1789,1776969000000,9096.78184437133
1790,1776969300000,9088.84091750317
1791,1776969600000,9091.081674094681
1792,1776969900000,9102.796506801174
1793,1776970200000,9100.673684767113
1794,1776970500000,9125.24338423543
1795,1776970800000,9136.329232635533
1796,1776971100000,9113.88235520128
1797,1776971400000,9114.078912797026
1798,1776971700000,9097.48945171602
1799,1776972000000,9095.799056392598
1800,1776972300000,9092.654134860653
1801,1776972600000,9105.90211681397
1802,1776972900000,9105.93652858311
1803,1776973200000,9102.294153971678
1804,1776973500000,9080.93148419506
1805,1776973800000,9081.759189112603
1806,1776974100000,9092.125207841847
1807,1776974400000,9051.68591044183
1808,1776974700000,9046.246706697968
1809,1776975000000,9060.633006455284
1810,1776975300000,9056.494481867563
1811,1776975600000,9061.00288487364
1812,1776975900000,9057.37848371969
1813,1776976200000,9041.882401650064
1814,1776976500000,9038.265648689403
1815,1776976800000,9028.677542123161
1816,1776977100000,9025.066071106312
1817,1776977400000,9033.082617778522
1818,1776977700000,9029.469384731412
1819,1776978000000,9029.566611868684
1820,1776978300000,9025.954785223936
1821,1776978600000,9039.03031716285
1822,1776978900000,9035.414705035984
1823,1776979200000,9028.81708267817
1824,1776979500000,9025.2055558451
1825,1776979800000,9012.752151994671
1826,1776980100000,9009.147051133874
1827,1776980400000,9002.113133073197
1828,1776980700000,8998.512287819967
1829,1776981000000,8995.666956140098
1830,1776981300000,8992.06868935764
1831,1776981600000,8975.500796860653
1832,1776981900000,8971.91059654191
1833,1776982200000,8965.063815259018
1834,1776982500000,8965.063815259018
1835,1776982800000,8965.063815259018
1836,1776983100000,8965.063815259018
1837,1776983400000,8965.063815259018
1838,1776983700000,8965.063815259018
1839,1776984000000,8965.063815259018
1840,1776984300000,8965.063815259018
1841,1776984600000,8965.063815259018
1842,1776984900000,8961.478506794607
1843,1776985200000,8956.367477744476
1844,1776985500000,8950.833732005985
1845,1776985800000,8943.57069072422
1846,1776986100000,8937.92165861618
1847,1776986400000,8949.335009201812
1848,1776986700000,8941.995110340345
1849,1776987000000,8945.953275694957
1850,1776987300000,8949.104436462709
1851,1776987600000,8957.712485389247
1852,1776987900000,8958.365774816708
1853,1776988200000,8957.9046293385
1854,1776988500000,8954.907183730153
1855,1776988800000,8944.646696840038
1856,1776989100000,8959.71078246148
1857,1776989400000,8960.248785519389
1858,1776989700000,8966.896966163546
1859,1776990000000,8961.939652272817
1860,1776990300000,8964.808689427959
1861,1776990600000,8964.808689427959
1862,1776990900000,8964.808689427959
1863,1776991200000,8961.223482993475
1864,1776991500000,8971.942328150646
1865,1776991800000,8963.528610984264
1866,1776992100000,8961.108226593935
1867,1776992400000,8941.553057472072
1868,1776992700000,8932.793571107073
1869,1776993000000,8935.175536697556
1870,1776993300000,8922.615420365884
1871,1776993600000,8922.615420365884
1872,1776993900000,8922.615420365884
1873,1776994200000,8922.615420365884
1874,1776994500000,8922.615420365884
1875,1776994800000,8922.615420365884
1876,1776995100000,8922.615420365884
1877,1776995400000,8922.615420365884
1878,1776995700000,8922.615420365884
1879,1776996000000,8922.615420365884
1880,1776996300000,8919.046374197738
1881,1776996600000,8917.951230572075
1882,1776996900000,8914.384050079845
1883,1776997200000,8928.17055088719
1884,1776997500000,8928.553509242947
1885,1776997800000,8915.76270016058
1886,1776998100000,8920.473087936422
1887,1776998400000,8911.243791562618
1888,1776998700000,8915.724404325005
1889,1776999000000,8948.352456235716
1890,1776999300000,8948.046089551108
1891,1776999600000,8951.799081437552
1892,1776999900000,8946.399368621342
1893,1777000200000,8949.233260453962
1894,1777000500000,8956.088215022059
1895,1777000800000,8986.763179318395
1896,1777001100000,8982.74211658292
1897,1777001400000,9017.361551943583
1898,1777001700000,9006.140872119828
1899,1777002000000,9004.570742861213
1900,1777002300000,8995.313887714994
1901,1777002600000,8995.313887714994
1902,1777002900000,8995.313887714994
1903,1777003200000,8995.313887714994
1904,1777003500000,8995.313887714994
1905,1777003800000,8995.313887714994
1906,1777004100000,8995.313887714994
1907,1777004400000,8995.313887714994
1908,1777004700000,8995.313887714994
1909,1777005000000,8995.313887714994
1910,1777005300000,8995.313887714994
1911,1777005600000,8995.313887714994
1912,1777005900000,8991.715762159907
1913,1777006200000,8994.249334983699
1914,1777006500000,8998.069183241105
1915,1777006800000,9000.680712151781
1916,1777007100000,9001.148448673097
1917,1777007400000,9009.99646453464
1918,1777007700000,9010.65909127317
1919,1777008000000,9010.503179099398
1920,1777008300000,9002.629614323927
1921,1777008600000,8991.170069551707
1922,1777008900000,8988.909343032015
1923,1777009200000,8986.648616512326
1924,1777009500000,8971.628324182899
1925,1777009800000,8968.039672853225
1926,1777010100000,8959.504649756025
1927,1777010400000,8963.578183506961
1928,1777010700000,8959.271876398827
1929,1777011000000,8957.29330286266
1930,1777011300000,8951.706742289945
1931,1777011600000,8952.21108456387
1932,1777011900000,8965.052414769205
1933,1777012200000,8973.315868949678
1934,1777012500000,8973.083095592481
1935,1777012800000,8979.251589558186
1936,1777013100000,8971.453682092108
1937,1777013400000,8974.596122414257
1938,1777013700000,8980.99738973716
1939,1777014000000,8970.716566460986
1940,1777014300000,8958.922716363033
1941,1777014600000,8962.918658994904
1942,1777014900000,8964.780845852476
1943,1777015200000,8962.32506931311
1944,1777015500000,8958.740139285384
1945,1777015800000,8952.685656921347
1946,1777016100000,8949.104582658578
1947,1777016400000,8949.86888210414
1948,1777016700000,8946.2889345513
1949,1777017000000,8954.789256673937
1950,1777017300000,8951.207340971268
1951,1777017600000,8963.371068845521
1952,1777017900000,8964.49447046448
1953,1777018200000,8954.538807841287
1954,1777018500000,8926.763671262182
1955,1777018800000,8921.59102370002
1956,1777019100000,8918.02238729054
1957,1777019400000,8924.67675996828
1958,1777019700000,8921.106889264292
1959,1777020000000,8927.573781743567
1960,1777020300000,8924.00275223087
1961,1777020600000,8916.472337326215
1962,1777020900000,8912.905748391286
1963,1777021200000,8921.06219045178
1964,1777021500000,8921.06219045178
1965,1777021800000,8921.06219045178
1966,1777022100000,8921.06219045178
1967,1777022400000,8921.06219045178
1968,1777022700000,8921.06219045178
1969,1777023000000,8917.4937655756
1970,1777023300000,8917.146120991143
1971,1777023600000,8910.734009766717
1972,1777023900000,8922.322162581944
1973,1777024200000,8912.626741393204
1974,1777024500000,8914.9829991323
1975,1777024800000,8919.96590484285
1976,1777025100000,8921.626873413032
1977,1777025400000,8920.236295075203
1978,1777025700000,8916.373577470127
1979,1777026000000,8902.042895155295
1980,1777026300000,8900.999961401923
1981,1777026600000,8895.383173721762
1982,1777026900000,8891.825020452274
1983,1777027200000,8890.440860135472
1984,1777027500000,8885.160624596385
1985,1777027800000,8881.606560346547
1986,1777028100000,8883.588750175308
1987,1777028400000,8883.588750175308
1988,1777028700000,8883.588750175308
1989,1777029000000,8883.588750175308
1990,1777029300000,8883.588750175308
1991,1777029600000,8883.588750175308
1992,1777029900000,8883.588750175308
1993,1777030200000,8883.588750175308
1994,1777030500000,8883.588750175308
1995,1777030800000,8883.588750175308
1996,1777031100000,8883.588750175308
1997,1777031400000,8883.588750175308
1998,1777031700000,8883.588750175308
1999,1777032000000,8883.588750175308
2000,1777032300000,8883.588750175308
2001,1777032600000,8883.588750175308
2002,1777032900000,8883.588750175308
2003,1777033200000,8883.588750175308
2004,1777033500000,8880.03602522023
2005,1777033800000,8865.886609471132
2006,1777034100000,8866.687519796553
2007,1777034400000,8862.949938277923
2008,1777034700000,8854.902696436793
2009,1777035000000,8843.194150250882
2010,1777035300000,8868.17492468662
2011,1777035600000,8881.828538805694
2012,1777035900000,8879.502085003282
2013,1777036200000,8876.2984437016
2014,1777036500000,8881.142044241049
2015,1777036800000,8869.090250772813
2016,1777037100000,8861.348117627082
2017,1777037400000,8867.564707295824
2018,1777037700000,8865.46708501496
2019,1777038000000,8850.97442198354
2020,1777038300000,8837.091976342916
2021,1777038600000,8818.15566649777
2022,1777038900000,8818.15566649777
2023,1777039200000,8818.15566649777
2024,1777039500000,8818.15566649777
2025,1777039800000,8818.15566649777
2026,1777040100000,8818.15566649777
2027,1777040400000,8818.15566649777
2028,1777040700000,8818.15566649777
2029,1777041000000,8818.15566649777
2030,1777041300000,8814.628404231173
2031,1777041600000,8812.229289493049
2032,1777041900000,8821.25453065075
2033,1777042200000,8822.282722681375
2034,1777042500000,8823.044346407765
2035,1777042800000,8837.210547718589
2036,1777043100000,8849.929663949275
2037,1777043400000,8842.199183126433
2038,1777043700000,8846.654681925806
2039,1777044000000,8826.547815549151
2040,1777044300000,8827.842575884011
2041,1777044600000,8816.722869478739
2042,1777044900000,8823.34899589832
2043,1777045200000,8777.091881693797
2044,1777045500000,8777.091881693797
2045,1777045800000,8777.091881693797
2046,1777046100000,8777.091881693797
2047,1777046400000,8777.091881693797
2048,1777046700000,8773.58104494112
2049,1777047000000,8780.545909378283
2050,1777047300000,8793.86999786677
2051,1777047600000,8785.1260647962
2052,1777047900000,8786.072377899076
2053,1777048200000,8766.994705745108
2054,1777048500000,8773.694602513466
2055,1777048800000,8792.96153728801
2056,1777049100000,8799.358613863447
2057,1777049400000,8790.84179593757
2058,1777049700000,8781.492222481158
2059,1777050000000,8787.321511194872
2060,1777050300000,8787.77574148425
2061,1777050600000,8771.309893494219
2062,1777050900000,8784.898949651511
2063,1777051200000,8788.759907111242
2064,1777051500000,8786.526608188457
2065,1777051800000,8804.998639956584
2066,1777052100000,8798.143303795048
2067,1777052400000,8794.624046473531
2068,1777052700000,8793.787749972013
2069,1777053000000,8775.617307802651
2070,1777053300000,8775.161146074552
2071,1777053600000,8777.441954715056
2072,1777053900000,8778.430305125943
2073,1777054200000,8794.281925177454
2074,1777054500000,8806.180143585425
2075,1777054800000,8791.468927854165
2076,1777055100000,8793.863776926697
2077,1777055400000,8780.33097899303
2078,1777055700000,8782.155625905434
2079,1777056000000,8780.178925083663
2080,1777056300000,8780.200514030714
2081,1777056600000,8780.200514030714
2082,1777056900000,8780.200514030714
2083,1777057200000,8780.200514030714
2084,1777057500000,8780.200514030714
2085,1777057800000,8780.200514030714
2086,1777058100000,8780.200514030714
2087,1777058400000,8776.68913610069
2088,1777058700000,8782.668374307948
2089,1777059000000,8788.344866276866
2090,1777059300000,8787.966433478936
2091,1777059600000,8785.052500934893
2092,1777059900000,8782.28994151002
2093,1777060200000,8786.225642608468
2094,1777060500000,8785.69583669137
2095,1777060800000,8784.295635339038
2096,1777061100000,8773.585987157681
2097,1777061400000,8780.473464079967
2098,1777061700000,8769.234009981512
2099,1777062000000,8769.423226380477
2100,1777062300000,8768.060868307935
2101,1777062600000,8782.252098230229
2102,1777062900000,8800.94667844786
2103,1777063200000,8796.32979831314
2104,1777063500000,8797.313723587753
2105,1777063800000,8796.745745222444
2106,1777064100000,8796.745745222444
2107,1777064400000,8796.745745222444
2108,1777064700000,8796.745745222444
2109,1777065000000,8796.745745222444
2110,1777065300000,8793.227750523296
2111,1777065600000,8785.116196542796
2112,1777065900000,8783.448400397274
2113,1777066200000,8787.352559556111
2114,1777066500000,8777.345782682974
2115,1777066800000,8775.336846416774
2116,1777067100000,8775.274988771995
2117,1777067400000,8775.274988771995
2118,1777067700000,8775.274988771995
2119,1777068000000,8775.274988771995
2120,1777068300000,8775.274988771995
2121,1777068600000,8775.274988771995
2122,1777068900000,8771.764878776485
2123,1777069200000,8773.28107259938
2124,1777069500000,8779.383752736534
2125,1777069800000,8786.16872009399
2126,1777070100000,8798.639414287307
2127,1777070400000,8790.75520640825
2128,1777070700000,8787.040531542156
2129,1777071000000,8783.742809977359
2130,1777071300000,8783.742809977359
2131,1777071600000,8780.407183566987
2132,1777071900000,8774.446113823868
2133,1777072200000,8770.93633537834
2134,1777072500000,8774.802832279114
2135,1777072800000,8774.499577620229
2136,1777073100000,8770.708894384174
2137,1777073400000,8766.046354003827
2138,1777073700000,8768.927273263229
2139,1777074000000,8770.064478234046
2140,1777074300000,8770.633080719454
2141,1777074600000,8769.68540991044
2142,1777074900000,8769.988664569326
2143,1777075200000,8773.665627308297
2144,1777075500000,8774.082602464263
2145,1777075800000,8778.06281986212
2146,1777076100000,8779.806534150704
2147,1777076400000,8778.858863341691
2148,1777076700000,8781.171180115685
2149,1777077000000,8779.541186324182
2150,1777077300000,8775.25771426744
2151,1777077600000,8773.504202791242
2152,1777077900000,8769.994801110126
2153,1777078200000,8770.638997801012
2154,1777078500000,8767.114862962637
2155,1777078800000,8766.546454117737
2156,1777079100000,8766.81171157869
2157,1777079400000,8757.738933593724
2158,1777079700000,8757.738933593724
2159,1777080000000,8757.738933593724
2160,1777080300000,8754.236538499305
2161,1777080600000,8761.03518278055
2162,1777080900000,8758.69342752812
2163,1777081200000,8761.072953026556
2164,1777081500000,8762.734843850862
2165,1777081800000,8759.93984564635
2166,1777082100000,8755.143024403471
2167,1777082400000,8740.692326967825
2168,1777082700000,8737.196050037039
2169,1777083000000,8733.522576677966
2170,1777083300000,8730.029866189392
2171,1777083600000,8729.87919581438
2172,1777083900000,8731.724907908281
2173,1777084200000,8732.101583845812
2174,1777084500000,8731.46123475201
2175,1777084800000,8728.749168001787
2176,1777085100000,8726.639782751612
2177,1777085400000,8727.506137407934
2178,1777085700000,8729.088176345565
2179,1777086000000,8734.851318189789
2180,1777086300000,8729.314181908083
2181,1777086600000,8729.615522658107
2182,1777086900000,8734.248636689741
2183,1777087200000,8731.348231970751
2184,1777087500000,8725.170746595242
2185,1777087800000,8727.242464251662
2186,1777088100000,8727.242464251662
2187,1777088400000,8731.762575502036
2188,1777088700000,8731.771904867013
2189,1777089000000,8728.279894507139
2190,1777089300000,8727.75286311053
2191,1777089600000,8726.359994419498
2192,1777089900000,8728.995151402534
2193,1777090200000,8729.03279650229
2194,1777090500000,8728.279894507139
2195,1777090800000,8726.510574818529
2196,1777091100000,8724.665964930406
2197,1777091400000,8722.633129543492
2198,1777091700000,8722.068453047128
2199,1777092000000,8722.1813883464
2200,1777092300000,8722.708419743009
2201,1777092600000,8722.708419743009
2202,1777092900000,8718.090783986741
2203,1777093200000,8718.090783986741
2204,1777093500000,8714.603547673147
2205,1777093800000,8716.56212749881
2206,1777094100000,8716.260807525632
2207,1777094400000,8715.319182609448
2208,1777094700000,8715.319182609448
2209,1777095000000,8710.648723025173
2210,1777095300000,8710.724053018466
2211,1777095600000,8712.042327901125
2212,1777095900000,8712.4189778676
2213,1777096200000,8710.68638802182
2214,1777096500000,8707.697412003808
2215,1777096800000,8704.214333039006
2216,1777097100000,8702.410345522061
2217,1777097400000,8705.07874372421
2218,1777097700000,8709.325631003687
2219,1777098000000,8711.806113839486
2220,1777098300000,8710.603455494858
2221,1777098600000,8706.544483581729
2222,1777098900000,8705.00357757767
2223,1777099200000,8707.408894266931
2224,1777099500000,8706.093486702492
2225,1777099800000,8707.070646607504
2226,1777100100000,8707.63439270655
2227,1777100400000,8712.858439891039
2228,1777100700000,8713.685267502971
2229,1777101000000,8712.858439891039
2230,1777101300000,8709.739044809654
2231,1777101600000,8707.897474219439
2232,1777101900000,8708.047806512517
2233,1777102200000,8702.47244524871
2234,1777102500000,8698.99145627061
2235,1777102800000,8698.878759139747
2236,1777103100000,8700.268690420391
2237,1777103400000,8699.404679083777
2238,1777103700000,8699.442244794063
2239,1777104000000,8696.962907915076
2240,1777104300000,8691.237695590753
2241,1777104600000,8687.761895672502
2242,1777104900000,8685.887941949799
2243,1777105200000,8687.611979374684
2244,1777105500000,8689.78576569302
2245,1777105800000,8692.334342755894
2246,1777106100000,8696.719394467018
2247,1777106400000,8693.271319617246
2248,1777106700000,8691.959552011354
2249,1777107000000,8692.146947383624
2250,1777107300000,8693.046445170521
2251,1777107600000,8690.085598288651
2252,1777107900000,8691.922072936899
2253,1777108200000,8693.571152212879
2254,1777108500000,8691.622240341267
2255,1777108800000,8688.211644565949
2256,1777109100000,8681.81450885936
2257,1777109400000,8678.342477462096
2258,1777109700000,8692.310691010323
2259,1777110000000,8694.220553988767
2260,1777110300000,8697.291314071756
2261,1777110600000,8699.163728756504
2262,1777110900000,8684.708687390243
2263,1777111200000,8684.034618103733
2264,1777111500000,8685.532549851532
2265,1777111800000,8687.77944747323
2266,1777112100000,8687.92924064801
2267,1777112400000,8692.123449541848
2268,1777112700000,8691.636621723814
2269,1777113000000,8697.25386577806
2270,1777113300000,8693.621381289648
2271,1777113600000,8689.764207039065
2272,1777113900000,8686.993033305636
2273,1777114200000,8687.92924064801
2274,1777114500000,8690.10124168232
2275,1777114800000,8679.588085405114
2276,1777115100000,8679.588085405114
2277,1777115400000,8676.116250170953
2278,1777115700000,8674.155158908146
2279,1777116000000,8674.155158908146
2280,1777116300000,8674.155158908146
2281,1777116600000,8674.155158908146
2282,1777116900000,8674.155158908146
2283,1777117200000,8674.155158908146
2284,1777117500000,8674.155158908146
2285,1777117800000,8674.155158908146
2286,1777118100000,8674.155158908146
2287,1777118400000,8674.155158908146
2288,1777118700000,8670.685496844582
2289,1777119000000,8670.535652444707
2290,1777119300000,8671.060107844274
2291,1777119600000,8665.51586504887
2292,1777119900000,8676.379584039863
2293,1777120200000,8673.307773842409
2294,1777120500000,8676.566889539707
2295,1777120800000,8678.92693883775
2296,1777121100000,8676.566889539707
2297,1777121400000,8675.630362040483
2298,1777121700000,8678.027872438495
2299,1777122000000,8673.008085042658
2300,1777122300000,8664.153379850452
2301,1777122600000,8660.687718498511
2302,1777122900000,8662.9688216707
2303,1777123200000,8660.313767158808
2304,1777123500000,8662.370499527176
2305,1777123800000,8664.576812431424
2306,1777124100000,8661.173855240126
2307,1777124400000,8659.117122871758
2308,1777124700000,8660.874694168364
2309,1777125000000,8658.032663986618
2310,1777125300000,8663.193192474522
2311,1777125600000,8666.857915603614
2312,1777125900000,8658.780566666026
2313,1777126200000,8655.86374621634
2314,1777126500000,8663.978490287898
2315,1777126800000,8664.801183235246
2316,1777127100000,8658.593590996174
2317,1777127400000,8657.645187983218
2318,1777127700000,8654.182822381146
2319,1777128000000,8653.809388413682
2320,1777128300000,8654.518912951864
2321,1777128600000,8651.531441212153
2322,1777128900000,8648.80537324967
2323,1777129200000,8648.5066260757
2324,1777129500000,8649.73895816833
2325,1777129800000,8650.373795913018
2326,1777130100000,8650.523169500002
2327,1777130400000,8655.713901647745
2328,1777130700000,8655.527184664015
2329,1777131000000,8657.095607327361
2330,1777131300000,8655.377811077029
2331,1777131600000,8651.830188386124
2332,1777131900000,8624.852872028701
2333,1777132200000,8624.852872028701
2334,1777132500000,8624.852872028701
2335,1777132800000,8624.852872028701
2336,1777133100000,8624.852872028701
2337,1777133400000,8624.852872028701
2338,1777133700000,8624.852872028701
2339,1777134000000,8624.852872028701
2340,1777134300000,8624.852872028701
2341,1777134600000,8624.852872028701
2342,1777134900000,8624.852872028701
2343,1777135200000,8624.852872028701
2344,1777135500000,8621.402930879889
2345,1777135800000,8623.419392130656
2346,1777136100000,8622.03774275513
2347,1777136400000,8623.531417755697
2348,1777136700000,8625.174460256323
2349,1777137000000,8626.369400256777
2350,1777137300000,8628.721938382672
2351,1777137600000,8616.100384627875
2352,1777137900000,8623.606101505726
2353,1777138200000,8622.597870880343
2354,1777138500000,8614.56936775229
2355,1777138800000,8615.652282127703
2356,1777139100000,8622.336477755245
2357,1777139400000,8623.0086315055
2358,1777139700000,8622.672554630371
2359,1777140000000,8615.017470252462
2360,1777140300000,8617.257982753314
2361,1777140600000,8618.63963212884
2362,1777140900000,8617.622990582184
2363,1777141200000,8614.175941385953
2364,1777141500000,8607.722888633623
2365,1777141800000,8602.98567649752
2366,1777142100000,8606.566561261818
2367,1777142400000,8608.730012473581
2368,1777142700000,8606.417357729972
2369,1777143000000,8609.923640728348
2370,1777143300000,8609.513331015773
2371,1777143600000,8609.252224835043
2372,1777143900000,8611.303773397922
2373,1777144200000,8607.834791282508
2374,1777144500000,8608.39430452693
2375,1777144800000,8606.678463910703
2376,1777145100000,8618.950454405018
2377,1777145400000,8620.479790606436
2378,1777145700000,8620.81549855309
2379,1777146000000,8625.328905391425
2380,1777146300000,8621.151206499744
2381,1777146600000,8613.608862031924
2382,1777146900000,8610.16341848711
2383,1777147200000,8613.034546866358
2384,1777147500000,8609.865119434722
2385,1777147800000,8608.74649798826
2386,1777148100000,8606.770266766183
2387,1777148400000,8607.031278437022
2388,1777148700000,8605.092334596491
2389,1777149000000,8604.383874347066
2390,1777149300000,8605.204196741139
2391,1777149600000,8605.875369609013
2392,1777149900000,8607.739738686447
2393,1777150200000,8602.929666466669
2394,1777150500000,8596.727430600618
2395,1777150800000,8596.727430600618
2396,1777151100000,8596.727430600618
2397,1777151400000,8596.727430600618
2398,1777151700000,8596.727430600618
2399,1777152000000,8596.727430600618
2400,1777152300000,8596.727430600618
2401,1777152600000,8593.289427229052
2402,1777152900000,8592.918130589438
2403,1777153200000,8593.623594204704
2404,1777153500000,8596.556837657656
2405,1777153800000,8598.450450519687
2406,1777154100000,8598.48758018365
2407,1777154400000,8601.606471956407
2408,1777154700000,8600.12128539795
2409,1777155000000,8598.52470984761
2410,1777155300000,8598.190542871956
2411,1777155600000,8600.195544725875
2412,1777155900000,8601.12378632491
2413,1777156200000,8613.747872071788
2414,1777156500000,8611.594351562027
2415,1777156800000,8610.146294667533
2416,1777157100000,8607.43582919835
2417,1777157400000,8606.507587599313
2418,1777157700000,8605.727864656124
2419,1777158000000,8604.54992136782
2420,1777158300000,8601.108789625621
2421,1777158600000,8600.997519950597
2422,1777158900000,8600.515351358817
2423,1777159200000,8600.88625027557
2424,1777159500000,8602.481115617611
2425,1777159800000,8602.666565075988
2426,1777160100000,8600.478261467142
2427,1777160400000,8600.73789070887
2428,1777160700000,8600.404081683791
2429,1777161000000,8599.921913092012
2430,1777161300000,8603.000374101066
2431,1777161600000,8602.852014534365
2432,1777161900000,8594.395519232381
2433,1777162200000,8592.689384215315
2434,1777162500000,8583.802618760468
2435,1777162800000,8580.369784279861
2436,1777163100000,8580.925730954319
2437,1777163400000,8584.4096634476
2438,1777163700000,8582.927138982377
2439,1777164000000,8588.412479503713
2440,1777164300000,8586.48519769892
2441,1777164600000,8583.22364387542
2442,1777164900000,8581.481677628779
2443,1777165200000,8576.626410005163
2444,1777165500000,8579.332017154202
2445,1777165800000,8577.641897050442
2446,1777166100000,8574.211526365758
2447,1777166400000,8571.892595834293
2448,1777166700000,8568.464524410245
2449,1777167000000,8569.179682998518
2450,1777167300000,8565.752696522613
2451,1777167600000,8558.583280069686
2452,1777167900000,8552.6112618889
2453,1777168200000,8549.190901456232
2454,1777168500000,8537.248523612092
2455,1777168800000,8533.834307045961
2456,1777169100000,8532.889471783456
2457,1777169400000,8529.476998489403
2458,1777169700000,8522.86533616194
2459,1777170000000,8519.456871720364
2460,1777170300000,8519.750975694531
2461,1777170600000,8520.41270963641
2462,1777170900000,8517.839299862439
2463,1777171200000,8512.324850346782
2464,1777171500000,8511.810168391989
2465,1777171800000,8508.736519434424
2466,1777172100000,8505.33302482665
2467,1777172400000,8507.758684547545
2468,1777172700000,8506.362092587031
2469,1777173000000,8501.547525565256
2470,1777173300000,8501.547525565256
2471,1777173600000,8502.062059445447
2472,1777173900000,8515.880969370535
2473,1777174200000,8521.283575112528
2474,1777174500000,8531.574252716317
2475,1777174800000,8527.310971994746
2476,1777175100000,8526.134894554314
2477,1777175400000,8525.47335099407
2478,1777175700000,8524.260521133623
2479,1777176000000,8528.046020395019
2480,1777176300000,8519.739973471958
2481,1777176600000,8519.997240412053
2482,1777176900000,8519.776725891972
2483,1777177200000,8517.749512194734
2484,1777177500000,8514.342412389857
2485,1777177800000,8513.420917105417
2486,1777178100000,8510.988169554494
2487,1777178400000,8507.081029548468
2488,1777178700000,8485.425098876342
2489,1777179000000,8485.425098876342
2490,1777179300000,8485.425098876342
2491,1777179600000,8485.425098876342
2492,1777179900000,8485.425098876342
2493,1777180200000,8485.425098876342
2494,1777180500000,8485.425098876342
2495,1777180800000,8485.425098876342
2496,1777181100000,8485.425098876342
2497,1777181400000,8485.425098876342
2498,1777181700000,8485.425098876342
2499,1777182000000,8485.425098876342
2500,1777182300000,8485.425098876342
2501,1777182600000,8485.425098876342
2502,1777182900000,8485.425098876342
2503,1777183200000,8485.425098876342
2504,1777183500000,8485.425098876342
2505,1777183800000,8485.425098876342
2506,1777184100000,8485.425098876342
2507,1777184400000,8485.425098876342
2508,1777184700000,8485.425098876342
2509,1777185000000,8485.425098876342
2510,1777185300000,8485.425098876342
2511,1777185600000,8485.425098876342
2512,1777185900000,8482.031607535058
2513,1777186200000,8481.1212721646
2514,1777186500000,8484.289239253794
2515,1777186800000,8479.84680264596
2516,1777187100000,8481.012031920147
2517,1777187400000,8482.286501438788
2518,1777187700000,8483.961518520431
2519,1777188000000,8485.163161209435
2520,1777188300000,8484.580546572342
2521,1777188600000,8481.012031920147
2522,1777188900000,8479.956042890415
2523,1777189200000,8475.836422653321
2524,1777189500000,8472.44676601559
2525,1777189800000,8477.466893166538
2526,1777190100000,8480.522622736678
2527,1777190400000,8484.851572961048
2528,1777190700000,8484.778817495091
2529,1777191000000,8486.779592808876
2530,1777191300000,8480.267978605834
2531,1777191600000,8479.540423946277
2532,1777191900000,8481.141044197304
2533,1777192200000,8488.925879054572
2534,1777192500000,8492.054364090669
2535,1777192800000,8483.214574977043
2536,1777193100000,8483.578352306822
2537,1777193400000,8488.27107986097
2538,1777193700000,8484.66968429616
2539,1777194000000,8475.45804647486
2540,1777194300000,8472.068541157332
2541,1777194600000,8475.122495237578
2542,1777194900000,8474.540789698483
2543,1777195200000,8480.539628070392
2544,1777195500000,8478.57637187595
2545,1777195800000,8477.122108028214
2546,1777196100000,8477.958309740661
2547,1777196400000,8483.884434920185
2548,1777196700000,8481.630325956196
2549,1777197000000,8486.865675808043
2550,1777197300000,8488.138156674811
2551,1777197600000,8481.703039148582
2552,1777197900000,8488.319939655777
2553,1777198200000,8488.938001791066
2554,1777198500000,8491.01032777409
2555,1777198800000,8484.975132805987
2556,1777199100000,8482.939163419158
2557,1777199400000,8482.466527668643
2558,1777199700000,8477.22043555077
2559,1777200000000,8473.830225418576
2560,1777200300000,8472.594904346555
2561,1777200600000,8472.594904346555
2562,1777200900000,8476.300867562617
2563,1777201200000,8477.354523771106
2564,1777201500000,8480.806156178223
2565,1777201800000,8480.043163751387
2566,1777202100000,8478.771509706661
2567,1777202400000,8488.908409091773
2568,1777202700000,8488.61774531012
2569,1777203000000,8490.579725836273
2570,1777203300000,8484.185122639929
2571,1777203600000,8483.967124803688
2572,1777203900000,8482.986134540613
2573,1777204200000,8488.072750719524
2574,1777204500000,8487.200759374567
2575,1777204800000,8483.422130213092
2576,1777205100000,8479.534502133496
2577,1777205400000,8464.448489521446
2578,1777205700000,8461.063387146114
2579,1777206000000,8466.036788973177
2580,1777206300000,8463.132612723797
2581,1777206600000,8462.55177747392
2582,1777206900000,8468.287525566446
2583,1777207200000,8460.700365114943
2584,1777207500000,8448.643666995456
2585,1777207800000,8445.264885285
2586,1777208100000,8443.192266468384
2587,1777208400000,8439.815664882115
2588,1777208700000,8443.611640659934
2589,1777209000000,8440.234871357532
2590,1777209300000,8436.026734998974
2591,1777209600000,8432.652999052163
2592,1777209900000,8429.967517480769
2593,1777210200000,8429.967517480769
2594,1777210500000,8429.967517480769
2595,1777210800000,8429.967517480769
2596,1777211100000,8429.967517480769
2597,1777211400000,8429.967517480769
2598,1777211700000,8426.596204736326
2599,1777212000000,8425.044558052916
2600,1777212300000,8429.916006942696
2601,1777212600000,8427.895257773602
2602,1777212900000,8446.875866040453
2603,1777213200000,8468.671089221398
2604,1777213500000,8479.893464071187
2605,1777213800000,8472.712587559585
2606,1777214100000,8472.026976234358
2607,1777214400000,8469.17627651367
2608,1777214700000,8466.000813533665
2609,1777215000000,8476.934509930728
2610,1777215300000,8466.21732237321
2611,1777215600000,8470.114481485036
2612,1777215900000,8467.408120990714
2613,1777216200000,8465.964728727075
2614,1777216500000,8469.428870159807
2615,1777216800000,8461.34587348343
2616,1777217100000,8470.586304526976
2617,1777217400000,8467.198747516568
2618,1777217700000,8472.07213202894
2619,1777218000000,8467.27094580564
2620,1777218300000,8463.661031352032
2621,1777218600000,8470.086679079455
2622,1777218900000,8476.259632795127
2623,1777219200000,8474.526873857394
2624,1777219500000,8468.714911587083
2625,1777219800000,8465.754781735124
2626,1777220100000,8470.2310756576
2627,1777220400000,8473.660494388527
2628,1777220700000,8472.036032884404
2629,1777221000000,8472.613619196982
2630,1777221300000,8467.523639817393
2631,1777221600000,8464.780104832651
2632,1777221900000,8470.483769669352
2633,1777222200000,8468.28172185265
2634,1777222500000,8457.740771648116
2635,1777222800000,8456.66743485371
2636,1777223100000,8453.285444277884
2637,1777223400000,8455.628842254957
2638,1777223700000,8458.729338040006
2639,1777224000000,8458.260658444593
2640,1777224300000,8459.05380852914
2641,1777224600000,8454.006489809291
2642,1777224900000,8454.511221681276
2643,1777225200000,8461.757729271914
2644,1777225500000,8465.290852375809
2645,1777225800000,8464.137179525556
2646,1777226100000,8470.230014265944
2647,1777226400000,8467.165570757466
2648,1777226700000,8489.734295890501
2649,1777227000000,8520.522940081573
2650,1777227300000,8525.281840588857
2651,1777227600000,8519.910051379877
2652,1777227900000,8512.519334682956
2653,1777228200000,8501.523390329003
2654,1777228500000,8503.20445888516
2655,1777228800000,8503.20445888516
2656,1777229100000,8503.20445888516
2657,1777229400000,8503.20445888516
2658,1777229700000,8503.20445888516
2659,1777230000000,8503.20445888516
2660,1777230300000,8503.20445888516
2661,1777230600000,8503.20445888516
2662,1777230900000,8503.20445888516
2663,1777231200000,8503.20445888516
2664,1777231500000,8503.20445888516
2665,1777231800000,8503.20445888516
2666,1777232100000,8503.20445888516
2667,1777232400000,8503.20445888516
2668,1777232700000,8503.20445888516
2669,1777233000000,8503.20445888516
2670,1777233300000,8503.20445888516
2671,1777233600000,8503.20445888516
2672,1777233900000,8503.20445888516
2673,1777234200000,8499.80385722194
2674,1777234500000,8498.007109229646
2675,1777234800000,8505.625320716968
2676,1777235100000,8504.439467042055
2677,1777235400000,8520.682068892387
2678,1777235700000,8504.475402001903
2679,1777236000000,8503.54109304591
2680,1777236300000,8499.911662101478
2681,1777236600000,8492.524852242877
2682,1777236900000,8489.128521568116
2683,1777237200000,8502.315866192097
2684,1777237500000,8500.986351883957
2685,1777237800000,8502.962656936597
2686,1777238100000,8501.130083160513
2687,1777238400000,8505.47795427632
2688,1777238700000,8499.584971937538
2689,1777239000000,8460.877644090217
2690,1777239300000,8457.493969767445
2691,1777239600000,8455.305994212058
2692,1777239900000,8449.280094321812
2693,1777240200000,8465.564371406168
2694,1777240500000,8480.5215157766
2695,1777240800000,8484.789861532192
2696,1777241100000,8499.998085064717
2697,1777241400000,8502.759955847747
2698,1777241700000,8524.496237594705
2699,1777242000000,8512.121621748665
2700,1777242300000,8493.541763753738
2701,1777242600000,8442.817267158061
2702,1777242900000,8439.44081554152
2703,1777243200000,8447.385031133728
2704,1777243500000,8463.631309867338
2705,1777243800000,8458.22781187444
2706,1777244100000,8451.965479763467
2707,1777244400000,8442.410950199868
2708,1777244700000,8438.904044217723
2709,1777245000000,8449.567901183837
2710,1777245300000,8442.504056433807
2711,1777245600000,8442.504056433807
2712,1777245900000,8439.127730076505
2713,1777246200000,8447.16829589302
2714,1777246500000,8457.031389961276
2715,1777246800000,8479.580710095588
2716,1777247100000,8485.226974091185
2717,1777247400000,8467.216106662194
2718,1777247700000,8467.394785902561
2719,1777248000000,8480.33116290513
2720,1777248300000,8469.395993394672
2721,1777248600000,8457.06712580935
2722,1777248900000,8459.389955934119
2723,1777249200000,8451.420861813753
2724,1777249500000,8441.182092934452
2725,1777249800000,8437.806295256814
2726,1777250100000,8455.436435002179
2727,1777250400000,8466.928145524462
2728,1777250700000,8467.820359074327
2729,1777251000000,8483.166432132035
2730,1777251300000,8532.273865916695
2731,1777251600000,8553.544236945514
2732,1777251900000,8518.640842874733
2733,1777252200000,8519.211859546647
2734,1777252500000,8506.292607344578
2735,1777252800000,8506.435361512556
2736,1777253100000,8500.74997447302
2737,1777253400000,8500.74997447302
2738,1777253700000,8500.74997447302
2739,1777254000000,8500.74997447302
2740,1777254300000,8500.74997447302
2741,1777254600000,8500.74997447302
2742,1777254900000,8500.74997447302
2743,1777255200000,8500.74997447302
2744,1777255500000,8500.74997447302
2745,1777255800000,8500.74997447302
2746,1777256100000,8500.74997447302
2747,1777256400000,8500.74997447302
2748,1777256700000,8500.74997447302
2749,1777257000000,8500.74997447302
2750,1777257300000,8500.74997447302
2751,1777257600000,8500.74997447302
2752,1777257900000,8500.74997447302
2753,1777258200000,8500.74997447302
2754,1777258500000,8500.74997447302
2755,1777258800000,8500.74997447302
2756,1777259100000,8500.74997447302
2757,1777259400000,8500.74997447302
2758,1777259700000,8500.74997447302
2759,1777260000000,8500.74997447302
2760,1777260300000,8500.74997447302
2761,1777260600000,8500.74997447302
2762,1777260900000,8500.74997447302
2763,1777261200000,8500.74997447302
2764,1777261500000,8500.74997447302
2765,1777261800000,8500.74997447302
2766,1777262100000,8497.350354407243
2767,1777262400000,8495.115003248182
2768,1777262700000,8490.537855636772
2769,1777263000000,8483.689875101873
2770,1777263300000,8480.74488865422
2771,1777263600000,8478.899836903885
2772,1777263900000,8484.896255092477
2773,1777264200000,8466.393449827357
2774,1777264500000,8463.007569623469
2775,1777264800000,8460.491833385711
2776,1777265100000,8445.149385625871
2777,1777265400000,8445.361983054414
2778,1777265700000,8443.094277149958
2779,1777266000000,8415.526382515294
2780,1777266300000,8412.160845069779
2781,1777266600000,8384.172571383255
2782,1777266900000,8384.172571383255
2783,1777267200000,8384.172571383255
2784,1777267500000,8384.172571383255
2785,1777267800000,8384.172571383255
2786,1777268100000,8384.172571383255
2787,1777268400000,8384.172571383255
2788,1777268700000,8384.172571383255
2789,1777269000000,8384.172571383255
2790,1777269300000,8384.172571383255
2791,1777269600000,8384.172571383255
2792,1777269900000,8384.172571383255
2793,1777270200000,8384.172571383255
2794,1777270500000,8384.172571383255
2795,1777270800000,8384.172571383255
2796,1777271100000,8384.172571383255
2797,1777271400000,8384.172571383255
2798,1777271700000,8384.172571383255
2799,1777272000000,8384.172571383255
2800,1777272300000,8384.172571383255
2801,1777272600000,8384.172571383255
2802,1777272900000,8384.172571383255
2803,1777273200000,8384.172571383255
2804,1777273500000,8384.172571383255
2805,1777273800000,8384.172571383255
2806,1777274100000,8384.172571383255
2807,1777274400000,8384.172571383255
2808,1777274700000,8384.172571383255
2809,1777275000000,8384.172571383255
2810,1777275300000,8384.172571383255
2811,1777275600000,8384.172571383255
2812,1777275900000,8384.172571383255
2813,1777276200000,8384.172571383255
2814,1777276500000,8384.172571383255
2815,1777276800000,8384.172571383255
2816,1777277100000,8384.172571383255
2817,1777277400000,8384.172571383255
2818,1777277700000,8384.172571383255
2819,1777278000000,8384.172571383255
2820,1777278300000,8384.172571383255
2821,1777278600000,8384.172571383255
2822,1777278900000,8384.172571383255
2823,1777279200000,8384.172571383255
2824,1777279500000,8380.818902354702
2825,1777279800000,8375.605675200102
2826,1777280100000,8367.06177514118
2827,1777280400000,8365.867077251582
2828,1777280700000,8367.568616670098
2829,1777281000000,8358.78752614337
2830,1777281300000,8355.444011132913
2831,1777281600000,8364.34911026707
2832,1777281900000,8352.884245794754
2833,1777282200000,8337.633812864593
2834,1777282500000,8339.616729675843
2835,1777282800000,8336.299850646115
2836,1777283100000,8341.635699520024
2837,1777283400000,8334.60535809832
2838,1777283700000,8342.032282882275
2839,1777284000000,8341.239116157776
2840,1777284300000,8341.491487388297
2841,1777284600000,8344.411783055775
2842,1777284900000,8343.834934528866
2843,1777285200000,8350.757116851775
2844,1777285500000,8349.783684962616
2845,1777285800000,8349.242889468638
2846,1777286100000,8348.449722744139
2847,1777286400000,8351.730548740934
2848,1777286700000,8347.712586737545
2849,1777287000000,8344.37350170285
2850,1777287300000,8347.897989163646
2851,1777287600000,8352.465437199577
2852,1777287900000,8357.21270602432
2853,1777288200000,8353.868039352341
2854,1777288500000,8346.675207799697
2855,1777288800000,8342.575293814689
2856,1777289100000,8342.79107876127
2857,1777289400000,8347.538347586014
2858,1777289700000,8349.51637626299
2859,1777290000000,8349.732161209571
2860,1777290300000,8351.350548308917
2861,1777290600000,8349.26462715865
2862,1777290900000,8346.998885219566
2863,1777291200000,8358.255666599454
2864,1777291500000,8355.594318924976
2865,1777291800000,8348.869021423254
2866,1777292100000,8350.415480207072
2867,1777292400000,8358.2823352035
2868,1777292700000,8358.2823352035
2869,1777293000000,8358.2823352035
2870,1777293300000,8358.2823352035
2871,1777293600000,8358.2823352035
2872,1777293900000,8354.939022269418
2873,1777294200000,8365.182545749982
2874,1777294500000,8366.517089302026
2875,1777294800000,8366.697433025276
2876,1777295100000,8361.719946263594
2877,1777295400000,8365.39895821788
2878,1777295700000,8361.323190072446
2879,1777296000000,8355.468105060105
