step,timestamp,equity
0,1775535300000,10000.0
1,1775535600000,10000.0
2,1775535900000,10000.0
3,1775536200000,10000.0
4,1775536500000,10000.0
5,1775536800000,10000.0
6,1775537100000,10000.0
7,1775537400000,10000.0
8,1775537700000,10000.0
9,1775538000000,10000.0
10,1775538300000,10000.0
11,1775538600000,10000.0
12,1775538900000,10000.0
13,1775539200000,10000.0
14,1775539500000,10000.0
15,1775539800000,10000.0
16,1775540100000,10000.0
17,1775540400000,10000.0
18,1775540700000,10000.0
19,1775541000000,10000.0
20,1775541300000,10000.0
21,1775541600000,10000.0
22,1775541900000,10000.0
23,1775542200000,10000.0
24,1775542500000,10000.0
25,1775542800000,10000.0
26,1775543100000,10000.0
27,1775543400000,10000.0
28,1775543700000,10000.0
29,1775544000000,10000.0
30,1775544300000,10000.0
31,1775544600000,10000.0
32,1775544900000,10000.0
33,1775545200000,10000.0
34,1775545500000,10000.0
35,1775545800000,10000.0
36,1775546100000,10000.0
37,1775546400000,10000.0
38,1775546700000,10000.0
39,1775547000000,10000.0
40,1775547300000,10000.0
41,1775547600000,10000.0
42,1775547900000,10000.0
43,1775548200000,10000.0
44,1775548500000,10000.0
45,1775548800000,10000.0
46,1775549100000,10000.0
47,1775549400000,10000.0
48,1775549700000,10000.0
49,1775550000000,10000.0
50,1775550300000,10000.0
51,1775550600000,10000.0
52,1775550900000,10000.0
53,1775551200000,10000.0
54,1775551500000,10000.0
55,1775551800000,10000.0
56,1775552100000,10000.0
57,1775552400000,10000.0
58,1775552700000,10000.0
59,1775553000000,10000.0
60,1775553300000,10000.0
61,1775553600000,10000.0
62,1775553900000,10000.0
63,1775554200000,10000.0
64,1775554500000,10000.0
65,1775554800000,10000.0
66,1775555100000,10000.0
67,1775555400000,10000.0
68,1775555700000,10000.0
69,1775556000000,10000.0
70,1775556300000,9996.0
71,1775556600000,10004.701637243277
72,1775556900000,10004.701637243277
73,1775557200000,10004.701637243277
74,1775557500000,10004.701637243277
75,1775557800000,10004.701637243277
76,1775558100000,10004.701637243277
77,1775558400000,10004.701637243277
78,1775558700000,10004.701637243277
79,1775559000000,10004.701637243277
80,1775559300000,10004.701637243277
81,1775559600000,10004.701637243277
82,1775559900000,10004.701637243277
83,1775560200000,10004.701637243277
84,1775560500000,10004.701637243277
85,1775560800000,10004.701637243277
86,1775561100000,10004.701637243277
87,1775561400000,10004.701637243277
88,1775561700000,10004.701637243277
89,1775562000000,10004.701637243277
90,1775562300000,10004.701637243277
91,1775562600000,10004.701637243277
92,1775562900000,10004.701637243277
93,1775563200000,10004.701637243277
94,1775563500000,10004.701637243277
95,1775563800000,10004.701637243277
96,1775564100000,10004.701637243277
97,1775564400000,10004.701637243277
98,1775564700000,10004.701637243277
99,1775565000000,10004.701637243277
100,1775565300000,10004.701637243277
101,1775565600000,10004.701637243277
102,1775565900000,10004.701637243277
103,1775566200000,10004.701637243277
104,1775566500000,10004.701637243277
105,1775566800000,10004.701637243277
106,1775567100000,10004.701637243277
107,1775567400000,10004.701637243277
108,1775567700000,10004.701637243277
109,1775568000000,10004.701637243277
110,1775568300000,10004.701637243277
111,1775568600000,10004.701637243277
112,1775568900000,10004.701637243277
113,1775569200000,10004.701637243277
114,1775569500000,10004.701637243277
115,1775569800000,10004.701637243277
116,1775570100000,10004.701637243277
117,1775570400000,10004.701637243277
118,1775570700000,10004.701637243277
119,1775571000000,10004.701637243277
120,1775571300000,10004.701637243277
121,1775571600000,10004.701637243277
122,1775571900000,10004.701637243277
123,1775572200000,10004.701637243277
124,1775572500000,10004.701637243277
125,1775572800000,10004.701637243277
126,1775573100000,10004.701637243277
127,1775573400000,10004.701637243277
128,1775573700000,10004.701637243277
129,1775574000000,10004.701637243277
130,1775574300000,10004.701637243277
131,1775574600000,10004.701637243277
132,1775574900000,10004.701637243277
133,1775575200000,10004.701637243277
134,1775575500000,10004.701637243277
135,1775575800000,10004.701637243277
136,1775576100000,10004.701637243277
137,1775576400000,10004.701637243277
138,1775576700000,10004.701637243277
139,1775577000000,10004.701637243277
140,1775577300000,10004.701637243277
141,1775577600000,10004.701637243277
142,1775577900000,10004.701637243277
143,1775578200000,10004.701637243277
144,1775578500000,10004.701637243277
145,1775578800000,10004.701637243277
146,1775579100000,10004.701637243277
147,1775579400000,10004.701637243277
148,1775579700000,10004.701637243277
149,1775580000000,10004.701637243277
150,1775580300000,10004.701637243277
151,1775580600000,10004.701637243277
152,1775580900000,10004.701637243277
153,1775581200000,10004.701637243277
154,1775581500000,10004.701637243277
155,1775581800000,10004.701637243277
156,1775582100000,10004.701637243277
157,1775582400000,10004.701637243277
158,1775582700000,10004.701637243277
159,1775583000000,10004.701637243277
160,1775583300000,10004.701637243277
161,1775583600000,10004.701637243277
162,1775583900000,10004.701637243277
163,1775584200000,10004.701637243277
164,1775584500000,10004.701637243277
165,1775584800000,10004.701637243277
166,1775585100000,10004.701637243277
167,1775585400000,10004.701637243277
168,1775585700000,10004.701637243277
169,1775586000000,10004.701637243277
170,1775586300000,10004.701637243277
171,1775586600000,10004.701637243277
172,1775586900000,10004.701637243277
173,1775587200000,10004.701637243277
174,1775587500000,10004.701637243277
175,1775587800000,10004.701637243277
176,1775588100000,10004.701637243277
177,1775588400000,10004.701637243277
178,1775588700000,10004.701637243277
179,1775589000000,10004.701637243277
180,1775589300000,10004.701637243277
181,1775589600000,10004.701637243277
182,1775589900000,10004.701637243277
183,1775590200000,10004.701637243277
184,1775590500000,10004.701637243277
185,1775590800000,10004.701637243277
186,1775591100000,10004.701637243277
187,1775591400000,10004.701637243277
188,1775591700000,10004.701637243277
189,1775592000000,10004.701637243277
190,1775592300000,10004.701637243277
191,1775592600000,10004.701637243277
192,1775592900000,10004.701637243277
193,1775593200000,10004.701637243277
194,1775593500000,10004.701637243277
195,1775593800000,10004.701637243277
196,1775594100000,10004.701637243277
197,1775594400000,10004.701637243277
198,1775594700000,10004.701637243277
199,1775595000000,10004.701637243277
200,1775595300000,10004.701637243277
201,1775595600000,10004.701637243277
202,1775595900000,10004.701637243277
203,1775596200000,10004.701637243277
204,1775596500000,10004.701637243277
205,1775596800000,10004.701637243277
206,1775597100000,10004.701637243277
207,1775597400000,10004.701637243277
208,1775597700000,10004.701637243277
209,1775598000000,10004.701637243277
210,1775598300000,10004.701637243277
211,1775598600000,10004.701637243277
212,1775598900000,10004.701637243277
213,1775599200000,10004.701637243277
214,1775599500000,10004.701637243277
215,1775599800000,10004.701637243277
216,1775600100000,10004.701637243277
217,1775600400000,10004.701637243277
218,1775600700000,10004.701637243277
219,1775601000000,10004.701637243277
220,1775601300000,10004.701637243277
221,1775601600000,10004.701637243277
222,1775601900000,10004.701637243277
223,1775602200000,10004.701637243277
224,1775602500000,10004.701637243277
225,1775602800000,10004.701637243277
226,1775603100000,10004.701637243277
227,1775603400000,10004.701637243277
228,1775603700000,10004.701637243277
229,1775604000000,10004.701637243277
230,1775604300000,10004.701637243277
231,1775604600000,10004.701637243277
232,1775604900000,10004.701637243277
233,1775605200000,10004.701637243277
234,1775605500000,10004.701637243277
235,1775605800000,10004.701637243277
236,1775606100000,10004.701637243277
237,1775606400000,10004.701637243277
238,1775606700000,10004.701637243277
239,1775607000000,10004.701637243277
240,1775607300000,10004.701637243277
241,1775607600000,10004.701637243277
242,1775607900000,10004.701637243277
243,1775608200000,10004.701637243277
244,1775608500000,10004.701637243277
245,1775608800000,10004.701637243277
246,1775609100000,10004.701637243277
247,1775609400000,10004.701637243277
248,1775609700000,10004.701637243277
249,1775610000000,10004.701637243277
250,1775610300000,10004.701637243277
251,1775610600000,10004.701637243277
252,1775610900000,10004.701637243277
253,1775611200000,10004.701637243277
254,1775611500000,10004.701637243277
255,1775611800000,10004.701637243277
256,1775612100000,10004.701637243277
257,1775612400000,10004.701637243277
258,1775612700000,10004.701637243277
259,1775613000000,10004.701637243277
260,1775613300000,10004.701637243277
261,1775613600000,10004.701637243277
262,1775613900000,10004.701637243277
263,1775614200000,10004.701637243277
264,1775614500000,10004.701637243277
265,1775614800000,10004.701637243277
266,1775615100000,10004.701637243277
267,1775615400000,10004.701637243277
268,1775615700000,10004.701637243277
269,1775616000000,10004.701637243277
270,1775616300000,10004.701637243277
271,1775616600000,10004.701637243277
272,1775616900000,10004.701637243277
273,1775617200000,10004.701637243277
274,1775617500000,10004.701637243277
275,1775617800000,10004.701637243277
276,1775618100000,10004.701637243277
277,1775618400000,10004.701637243277
278,1775618700000,10004.701637243277
279,1775619000000,10004.701637243277
280,1775619300000,10004.701637243277
281,1775619600000,10004.701637243277
282,1775619900000,10004.701637243277
283,1775620200000,10004.701637243277
284,1775620500000,10004.701637243277
285,1775620800000,10004.701637243277
286,1775621100000,10004.701637243277
287,1775621400000,10004.701637243277
288,1775621700000,10004.701637243277
289,1775622000000,10004.701637243277
290,1775622300000,10004.701637243277
291,1775622600000,10004.701637243277
292,1775622900000,10004.701637243277
293,1775623200000,10004.701637243277
294,1775623500000,10004.701637243277
295,1775623800000,10004.701637243277
296,1775624100000,10000.69975658838
297,1775624400000,10004.052930997503
298,1775624700000,10004.052930997503
299,1775625000000,10004.052930997503
300,1775625300000,10004.052930997503
301,1775625600000,10004.052930997503
302,1775625900000,10004.052930997503
303,1775626200000,10004.052930997503
304,1775626500000,10004.052930997503
305,1775626800000,10004.052930997503
306,1775627100000,10004.052930997503
307,1775627400000,10004.052930997503
308,1775627700000,10004.052930997503
309,1775628000000,10004.052930997503
310,1775628300000,10004.052930997503
311,1775628600000,10004.052930997503
312,1775628900000,10004.052930997503
313,1775629200000,10004.052930997503
314,1775629500000,10004.052930997503
315,1775629800000,10004.052930997503
316,1775630100000,10004.052930997503
317,1775630400000,10004.052930997503
318,1775630700000,10004.052930997503
319,1775631000000,10004.052930997503
320,1775631300000,10004.052930997503
321,1775631600000,10004.052930997503
322,1775631900000,10004.052930997503
323,1775632200000,10004.052930997503
324,1775632500000,10004.052930997503
325,1775632800000,10004.052930997503
326,1775633100000,10004.052930997503
327,1775633400000,10004.052930997503
328,1775633700000,10004.052930997503
329,1775634000000,10004.052930997503
330,1775634300000,10004.052930997503
331,1775634600000,10004.052930997503
332,1775634900000,10004.052930997503
333,1775635200000,10004.052930997503
334,1775635500000,10004.052930997503
335,1775635800000,10004.052930997503
336,1775636100000,10004.052930997503
337,1775636400000,10004.052930997503
338,1775636700000,10004.052930997503
339,1775637000000,10004.052930997503
340,1775637300000,10004.052930997503
341,1775637600000,10004.052930997503
342,1775637900000,10004.052930997503
343,1775638200000,10004.052930997503
344,1775638500000,10004.052930997503
345,1775638800000,10004.052930997503
346,1775639100000,10004.052930997503
347,1775639400000,10004.052930997503
348,1775639700000,10004.052930997503
349,1775640000000,10004.052930997503
350,1775640300000,10004.052930997503
351,1775640600000,10004.052930997503
352,1775640900000,10004.052930997503
353,1775641200000,10004.052930997503
354,1775641500000,10004.052930997503
355,1775641800000,10004.052930997503
356,1775642100000,10004.052930997503
357,1775642400000,10004.052930997503
358,1775642700000,10004.052930997503
359,1775643000000,10004.052930997503
360,1775643300000,10004.052930997503
361,1775643600000,10004.052930997503
362,1775643900000,10004.052930997503
363,1775644200000,10004.052930997503
364,1775644500000,10004.052930997503
365,1775644800000,10004.052930997503
366,1775645100000,10004.052930997503
367,1775645400000,10004.052930997503
368,1775645700000,10004.052930997503
369,1775646000000,10004.052930997503
370,1775646300000,10004.052930997503
371,1775646600000,10004.052930997503
372,1775646900000,10004.052930997503
373,1775647200000,10004.052930997503
374,1775647500000,10004.052930997503
375,1775647800000,10004.052930997503
376,1775648100000,10004.052930997503
377,1775648400000,10004.052930997503
378,1775648700000,10004.052930997503
379,1775649000000,10004.052930997503
380,1775649300000,10004.052930997503
381,1775649600000,10004.052930997503
382,1775649900000,10004.052930997503
383,1775650200000,10004.052930997503
384,1775650500000,10004.052930997503
385,1775650800000,10004.052930997503
386,1775651100000,10004.052930997503
387,1775651400000,10004.052930997503
388,1775651700000,10004.052930997503
389,1775652000000,10004.052930997503
390,1775652300000,10004.052930997503
391,1775652600000,10004.052930997503
392,1775652900000,10004.052930997503
393,1775653200000,10004.052930997503
394,1775653500000,10004.052930997503
395,1775653800000,10004.052930997503
396,1775654100000,10004.052930997503
397,1775654400000,10004.052930997503
398,1775654700000,10004.052930997503
399,1775655000000,10004.052930997503
400,1775655300000,10004.052930997503
401,1775655600000,10004.052930997503
402,1775655900000,10004.052930997503
403,1775656200000,10004.052930997503
404,1775656500000,10004.052930997503
405,1775656800000,10004.052930997503
406,1775657100000,10004.052930997503
407,1775657400000,10004.052930997503
408,1775657700000,10004.052930997503
409,1775658000000,10004.052930997503
410,1775658300000,10004.052930997503
411,1775658600000,10004.052930997503
412,1775658900000,10004.052930997503
413,1775659200000,10004.052930997503
414,1775659500000,10004.052930997503
415,1775659800000,10004.052930997503
416,1775660100000,10004.052930997503
417,1775660400000,10004.052930997503
418,1775660700000,10004.052930997503
419,1775661000000,10004.052930997503
420,1775661300000,10004.052930997503
421,1775661600000,10004.052930997503
422,1775661900000,10004.052930997503
423,1775662200000,10004.052930997503
424,1775662500000,10004.052930997503
425,1775662800000,10004.052930997503
426,1775663100000,10004.052930997503
427,1775663400000,10004.052930997503
428,1775663700000,10004.052930997503
429,1775664000000,10004.052930997503
430,1775664300000,10004.052930997503
431,1775664600000,10004.052930997503
432,1775664900000,10004.052930997503
433,1775665200000,10004.052930997503
434,1775665500000,10004.052930997503
435,1775665800000,10004.052930997503
436,1775666100000,10004.052930997503
437,1775666400000,10004.052930997503
438,1775666700000,10004.052930997503
439,1775667000000,10004.052930997503
440,1775667300000,10004.052930997503
441,1775667600000,10004.052930997503
442,1775667900000,10004.052930997503
443,1775668200000,10004.052930997503
444,1775668500000,10004.052930997503
445,1775668800000,10004.052930997503
446,1775669100000,10004.052930997503
447,1775669400000,10004.052930997503
448,1775669700000,10004.052930997503
449,1775670000000,10004.052930997503
450,1775670300000,10004.052930997503
451,1775670600000,10004.052930997503
452,1775670900000,10004.052930997503
453,1775671200000,10004.052930997503
454,1775671500000,10004.052930997503
455,1775671800000,10004.052930997503
456,1775672100000,10004.052930997503
457,1775672400000,10004.052930997503
458,1775672700000,10004.052930997503
459,1775673000000,10004.052930997503
460,1775673300000,10004.052930997503
461,1775673600000,10004.052930997503
462,1775673900000,10004.052930997503
463,1775674200000,10004.052930997503
464,1775674500000,10004.052930997503
465,1775674800000,10004.052930997503
466,1775675100000,10004.052930997503
467,1775675400000,10004.052930997503
468,1775675700000,10004.052930997503
469,1775676000000,10004.052930997503
470,1775676300000,10004.052930997503
471,1775676600000,10004.052930997503
472,1775676900000,10004.052930997503
473,1775677200000,10004.052930997503
474,1775677500000,10004.052930997503
475,1775677800000,10004.052930997503
476,1775678100000,10004.052930997503
477,1775678400000,10004.052930997503
478,1775678700000,10004.052930997503
479,1775679000000,10004.052930997503
480,1775679300000,10004.052930997503
481,1775679600000,10004.052930997503
482,1775679900000,10004.052930997503
483,1775680200000,10004.052930997503
484,1775680500000,10004.052930997503
485,1775680800000,10004.052930997503
486,1775681100000,10004.052930997503
487,1775681400000,10004.052930997503
488,1775681700000,10004.052930997503
489,1775682000000,10004.052930997503
490,1775682300000,10004.052930997503
491,1775682600000,10004.052930997503
492,1775682900000,10004.052930997503
493,1775683200000,10004.052930997503
494,1775683500000,10004.052930997503
495,1775683800000,10004.052930997503
496,1775684100000,10004.052930997503
497,1775684400000,10004.052930997503
498,1775684700000,10004.052930997503
499,1775685000000,10004.052930997503
500,1775685300000,10004.052930997503
501,1775685600000,10004.052930997503
502,1775685900000,10004.052930997503
503,1775686200000,10004.052930997503
504,1775686500000,10004.052930997503
505,1775686800000,10004.052930997503
506,1775687100000,10004.052930997503
507,1775687400000,10004.052930997503
508,1775687700000,10004.052930997503
509,1775688000000,10004.052930997503
510,1775688300000,10004.052930997503
511,1775688600000,10004.052930997503
512,1775688900000,10004.052930997503
513,1775689200000,10004.052930997503
514,1775689500000,10004.052930997503
515,1775689800000,10004.052930997503
516,1775690100000,10004.052930997503
517,1775690400000,10004.052930997503
518,1775690700000,10004.052930997503
519,1775691000000,10004.052930997503
520,1775691300000,10004.052930997503
521,1775691600000,10004.052930997503
522,1775691900000,10004.052930997503
523,1775692200000,10004.052930997503
524,1775692500000,10004.052930997503
525,1775692800000,10004.052930997503
526,1775693100000,10004.052930997503
527,1775693400000,10004.052930997503
528,1775693700000,10004.052930997503
529,1775694000000,10004.052930997503
530,1775694300000,10004.052930997503
531,1775694600000,10004.052930997503
532,1775694900000,10004.052930997503
533,1775695200000,10004.052930997503
534,1775695500000,10004.052930997503
535,1775695800000,10004.052930997503
536,1775696100000,10004.052930997503
537,1775696400000,10004.052930997503
538,1775696700000,10004.052930997503
539,1775697000000,10004.052930997503
540,1775697300000,10004.052930997503
541,1775697600000,10004.052930997503
542,1775697900000,10004.052930997503
543,1775698200000,10004.052930997503
544,1775698500000,10004.052930997503
545,1775698800000,10004.052930997503
546,1775699100000,10004.052930997503
547,1775699400000,10004.052930997503
548,1775699700000,10004.052930997503
549,1775700000000,10004.052930997503
550,1775700300000,10004.052930997503
551,1775700600000,10004.052930997503
552,1775700900000,10004.052930997503
553,1775701200000,10004.052930997503
554,1775701500000,10004.052930997503
555,1775701800000,10004.052930997503
556,1775702100000,10004.052930997503
557,1775702400000,10004.052930997503
558,1775702700000,10004.052930997503
559,1775703000000,10004.052930997503
560,1775703300000,10004.052930997503
561,1775703600000,10004.052930997503
562,1775703900000,10004.052930997503
563,1775704200000,10004.052930997503
564,1775704500000,10004.052930997503
565,1775704800000,10004.052930997503
566,1775705100000,10004.052930997503
567,1775705400000,10004.052930997503
568,1775705700000,10004.052930997503
569,1775706000000,10004.052930997503
570,1775706300000,10004.052930997503
571,1775706600000,10004.052930997503
572,1775706900000,10004.052930997503
573,1775707200000,10004.052930997503
574,1775707500000,10004.052930997503
575,1775707800000,10004.052930997503
576,1775708100000,10004.052930997503
577,1775708400000,10004.052930997503
578,1775708700000,10004.052930997503
579,1775709000000,10004.052930997503
580,1775709300000,10004.052930997503
581,1775709600000,10004.052930997503
582,1775709900000,10004.052930997503
583,1775710200000,10004.052930997503
584,1775710500000,10004.052930997503
585,1775710800000,10004.052930997503
586,1775711100000,10004.052930997503
587,1775711400000,10004.052930997503
588,1775711700000,10004.052930997503
589,1775712000000,10004.052930997503
590,1775712300000,10004.052930997503
591,1775712600000,10004.052930997503
592,1775712900000,10004.052930997503
593,1775713200000,10004.052930997503
594,1775713500000,10004.052930997503
595,1775713800000,10004.052930997503
596,1775714100000,10004.052930997503
597,1775714400000,10004.052930997503
598,1775714700000,10004.052930997503
599,1775715000000,10004.052930997503
600,1775715300000,10004.052930997503
601,1775715600000,10004.052930997503
602,1775715900000,10004.052930997503
603,1775716200000,10004.052930997503
604,1775716500000,10004.052930997503
605,1775716800000,10004.052930997503
606,1775717100000,10004.052930997503
607,1775717400000,10004.052930997503
608,1775717700000,10004.052930997503
609,1775718000000,10004.052930997503
610,1775718300000,10004.052930997503
611,1775718600000,10004.052930997503
612,1775718900000,10004.052930997503
613,1775719200000,10004.052930997503
614,1775719500000,10004.052930997503
615,1775719800000,10004.052930997503
616,1775720100000,10004.052930997503
617,1775720400000,10004.052930997503
618,1775720700000,10004.052930997503
619,1775721000000,10004.052930997503
620,1775721300000,10004.052930997503
621,1775721600000,10004.052930997503
622,1775721900000,10004.052930997503
623,1775722200000,10004.052930997503
624,1775722500000,10004.052930997503
625,1775722800000,10004.052930997503
626,1775723100000,10004.052930997503
627,1775723400000,10004.052930997503
628,1775723700000,10004.052930997503
629,1775724000000,10004.052930997503
630,1775724300000,10004.052930997503
631,1775724600000,10004.052930997503
632,1775724900000,10004.052930997503
633,1775725200000,10004.052930997503
634,1775725500000,10004.052930997503
635,1775725800000,10004.052930997503
636,1775726100000,10004.052930997503
637,1775726400000,10004.052930997503
638,1775726700000,10004.052930997503
639,1775727000000,10004.052930997503
640,1775727300000,10004.052930997503
641,1775727600000,10004.052930997503
642,1775727900000,10004.052930997503
643,1775728200000,10004.052930997503
644,1775728500000,10004.052930997503
645,1775728800000,10004.052930997503
646,1775729100000,10004.052930997503
647,1775729400000,10004.052930997503
648,1775729700000,10004.052930997503
649,1775730000000,10004.052930997503
650,1775730300000,10004.052930997503
651,1775730600000,10004.052930997503
652,1775730900000,10004.052930997503
653,1775731200000,10004.052930997503
654,1775731500000,10004.052930997503
655,1775731800000,10004.052930997503
656,1775732100000,10004.052930997503
657,1775732400000,10004.052930997503
658,1775732700000,10004.052930997503
659,1775733000000,10004.052930997503
660,1775733300000,10004.052930997503
661,1775733600000,10004.052930997503
662,1775733900000,10004.052930997503
663,1775734200000,10004.052930997503
664,1775734500000,10004.052930997503
665,1775734800000,10004.052930997503
666,1775735100000,10004.052930997503
667,1775735400000,10004.052930997503
668,1775735700000,10004.052930997503
669,1775736000000,10004.052930997503
670,1775736300000,10004.052930997503
671,1775736600000,10004.052930997503
672,1775736900000,10004.052930997503
673,1775737200000,10004.052930997503
674,1775737500000,10004.052930997503
675,1775737800000,10004.052930997503
676,1775738100000,10004.052930997503
677,1775738400000,10004.052930997503
678,1775738700000,10004.052930997503
679,1775739000000,10004.052930997503
680,1775739300000,10004.052930997503
681,1775739600000,10004.052930997503
682,1775739900000,10004.052930997503
683,1775740200000,10004.052930997503
684,1775740500000,10004.052930997503
685,1775740800000,10004.052930997503
686,1775741100000,10004.052930997503
687,1775741400000,10004.052930997503
688,1775741700000,10004.052930997503
689,1775742000000,10004.052930997503
690,1775742300000,10004.052930997503
691,1775742600000,10004.052930997503
692,1775742900000,10004.052930997503
693,1775743200000,10004.052930997503
694,1775743500000,10004.052930997503
695,1775743800000,10004.052930997503
696,1775744100000,10004.052930997503
697,1775744400000,10004.052930997503
698,1775744700000,10004.052930997503
699,1775745000000,10004.052930997503
700,1775745300000,10004.052930997503
701,1775745600000,10004.052930997503
702,1775745900000,10004.052930997503
703,1775746200000,10004.052930997503
704,1775746500000,10004.052930997503
705,1775746800000,10004.052930997503
706,1775747100000,10004.052930997503
707,1775747400000,10004.052930997503
708,1775747700000,10004.052930997503
709,1775748000000,10004.052930997503
710,1775748300000,10004.052930997503
711,1775748600000,10004.052930997503
712,1775748900000,10004.052930997503
713,1775749200000,10004.052930997503
714,1775749500000,10004.052930997503
715,1775749800000,10004.052930997503
716,1775750100000,10004.052930997503
717,1775750400000,10004.052930997503
718,1775750700000,10004.052930997503
719,1775751000000,10004.052930997503
720,1775751300000,10004.052930997503
721,1775751600000,10004.052930997503
722,1775751900000,10004.052930997503
723,1775752200000,10004.052930997503
724,1775752500000,10004.052930997503
725,1775752800000,10004.052930997503
726,1775753100000,10004.052930997503
727,1775753400000,10004.052930997503
728,1775753700000,10004.052930997503
729,1775754000000,10004.052930997503
730,1775754300000,10004.052930997503
731,1775754600000,10004.052930997503
732,1775754900000,10004.052930997503
733,1775755200000,10004.052930997503
734,1775755500000,10004.052930997503
735,1775755800000,10004.052930997503
736,1775756100000,10004.052930997503
737,1775756400000,10004.052930997503
738,1775756700000,10004.052930997503
739,1775757000000,10004.052930997503
740,1775757300000,10004.052930997503
741,1775757600000,10004.052930997503
742,1775757900000,10004.052930997503
743,1775758200000,10004.052930997503
744,1775758500000,10004.052930997503
745,1775758800000,10004.052930997503
746,1775759100000,10004.052930997503
747,1775759400000,10004.052930997503
748,1775759700000,10004.052930997503
749,1775760000000,10004.052930997503
750,1775760300000,10004.052930997503
751,1775760600000,10004.052930997503
752,1775760900000,10004.052930997503
753,1775761200000,10004.052930997503
754,1775761500000,10004.052930997503
755,1775761800000,10004.052930997503
756,1775762100000,10004.052930997503
757,1775762400000,10004.052930997503
758,1775762700000,10004.052930997503
759,1775763000000,10004.052930997503
760,1775763300000,10004.052930997503
761,1775763600000,10004.052930997503
762,1775763900000,10004.052930997503
763,1775764200000,10004.052930997503
764,1775764500000,10004.052930997503
765,1775764800000,10004.052930997503
766,1775765100000,10004.052930997503
767,1775765400000,10004.052930997503
768,1775765700000,10004.052930997503
769,1775766000000,10004.052930997503
770,1775766300000,10004.052930997503
771,1775766600000,10004.052930997503
772,1775766900000,10004.052930997503
773,1775767200000,10004.052930997503
774,1775767500000,10004.052930997503
775,1775767800000,10004.052930997503
776,1775768100000,10004.052930997503
777,1775768400000,10004.052930997503
778,1775768700000,10004.052930997503
779,1775769000000,10004.052930997503
780,1775769300000,10004.052930997503
781,1775769600000,10004.052930997503
782,1775769900000,10004.052930997503
783,1775770200000,10004.052930997503
784,1775770500000,10004.052930997503
785,1775770800000,10004.052930997503
786,1775771100000,10004.052930997503
787,1775771400000,10004.052930997503
788,1775771700000,10004.052930997503
789,1775772000000,10004.052930997503
790,1775772300000,10004.052930997503
791,1775772600000,10004.052930997503
792,1775772900000,10004.052930997503
793,1775773200000,10004.052930997503
794,1775773500000,10004.052930997503
795,1775773800000,10004.052930997503
796,1775774100000,10004.052930997503
797,1775774400000,10004.052930997503
798,1775774700000,10004.052930997503
799,1775775000000,10004.052930997503
800,1775775300000,10004.052930997503
801,1775775600000,10004.052930997503
802,1775775900000,10004.052930997503
803,1775776200000,10004.052930997503
804,1775776500000,10004.052930997503
805,1775776800000,10004.052930997503
806,1775777100000,10004.052930997503
807,1775777400000,10004.052930997503
808,1775777700000,10004.052930997503
809,1775778000000,10004.052930997503
810,1775778300000,10004.052930997503
811,1775778600000,10004.052930997503
812,1775778900000,10004.052930997503
813,1775779200000,10004.052930997503
814,1775779500000,10004.052930997503
815,1775779800000,10004.052930997503
816,1775780100000,10004.052930997503
817,1775780400000,10004.052930997503
818,1775780700000,10004.052930997503
819,1775781000000,10004.052930997503
820,1775781300000,10004.052930997503
821,1775781600000,10004.052930997503
822,1775781900000,10004.052930997503
823,1775782200000,10004.052930997503
824,1775782500000,10004.052930997503
825,1775782800000,10004.052930997503
826,1775783100000,10004.052930997503
827,1775783400000,10004.052930997503
828,1775783700000,10004.052930997503
829,1775784000000,10004.052930997503
830,1775784300000,10004.052930997503
831,1775784600000,10004.052930997503
832,1775784900000,10004.052930997503
833,1775785200000,10004.052930997503
834,1775785500000,10004.052930997503
835,1775785800000,10004.052930997503
836,1775786100000,10004.052930997503
837,1775786400000,10004.052930997503
838,1775786700000,10004.052930997503
839,1775787000000,10004.052930997503
840,1775787300000,10004.052930997503
841,1775787600000,10004.052930997503
842,1775787900000,10004.052930997503
843,1775788200000,10004.052930997503
844,1775788500000,10004.052930997503
845,1775788800000,10004.052930997503
846,1775789100000,10004.052930997503
847,1775789400000,10004.052930997503
848,1775789700000,10004.052930997503
849,1775790000000,10004.052930997503
850,1775790300000,10004.052930997503
851,1775790600000,10004.052930997503
852,1775790900000,10004.052930997503
853,1775791200000,10004.052930997503
854,1775791500000,10004.052930997503
855,1775791800000,10004.052930997503
856,1775792100000,10004.052930997503
857,1775792400000,10004.052930997503
858,1775792700000,10004.052930997503
859,1775793000000,10004.052930997503
860,1775793300000,10004.052930997503
861,1775793600000,10004.052930997503
862,1775793900000,10004.052930997503
863,1775794200000,10004.052930997503
864,1775794500000,10004.052930997503
865,1775794800000,10004.052930997503
866,1775795100000,10004.052930997503
867,1775795400000,10004.052930997503
868,1775795700000,10004.052930997503
869,1775796000000,10004.052930997503
870,1775796300000,10004.052930997503
871,1775796600000,10004.052930997503
872,1775796900000,10004.052930997503
873,1775797200000,10004.052930997503
874,1775797500000,10004.052930997503
875,1775797800000,10004.052930997503
876,1775798100000,10004.052930997503
877,1775798400000,10004.052930997503
878,1775798700000,10004.052930997503
879,1775799000000,10004.052930997503
880,1775799300000,10004.052930997503
881,1775799600000,10004.052930997503
882,1775799900000,10004.052930997503
883,1775800200000,10004.052930997503
884,1775800500000,10004.052930997503
885,1775800800000,10004.052930997503
886,1775801100000,10004.052930997503
887,1775801400000,10004.052930997503
888,1775801700000,10004.052930997503
889,1775802000000,10004.052930997503
890,1775802300000,10004.052930997503
891,1775802600000,10004.052930997503
892,1775802900000,10004.052930997503
893,1775803200000,10004.052930997503
894,1775803500000,10004.052930997503
895,1775803800000,10004.052930997503
896,1775804100000,10004.052930997503
897,1775804400000,10004.052930997503
898,1775804700000,10004.052930997503
899,1775805000000,10004.052930997503
900,1775805300000,10004.052930997503
901,1775805600000,10004.052930997503
902,1775805900000,10004.052930997503
903,1775806200000,10004.052930997503
904,1775806500000,10004.052930997503
905,1775806800000,10004.052930997503
906,1775807100000,10004.052930997503
907,1775807400000,10004.052930997503
908,1775807700000,10004.052930997503
909,1775808000000,10004.052930997503
910,1775808300000,10004.052930997503
911,1775808600000,10004.052930997503
912,1775808900000,10004.052930997503
913,1775809200000,10004.052930997503
914,1775809500000,10004.052930997503
915,1775809800000,10004.052930997503
916,1775810100000,10004.052930997503
917,1775810400000,10004.052930997503
918,1775810700000,10004.052930997503
919,1775811000000,10004.052930997503
920,1775811300000,10004.052930997503
921,1775811600000,10004.052930997503
922,1775811900000,10004.052930997503
923,1775812200000,10004.052930997503
924,1775812500000,10004.052930997503
925,1775812800000,10004.052930997503
926,1775813100000,10004.052930997503
927,1775813400000,10004.052930997503
928,1775813700000,10004.052930997503
929,1775814000000,10004.052930997503
930,1775814300000,10004.052930997503
931,1775814600000,10004.052930997503
932,1775814900000,10004.052930997503
933,1775815200000,10004.052930997503
934,1775815500000,10004.052930997503
935,1775815800000,10004.052930997503
936,1775816100000,10004.052930997503
937,1775816400000,10004.052930997503
938,1775816700000,10004.052930997503
939,1775817000000,10004.052930997503
940,1775817300000,10004.052930997503
941,1775817600000,10004.052930997503
942,1775817900000,10004.052930997503
943,1775818200000,10004.052930997503
944,1775818500000,10004.052930997503
945,1775818800000,10004.052930997503
946,1775819100000,10004.052930997503
947,1775819400000,10004.052930997503
948,1775819700000,10004.052930997503
949,1775820000000,10004.052930997503
950,1775820300000,10004.052930997503
951,1775820600000,10004.052930997503
952,1775820900000,10004.052930997503
953,1775821200000,10004.052930997503
954,1775821500000,10004.052930997503
955,1775821800000,10004.052930997503
956,1775822100000,10004.052930997503
957,1775822400000,10004.052930997503
958,1775822700000,10004.052930997503
959,1775823000000,10004.052930997503
960,1775823300000,10004.052930997503
961,1775823600000,10004.052930997503
962,1775823900000,10004.052930997503
963,1775824200000,10004.052930997503
964,1775824500000,10004.052930997503
965,1775824800000,10004.052930997503
966,1775825100000,10004.052930997503
967,1775825400000,10004.052930997503
968,1775825700000,10004.052930997503
969,1775826000000,10004.052930997503
970,1775826300000,10004.052930997503
971,1775826600000,10004.052930997503
972,1775826900000,10004.052930997503
973,1775827200000,10004.052930997503
974,1775827500000,10004.052930997503
975,1775827800000,10004.052930997503
976,1775828100000,10004.052930997503
977,1775828400000,10004.052930997503
978,1775828700000,10004.052930997503
979,1775829000000,10004.052930997503
980,1775829300000,10004.052930997503
981,1775829600000,10004.052930997503
982,1775829900000,10004.052930997503
983,1775830200000,10004.052930997503
984,1775830500000,10004.052930997503
985,1775830800000,10004.052930997503
986,1775831100000,10004.052930997503
987,1775831400000,10004.052930997503
988,1775831700000,10004.052930997503
989,1775832000000,10004.052930997503
990,1775832300000,10004.052930997503
991,1775832600000,10004.052930997503
992,1775832900000,10004.052930997503
993,1775833200000,10004.052930997503
994,1775833500000,10004.052930997503
995,1775833800000,10004.052930997503
996,1775834100000,10004.052930997503
997,1775834400000,10004.052930997503
998,1775834700000,10000.051309825105
999,1775835000000,9997.289656166056
1000,1775835300000,9997.289656166056
1001,1775835600000,9997.289656166056
1002,1775835900000,9997.289656166056
1003,1775836200000,9997.289656166056
1004,1775836500000,9997.289656166056
1005,1775836800000,9997.289656166056
1006,1775837100000,9997.289656166056
1007,1775837400000,9997.289656166056
1008,1775837700000,9997.289656166056
1009,1775838000000,9997.289656166056
1010,1775838300000,9997.289656166056
1011,1775838600000,9997.289656166056
1012,1775838900000,9997.289656166056
1013,1775839200000,9997.289656166056
1014,1775839500000,9997.289656166056
1015,1775839800000,9997.289656166056
1016,1775840100000,9997.289656166056
1017,1775840400000,9997.289656166056
1018,1775840700000,9997.289656166056
1019,1775841000000,9997.289656166056
1020,1775841300000,9997.289656166056
1021,1775841600000,9997.289656166056
1022,1775841900000,9997.289656166056
1023,1775842200000,9997.289656166056
1024,1775842500000,9997.289656166056
1025,1775842800000,9997.289656166056
1026,1775843100000,9997.289656166056
1027,1775843400000,9997.289656166056
1028,1775843700000,9997.289656166056
1029,1775844000000,9997.289656166056
1030,1775844300000,9997.289656166056
1031,1775844600000,9997.289656166056
1032,1775844900000,9997.289656166056
1033,1775845200000,9997.289656166056
1034,1775845500000,9997.289656166056
1035,1775845800000,9997.289656166056
1036,1775846100000,9997.289656166056
1037,1775846400000,9997.289656166056
1038,1775846700000,9997.289656166056
1039,1775847000000,9997.289656166056
1040,1775847300000,9997.289656166056
1041,1775847600000,9997.289656166056
1042,1775847900000,9997.289656166056
1043,1775848200000,9997.289656166056
1044,1775848500000,9997.289656166056
1045,1775848800000,9997.289656166056
1046,1775849100000,9997.289656166056
1047,1775849400000,9997.289656166056
1048,1775849700000,9997.289656166056
1049,1775850000000,9997.289656166056
1050,1775850300000,9997.289656166056
1051,1775850600000,9997.289656166056
1052,1775850900000,9997.289656166056
1053,1775851200000,9997.289656166056
1054,1775851500000,9997.289656166056
1055,1775851800000,9997.289656166056
1056,1775852100000,9997.289656166056
1057,1775852400000,9997.289656166056
1058,1775852700000,9997.289656166056
1059,1775853000000,9997.289656166056
1060,1775853300000,9997.289656166056
1061,1775853600000,9997.289656166056
1062,1775853900000,9997.289656166056
1063,1775854200000,9997.289656166056
1064,1775854500000,9997.289656166056
1065,1775854800000,9997.289656166056
1066,1775855100000,9997.289656166056
1067,1775855400000,9997.289656166056
1068,1775855700000,9997.289656166056
1069,1775856000000,9997.289656166056
1070,1775856300000,9997.289656166056
1071,1775856600000,9997.289656166056
1072,1775856900000,9997.289656166056
1073,1775857200000,9997.289656166056
1074,1775857500000,9997.289656166056
1075,1775857800000,9997.289656166056
1076,1775858100000,9997.289656166056
1077,1775858400000,9997.289656166056
1078,1775858700000,9997.289656166056
1079,1775859000000,9997.289656166056
1080,1775859300000,9997.289656166056
1081,1775859600000,9997.289656166056
1082,1775859900000,9997.289656166056
1083,1775860200000,9997.289656166056
1084,1775860500000,9997.289656166056
1085,1775860800000,9997.289656166056
1086,1775861100000,9997.289656166056
1087,1775861400000,9997.289656166056
1088,1775861700000,9997.289656166056
1089,1775862000000,9997.289656166056
1090,1775862300000,9997.289656166056
1091,1775862600000,9997.289656166056
1092,1775862900000,9997.289656166056
1093,1775863200000,9997.289656166056
1094,1775863500000,9997.289656166056
1095,1775863800000,9997.289656166056
1096,1775864100000,9997.289656166056
1097,1775864400000,9997.289656166056
1098,1775864700000,9997.289656166056
1099,1775865000000,9997.289656166056
1100,1775865300000,9997.289656166056
1101,1775865600000,9997.289656166056
1102,1775865900000,9997.289656166056
1103,1775866200000,9997.289656166056
1104,1775866500000,9997.289656166056
1105,1775866800000,9997.289656166056
1106,1775867100000,9997.289656166056
1107,1775867400000,9997.289656166056
1108,1775867700000,9997.289656166056
1109,1775868000000,9997.289656166056
1110,1775868300000,9997.289656166056
1111,1775868600000,9997.289656166056
1112,1775868900000,9997.289656166056
1113,1775869200000,9997.289656166056
1114,1775869500000,9997.289656166056
1115,1775869800000,9997.289656166056
1116,1775870100000,9997.289656166056
1117,1775870400000,9997.289656166056
1118,1775870700000,9997.289656166056
1119,1775871000000,9997.289656166056
1120,1775871300000,9997.289656166056
1121,1775871600000,9997.289656166056
1122,1775871900000,9997.289656166056
1123,1775872200000,9997.289656166056
1124,1775872500000,9997.289656166056
1125,1775872800000,9997.289656166056
1126,1775873100000,9997.289656166056
1127,1775873400000,9997.289656166056
1128,1775873700000,9997.289656166056
1129,1775874000000,9997.289656166056
1130,1775874300000,9997.289656166056
1131,1775874600000,9997.289656166056
1132,1775874900000,9997.289656166056
1133,1775875200000,9997.289656166056
1134,1775875500000,9997.289656166056
1135,1775875800000,9997.289656166056
1136,1775876100000,9997.289656166056
1137,1775876400000,9997.289656166056
1138,1775876700000,9997.289656166056
1139,1775877000000,9997.289656166056
1140,1775877300000,9997.289656166056
1141,1775877600000,9997.289656166056
1142,1775877900000,9997.289656166056
1143,1775878200000,9997.289656166056
1144,1775878500000,9997.289656166056
1145,1775878800000,9997.289656166056
1146,1775879100000,9997.289656166056
1147,1775879400000,9997.289656166056
1148,1775879700000,9997.289656166056
1149,1775880000000,9997.289656166056
1150,1775880300000,9997.289656166056
1151,1775880600000,9997.289656166056
1152,1775880900000,9997.289656166056
1153,1775881200000,9997.289656166056
1154,1775881500000,9997.289656166056
1155,1775881800000,9997.289656166056
1156,1775882100000,9997.289656166056
1157,1775882400000,9997.289656166056
1158,1775882700000,9997.289656166056
1159,1775883000000,9997.289656166056
1160,1775883300000,9997.289656166056
1161,1775883600000,9997.289656166056
1162,1775883900000,9997.289656166056
1163,1775884200000,9997.289656166056
1164,1775884500000,9997.289656166056
1165,1775884800000,9997.289656166056
1166,1775885100000,9997.289656166056
1167,1775885400000,9997.289656166056
1168,1775885700000,9997.289656166056
1169,1775886000000,9997.289656166056
1170,1775886300000,9997.289656166056
1171,1775886600000,9997.289656166056
1172,1775886900000,9997.289656166056
1173,1775887200000,9997.289656166056
1174,1775887500000,9997.289656166056
1175,1775887800000,9997.289656166056
1176,1775888100000,9997.289656166056
1177,1775888400000,9997.289656166056
1178,1775888700000,9997.289656166056
1179,1775889000000,9997.289656166056
1180,1775889300000,9997.289656166056
1181,1775889600000,9997.289656166056
1182,1775889900000,9997.289656166056
1183,1775890200000,9997.289656166056
1184,1775890500000,9997.289656166056
1185,1775890800000,9997.289656166056
1186,1775891100000,9997.289656166056
1187,1775891400000,9997.289656166056
1188,1775891700000,9997.289656166056
1189,1775892000000,9997.289656166056
1190,1775892300000,9997.289656166056
1191,1775892600000,9997.289656166056
1192,1775892900000,9997.289656166056
1193,1775893200000,9997.289656166056
1194,1775893500000,9997.289656166056
1195,1775893800000,9997.289656166056
1196,1775894100000,9997.289656166056
1197,1775894400000,9997.289656166056
1198,1775894700000,9997.289656166056
1199,1775895000000,9997.289656166056
1200,1775895300000,9997.289656166056
1201,1775895600000,9997.289656166056
1202,1775895900000,9997.289656166056
1203,1775896200000,9997.289656166056
1204,1775896500000,9997.289656166056
1205,1775896800000,9997.289656166056
1206,1775897100000,9997.289656166056
1207,1775897400000,9997.289656166056
1208,1775897700000,9997.289656166056
1209,1775898000000,9997.289656166056
1210,1775898300000,9997.289656166056
1211,1775898600000,9997.289656166056
1212,1775898900000,9997.289656166056
1213,1775899200000,9997.289656166056
1214,1775899500000,9997.289656166056
1215,1775899800000,9997.289656166056
1216,1775900100000,9997.289656166056
1217,1775900400000,9997.289656166056
1218,1775900700000,9997.289656166056
1219,1775901000000,9997.289656166056
1220,1775901300000,9997.289656166056
1221,1775901600000,9997.289656166056
1222,1775901900000,9997.289656166056
1223,1775902200000,9993.29074030359
1224,1775902500000,9993.301039180147
1225,1775902800000,9993.301039180147
1226,1775903100000,9993.301039180147
1227,1775903400000,9993.301039180147
1228,1775903700000,9993.301039180147
1229,1775904000000,9993.301039180147
1230,1775904300000,9993.301039180147
1231,1775904600000,9993.301039180147
1232,1775904900000,9993.301039180147
1233,1775905200000,9993.301039180147
1234,1775905500000,9993.301039180147
1235,1775905800000,9993.301039180147
1236,1775906100000,9993.301039180147
1237,1775906400000,9993.301039180147
1238,1775906700000,9993.301039180147
1239,1775907000000,9993.301039180147
1240,1775907300000,9993.301039180147
1241,1775907600000,9993.301039180147
1242,1775907900000,9993.301039180147
1243,1775908200000,9993.301039180147
1244,1775908500000,9993.301039180147
1245,1775908800000,9993.301039180147
1246,1775909100000,9993.301039180147
1247,1775909400000,9993.301039180147
1248,1775909700000,9993.301039180147
1249,1775910000000,9993.301039180147
1250,1775910300000,9993.301039180147
1251,1775910600000,9993.301039180147
1252,1775910900000,9993.301039180147
1253,1775911200000,9993.301039180147
1254,1775911500000,9993.301039180147
1255,1775911800000,9993.301039180147
1256,1775912100000,9993.301039180147
1257,1775912400000,9993.301039180147
1258,1775912700000,9993.301039180147
1259,1775913000000,9993.301039180147
1260,1775913300000,9993.301039180147
1261,1775913600000,9993.301039180147
1262,1775913900000,9993.301039180147
1263,1775914200000,9993.301039180147
1264,1775914500000,9993.301039180147
1265,1775914800000,9993.301039180147
1266,1775915100000,9993.301039180147
1267,1775915400000,9993.301039180147
1268,1775915700000,9993.301039180147
1269,1775916000000,9993.301039180147
1270,1775916300000,9993.301039180147
1271,1775916600000,9993.301039180147
1272,1775916900000,9993.301039180147
1273,1775917200000,9993.301039180147
1274,1775917500000,9993.301039180147
1275,1775917800000,9993.301039180147
1276,1775918100000,9993.301039180147
1277,1775918400000,9993.301039180147
1278,1775918700000,9993.301039180147
1279,1775919000000,9993.301039180147
1280,1775919300000,9993.301039180147
1281,1775919600000,9993.301039180147
1282,1775919900000,9993.301039180147
1283,1775920200000,9993.301039180147
1284,1775920500000,9993.301039180147
1285,1775920800000,9993.301039180147
1286,1775921100000,9993.301039180147
1287,1775921400000,9993.301039180147
1288,1775921700000,9993.301039180147
1289,1775922000000,9993.301039180147
1290,1775922300000,9993.301039180147
1291,1775922600000,9993.301039180147
1292,1775922900000,9993.301039180147
1293,1775923200000,9993.301039180147
1294,1775923500000,9993.301039180147
1295,1775923800000,9993.301039180147
1296,1775924100000,9993.301039180147
1297,1775924400000,9993.301039180147
1298,1775924700000,9993.301039180147
1299,1775925000000,9993.301039180147
1300,1775925300000,9993.301039180147
1301,1775925600000,9993.301039180147
1302,1775925900000,9993.301039180147
1303,1775926200000,9993.301039180147
1304,1775926500000,9993.301039180147
1305,1775926800000,9993.301039180147
1306,1775927100000,9993.301039180147
1307,1775927400000,9993.301039180147
1308,1775927700000,9993.301039180147
1309,1775928000000,9993.301039180147
1310,1775928300000,9993.301039180147
1311,1775928600000,9993.301039180147
1312,1775928900000,9993.301039180147
1313,1775929200000,9993.301039180147
1314,1775929500000,9993.301039180147
1315,1775929800000,9993.301039180147
1316,1775930100000,9993.301039180147
1317,1775930400000,9993.301039180147
1318,1775930700000,9993.301039180147
1319,1775931000000,9993.301039180147
1320,1775931300000,9993.301039180147
1321,1775931600000,9993.301039180147
1322,1775931900000,9993.301039180147
1323,1775932200000,9993.301039180147
1324,1775932500000,9993.301039180147
1325,1775932800000,9993.301039180147
1326,1775933100000,9993.301039180147
1327,1775933400000,9993.301039180147
1328,1775933700000,9993.301039180147
1329,1775934000000,9993.301039180147
1330,1775934300000,9993.301039180147
1331,1775934600000,9993.301039180147
1332,1775934900000,9993.301039180147
1333,1775935200000,9993.301039180147
1334,1775935500000,9993.301039180147
1335,1775935800000,9993.301039180147
1336,1775936100000,9993.301039180147
1337,1775936400000,9993.301039180147
1338,1775936700000,9993.301039180147
1339,1775937000000,9993.301039180147
1340,1775937300000,9993.301039180147
1341,1775937600000,9993.301039180147
1342,1775937900000,9993.301039180147
1343,1775938200000,9993.301039180147
1344,1775938500000,9993.301039180147
1345,1775938800000,9993.301039180147
1346,1775939100000,9993.301039180147
1347,1775939400000,9993.301039180147
1348,1775939700000,9993.301039180147
1349,1775940000000,9993.301039180147
1350,1775940300000,9993.301039180147
1351,1775940600000,9993.301039180147
1352,1775940900000,9993.301039180147
1353,1775941200000,9993.301039180147
1354,1775941500000,9993.301039180147
1355,1775941800000,9993.301039180147
1356,1775942100000,9993.301039180147
1357,1775942400000,9993.301039180147
1358,1775942700000,9993.301039180147
1359,1775943000000,9993.301039180147
1360,1775943300000,9993.301039180147
1361,1775943600000,9993.301039180147
1362,1775943900000,9993.301039180147
1363,1775944200000,9993.301039180147
1364,1775944500000,9993.301039180147
1365,1775944800000,9993.301039180147
1366,1775945100000,9993.301039180147
1367,1775945400000,9993.301039180147
1368,1775945700000,9993.301039180147
1369,1775946000000,9993.301039180147
1370,1775946300000,9993.301039180147
1371,1775946600000,9993.301039180147
1372,1775946900000,9993.301039180147
1373,1775947200000,9993.301039180147
1374,1775947500000,9993.301039180147
1375,1775947800000,9993.301039180147
1376,1775948100000,9993.301039180147
1377,1775948400000,9993.301039180147
1378,1775948700000,9993.301039180147
1379,1775949000000,9993.301039180147
1380,1775949300000,9993.301039180147
1381,1775949600000,9993.301039180147
1382,1775949900000,9993.301039180147
1383,1775950200000,9993.301039180147
1384,1775950500000,9993.301039180147
1385,1775950800000,9993.301039180147
1386,1775951100000,9993.301039180147
1387,1775951400000,9993.301039180147
1388,1775951700000,9993.301039180147
1389,1775952000000,9993.301039180147
1390,1775952300000,9993.301039180147
1391,1775952600000,9993.301039180147
1392,1775952900000,9993.301039180147
1393,1775953200000,9993.301039180147
1394,1775953500000,9993.301039180147
1395,1775953800000,9993.301039180147
1396,1775954100000,9993.301039180147
1397,1775954400000,9993.301039180147
1398,1775954700000,9993.301039180147
1399,1775955000000,9993.301039180147
1400,1775955300000,9993.301039180147
1401,1775955600000,9993.301039180147
1402,1775955900000,9993.301039180147
1403,1775956200000,9993.301039180147
1404,1775956500000,9993.301039180147
1405,1775956800000,9993.301039180147
1406,1775957100000,9993.301039180147
1407,1775957400000,9993.301039180147
1408,1775957700000,9993.301039180147
1409,1775958000000,9993.301039180147
1410,1775958300000,9993.301039180147
1411,1775958600000,9993.301039180147
1412,1775958900000,9993.301039180147
1413,1775959200000,9993.301039180147
1414,1775959500000,9993.301039180147
1415,1775959800000,9993.301039180147
1416,1775960100000,9993.301039180147
1417,1775960400000,9993.301039180147
1418,1775960700000,9993.301039180147
1419,1775961000000,9993.301039180147
1420,1775961300000,9993.301039180147
1421,1775961600000,9993.301039180147
1422,1775961900000,9993.301039180147
1423,1775962200000,9993.301039180147
1424,1775962500000,9993.301039180147
1425,1775962800000,9993.301039180147
1426,1775963100000,9993.301039180147
1427,1775963400000,9993.301039180147
1428,1775963700000,9993.301039180147
1429,1775964000000,9993.301039180147
1430,1775964300000,9993.301039180147
1431,1775964600000,9993.301039180147
1432,1775964900000,9993.301039180147
1433,1775965200000,9993.301039180147
1434,1775965500000,9993.301039180147
1435,1775965800000,9993.301039180147
1436,1775966100000,9993.301039180147
1437,1775966400000,9993.301039180147
1438,1775966700000,9993.301039180147
1439,1775967000000,9993.301039180147
1440,1775967300000,9993.301039180147
1441,1775967600000,9993.301039180147
1442,1775967900000,9993.301039180147
1443,1775968200000,9993.301039180147
1444,1775968500000,9993.301039180147
1445,1775968800000,9993.301039180147
1446,1775969100000,9993.301039180147
1447,1775969400000,9993.301039180147
1448,1775969700000,9993.301039180147
1449,1775970000000,9993.301039180147
1450,1775970300000,9993.301039180147
1451,1775970600000,9993.301039180147
1452,1775970900000,9993.301039180147
1453,1775971200000,9993.301039180147
1454,1775971500000,9993.301039180147
1455,1775971800000,9993.301039180147
1456,1775972100000,9993.301039180147
1457,1775972400000,9993.301039180147
1458,1775972700000,9993.301039180147
1459,1775973000000,9993.301039180147
1460,1775973300000,9993.301039180147
1461,1775973600000,9993.301039180147
1462,1775973900000,9993.301039180147
1463,1775974200000,9993.301039180147
1464,1775974500000,9993.301039180147
1465,1775974800000,9993.301039180147
1466,1775975100000,9993.301039180147
1467,1775975400000,9993.301039180147
1468,1775975700000,9993.301039180147
1469,1775976000000,9993.301039180147
1470,1775976300000,9993.301039180147
1471,1775976600000,9993.301039180147
1472,1775976900000,9993.301039180147
1473,1775977200000,9993.301039180147
1474,1775977500000,9993.301039180147
1475,1775977800000,9993.301039180147
1476,1775978100000,9993.301039180147
1477,1775978400000,9993.301039180147
1478,1775978700000,9993.301039180147
1479,1775979000000,9993.301039180147
1480,1775979300000,9993.301039180147
1481,1775979600000,9993.301039180147
1482,1775979900000,9993.301039180147
1483,1775980200000,9993.301039180147
1484,1775980500000,9993.301039180147
1485,1775980800000,9993.301039180147
1486,1775981100000,9993.301039180147
1487,1775981400000,9993.301039180147
1488,1775981700000,9993.301039180147
1489,1775982000000,9993.301039180147
1490,1775982300000,9993.301039180147
1491,1775982600000,9993.301039180147
1492,1775982900000,9993.301039180147
1493,1775983200000,9993.301039180147
1494,1775983500000,9993.301039180147
1495,1775983800000,9993.301039180147
1496,1775984100000,9993.301039180147
1497,1775984400000,9993.301039180147
1498,1775984700000,9993.301039180147
1499,1775985000000,9993.301039180147
1500,1775985300000,9993.301039180147
1501,1775985600000,9993.301039180147
1502,1775985900000,9993.301039180147
1503,1775986200000,9993.301039180147
1504,1775986500000,9993.301039180147
1505,1775986800000,9993.301039180147
1506,1775987100000,9993.301039180147
1507,1775987400000,9993.301039180147
1508,1775987700000,9993.301039180147
1509,1775988000000,9993.301039180147
1510,1775988300000,9993.301039180147
1511,1775988600000,9993.301039180147
1512,1775988900000,9993.301039180147
1513,1775989200000,9993.301039180147
1514,1775989500000,9993.301039180147
1515,1775989800000,9993.301039180147
1516,1775990100000,9993.301039180147
1517,1775990400000,9993.301039180147
1518,1775990700000,9993.301039180147
1519,1775991000000,9993.301039180147
1520,1775991300000,9993.301039180147
1521,1775991600000,9993.301039180147
1522,1775991900000,9993.301039180147
1523,1775992200000,9993.301039180147
1524,1775992500000,9993.301039180147
1525,1775992800000,9993.301039180147
1526,1775993100000,9993.301039180147
1527,1775993400000,9993.301039180147
1528,1775993700000,9993.301039180147
1529,1775994000000,9993.301039180147
1530,1775994300000,9993.301039180147
1531,1775994600000,9993.301039180147
1532,1775994900000,9993.301039180147
1533,1775995200000,9993.301039180147
1534,1775995500000,9993.301039180147
1535,1775995800000,9993.301039180147
1536,1775996100000,9993.301039180147
1537,1775996400000,9993.301039180147
1538,1775996700000,9993.301039180147
1539,1775997000000,9993.301039180147
1540,1775997300000,9993.301039180147
1541,1775997600000,9993.301039180147
1542,1775997900000,9993.301039180147
1543,1775998200000,9993.301039180147
1544,1775998500000,9993.301039180147
1545,1775998800000,9993.301039180147
1546,1775999100000,9993.301039180147
1547,1775999400000,9993.301039180147
1548,1775999700000,9993.301039180147
1549,1776000000000,9993.301039180147
1550,1776000300000,9993.301039180147
1551,1776000600000,9993.301039180147
1552,1776000900000,9993.301039180147
1553,1776001200000,9993.301039180147
1554,1776001500000,9993.301039180147
1555,1776001800000,9993.301039180147
1556,1776002100000,9993.301039180147
1557,1776002400000,9993.301039180147
1558,1776002700000,9993.301039180147
1559,1776003000000,9993.301039180147
1560,1776003300000,9993.301039180147
1561,1776003600000,9993.301039180147
1562,1776003900000,9993.301039180147
1563,1776004200000,9993.301039180147
1564,1776004500000,9993.301039180147
1565,1776004800000,9993.301039180147
1566,1776005100000,9993.301039180147
1567,1776005400000,9993.301039180147
1568,1776005700000,9993.301039180147
1569,1776006000000,9993.301039180147
1570,1776006300000,9993.301039180147
1571,1776006600000,9993.301039180147
1572,1776006900000,9993.301039180147
1573,1776007200000,9993.301039180147
1574,1776007500000,9993.301039180147
1575,1776007800000,9993.301039180147
1576,1776008100000,9993.301039180147
1577,1776008400000,9993.301039180147
1578,1776008700000,9993.301039180147
1579,1776009000000,9993.301039180147
1580,1776009300000,9993.301039180147
1581,1776009600000,9993.301039180147
1582,1776009900000,9993.301039180147
1583,1776010200000,9993.301039180147
1584,1776010500000,9993.301039180147
1585,1776010800000,9993.301039180147
1586,1776011100000,9993.301039180147
1587,1776011400000,9993.301039180147
1588,1776011700000,9993.301039180147
1589,1776012000000,9993.301039180147
1590,1776012300000,9993.301039180147
1591,1776012600000,9993.301039180147
1592,1776012900000,9993.301039180147
1593,1776013200000,9993.301039180147
1594,1776013500000,9993.301039180147
1595,1776013800000,9993.301039180147
1596,1776014100000,9993.301039180147
1597,1776014400000,9993.301039180147
1598,1776014700000,9993.301039180147
1599,1776015000000,9993.301039180147
1600,1776015300000,9993.301039180147
1601,1776015600000,9993.301039180147
1602,1776015900000,9993.301039180147
1603,1776016200000,9993.301039180147
1604,1776016500000,9993.301039180147
1605,1776016800000,9993.301039180147
1606,1776017100000,9993.301039180147
1607,1776017400000,9993.301039180147
1608,1776017700000,9993.301039180147
1609,1776018000000,9993.301039180147
1610,1776018300000,9993.301039180147
1611,1776018600000,9993.301039180147
1612,1776018900000,9993.301039180147
1613,1776019200000,9993.301039180147
1614,1776019500000,9993.301039180147
1615,1776019800000,9993.301039180147
1616,1776020100000,9993.301039180147
1617,1776020400000,9993.301039180147
1618,1776020700000,9993.301039180147
1619,1776021000000,9993.301039180147
1620,1776021300000,9993.301039180147
1621,1776021600000,9993.301039180147
1622,1776021900000,9993.301039180147
1623,1776022200000,9993.301039180147
1624,1776022500000,9993.301039180147
1625,1776022800000,9993.301039180147
1626,1776023100000,9993.301039180147
1627,1776023400000,9993.301039180147
1628,1776023700000,9993.301039180147
1629,1776024000000,9993.301039180147
1630,1776024300000,9993.301039180147
1631,1776024600000,9993.301039180147
1632,1776024900000,9993.301039180147
1633,1776025200000,9993.301039180147
1634,1776025500000,9993.301039180147
1635,1776025800000,9993.301039180147
1636,1776026100000,9993.301039180147
1637,1776026400000,9993.301039180147
1638,1776026700000,9993.301039180147
1639,1776027000000,9993.301039180147
1640,1776027300000,9993.301039180147
1641,1776027600000,9993.301039180147
1642,1776027900000,9993.301039180147
1643,1776028200000,9993.301039180147
1644,1776028500000,9993.301039180147
1645,1776028800000,9993.301039180147
1646,1776029100000,9993.301039180147
1647,1776029400000,9993.301039180147
1648,1776029700000,9993.301039180147
1649,1776030000000,9993.301039180147
1650,1776030300000,9993.301039180147
1651,1776030600000,9993.301039180147
1652,1776030900000,9993.301039180147
1653,1776031200000,9993.301039180147
1654,1776031500000,9993.301039180147
1655,1776031800000,9993.301039180147
1656,1776032100000,9993.301039180147
1657,1776032400000,9993.301039180147
1658,1776032700000,9993.301039180147
1659,1776033000000,9993.301039180147
1660,1776033300000,9993.301039180147
1661,1776033600000,9993.301039180147
1662,1776033900000,9993.301039180147
1663,1776034200000,9993.301039180147
1664,1776034500000,9993.301039180147
1665,1776034800000,9993.301039180147
1666,1776035100000,9993.301039180147
1667,1776035400000,9993.301039180147
1668,1776035700000,9993.301039180147
1669,1776036000000,9993.301039180147
1670,1776036300000,9993.301039180147
1671,1776036600000,9993.301039180147
1672,1776036900000,9993.301039180147
1673,1776037200000,9993.301039180147
1674,1776037500000,9993.301039180147
1675,1776037800000,9993.301039180147
1676,1776038100000,9993.301039180147
1677,1776038400000,9993.301039180147
1678,1776038700000,9993.301039180147
1679,1776039000000,9993.301039180147
1680,1776039300000,9993.301039180147
1681,1776039600000,9993.301039180147
1682,1776039900000,9993.301039180147
1683,1776040200000,9993.301039180147
1684,1776040500000,9993.301039180147
1685,1776040800000,9993.301039180147
1686,1776041100000,9993.301039180147
1687,1776041400000,9993.301039180147
1688,1776041700000,9993.301039180147
1689,1776042000000,9993.301039180147
1690,1776042300000,9993.301039180147
1691,1776042600000,9993.301039180147
1692,1776042900000,9993.301039180147
1693,1776043200000,9993.301039180147
1694,1776043500000,9993.301039180147
1695,1776043800000,9993.301039180147
1696,1776044100000,9993.301039180147
1697,1776044400000,9993.301039180147
1698,1776044700000,9993.301039180147
1699,1776045000000,9993.301039180147
1700,1776045300000,9993.301039180147
1701,1776045600000,9993.301039180147
1702,1776045900000,9993.301039180147
1703,1776046200000,9993.301039180147
1704,1776046500000,9993.301039180147
1705,1776046800000,9993.301039180147
1706,1776047100000,9993.301039180147
1707,1776047400000,9993.301039180147
1708,1776047700000,9993.301039180147
1709,1776048000000,9993.301039180147
1710,1776048300000,9993.301039180147
1711,1776048600000,9993.301039180147
1712,1776048900000,9993.301039180147
1713,1776049200000,9993.301039180147
1714,1776049500000,9993.301039180147
1715,1776049800000,9993.301039180147
1716,1776050100000,9993.301039180147
1717,1776050400000,9993.301039180147
1718,1776050700000,9993.301039180147
1719,1776051000000,9993.301039180147
1720,1776051300000,9993.301039180147
1721,1776051600000,9993.301039180147
1722,1776051900000,9993.301039180147
1723,1776052200000,9993.301039180147
1724,1776052500000,9993.301039180147
1725,1776052800000,9993.301039180147
1726,1776053100000,9993.301039180147
1727,1776053400000,9993.301039180147
1728,1776053700000,9993.301039180147
1729,1776054000000,9993.301039180147
1730,1776054300000,9993.301039180147
1731,1776054600000,9993.301039180147
1732,1776054900000,9993.301039180147
1733,1776055200000,9993.301039180147
1734,1776055500000,9993.301039180147
1735,1776055800000,9993.301039180147
1736,1776056100000,9993.301039180147
1737,1776056400000,9993.301039180147
1738,1776056700000,9993.301039180147
1739,1776057000000,9993.301039180147
1740,1776057300000,9993.301039180147
1741,1776057600000,9993.301039180147
1742,1776057900000,9993.301039180147
1743,1776058200000,9993.301039180147
1744,1776058500000,9993.301039180147
1745,1776058800000,9993.301039180147
1746,1776059100000,9993.301039180147
1747,1776059400000,9993.301039180147
1748,1776059700000,9993.301039180147
1749,1776060000000,9993.301039180147
1750,1776060300000,9993.301039180147
1751,1776060600000,9993.301039180147
1752,1776060900000,9993.301039180147
1753,1776061200000,9993.301039180147
1754,1776061500000,9993.301039180147
1755,1776061800000,9993.301039180147
1756,1776062100000,9993.301039180147
1757,1776062400000,9993.301039180147
1758,1776062700000,9993.301039180147
1759,1776063000000,9993.301039180147
1760,1776063300000,9993.301039180147
1761,1776063600000,9993.301039180147
1762,1776063900000,9993.301039180147
1763,1776064200000,9993.301039180147
1764,1776064500000,9993.301039180147
1765,1776064800000,9993.301039180147
1766,1776065100000,9993.301039180147
1767,1776065400000,9993.301039180147
1768,1776065700000,9993.301039180147
1769,1776066000000,9993.301039180147
1770,1776066300000,9993.301039180147
1771,1776066600000,9993.301039180147
1772,1776066900000,9993.301039180147
1773,1776067200000,9993.301039180147
1774,1776067500000,9993.301039180147
1775,1776067800000,9993.301039180147
1776,1776068100000,9993.301039180147
1777,1776068400000,9993.301039180147
1778,1776068700000,9993.301039180147
1779,1776069000000,9993.301039180147
1780,1776069300000,9993.301039180147
1781,1776069600000,9993.301039180147
1782,1776069900000,9993.301039180147
1783,1776070200000,9993.301039180147
1784,1776070500000,9993.301039180147
1785,1776070800000,9993.301039180147
1786,1776071100000,9993.301039180147
1787,1776071400000,9993.301039180147
1788,1776071700000,9993.301039180147
1789,1776072000000,9993.301039180147
1790,1776072300000,9993.301039180147
1791,1776072600000,9993.301039180147
1792,1776072900000,9993.301039180147
1793,1776073200000,9993.301039180147
1794,1776073500000,9993.301039180147
1795,1776073800000,9993.301039180147
1796,1776074100000,9993.301039180147
1797,1776074400000,9993.301039180147
1798,1776074700000,9993.301039180147
1799,1776075000000,9993.301039180147
1800,1776075300000,9993.301039180147
1801,1776075600000,9993.301039180147
1802,1776075900000,9993.301039180147
1803,1776076200000,9993.301039180147
1804,1776076500000,9993.301039180147
1805,1776076800000,9993.301039180147
1806,1776077100000,9993.301039180147
1807,1776077400000,9993.301039180147
1808,1776077700000,9993.301039180147
1809,1776078000000,9993.301039180147
1810,1776078300000,9993.301039180147
1811,1776078600000,9993.301039180147
1812,1776078900000,9993.301039180147
1813,1776079200000,9993.301039180147
1814,1776079500000,9993.301039180147
1815,1776079800000,9993.301039180147
1816,1776080100000,9993.301039180147
1817,1776080400000,9993.301039180147
1818,1776080700000,9993.301039180147
1819,1776081000000,9993.301039180147
1820,1776081300000,9993.301039180147
1821,1776081600000,9993.301039180147
1822,1776081900000,9993.301039180147
1823,1776082200000,9993.301039180147
1824,1776082500000,9993.301039180147
1825,1776082800000,9993.301039180147
1826,1776083100000,9993.301039180147
1827,1776083400000,9993.301039180147
1828,1776083700000,9993.301039180147
1829,1776084000000,9993.301039180147
1830,1776084300000,9993.301039180147
1831,1776084600000,9993.301039180147
1832,1776084900000,9993.301039180147
1833,1776085200000,9993.301039180147
1834,1776085500000,9993.301039180147
1835,1776085800000,9993.301039180147
1836,1776086100000,9993.301039180147
1837,1776086400000,9993.301039180147
1838,1776086700000,9993.301039180147
1839,1776087000000,9993.301039180147
1840,1776087300000,9993.301039180147
1841,1776087600000,9993.301039180147
1842,1776087900000,9993.301039180147
1843,1776088200000,9993.301039180147
1844,1776088500000,9993.301039180147
1845,1776088800000,9993.301039180147
1846,1776089100000,9993.301039180147
1847,1776089400000,9993.301039180147
1848,1776089700000,9993.301039180147
1849,1776090000000,9993.301039180147
1850,1776090300000,9993.301039180147
1851,1776090600000,9993.301039180147
1852,1776090900000,9993.301039180147
1853,1776091200000,9993.301039180147
1854,1776091500000,9993.301039180147
1855,1776091800000,9993.301039180147
1856,1776092100000,9993.301039180147
1857,1776092400000,9993.301039180147
1858,1776092700000,9993.301039180147
1859,1776093000000,9993.301039180147
1860,1776093300000,9993.301039180147
1861,1776093600000,9993.301039180147
1862,1776093900000,9993.301039180147
1863,1776094200000,9993.301039180147
1864,1776094500000,9993.301039180147
1865,1776094800000,9993.301039180147
1866,1776095100000,9993.301039180147
1867,1776095400000,9993.301039180147
1868,1776095700000,9993.301039180147
1869,1776096000000,9993.301039180147
1870,1776096300000,9993.301039180147
1871,1776096600000,9993.301039180147
1872,1776096900000,9993.301039180147
1873,1776097200000,9993.301039180147
1874,1776097500000,9993.301039180147
1875,1776097800000,9993.301039180147
1876,1776098100000,9993.301039180147
1877,1776098400000,9993.301039180147
1878,1776098700000,9993.301039180147
1879,1776099000000,9993.301039180147
1880,1776099300000,9993.301039180147
1881,1776099600000,9993.301039180147
1882,1776099900000,9993.301039180147
1883,1776100200000,9993.301039180147
1884,1776100500000,9993.301039180147
1885,1776100800000,9993.301039180147
1886,1776101100000,9993.301039180147
1887,1776101400000,9993.301039180147
1888,1776101700000,9993.301039180147
1889,1776102000000,9993.301039180147
1890,1776102300000,9993.301039180147
1891,1776102600000,9993.301039180147
1892,1776102900000,9993.301039180147
1893,1776103200000,9993.301039180147
1894,1776103500000,9993.301039180147
1895,1776103800000,9993.301039180147
1896,1776104100000,9993.301039180147
1897,1776104400000,9993.301039180147
1898,1776104700000,9993.301039180147
1899,1776105000000,9993.301039180147
1900,1776105300000,9993.301039180147
1901,1776105600000,9993.301039180147
1902,1776105900000,9993.301039180147
1903,1776106200000,9993.301039180147
1904,1776106500000,9993.301039180147
1905,1776106800000,9993.301039180147
1906,1776107100000,9993.301039180147
1907,1776107400000,9993.301039180147
1908,1776107700000,9993.301039180147
1909,1776108000000,9993.301039180147
1910,1776108300000,9993.301039180147
1911,1776108600000,9993.301039180147
1912,1776108900000,9993.301039180147
1913,1776109200000,9993.301039180147
1914,1776109500000,9993.301039180147
1915,1776109800000,9993.301039180147
1916,1776110100000,9993.301039180147
1917,1776110400000,9993.301039180147
1918,1776110700000,9993.301039180147
1919,1776111000000,9993.301039180147
1920,1776111300000,9993.301039180147
1921,1776111600000,9993.301039180147
1922,1776111900000,9993.301039180147
1923,1776112200000,9993.301039180147
1924,1776112500000,9993.301039180147
1925,1776112800000,9993.301039180147
1926,1776113100000,9993.301039180147
1927,1776113400000,9993.301039180147
1928,1776113700000,9993.301039180147
1929,1776114000000,9993.301039180147
1930,1776114300000,9993.301039180147
1931,1776114600000,9993.301039180147
1932,1776114900000,9993.301039180147
1933,1776115200000,9993.301039180147
1934,1776115500000,9993.301039180147
1935,1776115800000,9993.301039180147
1936,1776116100000,9993.301039180147
1937,1776116400000,9993.301039180147
1938,1776116700000,9993.301039180147
1939,1776117000000,9993.301039180147
1940,1776117300000,9993.301039180147
1941,1776117600000,9993.301039180147
1942,1776117900000,9993.301039180147
1943,1776118200000,9993.301039180147
1944,1776118500000,9993.301039180147
1945,1776118800000,9993.301039180147
1946,1776119100000,9993.301039180147
1947,1776119400000,9993.301039180147
1948,1776119700000,9993.301039180147
1949,1776120000000,9993.301039180147
1950,1776120300000,9993.301039180147
1951,1776120600000,9993.301039180147
1952,1776120900000,9993.301039180147
1953,1776121200000,9993.301039180147
1954,1776121500000,9993.301039180147
1955,1776121800000,9993.301039180147
1956,1776122100000,9993.301039180147
1957,1776122400000,9993.301039180147
1958,1776122700000,9993.301039180147
1959,1776123000000,9993.301039180147
1960,1776123300000,9993.301039180147
1961,1776123600000,9993.301039180147
1962,1776123900000,9993.301039180147
1963,1776124200000,9993.301039180147
1964,1776124500000,9993.301039180147
1965,1776124800000,9993.301039180147
1966,1776125100000,9993.301039180147
1967,1776125400000,9993.301039180147
1968,1776125700000,9993.301039180147
1969,1776126000000,9993.301039180147
1970,1776126300000,9993.301039180147
1971,1776126600000,9993.301039180147
1972,1776126900000,9993.301039180147
1973,1776127200000,9993.301039180147
1974,1776127500000,9993.301039180147
1975,1776127800000,9993.301039180147
1976,1776128100000,9993.301039180147
1977,1776128400000,9993.301039180147
1978,1776128700000,9993.301039180147
1979,1776129000000,9993.301039180147
1980,1776129300000,9993.301039180147
1981,1776129600000,9993.301039180147
1982,1776129900000,9993.301039180147
1983,1776130200000,9993.301039180147
1984,1776130500000,9993.301039180147
1985,1776130800000,9993.301039180147
1986,1776131100000,9993.301039180147
1987,1776131400000,9993.301039180147
1988,1776131700000,9993.301039180147
1989,1776132000000,9993.301039180147
1990,1776132300000,9993.301039180147
1991,1776132600000,9993.301039180147
1992,1776132900000,9993.301039180147
1993,1776133200000,9993.301039180147
1994,1776133500000,9993.301039180147
1995,1776133800000,9993.301039180147
1996,1776134100000,9993.301039180147
1997,1776134400000,9993.301039180147
1998,1776134700000,9993.301039180147
1999,1776135000000,9993.301039180147
2000,1776135300000,9993.301039180147
2001,1776135600000,9993.301039180147
2002,1776135900000,9993.301039180147
2003,1776136200000,9993.301039180147
2004,1776136500000,9993.301039180147
2005,1776136800000,9993.301039180147
2006,1776137100000,9993.301039180147
2007,1776137400000,9993.301039180147
2008,1776137700000,9993.301039180147
2009,1776138000000,9993.301039180147
2010,1776138300000,9993.301039180147
2011,1776138600000,9993.301039180147
2012,1776138900000,9993.301039180147
2013,1776139200000,9993.301039180147
2014,1776139500000,9993.301039180147
2015,1776139800000,9993.301039180147
2016,1776140100000,9993.301039180147
2017,1776140400000,9993.301039180147
2018,1776140700000,9993.301039180147
2019,1776141000000,9993.301039180147
2020,1776141300000,9993.301039180147
2021,1776141600000,9993.301039180147
2022,1776141900000,9993.301039180147
2023,1776142200000,9993.301039180147
2024,1776142500000,9993.301039180147
2025,1776142800000,9993.301039180147
2026,1776143100000,9993.301039180147
2027,1776143400000,9993.301039180147
2028,1776143700000,9993.301039180147
2029,1776144000000,9993.301039180147
2030,1776144300000,9993.301039180147
2031,1776144600000,9993.301039180147
2032,1776144900000,9993.301039180147
2033,1776145200000,9993.301039180147
2034,1776145500000,9993.301039180147
2035,1776145800000,9993.301039180147
2036,1776146100000,9993.301039180147
2037,1776146400000,9993.301039180147
2038,1776146700000,9993.301039180147
2039,1776147000000,9993.301039180147
2040,1776147300000,9993.301039180147
2041,1776147600000,9993.301039180147
2042,1776147900000,9993.301039180147
2043,1776148200000,9993.301039180147
2044,1776148500000,9993.301039180147
2045,1776148800000,9993.301039180147
2046,1776149100000,9993.301039180147
2047,1776149400000,9993.301039180147
2048,1776149700000,9993.301039180147
2049,1776150000000,9993.301039180147
2050,1776150300000,9993.301039180147
2051,1776150600000,9993.301039180147
2052,1776150900000,9993.301039180147
2053,1776151200000,9993.301039180147
2054,1776151500000,9993.301039180147
2055,1776151800000,9993.301039180147
2056,1776152100000,9993.301039180147
2057,1776152400000,9993.301039180147
2058,1776152700000,9993.301039180147
2059,1776153000000,9993.301039180147
2060,1776153300000,9993.301039180147
2061,1776153600000,9993.301039180147
2062,1776153900000,9993.301039180147
2063,1776154200000,9993.301039180147
2064,1776154500000,9993.301039180147
2065,1776154800000,9993.301039180147
2066,1776155100000,9993.301039180147
2067,1776155400000,9993.301039180147
2068,1776155700000,9993.301039180147
2069,1776156000000,9993.301039180147
2070,1776156300000,9993.301039180147
2071,1776156600000,9993.301039180147
2072,1776156900000,9993.301039180147
2073,1776157200000,9993.301039180147
2074,1776157500000,9993.301039180147
2075,1776157800000,9993.301039180147
2076,1776158100000,9993.301039180147
2077,1776158400000,9993.301039180147
2078,1776158700000,9993.301039180147
2079,1776159000000,9993.301039180147
2080,1776159300000,9993.301039180147
2081,1776159600000,9993.301039180147
2082,1776159900000,9993.301039180147
2083,1776160200000,9993.301039180147
2084,1776160500000,9993.301039180147
2085,1776160800000,9993.301039180147
2086,1776161100000,9993.301039180147
2087,1776161400000,9993.301039180147
2088,1776161700000,9993.301039180147
2089,1776162000000,9993.301039180147
2090,1776162300000,9993.301039180147
2091,1776162600000,9993.301039180147
2092,1776162900000,9993.301039180147
2093,1776163200000,9993.301039180147
2094,1776163500000,9993.301039180147
2095,1776163800000,9993.301039180147
2096,1776164100000,9993.301039180147
2097,1776164400000,9993.301039180147
2098,1776164700000,9993.301039180147
2099,1776165000000,9993.301039180147
2100,1776165300000,9993.301039180147
2101,1776165600000,9993.301039180147
2102,1776165900000,9993.301039180147
2103,1776166200000,9993.301039180147
2104,1776166500000,9993.301039180147
2105,1776166800000,9993.301039180147
2106,1776167100000,9993.301039180147
2107,1776167400000,9993.301039180147
2108,1776167700000,9993.301039180147
2109,1776168000000,9993.301039180147
2110,1776168300000,9993.301039180147
2111,1776168600000,9993.301039180147
2112,1776168900000,9993.301039180147
2113,1776169200000,9993.301039180147
2114,1776169500000,9993.301039180147
2115,1776169800000,9993.301039180147
2116,1776170100000,9993.301039180147
2117,1776170400000,9993.301039180147
2118,1776170700000,9993.301039180147
2119,1776171000000,9993.301039180147
2120,1776171300000,9993.301039180147
2121,1776171600000,9993.301039180147
2122,1776171900000,9993.301039180147
2123,1776172200000,9993.301039180147
2124,1776172500000,9993.301039180147
2125,1776172800000,9993.301039180147
2126,1776173100000,9993.301039180147
2127,1776173400000,9993.301039180147
2128,1776173700000,9993.301039180147
2129,1776174000000,9993.301039180147
2130,1776174300000,9993.301039180147
2131,1776174600000,9993.301039180147
2132,1776174900000,9993.301039180147
2133,1776175200000,9993.301039180147
2134,1776175500000,9993.301039180147
2135,1776175800000,9993.301039180147
2136,1776176100000,9993.301039180147
2137,1776176400000,9993.301039180147
2138,1776176700000,9993.301039180147
2139,1776177000000,9993.301039180147
2140,1776177300000,9993.301039180147
2141,1776177600000,9993.301039180147
2142,1776177900000,9993.301039180147
2143,1776178200000,9993.301039180147
2144,1776178500000,9993.301039180147
2145,1776178800000,9993.301039180147
2146,1776179100000,9993.301039180147
2147,1776179400000,9993.301039180147
2148,1776179700000,9993.301039180147
2149,1776180000000,9993.301039180147
2150,1776180300000,9993.301039180147
2151,1776180600000,9993.301039180147
2152,1776180900000,9993.301039180147
2153,1776181200000,9993.301039180147
2154,1776181500000,9993.301039180147
2155,1776181800000,9993.301039180147
2156,1776182100000,9993.301039180147
2157,1776182400000,9993.301039180147
2158,1776182700000,9993.301039180147
2159,1776183000000,9993.301039180147
2160,1776183300000,9993.301039180147
2161,1776183600000,9993.301039180147
2162,1776183900000,9993.301039180147
2163,1776184200000,9993.301039180147
2164,1776184500000,9993.301039180147
2165,1776184800000,9993.301039180147
2166,1776185100000,9993.301039180147
2167,1776185400000,9993.301039180147
2168,1776185700000,9993.301039180147
2169,1776186000000,9993.301039180147
2170,1776186300000,9993.301039180147
2171,1776186600000,9993.301039180147
2172,1776186900000,9993.301039180147
2173,1776187200000,9993.301039180147
2174,1776187500000,9993.301039180147
2175,1776187800000,9993.301039180147
2176,1776188100000,9993.301039180147
2177,1776188400000,9993.301039180147
2178,1776188700000,9993.301039180147
2179,1776189000000,9993.301039180147
2180,1776189300000,9993.301039180147
2181,1776189600000,9993.301039180147
2182,1776189900000,9993.301039180147
2183,1776190200000,9993.301039180147
2184,1776190500000,9993.301039180147
2185,1776190800000,9993.301039180147
2186,1776191100000,9993.301039180147
2187,1776191400000,9993.301039180147
2188,1776191700000,9993.301039180147
2189,1776192000000,9993.301039180147
2190,1776192300000,9993.301039180147
2191,1776192600000,9993.301039180147
2192,1776192900000,9993.301039180147
2193,1776193200000,9993.301039180147
2194,1776193500000,9993.301039180147
2195,1776193800000,9993.301039180147
2196,1776194100000,9993.301039180147
2197,1776194400000,9993.301039180147
2198,1776194700000,9993.301039180147
2199,1776195000000,9993.301039180147
2200,1776195300000,9993.301039180147
2201,1776195600000,9993.301039180147
2202,1776195900000,9993.301039180147
2203,1776196200000,9993.301039180147
2204,1776196500000,9993.301039180147
2205,1776196800000,9993.301039180147
2206,1776197100000,9993.301039180147
2207,1776197400000,9993.301039180147
2208,1776197700000,9993.301039180147
2209,1776198000000,9993.301039180147
2210,1776198300000,9993.301039180147
2211,1776198600000,9993.301039180147
2212,1776198900000,9993.301039180147
2213,1776199200000,9993.301039180147
2214,1776199500000,9993.301039180147
2215,1776199800000,9993.301039180147
2216,1776200100000,9993.301039180147
2217,1776200400000,9993.301039180147
2218,1776200700000,9993.301039180147
2219,1776201000000,9993.301039180147
2220,1776201300000,9993.301039180147
2221,1776201600000,9993.301039180147
2222,1776201900000,9993.301039180147
2223,1776202200000,9993.301039180147
2224,1776202500000,9993.301039180147
2225,1776202800000,9993.301039180147
2226,1776203100000,9993.301039180147
2227,1776203400000,9993.301039180147
2228,1776203700000,9993.301039180147
2229,1776204000000,9993.301039180147
2230,1776204300000,9993.301039180147
2231,1776204600000,9993.301039180147
2232,1776204900000,9993.301039180147
2233,1776205200000,9993.301039180147
2234,1776205500000,9993.301039180147
2235,1776205800000,9993.301039180147
2236,1776206100000,9993.301039180147
2237,1776206400000,9993.301039180147
2238,1776206700000,9993.301039180147
2239,1776207000000,9993.301039180147
2240,1776207300000,9993.301039180147
2241,1776207600000,9993.301039180147
2242,1776207900000,9993.301039180147
2243,1776208200000,9993.301039180147
2244,1776208500000,9993.301039180147
2245,1776208800000,9993.301039180147
2246,1776209100000,9993.301039180147
2247,1776209400000,9993.301039180147
2248,1776209700000,9993.301039180147
2249,1776210000000,9993.301039180147
2250,1776210300000,9993.301039180147
2251,1776210600000,9993.301039180147
2252,1776210900000,9993.301039180147
2253,1776211200000,9993.301039180147
2254,1776211500000,9993.301039180147
2255,1776211800000,9993.301039180147
2256,1776212100000,9993.301039180147
2257,1776212400000,9993.301039180147
2258,1776212700000,9993.301039180147
2259,1776213000000,9993.301039180147
2260,1776213300000,9993.301039180147
2261,1776213600000,9993.301039180147
2262,1776213900000,9993.301039180147
2263,1776214200000,9993.301039180147
2264,1776214500000,9993.301039180147
2265,1776214800000,9993.301039180147
2266,1776215100000,9993.301039180147
2267,1776215400000,9993.301039180147
2268,1776215700000,9993.301039180147
2269,1776216000000,9993.301039180147
2270,1776216300000,9993.301039180147
2271,1776216600000,9993.301039180147
2272,1776216900000,9993.301039180147
2273,1776217200000,9993.301039180147
2274,1776217500000,9993.301039180147
2275,1776217800000,9993.301039180147
2276,1776218100000,9993.301039180147
2277,1776218400000,9993.301039180147
2278,1776218700000,9993.301039180147
2279,1776219000000,9993.301039180147
2280,1776219300000,9993.301039180147
2281,1776219600000,9993.301039180147
2282,1776219900000,9993.301039180147
2283,1776220200000,9993.301039180147
2284,1776220500000,9993.301039180147
2285,1776220800000,9993.301039180147
2286,1776221100000,9993.301039180147
2287,1776221400000,9993.301039180147
2288,1776221700000,9993.301039180147
2289,1776222000000,9993.301039180147
2290,1776222300000,9993.301039180147
2291,1776222600000,9993.301039180147
2292,1776222900000,9993.301039180147
2293,1776223200000,9993.301039180147
2294,1776223500000,9993.301039180147
2295,1776223800000,9993.301039180147
2296,1776224100000,9993.301039180147
2297,1776224400000,9993.301039180147
2298,1776224700000,9993.301039180147
2299,1776225000000,9993.301039180147
2300,1776225300000,9993.301039180147
2301,1776225600000,9993.301039180147
2302,1776225900000,9993.301039180147
2303,1776226200000,9993.301039180147
2304,1776226500000,9993.301039180147
2305,1776226800000,9993.301039180147
2306,1776227100000,9993.301039180147
2307,1776227400000,9993.301039180147
2308,1776227700000,9993.301039180147
2309,1776228000000,9993.301039180147
2310,1776228300000,9993.301039180147
2311,1776228600000,9993.301039180147
2312,1776228900000,9993.301039180147
2313,1776229200000,9993.301039180147
2314,1776229500000,9993.301039180147
2315,1776229800000,9993.301039180147
2316,1776230100000,9993.301039180147
2317,1776230400000,9993.301039180147
2318,1776230700000,9993.301039180147
2319,1776231000000,9993.301039180147
2320,1776231300000,9993.301039180147
2321,1776231600000,9993.301039180147
2322,1776231900000,9993.301039180147
2323,1776232200000,9993.301039180147
2324,1776232500000,9993.301039180147
2325,1776232800000,9993.301039180147
2326,1776233100000,9993.301039180147
2327,1776233400000,9993.301039180147
2328,1776233700000,9993.301039180147
2329,1776234000000,9993.301039180147
2330,1776234300000,9993.301039180147
2331,1776234600000,9993.301039180147
2332,1776234900000,9993.301039180147
2333,1776235200000,9993.301039180147
2334,1776235500000,9993.301039180147
2335,1776235800000,9993.301039180147
2336,1776236100000,9993.301039180147
2337,1776236400000,9993.301039180147
2338,1776236700000,9993.301039180147
2339,1776237000000,9993.301039180147
2340,1776237300000,9993.301039180147
2341,1776237600000,9993.301039180147
2342,1776237900000,9993.301039180147
2343,1776238200000,9993.301039180147
2344,1776238500000,9993.301039180147
2345,1776238800000,9993.301039180147
2346,1776239100000,9993.301039180147
2347,1776239400000,9993.301039180147
2348,1776239700000,9993.301039180147
2349,1776240000000,9993.301039180147
2350,1776240300000,9993.301039180147
2351,1776240600000,9993.301039180147
2352,1776240900000,9993.301039180147
2353,1776241200000,9993.301039180147
2354,1776241500000,9993.301039180147
2355,1776241800000,9993.301039180147
2356,1776242100000,9993.301039180147
2357,1776242400000,9993.301039180147
2358,1776242700000,9993.301039180147
2359,1776243000000,9993.301039180147
2360,1776243300000,9993.301039180147
2361,1776243600000,9993.301039180147
2362,1776243900000,9993.301039180147
2363,1776244200000,9993.301039180147
2364,1776244500000,9993.301039180147
2365,1776244800000,9993.301039180147
2366,1776245100000,9993.301039180147
2367,1776245400000,9993.301039180147
2368,1776245700000,9993.301039180147
2369,1776246000000,9993.301039180147
2370,1776246300000,9993.301039180147
2371,1776246600000,9993.301039180147
2372,1776246900000,9993.301039180147
2373,1776247200000,9993.301039180147
2374,1776247500000,9993.301039180147
2375,1776247800000,9993.301039180147
2376,1776248100000,9993.301039180147
2377,1776248400000,9993.301039180147
2378,1776248700000,9993.301039180147
2379,1776249000000,9993.301039180147
2380,1776249300000,9993.301039180147
2381,1776249600000,9993.301039180147
2382,1776249900000,9993.301039180147
2383,1776250200000,9993.301039180147
2384,1776250500000,9993.301039180147
2385,1776250800000,9993.301039180147
2386,1776251100000,9993.301039180147
2387,1776251400000,9993.301039180147
2388,1776251700000,9993.301039180147
2389,1776252000000,9993.301039180147
2390,1776252300000,9993.301039180147
2391,1776252600000,9993.301039180147
2392,1776252900000,9993.301039180147
2393,1776253200000,9993.301039180147
2394,1776253500000,9993.301039180147
2395,1776253800000,9993.301039180147
2396,1776254100000,9993.301039180147
2397,1776254400000,9993.301039180147
2398,1776254700000,9993.301039180147
2399,1776255000000,9993.301039180147
2400,1776255300000,9993.301039180147
2401,1776255600000,9993.301039180147
2402,1776255900000,9993.301039180147
2403,1776256200000,9993.301039180147
2404,1776256500000,9993.301039180147
2405,1776256800000,9993.301039180147
2406,1776257100000,9993.301039180147
2407,1776257400000,9993.301039180147
2408,1776257700000,9993.301039180147
2409,1776258000000,9993.301039180147
2410,1776258300000,9993.301039180147
2411,1776258600000,9993.301039180147
2412,1776258900000,9993.301039180147
2413,1776259200000,9993.301039180147
2414,1776259500000,9993.301039180147
2415,1776259800000,9993.301039180147
2416,1776260100000,9993.301039180147
2417,1776260400000,9993.301039180147
2418,1776260700000,9993.301039180147
2419,1776261000000,9993.301039180147
2420,1776261300000,9993.301039180147
2421,1776261600000,9993.301039180147
2422,1776261900000,9993.301039180147
2423,1776262200000,9993.301039180147
2424,1776262500000,9993.301039180147
2425,1776262800000,9993.301039180147
2426,1776263100000,9993.301039180147
2427,1776263400000,9993.301039180147
2428,1776263700000,9993.301039180147
2429,1776264000000,9993.301039180147
2430,1776264300000,9993.301039180147
2431,1776264600000,9993.301039180147
2432,1776264900000,9993.301039180147
2433,1776265200000,9993.301039180147
2434,1776265500000,9993.301039180147
2435,1776265800000,9993.301039180147
2436,1776266100000,9993.301039180147
2437,1776266400000,9993.301039180147
2438,1776266700000,9993.301039180147
2439,1776267000000,9993.301039180147
2440,1776267300000,9993.301039180147
2441,1776267600000,9993.301039180147
2442,1776267900000,9993.301039180147
2443,1776268200000,9993.301039180147
2444,1776268500000,9993.301039180147
2445,1776268800000,9993.301039180147
2446,1776269100000,9993.301039180147
2447,1776269400000,9993.301039180147
2448,1776269700000,9993.301039180147
2449,1776270000000,9993.301039180147
2450,1776270300000,9993.301039180147
2451,1776270600000,9993.301039180147
2452,1776270900000,9993.301039180147
2453,1776271200000,9993.301039180147
2454,1776271500000,9993.301039180147
2455,1776271800000,9993.301039180147
2456,1776272100000,9993.301039180147
2457,1776272400000,9993.301039180147
2458,1776272700000,9993.301039180147
2459,1776273000000,9993.301039180147
2460,1776273300000,9993.301039180147
2461,1776273600000,9993.301039180147
2462,1776273900000,9993.301039180147
2463,1776274200000,9993.301039180147
2464,1776274500000,9993.301039180147
2465,1776274800000,9993.301039180147
2466,1776275100000,9993.301039180147
2467,1776275400000,9993.301039180147
2468,1776275700000,9993.301039180147
2469,1776276000000,9993.301039180147
2470,1776276300000,9993.301039180147
2471,1776276600000,9993.301039180147
2472,1776276900000,9993.301039180147
2473,1776277200000,9993.301039180147
2474,1776277500000,9993.301039180147
2475,1776277800000,9993.301039180147
2476,1776278100000,9993.301039180147
2477,1776278400000,9993.301039180147
2478,1776278700000,9993.301039180147
2479,1776279000000,9993.301039180147
2480,1776279300000,9993.301039180147
2481,1776279600000,9993.301039180147
2482,1776279900000,9993.301039180147
2483,1776280200000,9993.301039180147
2484,1776280500000,9993.301039180147
2485,1776280800000,9993.301039180147
2486,1776281100000,9993.301039180147
2487,1776281400000,9993.301039180147
2488,1776281700000,9993.301039180147
2489,1776282000000,9993.301039180147
2490,1776282300000,9993.301039180147
2491,1776282600000,9993.301039180147
2492,1776282900000,9993.301039180147
2493,1776283200000,9993.301039180147
2494,1776283500000,9993.301039180147
2495,1776283800000,9993.301039180147
2496,1776284100000,9993.301039180147
2497,1776284400000,9993.301039180147
2498,1776284700000,9993.301039180147
2499,1776285000000,9993.301039180147
2500,1776285300000,9993.301039180147
2501,1776285600000,9993.301039180147
2502,1776285900000,9993.301039180147
2503,1776286200000,9993.301039180147
2504,1776286500000,9993.301039180147
2505,1776286800000,9993.301039180147
2506,1776287100000,9993.301039180147
2507,1776287400000,9993.301039180147
2508,1776287700000,9993.301039180147
2509,1776288000000,9993.301039180147
2510,1776288300000,9993.301039180147
2511,1776288600000,9993.301039180147
2512,1776288900000,9993.301039180147
2513,1776289200000,9993.301039180147
2514,1776289500000,9993.301039180147
2515,1776289800000,9993.301039180147
2516,1776290100000,9993.301039180147
2517,1776290400000,9993.301039180147
2518,1776290700000,9993.301039180147
2519,1776291000000,9993.301039180147
2520,1776291300000,9993.301039180147
2521,1776291600000,9993.301039180147
2522,1776291900000,9993.301039180147
2523,1776292200000,9993.301039180147
2524,1776292500000,9993.301039180147
2525,1776292800000,9993.301039180147
2526,1776293100000,9993.301039180147
2527,1776293400000,9993.301039180147
2528,1776293700000,9993.301039180147
2529,1776294000000,9993.301039180147
2530,1776294300000,9993.301039180147
2531,1776294600000,9993.301039180147
2532,1776294900000,9993.301039180147
2533,1776295200000,9993.301039180147
2534,1776295500000,9993.301039180147
2535,1776295800000,9993.301039180147
2536,1776296100000,9993.301039180147
2537,1776296400000,9993.301039180147
2538,1776296700000,9993.301039180147
2539,1776297000000,9993.301039180147
2540,1776297300000,9993.301039180147
2541,1776297600000,9993.301039180147
2542,1776297900000,9993.301039180147
2543,1776298200000,9993.301039180147
2544,1776298500000,9993.301039180147
2545,1776298800000,9993.301039180147
2546,1776299100000,9993.301039180147
2547,1776299400000,9993.301039180147
2548,1776299700000,9993.301039180147
2549,1776300000000,9993.301039180147
2550,1776300300000,9993.301039180147
2551,1776300600000,9993.301039180147
2552,1776300900000,9993.301039180147
2553,1776301200000,9993.301039180147
2554,1776301500000,9993.301039180147
2555,1776301800000,9993.301039180147
2556,1776302100000,9993.301039180147
2557,1776302400000,9993.301039180147
2558,1776302700000,9993.301039180147
2559,1776303000000,9993.301039180147
2560,1776303300000,9993.301039180147
2561,1776303600000,9993.301039180147
2562,1776303900000,9993.301039180147
2563,1776304200000,9993.301039180147
2564,1776304500000,9993.301039180147
2565,1776304800000,9993.301039180147
2566,1776305100000,9993.301039180147
2567,1776305400000,9993.301039180147
2568,1776305700000,9993.301039180147
2569,1776306000000,9993.301039180147
2570,1776306300000,9993.301039180147
2571,1776306600000,9993.301039180147
2572,1776306900000,9993.301039180147
2573,1776307200000,9993.301039180147
2574,1776307500000,9993.301039180147
2575,1776307800000,9993.301039180147
2576,1776308100000,9993.301039180147
2577,1776308400000,9993.301039180147
2578,1776308700000,9993.301039180147
2579,1776309000000,9993.301039180147
2580,1776309300000,9993.301039180147
2581,1776309600000,9993.301039180147
2582,1776309900000,9993.301039180147
2583,1776310200000,9993.301039180147
2584,1776310500000,9993.301039180147
2585,1776310800000,9993.301039180147
2586,1776311100000,9993.301039180147
2587,1776311400000,9993.301039180147
2588,1776311700000,9993.301039180147
2589,1776312000000,9993.301039180147
2590,1776312300000,9993.301039180147
2591,1776312600000,9993.301039180147
2592,1776312900000,9993.301039180147
2593,1776313200000,9993.301039180147
2594,1776313500000,9993.301039180147
2595,1776313800000,9993.301039180147
2596,1776314100000,9993.301039180147
2597,1776314400000,9993.301039180147
2598,1776314700000,9993.301039180147
2599,1776315000000,9993.301039180147
2600,1776315300000,9993.301039180147
2601,1776315600000,9993.301039180147
2602,1776315900000,9993.301039180147
2603,1776316200000,9993.301039180147
2604,1776316500000,9993.301039180147
2605,1776316800000,9993.301039180147
2606,1776317100000,9993.301039180147
2607,1776317400000,9993.301039180147
2608,1776317700000,9993.301039180147
2609,1776318000000,9993.301039180147
2610,1776318300000,9993.301039180147
2611,1776318600000,9993.301039180147
2612,1776318900000,9993.301039180147
2613,1776319200000,9993.301039180147
2614,1776319500000,9993.301039180147
2615,1776319800000,9993.301039180147
2616,1776320100000,9993.301039180147
2617,1776320400000,9993.301039180147
2618,1776320700000,9993.301039180147
2619,1776321000000,9993.301039180147
2620,1776321300000,9993.301039180147
2621,1776321600000,9993.301039180147
2622,1776321900000,9993.301039180147
2623,1776322200000,9993.301039180147
2624,1776322500000,9993.301039180147
2625,1776322800000,9993.301039180147
2626,1776323100000,9993.301039180147
2627,1776323400000,9993.301039180147
2628,1776323700000,9993.301039180147
2629,1776324000000,9993.301039180147
2630,1776324300000,9993.301039180147
2631,1776324600000,9993.301039180147
2632,1776324900000,9993.301039180147
2633,1776325200000,9993.301039180147
2634,1776325500000,9993.301039180147
2635,1776325800000,9993.301039180147
2636,1776326100000,9993.301039180147
2637,1776326400000,9993.301039180147
2638,1776326700000,9993.301039180147
2639,1776327000000,9993.301039180147
2640,1776327300000,9993.301039180147
2641,1776327600000,9993.301039180147
2642,1776327900000,9993.301039180147
2643,1776328200000,9993.301039180147
2644,1776328500000,9993.301039180147
2645,1776328800000,9993.301039180147
2646,1776329100000,9993.301039180147
2647,1776329400000,9993.301039180147
2648,1776329700000,9993.301039180147
2649,1776330000000,9993.301039180147
2650,1776330300000,9993.301039180147
2651,1776330600000,9993.301039180147
2652,1776330900000,9993.301039180147
2653,1776331200000,9993.301039180147
2654,1776331500000,9993.301039180147
2655,1776331800000,9993.301039180147
2656,1776332100000,9993.301039180147
2657,1776332400000,9993.301039180147
2658,1776332700000,9993.301039180147
2659,1776333000000,9993.301039180147
2660,1776333300000,9993.301039180147
2661,1776333600000,9993.301039180147
2662,1776333900000,9993.301039180147
2663,1776334200000,9993.301039180147
2664,1776334500000,9993.301039180147
2665,1776334800000,9993.301039180147
2666,1776335100000,9993.301039180147
2667,1776335400000,9993.301039180147
2668,1776335700000,9993.301039180147
2669,1776336000000,9993.301039180147
2670,1776336300000,9993.301039180147
2671,1776336600000,9993.301039180147
2672,1776336900000,9993.301039180147
2673,1776337200000,9993.301039180147
2674,1776337500000,9993.301039180147
2675,1776337800000,9993.301039180147
2676,1776338100000,9993.301039180147
2677,1776338400000,9993.301039180147
2678,1776338700000,9993.301039180147
2679,1776339000000,9993.301039180147
2680,1776339300000,9993.301039180147
2681,1776339600000,9993.301039180147
2682,1776339900000,9993.301039180147
2683,1776340200000,9993.301039180147
2684,1776340500000,9993.301039180147
2685,1776340800000,9993.301039180147
2686,1776341100000,9993.301039180147
2687,1776341400000,9993.301039180147
2688,1776341700000,9993.301039180147
2689,1776342000000,9993.301039180147
2690,1776342300000,9993.301039180147
2691,1776342600000,9993.301039180147
2692,1776342900000,9993.301039180147
2693,1776343200000,9993.301039180147
2694,1776343500000,9993.301039180147
2695,1776343800000,9993.301039180147
2696,1776344100000,9993.301039180147
2697,1776344400000,9993.301039180147
2698,1776344700000,9993.301039180147
2699,1776345000000,9993.301039180147
2700,1776345300000,9993.301039180147
2701,1776345600000,9993.301039180147
2702,1776345900000,9993.301039180147
2703,1776346200000,9993.301039180147
2704,1776346500000,9993.301039180147
2705,1776346800000,9993.301039180147
2706,1776347100000,9993.301039180147
2707,1776347400000,9993.301039180147
2708,1776347700000,9993.301039180147
2709,1776348000000,9993.301039180147
2710,1776348300000,9993.301039180147
2711,1776348600000,9993.301039180147
2712,1776348900000,9993.301039180147
2713,1776349200000,9993.301039180147
2714,1776349500000,9993.301039180147
2715,1776349800000,9993.301039180147
2716,1776350100000,9993.301039180147
2717,1776350400000,9993.301039180147
2718,1776350700000,9993.301039180147
2719,1776351000000,9993.301039180147
2720,1776351300000,9993.301039180147
2721,1776351600000,9993.301039180147
2722,1776351900000,9993.301039180147
2723,1776352200000,9993.301039180147
2724,1776352500000,9993.301039180147
2725,1776352800000,9993.301039180147
2726,1776353100000,9993.301039180147
2727,1776353400000,9993.301039180147
2728,1776353700000,9993.301039180147
2729,1776354000000,9993.301039180147
2730,1776354300000,9993.301039180147
2731,1776354600000,9993.301039180147
2732,1776354900000,9993.301039180147
2733,1776355200000,9993.301039180147
2734,1776355500000,9993.301039180147
2735,1776355800000,9993.301039180147
2736,1776356100000,9993.301039180147
2737,1776356400000,9993.301039180147
2738,1776356700000,9993.301039180147
2739,1776357000000,9993.301039180147
2740,1776357300000,9993.301039180147
2741,1776357600000,9993.301039180147
2742,1776357900000,9993.301039180147
2743,1776358200000,9993.301039180147
2744,1776358500000,9993.301039180147
2745,1776358800000,9993.301039180147
2746,1776359100000,9993.301039180147
2747,1776359400000,9993.301039180147
2748,1776359700000,9993.301039180147
2749,1776360000000,9993.301039180147
2750,1776360300000,9993.301039180147
2751,1776360600000,9993.301039180147
2752,1776360900000,9993.301039180147
2753,1776361200000,9993.301039180147
2754,1776361500000,9993.301039180147
2755,1776361800000,9993.301039180147
2756,1776362100000,9993.301039180147
2757,1776362400000,9993.301039180147
2758,1776362700000,9993.301039180147
2759,1776363000000,9993.301039180147
2760,1776363300000,9993.301039180147
2761,1776363600000,9993.301039180147
2762,1776363900000,9993.301039180147
2763,1776364200000,9993.301039180147
2764,1776364500000,9993.301039180147
2765,1776364800000,9993.301039180147
2766,1776365100000,9993.301039180147
2767,1776365400000,9993.301039180147
2768,1776365700000,9993.301039180147
2769,1776366000000,9993.301039180147
2770,1776366300000,9993.301039180147
2771,1776366600000,9993.301039180147
2772,1776366900000,9993.301039180147
2773,1776367200000,9993.301039180147
2774,1776367500000,9993.301039180147
2775,1776367800000,9993.301039180147
2776,1776368100000,9993.301039180147
2777,1776368400000,9993.301039180147
2778,1776368700000,9993.301039180147
2779,1776369000000,9993.301039180147
2780,1776369300000,9993.301039180147
2781,1776369600000,9993.301039180147
2782,1776369900000,9993.301039180147
2783,1776370200000,9993.301039180147
2784,1776370500000,9993.301039180147
2785,1776370800000,9993.301039180147
2786,1776371100000,9993.301039180147
2787,1776371400000,9993.301039180147
2788,1776371700000,9993.301039180147
2789,1776372000000,9993.301039180147
2790,1776372300000,9993.301039180147
2791,1776372600000,9993.301039180147
2792,1776372900000,9993.301039180147
2793,1776373200000,9993.301039180147
2794,1776373500000,9993.301039180147
2795,1776373800000,9993.301039180147
2796,1776374100000,9993.301039180147
2797,1776374400000,9993.301039180147
2798,1776374700000,9993.301039180147
2799,1776375000000,9993.301039180147
2800,1776375300000,9993.301039180147
2801,1776375600000,9993.301039180147
2802,1776375900000,9993.301039180147
2803,1776376200000,9993.301039180147
2804,1776376500000,9993.301039180147
2805,1776376800000,9993.301039180147
2806,1776377100000,9993.301039180147
2807,1776377400000,9993.301039180147
2808,1776377700000,9993.301039180147
2809,1776378000000,9993.301039180147
2810,1776378300000,9993.301039180147
2811,1776378600000,9993.301039180147
2812,1776378900000,9993.301039180147
2813,1776379200000,9993.301039180147
2814,1776379500000,9993.301039180147
2815,1776379800000,9993.301039180147
2816,1776380100000,9993.301039180147
2817,1776380400000,9993.301039180147
2818,1776380700000,9993.301039180147
2819,1776381000000,9993.301039180147
2820,1776381300000,9993.301039180147
2821,1776381600000,9993.301039180147
2822,1776381900000,9993.301039180147
2823,1776382200000,9993.301039180147
2824,1776382500000,9993.301039180147
2825,1776382800000,9993.301039180147
2826,1776383100000,9993.301039180147
2827,1776383400000,9993.301039180147
2828,1776383700000,9993.301039180147
2829,1776384000000,9993.301039180147
2830,1776384300000,9993.301039180147
2831,1776384600000,9993.301039180147
2832,1776384900000,9993.301039180147
2833,1776385200000,9993.301039180147
2834,1776385500000,9993.301039180147
2835,1776385800000,9993.301039180147
2836,1776386100000,9993.301039180147
2837,1776386400000,9993.301039180147
2838,1776386700000,9993.301039180147
2839,1776387000000,9993.301039180147
2840,1776387300000,9993.301039180147
2841,1776387600000,9993.301039180147
2842,1776387900000,9993.301039180147
2843,1776388200000,9993.301039180147
2844,1776388500000,9993.301039180147
2845,1776388800000,9993.301039180147
2846,1776389100000,9993.301039180147
2847,1776389400000,9993.301039180147
2848,1776389700000,9993.301039180147
2849,1776390000000,9993.301039180147
2850,1776390300000,9993.301039180147
2851,1776390600000,9993.301039180147
2852,1776390900000,9993.301039180147
2853,1776391200000,9993.301039180147
2854,1776391500000,9993.301039180147
2855,1776391800000,9993.301039180147
2856,1776392100000,9993.301039180147
2857,1776392400000,9993.301039180147
2858,1776392700000,9993.301039180147
2859,1776393000000,9993.301039180147
2860,1776393300000,9993.301039180147
2861,1776393600000,9993.301039180147
2862,1776393900000,9993.301039180147
2863,1776394200000,9993.301039180147
2864,1776394500000,9993.301039180147
2865,1776394800000,9993.301039180147
2866,1776395100000,9993.301039180147
2867,1776395400000,9993.301039180147
2868,1776395700000,9993.301039180147
2869,1776396000000,9993.301039180147
2870,1776396300000,9993.301039180147
2871,1776396600000,9993.301039180147
2872,1776396900000,9993.301039180147
2873,1776397200000,9993.301039180147
2874,1776397500000,9993.301039180147
2875,1776397800000,9993.301039180147
2876,1776398100000,9993.301039180147
2877,1776398400000,9993.301039180147
2878,1776398700000,9993.301039180147
2879,1776399000000,9993.301039180147
2880,1776399300000,9993.301039180147
2881,1776399600000,9993.301039180147
2882,1776399900000,9993.301039180147
2883,1776400200000,9993.301039180147
2884,1776400500000,9993.301039180147
2885,1776400800000,9993.301039180147
2886,1776401100000,9993.301039180147
2887,1776401400000,9993.301039180147
2888,1776401700000,9993.301039180147
2889,1776402000000,9993.301039180147
2890,1776402300000,9993.301039180147
2891,1776402600000,9993.301039180147
2892,1776402900000,9993.301039180147
2893,1776403200000,9993.301039180147
2894,1776403500000,9993.301039180147
2895,1776403800000,9993.301039180147
2896,1776404100000,9993.301039180147
2897,1776404400000,9993.301039180147
2898,1776404700000,9993.301039180147
2899,1776405000000,9993.301039180147
2900,1776405300000,9993.301039180147
2901,1776405600000,9993.301039180147
2902,1776405900000,9993.301039180147
2903,1776406200000,9993.301039180147
2904,1776406500000,9993.301039180147
2905,1776406800000,9993.301039180147
2906,1776407100000,9993.301039180147
2907,1776407400000,9993.301039180147
2908,1776407700000,9993.301039180147
2909,1776408000000,9993.301039180147
2910,1776408300000,9993.301039180147
2911,1776408600000,9993.301039180147
2912,1776408900000,9993.301039180147
2913,1776409200000,9993.301039180147
2914,1776409500000,9993.301039180147
2915,1776409800000,9993.301039180147
2916,1776410100000,9993.301039180147
2917,1776410400000,9993.301039180147
2918,1776410700000,9993.301039180147
2919,1776411000000,9993.301039180147
2920,1776411300000,9993.301039180147
2921,1776411600000,9993.301039180147
2922,1776411900000,9993.301039180147
2923,1776412200000,9993.301039180147
2924,1776412500000,9993.301039180147
2925,1776412800000,9993.301039180147
2926,1776413100000,9993.301039180147
2927,1776413400000,9993.301039180147
2928,1776413700000,9993.301039180147
2929,1776414000000,9993.301039180147
2930,1776414300000,9993.301039180147
2931,1776414600000,9993.301039180147
2932,1776414900000,9993.301039180147
2933,1776415200000,9993.301039180147
2934,1776415500000,9993.301039180147
2935,1776415800000,9993.301039180147
2936,1776416100000,9993.301039180147
2937,1776416400000,9993.301039180147
2938,1776416700000,9993.301039180147
2939,1776417000000,9993.301039180147
2940,1776417300000,9993.301039180147
2941,1776417600000,9993.301039180147
2942,1776417900000,9993.301039180147
2943,1776418200000,9993.301039180147
2944,1776418500000,9993.301039180147
2945,1776418800000,9993.301039180147
2946,1776419100000,9993.301039180147
2947,1776419400000,9993.301039180147
2948,1776419700000,9993.301039180147
2949,1776420000000,9993.301039180147
2950,1776420300000,9993.301039180147
2951,1776420600000,9993.301039180147
2952,1776420900000,9993.301039180147
2953,1776421200000,9993.301039180147
2954,1776421500000,9993.301039180147
2955,1776421800000,9993.301039180147
2956,1776422100000,9993.301039180147
2957,1776422400000,9993.301039180147
2958,1776422700000,9993.301039180147
2959,1776423000000,9993.301039180147
2960,1776423300000,9993.301039180147
2961,1776423600000,9993.301039180147
2962,1776423900000,9993.301039180147
2963,1776424200000,9993.301039180147
2964,1776424500000,9993.301039180147
2965,1776424800000,9993.301039180147
2966,1776425100000,9993.301039180147
2967,1776425400000,9993.301039180147
2968,1776425700000,9993.301039180147
2969,1776426000000,9993.301039180147
2970,1776426300000,9993.301039180147
2971,1776426600000,9993.301039180147
2972,1776426900000,9993.301039180147
2973,1776427200000,9993.301039180147
2974,1776427500000,9993.301039180147
2975,1776427800000,9993.301039180147
2976,1776428100000,9993.301039180147
2977,1776428400000,9993.301039180147
2978,1776428700000,9993.301039180147
2979,1776429000000,9993.301039180147
2980,1776429300000,9993.301039180147
2981,1776429600000,9993.301039180147
2982,1776429900000,9993.301039180147
2983,1776430200000,9993.301039180147
2984,1776430500000,9993.301039180147
2985,1776430800000,9993.301039180147
2986,1776431100000,9993.301039180147
2987,1776431400000,9993.301039180147
2988,1776431700000,9993.301039180147
2989,1776432000000,9993.301039180147
2990,1776432300000,9993.301039180147
2991,1776432600000,9993.301039180147
2992,1776432900000,9993.301039180147
2993,1776433200000,9993.301039180147
2994,1776433500000,9993.301039180147
2995,1776433800000,9993.301039180147
2996,1776434100000,9993.301039180147
2997,1776434400000,9993.301039180147
2998,1776434700000,9993.301039180147
2999,1776435000000,9993.301039180147
3000,1776435300000,9993.301039180147
3001,1776435600000,9993.301039180147
3002,1776435900000,9993.301039180147
3003,1776436200000,9993.301039180147
3004,1776436500000,9993.301039180147
3005,1776436800000,9993.301039180147
3006,1776437100000,9993.301039180147
3007,1776437400000,9993.301039180147
3008,1776437700000,9993.301039180147
3009,1776438000000,9993.301039180147
3010,1776438300000,9993.301039180147
3011,1776438600000,9993.301039180147
3012,1776438900000,9993.301039180147
3013,1776439200000,9993.301039180147
3014,1776439500000,9993.301039180147
3015,1776439800000,9993.301039180147
3016,1776440100000,9993.301039180147
3017,1776440400000,9993.301039180147
3018,1776440700000,9993.301039180147
3019,1776441000000,9993.301039180147
3020,1776441300000,9993.301039180147
3021,1776441600000,9993.301039180147
3022,1776441900000,9993.301039180147
3023,1776442200000,9993.301039180147
3024,1776442500000,9993.301039180147
3025,1776442800000,9993.301039180147
3026,1776443100000,9993.301039180147
3027,1776443400000,9993.301039180147
3028,1776443700000,9993.301039180147
3029,1776444000000,9993.301039180147
3030,1776444300000,9993.301039180147
3031,1776444600000,9993.301039180147
3032,1776444900000,9993.301039180147
3033,1776445200000,9993.301039180147
3034,1776445500000,9993.301039180147
3035,1776445800000,9993.301039180147
3036,1776446100000,9993.301039180147
3037,1776446400000,9993.301039180147
3038,1776446700000,9993.301039180147
3039,1776447000000,9993.301039180147
3040,1776447300000,9993.301039180147
3041,1776447600000,9993.301039180147
3042,1776447900000,9993.301039180147
3043,1776448200000,9993.301039180147
3044,1776448500000,9993.301039180147
3045,1776448800000,9993.301039180147
3046,1776449100000,9993.301039180147
3047,1776449400000,9993.301039180147
3048,1776449700000,9993.301039180147
3049,1776450000000,9993.301039180147
3050,1776450300000,9993.301039180147
3051,1776450600000,9993.301039180147
3052,1776450900000,9993.301039180147
3053,1776451200000,9993.301039180147
3054,1776451500000,9993.301039180147
3055,1776451800000,9993.301039180147
3056,1776452100000,9993.301039180147
3057,1776452400000,9993.301039180147
3058,1776452700000,9993.301039180147
3059,1776453000000,9993.301039180147
3060,1776453300000,9993.301039180147
3061,1776453600000,9993.301039180147
3062,1776453900000,9993.301039180147
3063,1776454200000,9993.301039180147
3064,1776454500000,9993.301039180147
3065,1776454800000,9993.301039180147
3066,1776455100000,9993.301039180147
3067,1776455400000,9993.301039180147
3068,1776455700000,9993.301039180147
3069,1776456000000,9993.301039180147
3070,1776456300000,9993.301039180147
3071,1776456600000,9993.301039180147
3072,1776456900000,9993.301039180147
3073,1776457200000,9993.301039180147
3074,1776457500000,9993.301039180147
3075,1776457800000,9993.301039180147
3076,1776458100000,9993.301039180147
3077,1776458400000,9993.301039180147
3078,1776458700000,9993.301039180147
3079,1776459000000,9993.301039180147
3080,1776459300000,9993.301039180147
3081,1776459600000,9993.301039180147
3082,1776459900000,9993.301039180147
3083,1776460200000,9993.301039180147
3084,1776460500000,9993.301039180147
3085,1776460800000,9993.301039180147
3086,1776461100000,9993.301039180147
3087,1776461400000,9993.301039180147
3088,1776461700000,9993.301039180147
3089,1776462000000,9993.301039180147
3090,1776462300000,9993.301039180147
3091,1776462600000,9993.301039180147
3092,1776462900000,9993.301039180147
3093,1776463200000,9993.301039180147
3094,1776463500000,9993.301039180147
3095,1776463800000,9993.301039180147
3096,1776464100000,9993.301039180147
3097,1776464400000,9993.301039180147
3098,1776464700000,9993.301039180147
3099,1776465000000,9993.301039180147
3100,1776465300000,9993.301039180147
3101,1776465600000,9993.301039180147
3102,1776465900000,9993.301039180147
3103,1776466200000,9993.301039180147
3104,1776466500000,9993.301039180147
3105,1776466800000,9993.301039180147
3106,1776467100000,9993.301039180147
3107,1776467400000,9993.301039180147
3108,1776467700000,9993.301039180147
3109,1776468000000,9993.301039180147
3110,1776468300000,9993.301039180147
3111,1776468600000,9993.301039180147
3112,1776468900000,9993.301039180147
3113,1776469200000,9993.301039180147
3114,1776469500000,9993.301039180147
3115,1776469800000,9993.301039180147
3116,1776470100000,9993.301039180147
3117,1776470400000,9993.301039180147
3118,1776470700000,9993.301039180147
3119,1776471000000,9993.301039180147
3120,1776471300000,9993.301039180147
3121,1776471600000,9993.301039180147
3122,1776471900000,9993.301039180147
3123,1776472200000,9993.301039180147
3124,1776472500000,9993.301039180147
3125,1776472800000,9993.301039180147
3126,1776473100000,9993.301039180147
3127,1776473400000,9993.301039180147
3128,1776473700000,9993.301039180147
3129,1776474000000,9993.301039180147
3130,1776474300000,9993.301039180147
3131,1776474600000,9993.301039180147
3132,1776474900000,9993.301039180147
3133,1776475200000,9993.301039180147
3134,1776475500000,9993.301039180147
3135,1776475800000,9993.301039180147
3136,1776476100000,9993.301039180147
3137,1776476400000,9993.301039180147
3138,1776476700000,9993.301039180147
3139,1776477000000,9993.301039180147
3140,1776477300000,9993.301039180147
3141,1776477600000,9993.301039180147
3142,1776477900000,9993.301039180147
3143,1776478200000,9993.301039180147
3144,1776478500000,9993.301039180147
3145,1776478800000,9993.301039180147
3146,1776479100000,9993.301039180147
3147,1776479400000,9993.301039180147
3148,1776479700000,9993.301039180147
3149,1776480000000,9993.301039180147
3150,1776480300000,9993.301039180147
3151,1776480600000,9993.301039180147
3152,1776480900000,9993.301039180147
3153,1776481200000,9993.301039180147
3154,1776481500000,9993.301039180147
3155,1776481800000,9993.301039180147
3156,1776482100000,9993.301039180147
3157,1776482400000,9993.301039180147
3158,1776482700000,9993.301039180147
3159,1776483000000,9993.301039180147
3160,1776483300000,9993.301039180147
3161,1776483600000,9993.301039180147
3162,1776483900000,9993.301039180147
3163,1776484200000,9993.301039180147
3164,1776484500000,9993.301039180147
3165,1776484800000,9993.301039180147
3166,1776485100000,9993.301039180147
3167,1776485400000,9993.301039180147
3168,1776485700000,9993.301039180147
3169,1776486000000,9993.301039180147
3170,1776486300000,9993.301039180147
3171,1776486600000,9993.301039180147
3172,1776486900000,9993.301039180147
3173,1776487200000,9993.301039180147
3174,1776487500000,9993.301039180147
3175,1776487800000,9993.301039180147
3176,1776488100000,9993.301039180147
3177,1776488400000,9993.301039180147
3178,1776488700000,9993.301039180147
3179,1776489000000,9993.301039180147
3180,1776489300000,9993.301039180147
3181,1776489600000,9993.301039180147
3182,1776489900000,9993.301039180147
3183,1776490200000,9993.301039180147
3184,1776490500000,9993.301039180147
3185,1776490800000,9993.301039180147
3186,1776491100000,9993.301039180147
3187,1776491400000,9993.301039180147
3188,1776491700000,9993.301039180147
3189,1776492000000,9993.301039180147
3190,1776492300000,9993.301039180147
3191,1776492600000,9993.301039180147
3192,1776492900000,9993.301039180147
3193,1776493200000,9993.301039180147
3194,1776493500000,9993.301039180147
3195,1776493800000,9993.301039180147
3196,1776494100000,9993.301039180147
3197,1776494400000,9993.301039180147
3198,1776494700000,9993.301039180147
3199,1776495000000,9993.301039180147
3200,1776495300000,9993.301039180147
3201,1776495600000,9993.301039180147
3202,1776495900000,9993.301039180147
3203,1776496200000,9993.301039180147
3204,1776496500000,9993.301039180147
3205,1776496800000,9993.301039180147
3206,1776497100000,9993.301039180147
3207,1776497400000,9993.301039180147
3208,1776497700000,9993.301039180147
3209,1776498000000,9993.301039180147
3210,1776498300000,9993.301039180147
3211,1776498600000,9993.301039180147
3212,1776498900000,9993.301039180147
3213,1776499200000,9993.301039180147
3214,1776499500000,9993.301039180147
3215,1776499800000,9993.301039180147
3216,1776500100000,9993.301039180147
3217,1776500400000,9993.301039180147
3218,1776500700000,9993.301039180147
3219,1776501000000,9993.301039180147
3220,1776501300000,9993.301039180147
3221,1776501600000,9993.301039180147
3222,1776501900000,9993.301039180147
3223,1776502200000,9993.301039180147
3224,1776502500000,9993.301039180147
3225,1776502800000,9993.301039180147
3226,1776503100000,9993.301039180147
3227,1776503400000,9993.301039180147
3228,1776503700000,9993.301039180147
3229,1776504000000,9993.301039180147
3230,1776504300000,9993.301039180147
3231,1776504600000,9993.301039180147
3232,1776504900000,9993.301039180147
3233,1776505200000,9993.301039180147
3234,1776505500000,9993.301039180147
3235,1776505800000,9993.301039180147
3236,1776506100000,9993.301039180147
3237,1776506400000,9993.301039180147
3238,1776506700000,9993.301039180147
3239,1776507000000,9993.301039180147
3240,1776507300000,9993.301039180147
3241,1776507600000,9993.301039180147
3242,1776507900000,9993.301039180147
3243,1776508200000,9993.301039180147
3244,1776508500000,9993.301039180147
3245,1776508800000,9993.301039180147
3246,1776509100000,9993.301039180147
3247,1776509400000,9993.301039180147
3248,1776509700000,9993.301039180147
3249,1776510000000,9993.301039180147
3250,1776510300000,9993.301039180147
3251,1776510600000,9993.301039180147
3252,1776510900000,9993.301039180147
3253,1776511200000,9993.301039180147
3254,1776511500000,9993.301039180147
3255,1776511800000,9993.301039180147
3256,1776512100000,9993.301039180147
3257,1776512400000,9993.301039180147
3258,1776512700000,9993.301039180147
3259,1776513000000,9993.301039180147
3260,1776513300000,9993.301039180147
3261,1776513600000,9993.301039180147
3262,1776513900000,9993.301039180147
3263,1776514200000,9993.301039180147
3264,1776514500000,9993.301039180147
3265,1776514800000,9993.301039180147
3266,1776515100000,9993.301039180147
3267,1776515400000,9993.301039180147
3268,1776515700000,9993.301039180147
3269,1776516000000,9993.301039180147
3270,1776516300000,9993.301039180147
3271,1776516600000,9993.301039180147
3272,1776516900000,9993.301039180147
3273,1776517200000,9993.301039180147
3274,1776517500000,9993.301039180147
3275,1776517800000,9993.301039180147
3276,1776518100000,9993.301039180147
3277,1776518400000,9993.301039180147
3278,1776518700000,9993.301039180147
3279,1776519000000,9993.301039180147
3280,1776519300000,9993.301039180147
3281,1776519600000,9993.301039180147
3282,1776519900000,9993.301039180147
3283,1776520200000,9993.301039180147
3284,1776520500000,9993.301039180147
3285,1776520800000,9993.301039180147
3286,1776521100000,9993.301039180147
3287,1776521400000,9993.301039180147
3288,1776521700000,9993.301039180147
3289,1776522000000,9993.301039180147
3290,1776522300000,9993.301039180147
3291,1776522600000,9993.301039180147
3292,1776522900000,9993.301039180147
3293,1776523200000,9993.301039180147
3294,1776523500000,9993.301039180147
3295,1776523800000,9993.301039180147
3296,1776524100000,9993.301039180147
3297,1776524400000,9993.301039180147
3298,1776524700000,9993.301039180147
3299,1776525000000,9993.301039180147
3300,1776525300000,9993.301039180147
3301,1776525600000,9993.301039180147
3302,1776525900000,9993.301039180147
3303,1776526200000,9993.301039180147
3304,1776526500000,9993.301039180147
3305,1776526800000,9993.301039180147
3306,1776527100000,9993.301039180147
3307,1776527400000,9993.301039180147
3308,1776527700000,9993.301039180147
3309,1776528000000,9993.301039180147
3310,1776528300000,9993.301039180147
3311,1776528600000,9993.301039180147
3312,1776528900000,9993.301039180147
3313,1776529200000,9993.301039180147
3314,1776529500000,9993.301039180147
3315,1776529800000,9993.301039180147
3316,1776530100000,9993.301039180147
3317,1776530400000,9993.301039180147
3318,1776530700000,9993.301039180147
3319,1776531000000,9993.301039180147
3320,1776531300000,9993.301039180147
3321,1776531600000,9993.301039180147
3322,1776531900000,9993.301039180147
3323,1776532200000,9993.301039180147
3324,1776532500000,9993.301039180147
3325,1776532800000,9993.301039180147
3326,1776533100000,9993.301039180147
3327,1776533400000,9993.301039180147
3328,1776533700000,9993.301039180147
3329,1776534000000,9993.301039180147
3330,1776534300000,9993.301039180147
3331,1776534600000,9993.301039180147
3332,1776534900000,9993.301039180147
3333,1776535200000,9993.301039180147
3334,1776535500000,9993.301039180147
3335,1776535800000,9993.301039180147
3336,1776536100000,9993.301039180147
3337,1776536400000,9993.301039180147
3338,1776536700000,9993.301039180147
3339,1776537000000,9993.301039180147
3340,1776537300000,9993.301039180147
3341,1776537600000,9993.301039180147
3342,1776537900000,9993.301039180147
3343,1776538200000,9993.301039180147
3344,1776538500000,9993.301039180147
3345,1776538800000,9993.301039180147
3346,1776539100000,9993.301039180147
3347,1776539400000,9993.301039180147
3348,1776539700000,9993.301039180147
3349,1776540000000,9993.301039180147
3350,1776540300000,9993.301039180147
3351,1776540600000,9993.301039180147
3352,1776540900000,9993.301039180147
3353,1776541200000,9993.301039180147
3354,1776541500000,9993.301039180147
3355,1776541800000,9993.301039180147
3356,1776542100000,9993.301039180147
3357,1776542400000,9993.301039180147
3358,1776542700000,9993.301039180147
3359,1776543000000,9993.301039180147
3360,1776543300000,9993.301039180147
3361,1776543600000,9993.301039180147
3362,1776543900000,9993.301039180147
3363,1776544200000,9993.301039180147
3364,1776544500000,9993.301039180147
3365,1776544800000,9993.301039180147
3366,1776545100000,9993.301039180147
3367,1776545400000,9993.301039180147
3368,1776545700000,9993.301039180147
3369,1776546000000,9993.301039180147
3370,1776546300000,9993.301039180147
3371,1776546600000,9993.301039180147
3372,1776546900000,9993.301039180147
3373,1776547200000,9993.301039180147
3374,1776547500000,9993.301039180147
3375,1776547800000,9993.301039180147
3376,1776548100000,9993.301039180147
3377,1776548400000,9993.301039180147
3378,1776548700000,9993.301039180147
3379,1776549000000,9993.301039180147
3380,1776549300000,9993.301039180147
3381,1776549600000,9993.301039180147
3382,1776549900000,9993.301039180147
3383,1776550200000,9993.301039180147
3384,1776550500000,9993.301039180147
3385,1776550800000,9993.301039180147
3386,1776551100000,9993.301039180147
3387,1776551400000,9993.301039180147
3388,1776551700000,9993.301039180147
3389,1776552000000,9993.301039180147
3390,1776552300000,9993.301039180147
3391,1776552600000,9993.301039180147
3392,1776552900000,9993.301039180147
3393,1776553200000,9993.301039180147
3394,1776553500000,9993.301039180147
3395,1776553800000,9993.301039180147
3396,1776554100000,9993.301039180147
3397,1776554400000,9993.301039180147
3398,1776554700000,9993.301039180147
3399,1776555000000,9993.301039180147
3400,1776555300000,9993.301039180147
3401,1776555600000,9993.301039180147
3402,1776555900000,9993.301039180147
3403,1776556200000,9993.301039180147
3404,1776556500000,9993.301039180147
3405,1776556800000,9993.301039180147
3406,1776557100000,9993.301039180147
3407,1776557400000,9993.301039180147
3408,1776557700000,9993.301039180147
3409,1776558000000,9993.301039180147
3410,1776558300000,9993.301039180147
3411,1776558600000,9993.301039180147
3412,1776558900000,9993.301039180147
3413,1776559200000,9993.301039180147
3414,1776559500000,9993.301039180147
3415,1776559800000,9993.301039180147
3416,1776560100000,9993.301039180147
3417,1776560400000,9993.301039180147
3418,1776560700000,9993.301039180147
3419,1776561000000,9993.301039180147
3420,1776561300000,9993.301039180147
3421,1776561600000,9993.301039180147
3422,1776561900000,9993.301039180147
3423,1776562200000,9993.301039180147
3424,1776562500000,9993.301039180147
3425,1776562800000,9993.301039180147
3426,1776563100000,9993.301039180147
3427,1776563400000,9993.301039180147
3428,1776563700000,9993.301039180147
3429,1776564000000,9993.301039180147
3430,1776564300000,9993.301039180147
3431,1776564600000,9993.301039180147
3432,1776564900000,9993.301039180147
3433,1776565200000,9993.301039180147
3434,1776565500000,9993.301039180147
3435,1776565800000,9993.301039180147
3436,1776566100000,9993.301039180147
3437,1776566400000,9993.301039180147
3438,1776566700000,9993.301039180147
3439,1776567000000,9993.301039180147
3440,1776567300000,9993.301039180147
3441,1776567600000,9993.301039180147
3442,1776567900000,9993.301039180147
3443,1776568200000,9993.301039180147
3444,1776568500000,9993.301039180147
3445,1776568800000,9993.301039180147
3446,1776569100000,9993.301039180147
3447,1776569400000,9993.301039180147
3448,1776569700000,9993.301039180147
3449,1776570000000,9993.301039180147
3450,1776570300000,9993.301039180147
3451,1776570600000,9993.301039180147
3452,1776570900000,9993.301039180147
3453,1776571200000,9993.301039180147
3454,1776571500000,9993.301039180147
3455,1776571800000,9993.301039180147
3456,1776572100000,9993.301039180147
3457,1776572400000,9993.301039180147
3458,1776572700000,9993.301039180147
3459,1776573000000,9993.301039180147
3460,1776573300000,9993.301039180147
3461,1776573600000,9993.301039180147
3462,1776573900000,9993.301039180147
3463,1776574200000,9993.301039180147
3464,1776574500000,9993.301039180147
3465,1776574800000,9993.301039180147
3466,1776575100000,9993.301039180147
3467,1776575400000,9993.301039180147
3468,1776575700000,9993.301039180147
3469,1776576000000,9993.301039180147
3470,1776576300000,9993.301039180147
3471,1776576600000,9993.301039180147
3472,1776576900000,9993.301039180147
3473,1776577200000,9993.301039180147
3474,1776577500000,9993.301039180147
3475,1776577800000,9993.301039180147
3476,1776578100000,9993.301039180147
3477,1776578400000,9993.301039180147
3478,1776578700000,9993.301039180147
3479,1776579000000,9993.301039180147
3480,1776579300000,9993.301039180147
3481,1776579600000,9993.301039180147
3482,1776579900000,9993.301039180147
3483,1776580200000,9993.301039180147
3484,1776580500000,9993.301039180147
3485,1776580800000,9993.301039180147
3486,1776581100000,9993.301039180147
3487,1776581400000,9993.301039180147
3488,1776581700000,9993.301039180147
3489,1776582000000,9993.301039180147
3490,1776582300000,9993.301039180147
3491,1776582600000,9993.301039180147
3492,1776582900000,9993.301039180147
3493,1776583200000,9993.301039180147
3494,1776583500000,9993.301039180147
3495,1776583800000,9993.301039180147
3496,1776584100000,9993.301039180147
3497,1776584400000,9993.301039180147
3498,1776584700000,9993.301039180147
3499,1776585000000,9993.301039180147
3500,1776585300000,9993.301039180147
3501,1776585600000,9993.301039180147
3502,1776585900000,9993.301039180147
3503,1776586200000,9993.301039180147
3504,1776586500000,9993.301039180147
3505,1776586800000,9993.301039180147
3506,1776587100000,9993.301039180147
3507,1776587400000,9993.301039180147
3508,1776587700000,9993.301039180147
3509,1776588000000,9993.301039180147
3510,1776588300000,9993.301039180147
3511,1776588600000,9993.301039180147
3512,1776588900000,9993.301039180147
3513,1776589200000,9993.301039180147
3514,1776589500000,9993.301039180147
3515,1776589800000,9993.301039180147
3516,1776590100000,9993.301039180147
3517,1776590400000,9993.301039180147
3518,1776590700000,9993.301039180147
3519,1776591000000,9993.301039180147
3520,1776591300000,9993.301039180147
3521,1776591600000,9993.301039180147
3522,1776591900000,9993.301039180147
3523,1776592200000,9993.301039180147
3524,1776592500000,9993.301039180147
3525,1776592800000,9993.301039180147
3526,1776593100000,9993.301039180147
3527,1776593400000,9993.301039180147
3528,1776593700000,9993.301039180147
3529,1776594000000,9993.301039180147
3530,1776594300000,9993.301039180147
3531,1776594600000,9993.301039180147
3532,1776594900000,9993.301039180147
3533,1776595200000,9993.301039180147
3534,1776595500000,9993.301039180147
3535,1776595800000,9993.301039180147
3536,1776596100000,9993.301039180147
3537,1776596400000,9993.301039180147
3538,1776596700000,9993.301039180147
3539,1776597000000,9993.301039180147
3540,1776597300000,9993.301039180147
3541,1776597600000,9993.301039180147
3542,1776597900000,9993.301039180147
3543,1776598200000,9993.301039180147
3544,1776598500000,9993.301039180147
3545,1776598800000,9993.301039180147
3546,1776599100000,9993.301039180147
3547,1776599400000,9993.301039180147
3548,1776599700000,9993.301039180147
3549,1776600000000,9993.301039180147
3550,1776600300000,9993.301039180147
3551,1776600600000,9993.301039180147
3552,1776600900000,9993.301039180147
3553,1776601200000,9993.301039180147
3554,1776601500000,9993.301039180147
3555,1776601800000,9993.301039180147
3556,1776602100000,9993.301039180147
3557,1776602400000,9993.301039180147
3558,1776602700000,9993.301039180147
3559,1776603000000,9993.301039180147
3560,1776603300000,9993.301039180147
3561,1776603600000,9993.301039180147
3562,1776603900000,9993.301039180147
3563,1776604200000,9993.301039180147
3564,1776604500000,9993.301039180147
3565,1776604800000,9993.301039180147
3566,1776605100000,9993.301039180147
3567,1776605400000,9993.301039180147
3568,1776605700000,9993.301039180147
3569,1776606000000,9993.301039180147
3570,1776606300000,9993.301039180147
3571,1776606600000,9993.301039180147
3572,1776606900000,9993.301039180147
3573,1776607200000,9993.301039180147
3574,1776607500000,9993.301039180147
3575,1776607800000,9993.301039180147
3576,1776608100000,9993.301039180147
3577,1776608400000,9993.301039180147
3578,1776608700000,9993.301039180147
3579,1776609000000,9993.301039180147
3580,1776609300000,9993.301039180147
3581,1776609600000,9993.301039180147
3582,1776609900000,9993.301039180147
3583,1776610200000,9993.301039180147
3584,1776610500000,9993.301039180147
3585,1776610800000,9993.301039180147
3586,1776611100000,9993.301039180147
3587,1776611400000,9993.301039180147
3588,1776611700000,9993.301039180147
3589,1776612000000,9993.301039180147
3590,1776612300000,9993.301039180147
3591,1776612600000,9993.301039180147
3592,1776612900000,9993.301039180147
3593,1776613200000,9993.301039180147
3594,1776613500000,9993.301039180147
3595,1776613800000,9993.301039180147
3596,1776614100000,9993.301039180147
3597,1776614400000,9993.301039180147
3598,1776614700000,9993.301039180147
3599,1776615000000,9993.301039180147
3600,1776615300000,9993.301039180147
3601,1776615600000,9993.301039180147
3602,1776615900000,9993.301039180147
3603,1776616200000,9993.301039180147
3604,1776616500000,9993.301039180147
3605,1776616800000,9993.301039180147
3606,1776617100000,9993.301039180147
3607,1776617400000,9993.301039180147
3608,1776617700000,9993.301039180147
3609,1776618000000,9993.301039180147
3610,1776618300000,9993.301039180147
3611,1776618600000,9993.301039180147
3612,1776618900000,9993.301039180147
3613,1776619200000,9993.301039180147
3614,1776619500000,9993.301039180147
3615,1776619800000,9993.301039180147
3616,1776620100000,9993.301039180147
3617,1776620400000,9993.301039180147
3618,1776620700000,9993.301039180147
3619,1776621000000,9993.301039180147
3620,1776621300000,9993.301039180147
3621,1776621600000,9993.301039180147
3622,1776621900000,9993.301039180147
3623,1776622200000,9993.301039180147
3624,1776622500000,9993.301039180147
3625,1776622800000,9993.301039180147
3626,1776623100000,9993.301039180147
3627,1776623400000,9993.301039180147
3628,1776623700000,9993.301039180147
3629,1776624000000,9993.301039180147
3630,1776624300000,9993.301039180147
3631,1776624600000,9993.301039180147
3632,1776624900000,9993.301039180147
3633,1776625200000,9993.301039180147
3634,1776625500000,9993.301039180147
3635,1776625800000,9993.301039180147
3636,1776626100000,9993.301039180147
3637,1776626400000,9993.301039180147
3638,1776626700000,9993.301039180147
3639,1776627000000,9993.301039180147
3640,1776627300000,9993.301039180147
3641,1776627600000,9993.301039180147
3642,1776627900000,9993.301039180147
3643,1776628200000,9993.301039180147
3644,1776628500000,9993.301039180147
3645,1776628800000,9993.301039180147
3646,1776629100000,9993.301039180147
3647,1776629400000,9993.301039180147
3648,1776629700000,9993.301039180147
3649,1776630000000,9993.301039180147
3650,1776630300000,9993.301039180147
3651,1776630600000,9993.301039180147
3652,1776630900000,9993.301039180147
3653,1776631200000,9993.301039180147
3654,1776631500000,9993.301039180147
3655,1776631800000,9993.301039180147
3656,1776632100000,9993.301039180147
3657,1776632400000,9993.301039180147
3658,1776632700000,9993.301039180147
3659,1776633000000,9993.301039180147
3660,1776633300000,9993.301039180147
3661,1776633600000,9993.301039180147
3662,1776633900000,9993.301039180147
3663,1776634200000,9993.301039180147
3664,1776634500000,9993.301039180147
3665,1776634800000,9993.301039180147
3666,1776635100000,9993.301039180147
3667,1776635400000,9993.301039180147
3668,1776635700000,9993.301039180147
3669,1776636000000,9993.301039180147
3670,1776636300000,9993.301039180147
3671,1776636600000,9993.301039180147
3672,1776636900000,9993.301039180147
3673,1776637200000,9993.301039180147
3674,1776637500000,9993.301039180147
3675,1776637800000,9993.301039180147
3676,1776638100000,9993.301039180147
3677,1776638400000,9993.301039180147
3678,1776638700000,9993.301039180147
3679,1776639000000,9993.301039180147
3680,1776639300000,9993.301039180147
3681,1776639600000,9993.301039180147
3682,1776639900000,9993.301039180147
3683,1776640200000,9993.301039180147
3684,1776640500000,9993.301039180147
3685,1776640800000,9993.301039180147
3686,1776641100000,9993.301039180147
3687,1776641400000,9993.301039180147
3688,1776641700000,9993.301039180147
3689,1776642000000,9993.301039180147
3690,1776642300000,9993.301039180147
3691,1776642600000,9993.301039180147
3692,1776642900000,9993.301039180147
3693,1776643200000,9993.301039180147
3694,1776643500000,9993.301039180147
3695,1776643800000,9993.301039180147
3696,1776644100000,9993.301039180147
3697,1776644400000,9993.301039180147
3698,1776644700000,9993.301039180147
3699,1776645000000,9993.301039180147
3700,1776645300000,9993.301039180147
3701,1776645600000,9993.301039180147
3702,1776645900000,9993.301039180147
3703,1776646200000,9993.301039180147
3704,1776646500000,9993.301039180147
3705,1776646800000,9993.301039180147
3706,1776647100000,9993.301039180147
3707,1776647400000,9993.301039180147
3708,1776647700000,9993.301039180147
3709,1776648000000,9993.301039180147
3710,1776648300000,9993.301039180147
3711,1776648600000,9993.301039180147
3712,1776648900000,9993.301039180147
3713,1776649200000,9993.301039180147
3714,1776649500000,9993.301039180147
3715,1776649800000,9993.301039180147
3716,1776650100000,9993.301039180147
3717,1776650400000,9993.301039180147
3718,1776650700000,9993.301039180147
3719,1776651000000,9993.301039180147
3720,1776651300000,9993.301039180147
3721,1776651600000,9993.301039180147
3722,1776651900000,9993.301039180147
3723,1776652200000,9993.301039180147
3724,1776652500000,9993.301039180147
3725,1776652800000,9993.301039180147
3726,1776653100000,9993.301039180147
3727,1776653400000,9993.301039180147
3728,1776653700000,9993.301039180147
3729,1776654000000,9993.301039180147
3730,1776654300000,9993.301039180147
3731,1776654600000,9993.301039180147
3732,1776654900000,9993.301039180147
3733,1776655200000,9993.301039180147
3734,1776655500000,9993.301039180147
3735,1776655800000,9993.301039180147
3736,1776656100000,9993.301039180147
3737,1776656400000,9993.301039180147
3738,1776656700000,9993.301039180147
3739,1776657000000,9993.301039180147
3740,1776657300000,9993.301039180147
3741,1776657600000,9993.301039180147
3742,1776657900000,9993.301039180147
3743,1776658200000,9993.301039180147
3744,1776658500000,9993.301039180147
3745,1776658800000,9993.301039180147
3746,1776659100000,9993.301039180147
3747,1776659400000,9993.301039180147
3748,1776659700000,9993.301039180147
3749,1776660000000,9993.301039180147
3750,1776660300000,9993.301039180147
3751,1776660600000,9993.301039180147
3752,1776660900000,9993.301039180147
3753,1776661200000,9993.301039180147
3754,1776661500000,9993.301039180147
3755,1776661800000,9993.301039180147
3756,1776662100000,9993.301039180147
3757,1776662400000,9993.301039180147
3758,1776662700000,9993.301039180147
3759,1776663000000,9993.301039180147
3760,1776663300000,9993.301039180147
3761,1776663600000,9993.301039180147
3762,1776663900000,9993.301039180147
3763,1776664200000,9993.301039180147
3764,1776664500000,9993.301039180147
3765,1776664800000,9993.301039180147
3766,1776665100000,9993.301039180147
3767,1776665400000,9993.301039180147
3768,1776665700000,9993.301039180147
3769,1776666000000,9993.301039180147
3770,1776666300000,9993.301039180147
3771,1776666600000,9993.301039180147
3772,1776666900000,9993.301039180147
3773,1776667200000,9993.301039180147
3774,1776667500000,9993.301039180147
3775,1776667800000,9993.301039180147
3776,1776668100000,9993.301039180147
3777,1776668400000,9993.301039180147
3778,1776668700000,9993.301039180147
3779,1776669000000,9993.301039180147
3780,1776669300000,9993.301039180147
3781,1776669600000,9993.301039180147
3782,1776669900000,9993.301039180147
3783,1776670200000,9993.301039180147
3784,1776670500000,9993.301039180147
3785,1776670800000,9993.301039180147
3786,1776671100000,9993.301039180147
3787,1776671400000,9993.301039180147
3788,1776671700000,9993.301039180147
3789,1776672000000,9993.301039180147
3790,1776672300000,9993.301039180147
3791,1776672600000,9993.301039180147
3792,1776672900000,9993.301039180147
3793,1776673200000,9993.301039180147
3794,1776673500000,9993.301039180147
3795,1776673800000,9993.301039180147
3796,1776674100000,9993.301039180147
3797,1776674400000,9993.301039180147
3798,1776674700000,9993.301039180147
3799,1776675000000,9993.301039180147
3800,1776675300000,9993.301039180147
3801,1776675600000,9993.301039180147
3802,1776675900000,9993.301039180147
3803,1776676200000,9993.301039180147
3804,1776676500000,9993.301039180147
3805,1776676800000,9993.301039180147
3806,1776677100000,9993.301039180147
3807,1776677400000,9993.301039180147
3808,1776677700000,9993.301039180147
3809,1776678000000,9993.301039180147
3810,1776678300000,9993.301039180147
3811,1776678600000,9993.301039180147
3812,1776678900000,9993.301039180147
3813,1776679200000,9993.301039180147
3814,1776679500000,9993.301039180147
3815,1776679800000,9993.301039180147
3816,1776680100000,9993.301039180147
3817,1776680400000,9993.301039180147
3818,1776680700000,9993.301039180147
3819,1776681000000,9993.301039180147
3820,1776681300000,9993.301039180147
3821,1776681600000,9993.301039180147
3822,1776681900000,9993.301039180147
3823,1776682200000,9993.301039180147
3824,1776682500000,9993.301039180147
3825,1776682800000,9993.301039180147
3826,1776683100000,9993.301039180147
3827,1776683400000,9993.301039180147
3828,1776683700000,9993.301039180147
3829,1776684000000,9993.301039180147
3830,1776684300000,9993.301039180147
3831,1776684600000,9993.301039180147
3832,1776684900000,9993.301039180147
3833,1776685200000,9993.301039180147
3834,1776685500000,9993.301039180147
3835,1776685800000,9993.301039180147
3836,1776686100000,9993.301039180147
3837,1776686400000,9993.301039180147
3838,1776686700000,9993.301039180147
3839,1776687000000,9993.301039180147
3840,1776687300000,9993.301039180147
3841,1776687600000,9993.301039180147
3842,1776687900000,9993.301039180147
3843,1776688200000,9993.301039180147
3844,1776688500000,9993.301039180147
3845,1776688800000,9993.301039180147
3846,1776689100000,9993.301039180147
3847,1776689400000,9993.301039180147
3848,1776689700000,9993.301039180147
3849,1776690000000,9993.301039180147
3850,1776690300000,9993.301039180147
3851,1776690600000,9993.301039180147
3852,1776690900000,9993.301039180147
3853,1776691200000,9993.301039180147
3854,1776691500000,9993.301039180147
3855,1776691800000,9993.301039180147
3856,1776692100000,9993.301039180147
3857,1776692400000,9993.301039180147
3858,1776692700000,9993.301039180147
3859,1776693000000,9993.301039180147
3860,1776693300000,9993.301039180147
3861,1776693600000,9993.301039180147
3862,1776693900000,9993.301039180147
3863,1776694200000,9993.301039180147
3864,1776694500000,9993.301039180147
3865,1776694800000,9993.301039180147
3866,1776695100000,9993.301039180147
3867,1776695400000,9993.301039180147
3868,1776695700000,9993.301039180147
3869,1776696000000,9993.301039180147
3870,1776696300000,9993.301039180147
3871,1776696600000,9993.301039180147
3872,1776696900000,9993.301039180147
3873,1776697200000,9993.301039180147
3874,1776697500000,9993.301039180147
3875,1776697800000,9993.301039180147
3876,1776698100000,9993.301039180147
3877,1776698400000,9993.301039180147
3878,1776698700000,9993.301039180147
3879,1776699000000,9993.301039180147
3880,1776699300000,9993.301039180147
3881,1776699600000,9993.301039180147
3882,1776699900000,9993.301039180147
3883,1776700200000,9993.301039180147
3884,1776700500000,9993.301039180147
3885,1776700800000,9993.301039180147
3886,1776701100000,9993.301039180147
3887,1776701400000,9993.301039180147
3888,1776701700000,9993.301039180147
3889,1776702000000,9993.301039180147
3890,1776702300000,9993.301039180147
3891,1776702600000,9993.301039180147
3892,1776702900000,9993.301039180147
3893,1776703200000,9993.301039180147
3894,1776703500000,9993.301039180147
3895,1776703800000,9993.301039180147
3896,1776704100000,9993.301039180147
3897,1776704400000,9993.301039180147
3898,1776704700000,9993.301039180147
3899,1776705000000,9993.301039180147
3900,1776705300000,9993.301039180147
3901,1776705600000,9993.301039180147
3902,1776705900000,9993.301039180147
3903,1776706200000,9993.301039180147
3904,1776706500000,9993.301039180147
3905,1776706800000,9993.301039180147
3906,1776707100000,9993.301039180147
3907,1776707400000,9993.301039180147
3908,1776707700000,9993.301039180147
3909,1776708000000,9993.301039180147
3910,1776708300000,9993.301039180147
3911,1776708600000,9993.301039180147
3912,1776708900000,9993.301039180147
3913,1776709200000,9993.301039180147
3914,1776709500000,9993.301039180147
3915,1776709800000,9993.301039180147
3916,1776710100000,9993.301039180147
3917,1776710400000,9993.301039180147
3918,1776710700000,9993.301039180147
3919,1776711000000,9993.301039180147
3920,1776711300000,9993.301039180147
3921,1776711600000,9993.301039180147
3922,1776711900000,9993.301039180147
3923,1776712200000,9993.301039180147
3924,1776712500000,9993.301039180147
3925,1776712800000,9993.301039180147
3926,1776713100000,9993.301039180147
3927,1776713400000,9993.301039180147
3928,1776713700000,9993.301039180147
3929,1776714000000,9993.301039180147
3930,1776714300000,9993.301039180147
3931,1776714600000,9993.301039180147
3932,1776714900000,9993.301039180147
3933,1776715200000,9993.301039180147
3934,1776715500000,9993.301039180147
3935,1776715800000,9993.301039180147
3936,1776716100000,9993.301039180147
3937,1776716400000,9993.301039180147
3938,1776716700000,9993.301039180147
3939,1776717000000,9993.301039180147
3940,1776717300000,9993.301039180147
3941,1776717600000,9993.301039180147
3942,1776717900000,9993.301039180147
3943,1776718200000,9993.301039180147
3944,1776718500000,9993.301039180147
3945,1776718800000,9993.301039180147
3946,1776719100000,9993.301039180147
3947,1776719400000,9993.301039180147
3948,1776719700000,9993.301039180147
3949,1776720000000,9993.301039180147
3950,1776720300000,9993.301039180147
3951,1776720600000,9993.301039180147
3952,1776720900000,9993.301039180147
3953,1776721200000,9993.301039180147
3954,1776721500000,9993.301039180147
3955,1776721800000,9993.301039180147
3956,1776722100000,9993.301039180147
3957,1776722400000,9993.301039180147
3958,1776722700000,9993.301039180147
3959,1776723000000,9993.301039180147
3960,1776723300000,9993.301039180147
3961,1776723600000,9993.301039180147
3962,1776723900000,9993.301039180147
3963,1776724200000,9993.301039180147
3964,1776724500000,9993.301039180147
3965,1776724800000,9993.301039180147
3966,1776725100000,9993.301039180147
3967,1776725400000,9993.301039180147
3968,1776725700000,9993.301039180147
3969,1776726000000,9993.301039180147
3970,1776726300000,9993.301039180147
3971,1776726600000,9993.301039180147
3972,1776726900000,9993.301039180147
3973,1776727200000,9993.301039180147
3974,1776727500000,9993.301039180147
3975,1776727800000,9993.301039180147
3976,1776728100000,9993.301039180147
3977,1776728400000,9993.301039180147
3978,1776728700000,9993.301039180147
3979,1776729000000,9993.301039180147
3980,1776729300000,9993.301039180147
3981,1776729600000,9993.301039180147
3982,1776729900000,9993.301039180147
3983,1776730200000,9993.301039180147
3984,1776730500000,9993.301039180147
3985,1776730800000,9993.301039180147
3986,1776731100000,9993.301039180147
3987,1776731400000,9993.301039180147
3988,1776731700000,9993.301039180147
3989,1776732000000,9993.301039180147
3990,1776732300000,9993.301039180147
3991,1776732600000,9993.301039180147
3992,1776732900000,9993.301039180147
3993,1776733200000,9993.301039180147
3994,1776733500000,9993.301039180147
3995,1776733800000,9993.301039180147
3996,1776734100000,9993.301039180147
3997,1776734400000,9993.301039180147
3998,1776734700000,9993.301039180147
3999,1776735000000,9993.301039180147
4000,1776735300000,9993.301039180147
4001,1776735600000,9993.301039180147
4002,1776735900000,9993.301039180147
4003,1776736200000,9993.301039180147
4004,1776736500000,9993.301039180147
4005,1776736800000,9993.301039180147
4006,1776737100000,9993.301039180147
4007,1776737400000,9993.301039180147
4008,1776737700000,9993.301039180147
4009,1776738000000,9993.301039180147
4010,1776738300000,9993.301039180147
4011,1776738600000,9993.301039180147
4012,1776738900000,9993.301039180147
4013,1776739200000,9993.301039180147
4014,1776739500000,9993.301039180147
4015,1776739800000,9993.301039180147
4016,1776740100000,9993.301039180147
4017,1776740400000,9993.301039180147
4018,1776740700000,9993.301039180147
4019,1776741000000,9993.301039180147
4020,1776741300000,9993.301039180147
4021,1776741600000,9993.301039180147
4022,1776741900000,9993.301039180147
4023,1776742200000,9993.301039180147
4024,1776742500000,9993.301039180147
4025,1776742800000,9993.301039180147
4026,1776743100000,9993.301039180147
4027,1776743400000,9993.301039180147
4028,1776743700000,9993.301039180147
4029,1776744000000,9993.301039180147
4030,1776744300000,9993.301039180147
4031,1776744600000,9993.301039180147
4032,1776744900000,9993.301039180147
4033,1776745200000,9993.301039180147
4034,1776745500000,9993.301039180147
4035,1776745800000,9993.301039180147
4036,1776746100000,9993.301039180147
4037,1776746400000,9993.301039180147
4038,1776746700000,9993.301039180147
4039,1776747000000,9993.301039180147
4040,1776747300000,9993.301039180147
4041,1776747600000,9993.301039180147
4042,1776747900000,9993.301039180147
4043,1776748200000,9993.301039180147
4044,1776748500000,9993.301039180147
4045,1776748800000,9993.301039180147
4046,1776749100000,9993.301039180147
4047,1776749400000,9993.301039180147
4048,1776749700000,9993.301039180147
4049,1776750000000,9993.301039180147
4050,1776750300000,9993.301039180147
4051,1776750600000,9993.301039180147
4052,1776750900000,9993.301039180147
4053,1776751200000,9993.301039180147
4054,1776751500000,9993.301039180147
4055,1776751800000,9993.301039180147
4056,1776752100000,9993.301039180147
4057,1776752400000,9993.301039180147
4058,1776752700000,9993.301039180147
4059,1776753000000,9993.301039180147
4060,1776753300000,9993.301039180147
4061,1776753600000,9993.301039180147
4062,1776753900000,9993.301039180147
4063,1776754200000,9993.301039180147
4064,1776754500000,9993.301039180147
4065,1776754800000,9993.301039180147
4066,1776755100000,9993.301039180147
4067,1776755400000,9993.301039180147
4068,1776755700000,9993.301039180147
4069,1776756000000,9993.301039180147
4070,1776756300000,9993.301039180147
4071,1776756600000,9993.301039180147
4072,1776756900000,9993.301039180147
4073,1776757200000,9993.301039180147
4074,1776757500000,9993.301039180147
4075,1776757800000,9993.301039180147
4076,1776758100000,9993.301039180147
4077,1776758400000,9993.301039180147
4078,1776758700000,9993.301039180147
4079,1776759000000,9993.301039180147
4080,1776759300000,9993.301039180147
4081,1776759600000,9993.301039180147
4082,1776759900000,9993.301039180147
4083,1776760200000,9993.301039180147
4084,1776760500000,9993.301039180147
4085,1776760800000,9993.301039180147
4086,1776761100000,9993.301039180147
4087,1776761400000,9993.301039180147
4088,1776761700000,9993.301039180147
4089,1776762000000,9993.301039180147
4090,1776762300000,9993.301039180147
4091,1776762600000,9993.301039180147
4092,1776762900000,9993.301039180147
4093,1776763200000,9993.301039180147
4094,1776763500000,9993.301039180147
4095,1776763800000,9993.301039180147
4096,1776764100000,9993.301039180147
4097,1776764400000,9993.301039180147
4098,1776764700000,9993.301039180147
4099,1776765000000,9993.301039180147
4100,1776765300000,9993.301039180147
4101,1776765600000,9993.301039180147
4102,1776765900000,9993.301039180147
4103,1776766200000,9993.301039180147
4104,1776766500000,9993.301039180147
4105,1776766800000,9993.301039180147
4106,1776767100000,9993.301039180147
4107,1776767400000,9993.301039180147
4108,1776767700000,9993.301039180147
4109,1776768000000,9993.301039180147
4110,1776768300000,9993.301039180147
4111,1776768600000,9993.301039180147
4112,1776768900000,9993.301039180147
4113,1776769200000,9993.301039180147
4114,1776769500000,9993.301039180147
4115,1776769800000,9993.301039180147
4116,1776770100000,9993.301039180147
4117,1776770400000,9993.301039180147
4118,1776770700000,9993.301039180147
4119,1776771000000,9993.301039180147
4120,1776771300000,9993.301039180147
4121,1776771600000,9993.301039180147
4122,1776771900000,9993.301039180147
4123,1776772200000,9993.301039180147
4124,1776772500000,9993.301039180147
4125,1776772800000,9993.301039180147
4126,1776773100000,9993.301039180147
4127,1776773400000,9993.301039180147
4128,1776773700000,9993.301039180147
4129,1776774000000,9993.301039180147
4130,1776774300000,9993.301039180147
4131,1776774600000,9993.301039180147
4132,1776774900000,9993.301039180147
4133,1776775200000,9993.301039180147
4134,1776775500000,9993.301039180147
4135,1776775800000,9993.301039180147
4136,1776776100000,9993.301039180147
4137,1776776400000,9993.301039180147
4138,1776776700000,9993.301039180147
4139,1776777000000,9993.301039180147
4140,1776777300000,9993.301039180147
4141,1776777600000,9993.301039180147
4142,1776777900000,9993.301039180147
4143,1776778200000,9993.301039180147
4144,1776778500000,9993.301039180147
4145,1776778800000,9993.301039180147
4146,1776779100000,9993.301039180147
4147,1776779400000,9993.301039180147
4148,1776779700000,9993.301039180147
4149,1776780000000,9993.301039180147
4150,1776780300000,9993.301039180147
4151,1776780600000,9993.301039180147
4152,1776780900000,9993.301039180147
4153,1776781200000,9993.301039180147
4154,1776781500000,9993.301039180147
4155,1776781800000,9993.301039180147
4156,1776782100000,9993.301039180147
4157,1776782400000,9993.301039180147
4158,1776782700000,9993.301039180147
4159,1776783000000,9993.301039180147
4160,1776783300000,9993.301039180147
4161,1776783600000,9993.301039180147
4162,1776783900000,9993.301039180147
4163,1776784200000,9993.301039180147
4164,1776784500000,9993.301039180147
4165,1776784800000,9993.301039180147
4166,1776785100000,9993.301039180147
4167,1776785400000,9993.301039180147
4168,1776785700000,9993.301039180147
4169,1776786000000,9993.301039180147
4170,1776786300000,9993.301039180147
4171,1776786600000,9993.301039180147
4172,1776786900000,9993.301039180147
4173,1776787200000,9993.301039180147
4174,1776787500000,9993.301039180147
4175,1776787800000,9993.301039180147
4176,1776788100000,9993.301039180147
4177,1776788400000,9993.301039180147
4178,1776788700000,9993.301039180147
4179,1776789000000,9993.301039180147
4180,1776789300000,9993.301039180147
4181,1776789600000,9993.301039180147
4182,1776789900000,9993.301039180147
4183,1776790200000,9993.301039180147
4184,1776790500000,9993.301039180147
4185,1776790800000,9993.301039180147
4186,1776791100000,9993.301039180147
4187,1776791400000,9993.301039180147
4188,1776791700000,9993.301039180147
4189,1776792000000,9993.301039180147
4190,1776792300000,9993.301039180147
4191,1776792600000,9993.301039180147
4192,1776792900000,9993.301039180147
4193,1776793200000,9993.301039180147
4194,1776793500000,9993.301039180147
4195,1776793800000,9993.301039180147
4196,1776794100000,9993.301039180147
4197,1776794400000,9993.301039180147
4198,1776794700000,9993.301039180147
4199,1776795000000,9993.301039180147
4200,1776795300000,9993.301039180147
4201,1776795600000,9993.301039180147
4202,1776795900000,9993.301039180147
4203,1776796200000,9993.301039180147
4204,1776796500000,9993.301039180147
4205,1776796800000,9993.301039180147
4206,1776797100000,9993.301039180147
4207,1776797400000,9993.301039180147
4208,1776797700000,9993.301039180147
4209,1776798000000,9993.301039180147
4210,1776798300000,9993.301039180147
4211,1776798600000,9993.301039180147
4212,1776798900000,9993.301039180147
4213,1776799200000,9993.301039180147
4214,1776799500000,9993.301039180147
4215,1776799800000,9993.301039180147
4216,1776800100000,9993.301039180147
4217,1776800400000,9993.301039180147
4218,1776800700000,9993.301039180147
4219,1776801000000,9993.301039180147
4220,1776801300000,9993.301039180147
4221,1776801600000,9993.301039180147
4222,1776801900000,9993.301039180147
4223,1776802200000,9993.301039180147
4224,1776802500000,9993.301039180147
4225,1776802800000,9993.301039180147
4226,1776803100000,9993.301039180147
4227,1776803400000,9993.301039180147
4228,1776803700000,9993.301039180147
4229,1776804000000,9993.301039180147
4230,1776804300000,9993.301039180147
4231,1776804600000,9993.301039180147
4232,1776804900000,9993.301039180147
4233,1776805200000,9993.301039180147
4234,1776805500000,9993.301039180147
4235,1776805800000,9993.301039180147
4236,1776806100000,9993.301039180147
4237,1776806400000,9993.301039180147
4238,1776806700000,9993.301039180147
4239,1776807000000,9993.301039180147
4240,1776807300000,9993.301039180147
4241,1776807600000,9993.301039180147
4242,1776807900000,9993.301039180147
4243,1776808200000,9993.301039180147
4244,1776808500000,9993.301039180147
4245,1776808800000,9993.301039180147
4246,1776809100000,9993.301039180147
4247,1776809400000,9993.301039180147
4248,1776809700000,9993.301039180147
4249,1776810000000,9993.301039180147
4250,1776810300000,9993.301039180147
4251,1776810600000,9993.301039180147
4252,1776810900000,9993.301039180147
4253,1776811200000,9993.301039180147
4254,1776811500000,9993.301039180147
4255,1776811800000,9993.301039180147
4256,1776812100000,9993.301039180147
4257,1776812400000,9993.301039180147
4258,1776812700000,9993.301039180147
4259,1776813000000,9993.301039180147
4260,1776813300000,9993.301039180147
4261,1776813600000,9993.301039180147
4262,1776813900000,9993.301039180147
4263,1776814200000,9993.301039180147
4264,1776814500000,9993.301039180147
4265,1776814800000,9993.301039180147
4266,1776815100000,9993.301039180147
4267,1776815400000,9993.301039180147
4268,1776815700000,9993.301039180147
4269,1776816000000,9993.301039180147
4270,1776816300000,9993.301039180147
4271,1776816600000,9993.301039180147
4272,1776816900000,9993.301039180147
4273,1776817200000,9993.301039180147
4274,1776817500000,9993.301039180147
4275,1776817800000,9993.301039180147
4276,1776818100000,9993.301039180147
4277,1776818400000,9993.301039180147
4278,1776818700000,9993.301039180147
4279,1776819000000,9993.301039180147
4280,1776819300000,9993.301039180147
4281,1776819600000,9993.301039180147
4282,1776819900000,9993.301039180147
4283,1776820200000,9993.301039180147
4284,1776820500000,9993.301039180147
4285,1776820800000,9993.301039180147
4286,1776821100000,9993.301039180147
4287,1776821400000,9993.301039180147
4288,1776821700000,9993.301039180147
4289,1776822000000,9993.301039180147
4290,1776822300000,9993.301039180147
4291,1776822600000,9993.301039180147
4292,1776822900000,9993.301039180147
4293,1776823200000,9993.301039180147
4294,1776823500000,9993.301039180147
4295,1776823800000,9993.301039180147
4296,1776824100000,9993.301039180147
4297,1776824400000,9993.301039180147
4298,1776824700000,9993.301039180147
4299,1776825000000,9993.301039180147
4300,1776825300000,9993.301039180147
4301,1776825600000,9993.301039180147
4302,1776825900000,9993.301039180147
4303,1776826200000,9993.301039180147
4304,1776826500000,9993.301039180147
4305,1776826800000,9993.301039180147
4306,1776827100000,9993.301039180147
4307,1776827400000,9993.301039180147
4308,1776827700000,9993.301039180147
4309,1776828000000,9993.301039180147
4310,1776828300000,9993.301039180147
4311,1776828600000,9993.301039180147
4312,1776828900000,9993.301039180147
4313,1776829200000,9993.301039180147
4314,1776829500000,9993.301039180147
4315,1776829800000,9993.301039180147
4316,1776830100000,9993.301039180147
4317,1776830400000,9993.301039180147
4318,1776830700000,9993.301039180147
4319,1776831000000,9993.301039180147
4320,1776831300000,9993.301039180147
4321,1776831600000,9993.301039180147
4322,1776831900000,9993.301039180147
4323,1776832200000,9993.301039180147
4324,1776832500000,9993.301039180147
4325,1776832800000,9993.301039180147
4326,1776833100000,9993.301039180147
4327,1776833400000,9993.301039180147
4328,1776833700000,9993.301039180147
4329,1776834000000,9993.301039180147
4330,1776834300000,9993.301039180147
4331,1776834600000,9993.301039180147
4332,1776834900000,9993.301039180147
4333,1776835200000,9993.301039180147
4334,1776835500000,9993.301039180147
4335,1776835800000,9993.301039180147
4336,1776836100000,9993.301039180147
4337,1776836400000,9993.301039180147
4338,1776836700000,9993.301039180147
4339,1776837000000,9993.301039180147
4340,1776837300000,9993.301039180147
4341,1776837600000,9993.301039180147
4342,1776837900000,9993.301039180147
4343,1776838200000,9993.301039180147
4344,1776838500000,9993.301039180147
4345,1776838800000,9993.301039180147
4346,1776839100000,9993.301039180147
4347,1776839400000,9993.301039180147
4348,1776839700000,9993.301039180147
4349,1776840000000,9993.301039180147
4350,1776840300000,9993.301039180147
4351,1776840600000,9993.301039180147
4352,1776840900000,9993.301039180147
4353,1776841200000,9993.301039180147
4354,1776841500000,9993.301039180147
4355,1776841800000,9993.301039180147
4356,1776842100000,9989.303718764477
4357,1776842400000,10000.94331013962
4358,1776842700000,10000.94331013962
4359,1776843000000,10000.94331013962
4360,1776843300000,10000.94331013962
4361,1776843600000,10000.94331013962
4362,1776843900000,10000.94331013962
4363,1776844200000,10000.94331013962
4364,1776844500000,10000.94331013962
4365,1776844800000,10000.94331013962
4366,1776845100000,10000.94331013962
4367,1776845400000,10000.94331013962
4368,1776845700000,10000.94331013962
4369,1776846000000,10000.94331013962
4370,1776846300000,10000.94331013962
4371,1776846600000,10000.94331013962
4372,1776846900000,10000.94331013962
4373,1776847200000,10000.94331013962
4374,1776847500000,10000.94331013962
4375,1776847800000,10000.94331013962
4376,1776848100000,10000.94331013962
4377,1776848400000,10000.94331013962
4378,1776848700000,10000.94331013962
4379,1776849000000,10000.94331013962
4380,1776849300000,10000.94331013962
4381,1776849600000,10000.94331013962
4382,1776849900000,10000.94331013962
4383,1776850200000,10000.94331013962
4384,1776850500000,10000.94331013962
4385,1776850800000,10000.94331013962
4386,1776851100000,10000.94331013962
4387,1776851400000,10000.94331013962
4388,1776851700000,10000.94331013962
4389,1776852000000,10000.94331013962
4390,1776852300000,10000.94331013962
4391,1776852600000,10000.94331013962
4392,1776852900000,10000.94331013962
4393,1776853200000,10000.94331013962
4394,1776853500000,10000.94331013962
4395,1776853800000,10000.94331013962
4396,1776854100000,10000.94331013962
4397,1776854400000,10000.94331013962
4398,1776854700000,10000.94331013962
4399,1776855000000,10000.94331013962
4400,1776855300000,10000.94331013962
4401,1776855600000,10000.94331013962
4402,1776855900000,10000.94331013962
4403,1776856200000,10000.94331013962
4404,1776856500000,10000.94331013962
4405,1776856800000,10000.94331013962
4406,1776857100000,10000.94331013962
4407,1776857400000,10000.94331013962
4408,1776857700000,10000.94331013962
4409,1776858000000,10000.94331013962
4410,1776858300000,10000.94331013962
4411,1776858600000,10000.94331013962
4412,1776858900000,10000.94331013962
4413,1776859200000,10000.94331013962
4414,1776859500000,10000.94331013962
4415,1776859800000,10000.94331013962
4416,1776860100000,10000.94331013962
4417,1776860400000,10000.94331013962
4418,1776860700000,10000.94331013962
4419,1776861000000,10000.94331013962
4420,1776861300000,10000.94331013962
4421,1776861600000,10000.94331013962
4422,1776861900000,10000.94331013962
4423,1776862200000,10000.94331013962
4424,1776862500000,10000.94331013962
4425,1776862800000,10000.94331013962
4426,1776863100000,10000.94331013962
4427,1776863400000,10000.94331013962
4428,1776863700000,10000.94331013962
4429,1776864000000,10000.94331013962
4430,1776864300000,10000.94331013962
4431,1776864600000,10000.94331013962
4432,1776864900000,10000.94331013962
4433,1776865200000,10000.94331013962
4434,1776865500000,10000.94331013962
4435,1776865800000,10000.94331013962
4436,1776866100000,10000.94331013962
4437,1776866400000,10000.94331013962
4438,1776866700000,10000.94331013962
4439,1776867000000,10000.94331013962
4440,1776867300000,10000.94331013962
4441,1776867600000,10000.94331013962
4442,1776867900000,10000.94331013962
4443,1776868200000,10000.94331013962
4444,1776868500000,10000.94331013962
4445,1776868800000,10000.94331013962
4446,1776869100000,10000.94331013962
4447,1776869400000,10000.94331013962
4448,1776869700000,10000.94331013962
4449,1776870000000,10000.94331013962
4450,1776870300000,10000.94331013962
4451,1776870600000,10000.94331013962
4452,1776870900000,10000.94331013962
4453,1776871200000,10000.94331013962
4454,1776871500000,10000.94331013962
4455,1776871800000,10000.94331013962
4456,1776872100000,10000.94331013962
4457,1776872400000,10000.94331013962
4458,1776872700000,10000.94331013962
4459,1776873000000,10000.94331013962
4460,1776873300000,10000.94331013962
4461,1776873600000,10000.94331013962
4462,1776873900000,10000.94331013962
4463,1776874200000,10000.94331013962
4464,1776874500000,10000.94331013962
4465,1776874800000,10000.94331013962
4466,1776875100000,10000.94331013962
4467,1776875400000,10000.94331013962
4468,1776875700000,10000.94331013962
4469,1776876000000,10000.94331013962
4470,1776876300000,10000.94331013962
4471,1776876600000,10000.94331013962
4472,1776876900000,10000.94331013962
4473,1776877200000,10000.94331013962
4474,1776877500000,10000.94331013962
4475,1776877800000,10000.94331013962
4476,1776878100000,10000.94331013962
4477,1776878400000,10000.94331013962
4478,1776878700000,10000.94331013962
4479,1776879000000,10000.94331013962
4480,1776879300000,10000.94331013962
4481,1776879600000,10000.94331013962
4482,1776879900000,10000.94331013962
4483,1776880200000,10000.94331013962
4484,1776880500000,10000.94331013962
4485,1776880800000,10000.94331013962
4486,1776881100000,10000.94331013962
4487,1776881400000,10000.94331013962
4488,1776881700000,10000.94331013962
4489,1776882000000,10000.94331013962
4490,1776882300000,10000.94331013962
4491,1776882600000,10000.94331013962
4492,1776882900000,10000.94331013962
4493,1776883200000,10000.94331013962
4494,1776883500000,10000.94331013962
4495,1776883800000,10000.94331013962
4496,1776884100000,10000.94331013962
4497,1776884400000,10000.94331013962
4498,1776884700000,10000.94331013962
4499,1776885000000,10000.94331013962
4500,1776885300000,10000.94331013962
4501,1776885600000,10000.94331013962
4502,1776885900000,10000.94331013962
4503,1776886200000,10000.94331013962
4504,1776886500000,10000.94331013962
4505,1776886800000,10000.94331013962
4506,1776887100000,10000.94331013962
4507,1776887400000,10000.94331013962
4508,1776887700000,10000.94331013962
4509,1776888000000,10000.94331013962
4510,1776888300000,10000.94331013962
4511,1776888600000,10000.94331013962
4512,1776888900000,10000.94331013962
4513,1776889200000,10000.94331013962
4514,1776889500000,10000.94331013962
4515,1776889800000,10000.94331013962
4516,1776890100000,10000.94331013962
4517,1776890400000,10000.94331013962
4518,1776890700000,10000.94331013962
4519,1776891000000,10000.94331013962
4520,1776891300000,10000.94331013962
4521,1776891600000,10000.94331013962
4522,1776891900000,10000.94331013962
4523,1776892200000,10000.94331013962
4524,1776892500000,10000.94331013962
4525,1776892800000,10000.94331013962
4526,1776893100000,10000.94331013962
4527,1776893400000,10000.94331013962
4528,1776893700000,10000.94331013962
4529,1776894000000,10000.94331013962
4530,1776894300000,10000.94331013962
4531,1776894600000,10000.94331013962
4532,1776894900000,10000.94331013962
4533,1776895200000,10000.94331013962
4534,1776895500000,10000.94331013962
4535,1776895800000,10000.94331013962
4536,1776896100000,10000.94331013962
4537,1776896400000,10000.94331013962
4538,1776896700000,10000.94331013962
4539,1776897000000,10000.94331013962
4540,1776897300000,10000.94331013962
4541,1776897600000,10000.94331013962
4542,1776897900000,10000.94331013962
4543,1776898200000,10000.94331013962
4544,1776898500000,10000.94331013962
4545,1776898800000,10000.94331013962
4546,1776899100000,10000.94331013962
4547,1776899400000,10000.94331013962
4548,1776899700000,10000.94331013962
4549,1776900000000,10000.94331013962
4550,1776900300000,10000.94331013962
4551,1776900600000,10000.94331013962
4552,1776900900000,10000.94331013962
4553,1776901200000,10000.94331013962
4554,1776901500000,10000.94331013962
4555,1776901800000,10000.94331013962
4556,1776902100000,10000.94331013962
4557,1776902400000,10000.94331013962
4558,1776902700000,10000.94331013962
4559,1776903000000,10000.94331013962
4560,1776903300000,10000.94331013962
4561,1776903600000,10000.94331013962
4562,1776903900000,10000.94331013962
4563,1776904200000,10000.94331013962
4564,1776904500000,10000.94331013962
4565,1776904800000,10000.94331013962
4566,1776905100000,10000.94331013962
4567,1776905400000,10000.94331013962
4568,1776905700000,10000.94331013962
4569,1776906000000,10000.94331013962
4570,1776906300000,10000.94331013962
4571,1776906600000,10000.94331013962
4572,1776906900000,10000.94331013962
4573,1776907200000,10000.94331013962
4574,1776907500000,10000.94331013962
4575,1776907800000,10000.94331013962
4576,1776908100000,10000.94331013962
4577,1776908400000,10000.94331013962
4578,1776908700000,10000.94331013962
4579,1776909000000,10000.94331013962
4580,1776909300000,10000.94331013962
4581,1776909600000,10000.94331013962
4582,1776909900000,10000.94331013962
4583,1776910200000,10000.94331013962
4584,1776910500000,10000.94331013962
4585,1776910800000,10000.94331013962
4586,1776911100000,10000.94331013962
4587,1776911400000,10000.94331013962
4588,1776911700000,10000.94331013962
4589,1776912000000,10000.94331013962
4590,1776912300000,10000.94331013962
4591,1776912600000,10000.94331013962
4592,1776912900000,10000.94331013962
4593,1776913200000,10000.94331013962
4594,1776913500000,10000.94331013962
4595,1776913800000,10000.94331013962
4596,1776914100000,10000.94331013962
4597,1776914400000,10000.94331013962
4598,1776914700000,10000.94331013962
4599,1776915000000,10000.94331013962
4600,1776915300000,10000.94331013962
4601,1776915600000,10000.94331013962
4602,1776915900000,10000.94331013962
4603,1776916200000,10000.94331013962
4604,1776916500000,10000.94331013962
4605,1776916800000,10000.94331013962
4606,1776917100000,10000.94331013962
4607,1776917400000,10000.94331013962
4608,1776917700000,10000.94331013962
4609,1776918000000,10000.94331013962
4610,1776918300000,10000.94331013962
4611,1776918600000,10000.94331013962
4612,1776918900000,10000.94331013962
4613,1776919200000,10000.94331013962
4614,1776919500000,10000.94331013962
4615,1776919800000,10000.94331013962
4616,1776920100000,10000.94331013962
4617,1776920400000,10000.94331013962
4618,1776920700000,10000.94331013962
4619,1776921000000,10000.94331013962
4620,1776921300000,10000.94331013962
4621,1776921600000,10000.94331013962
4622,1776921900000,10000.94331013962
4623,1776922200000,10000.94331013962
4624,1776922500000,10000.94331013962
4625,1776922800000,10000.94331013962
4626,1776923100000,10000.94331013962
4627,1776923400000,10000.94331013962
4628,1776923700000,10000.94331013962
4629,1776924000000,10000.94331013962
4630,1776924300000,10000.94331013962
4631,1776924600000,10000.94331013962
4632,1776924900000,10000.94331013962
4633,1776925200000,10000.94331013962
4634,1776925500000,10000.94331013962
4635,1776925800000,10000.94331013962
4636,1776926100000,10000.94331013962
4637,1776926400000,10000.94331013962
4638,1776926700000,10000.94331013962
4639,1776927000000,10000.94331013962
4640,1776927300000,10000.94331013962
4641,1776927600000,10000.94331013962
4642,1776927900000,10000.94331013962
4643,1776928200000,10000.94331013962
4644,1776928500000,10000.94331013962
4645,1776928800000,10000.94331013962
4646,1776929100000,10000.94331013962
4647,1776929400000,10000.94331013962
4648,1776929700000,10000.94331013962
4649,1776930000000,10000.94331013962
4650,1776930300000,10000.94331013962
4651,1776930600000,10000.94331013962
4652,1776930900000,10000.94331013962
4653,1776931200000,10000.94331013962
4654,1776931500000,10000.94331013962
4655,1776931800000,10000.94331013962
4656,1776932100000,10000.94331013962
4657,1776932400000,10000.94331013962
4658,1776932700000,10000.94331013962
4659,1776933000000,10000.94331013962
4660,1776933300000,10000.94331013962
4661,1776933600000,10000.94331013962
4662,1776933900000,10000.94331013962
4663,1776934200000,10000.94331013962
4664,1776934500000,10000.94331013962
4665,1776934800000,10000.94331013962
4666,1776935100000,10000.94331013962
4667,1776935400000,10000.94331013962
4668,1776935700000,10000.94331013962
4669,1776936000000,10000.94331013962
4670,1776936300000,10000.94331013962
4671,1776936600000,10000.94331013962
4672,1776936900000,10000.94331013962
4673,1776937200000,10000.94331013962
4674,1776937500000,10000.94331013962
4675,1776937800000,10000.94331013962
4676,1776938100000,10000.94331013962
4677,1776938400000,10000.94331013962
4678,1776938700000,10000.94331013962
4679,1776939000000,10000.94331013962
4680,1776939300000,10000.94331013962
4681,1776939600000,10000.94331013962
4682,1776939900000,10000.94331013962
4683,1776940200000,10000.94331013962
4684,1776940500000,10000.94331013962
4685,1776940800000,10000.94331013962
4686,1776941100000,10000.94331013962
4687,1776941400000,10000.94331013962
4688,1776941700000,10000.94331013962
4689,1776942000000,10000.94331013962
4690,1776942300000,10000.94331013962
4691,1776942600000,10000.94331013962
4692,1776942900000,10000.94331013962
4693,1776943200000,10000.94331013962
4694,1776943500000,10000.94331013962
4695,1776943800000,10000.94331013962
4696,1776944100000,10000.94331013962
4697,1776944400000,10000.94331013962
4698,1776944700000,10000.94331013962
4699,1776945000000,10000.94331013962
4700,1776945300000,10000.94331013962
4701,1776945600000,10000.94331013962
4702,1776945900000,10000.94331013962
4703,1776946200000,10000.94331013962
4704,1776946500000,10000.94331013962
4705,1776946800000,10000.94331013962
4706,1776947100000,10000.94331013962
4707,1776947400000,10000.94331013962
4708,1776947700000,10000.94331013962
4709,1776948000000,10000.94331013962
4710,1776948300000,10000.94331013962
4711,1776948600000,10000.94331013962
4712,1776948900000,10000.94331013962
4713,1776949200000,10000.94331013962
4714,1776949500000,10000.94331013962
4715,1776949800000,10000.94331013962
4716,1776950100000,10000.94331013962
4717,1776950400000,10000.94331013962
4718,1776950700000,10000.94331013962
4719,1776951000000,10000.94331013962
4720,1776951300000,10000.94331013962
4721,1776951600000,10000.94331013962
4722,1776951900000,10000.94331013962
4723,1776952200000,10000.94331013962
4724,1776952500000,10000.94331013962
4725,1776952800000,10000.94331013962
4726,1776953100000,10000.94331013962
4727,1776953400000,10000.94331013962
4728,1776953700000,10000.94331013962
4729,1776954000000,10000.94331013962
4730,1776954300000,10000.94331013962
4731,1776954600000,10000.94331013962
4732,1776954900000,10000.94331013962
4733,1776955200000,10000.94331013962
4734,1776955500000,10000.94331013962
4735,1776955800000,10000.94331013962
4736,1776956100000,10000.94331013962
4737,1776956400000,10000.94331013962
4738,1776956700000,10000.94331013962
4739,1776957000000,10000.94331013962
4740,1776957300000,10000.94331013962
4741,1776957600000,10000.94331013962
4742,1776957900000,10000.94331013962
4743,1776958200000,10000.94331013962
4744,1776958500000,10000.94331013962
4745,1776958800000,10000.94331013962
4746,1776959100000,10000.94331013962
4747,1776959400000,10000.94331013962
4748,1776959700000,10000.94331013962
4749,1776960000000,10000.94331013962
4750,1776960300000,10000.94331013962
4751,1776960600000,10000.94331013962
4752,1776960900000,10000.94331013962
4753,1776961200000,10000.94331013962
4754,1776961500000,10000.94331013962
4755,1776961800000,10000.94331013962
4756,1776962100000,10000.94331013962
4757,1776962400000,10000.94331013962
4758,1776962700000,10000.94331013962
4759,1776963000000,10000.94331013962
4760,1776963300000,10000.94331013962
4761,1776963600000,10000.94331013962
4762,1776963900000,10000.94331013962
4763,1776964200000,10000.94331013962
4764,1776964500000,10000.94331013962
4765,1776964800000,10000.94331013962
4766,1776965100000,10000.94331013962
4767,1776965400000,10000.94331013962
4768,1776965700000,10000.94331013962
4769,1776966000000,10000.94331013962
4770,1776966300000,10000.94331013962
4771,1776966600000,10000.94331013962
4772,1776966900000,10000.94331013962
4773,1776967200000,10000.94331013962
4774,1776967500000,10000.94331013962
4775,1776967800000,10000.94331013962
4776,1776968100000,10000.94331013962
4777,1776968400000,10000.94331013962
4778,1776968700000,10000.94331013962
4779,1776969000000,10000.94331013962
4780,1776969300000,10000.94331013962
4781,1776969600000,10000.94331013962
4782,1776969900000,10000.94331013962
4783,1776970200000,10000.94331013962
4784,1776970500000,10000.94331013962
4785,1776970800000,10000.94331013962
4786,1776971100000,10000.94331013962
4787,1776971400000,10000.94331013962
4788,1776971700000,10000.94331013962
4789,1776972000000,10000.94331013962
4790,1776972300000,10000.94331013962
4791,1776972600000,10000.94331013962
4792,1776972900000,10000.94331013962
4793,1776973200000,10000.94331013962
4794,1776973500000,10000.94331013962
4795,1776973800000,10000.94331013962
4796,1776974100000,10000.94331013962
4797,1776974400000,10000.94331013962
4798,1776974700000,10000.94331013962
4799,1776975000000,10000.94331013962
4800,1776975300000,10000.94331013962
4801,1776975600000,10000.94331013962
4802,1776975900000,10000.94331013962
4803,1776976200000,10000.94331013962
4804,1776976500000,10000.94331013962
4805,1776976800000,10000.94331013962
4806,1776977100000,10000.94331013962
4807,1776977400000,10000.94331013962
4808,1776977700000,10000.94331013962
4809,1776978000000,10000.94331013962
4810,1776978300000,10000.94331013962
4811,1776978600000,10000.94331013962
4812,1776978900000,10000.94331013962
4813,1776979200000,10000.94331013962
4814,1776979500000,10000.94331013962
4815,1776979800000,10000.94331013962
4816,1776980100000,10000.94331013962
4817,1776980400000,10000.94331013962
4818,1776980700000,10000.94331013962
4819,1776981000000,10000.94331013962
4820,1776981300000,10000.94331013962
4821,1776981600000,10000.94331013962
4822,1776981900000,10000.94331013962
4823,1776982200000,10000.94331013962
4824,1776982500000,10000.94331013962
4825,1776982800000,10000.94331013962
4826,1776983100000,10000.94331013962
4827,1776983400000,10000.94331013962
4828,1776983700000,10000.94331013962
4829,1776984000000,10000.94331013962
4830,1776984300000,10000.94331013962
4831,1776984600000,10000.94331013962
4832,1776984900000,10000.94331013962
4833,1776985200000,10000.94331013962
4834,1776985500000,10000.94331013962
4835,1776985800000,10000.94331013962
4836,1776986100000,10000.94331013962
4837,1776986400000,10000.94331013962
4838,1776986700000,10000.94331013962
4839,1776987000000,10000.94331013962
4840,1776987300000,10000.94331013962
4841,1776987600000,10000.94331013962
4842,1776987900000,10000.94331013962
4843,1776988200000,10000.94331013962
4844,1776988500000,10000.94331013962
4845,1776988800000,10000.94331013962
4846,1776989100000,10000.94331013962
4847,1776989400000,10000.94331013962
4848,1776989700000,10000.94331013962
4849,1776990000000,10000.94331013962
4850,1776990300000,10000.94331013962
4851,1776990600000,10000.94331013962
4852,1776990900000,10000.94331013962
4853,1776991200000,10000.94331013962
4854,1776991500000,10000.94331013962
4855,1776991800000,10000.94331013962
4856,1776992100000,10000.94331013962
4857,1776992400000,10000.94331013962
4858,1776992700000,10000.94331013962
4859,1776993000000,10000.94331013962
4860,1776993300000,10000.94331013962
4861,1776993600000,10000.94331013962
4862,1776993900000,10000.94331013962
4863,1776994200000,10000.94331013962
4864,1776994500000,10000.94331013962
4865,1776994800000,10000.94331013962
4866,1776995100000,10000.94331013962
4867,1776995400000,10000.94331013962
4868,1776995700000,10000.94331013962
4869,1776996000000,10000.94331013962
4870,1776996300000,10000.94331013962
4871,1776996600000,10000.94331013962
4872,1776996900000,10000.94331013962
4873,1776997200000,10000.94331013962
4874,1776997500000,10000.94331013962
4875,1776997800000,10000.94331013962
4876,1776998100000,10000.94331013962
4877,1776998400000,10000.94331013962
4878,1776998700000,10000.94331013962
4879,1776999000000,10000.94331013962
4880,1776999300000,10000.94331013962
4881,1776999600000,10000.94331013962
4882,1776999900000,10000.94331013962
4883,1777000200000,10000.94331013962
4884,1777000500000,10000.94331013962
4885,1777000800000,10000.94331013962
4886,1777001100000,10000.94331013962
4887,1777001400000,10000.94331013962
4888,1777001700000,10000.94331013962
4889,1777002000000,10000.94331013962
4890,1777002300000,10000.94331013962
4891,1777002600000,10000.94331013962
4892,1777002900000,10000.94331013962
4893,1777003200000,10000.94331013962
4894,1777003500000,10000.94331013962
4895,1777003800000,10000.94331013962
4896,1777004100000,10000.94331013962
4897,1777004400000,10000.94331013962
4898,1777004700000,10000.94331013962
4899,1777005000000,10000.94331013962
4900,1777005300000,10000.94331013962
4901,1777005600000,10000.94331013962
4902,1777005900000,10000.94331013962
4903,1777006200000,10000.94331013962
4904,1777006500000,10000.94331013962
4905,1777006800000,10000.94331013962
4906,1777007100000,10000.94331013962
4907,1777007400000,10000.94331013962
4908,1777007700000,10000.94331013962
4909,1777008000000,10000.94331013962
4910,1777008300000,10000.94331013962
4911,1777008600000,10000.94331013962
4912,1777008900000,10000.94331013962
4913,1777009200000,10000.94331013962
4914,1777009500000,10000.94331013962
4915,1777009800000,10000.94331013962
4916,1777010100000,10000.94331013962
4917,1777010400000,10000.94331013962
4918,1777010700000,10000.94331013962
4919,1777011000000,10000.94331013962
4920,1777011300000,10000.94331013962
4921,1777011600000,10000.94331013962
4922,1777011900000,10000.94331013962
4923,1777012200000,10000.94331013962
4924,1777012500000,10000.94331013962
4925,1777012800000,10000.94331013962
4926,1777013100000,10000.94331013962
4927,1777013400000,10000.94331013962
4928,1777013700000,10000.94331013962
4929,1777014000000,10000.94331013962
4930,1777014300000,10000.94331013962
4931,1777014600000,10000.94331013962
4932,1777014900000,10000.94331013962
4933,1777015200000,10000.94331013962
4934,1777015500000,10000.94331013962
4935,1777015800000,10000.94331013962
4936,1777016100000,10000.94331013962
4937,1777016400000,10000.94331013962
4938,1777016700000,10000.94331013962
4939,1777017000000,10000.94331013962
4940,1777017300000,10000.94331013962
4941,1777017600000,10000.94331013962
4942,1777017900000,10000.94331013962
4943,1777018200000,10000.94331013962
4944,1777018500000,10000.94331013962
4945,1777018800000,10000.94331013962
4946,1777019100000,10000.94331013962
4947,1777019400000,10000.94331013962
4948,1777019700000,10000.94331013962
4949,1777020000000,10000.94331013962
4950,1777020300000,10000.94331013962
4951,1777020600000,10000.94331013962
4952,1777020900000,10000.94331013962
4953,1777021200000,10000.94331013962
4954,1777021500000,10000.94331013962
4955,1777021800000,10000.94331013962
4956,1777022100000,10000.94331013962
4957,1777022400000,10000.94331013962
4958,1777022700000,10000.94331013962
4959,1777023000000,10000.94331013962
4960,1777023300000,10000.94331013962
4961,1777023600000,10000.94331013962
4962,1777023900000,10000.94331013962
4963,1777024200000,10000.94331013962
4964,1777024500000,10000.94331013962
4965,1777024800000,10000.94331013962
4966,1777025100000,10000.94331013962
4967,1777025400000,10000.94331013962
4968,1777025700000,10000.94331013962
4969,1777026000000,10000.94331013962
4970,1777026300000,10000.94331013962
4971,1777026600000,10000.94331013962
4972,1777026900000,10000.94331013962
4973,1777027200000,10000.94331013962
4974,1777027500000,10000.94331013962
4975,1777027800000,10000.94331013962
4976,1777028100000,10000.94331013962
4977,1777028400000,10000.94331013962
4978,1777028700000,10000.94331013962
4979,1777029000000,10000.94331013962
4980,1777029300000,10000.94331013962
4981,1777029600000,10000.94331013962
4982,1777029900000,10000.94331013962
4983,1777030200000,10000.94331013962
4984,1777030500000,10000.94331013962
4985,1777030800000,10000.94331013962
4986,1777031100000,10000.94331013962
4987,1777031400000,10000.94331013962
4988,1777031700000,10000.94331013962
4989,1777032000000,10000.94331013962
4990,1777032300000,10000.94331013962
4991,1777032600000,10000.94331013962
4992,1777032900000,10000.94331013962
4993,1777033200000,10000.94331013962
4994,1777033500000,10000.94331013962
4995,1777033800000,10000.94331013962
4996,1777034100000,10000.94331013962
4997,1777034400000,10000.94331013962
4998,1777034700000,10000.94331013962
4999,1777035000000,10000.94331013962
5000,1777035300000,10000.94331013962
5001,1777035600000,10000.94331013962
5002,1777035900000,10000.94331013962
5003,1777036200000,10000.94331013962
5004,1777036500000,10000.94331013962
5005,1777036800000,10000.94331013962
5006,1777037100000,10000.94331013962
5007,1777037400000,10000.94331013962
5008,1777037700000,10000.94331013962
5009,1777038000000,10000.94331013962
5010,1777038300000,10000.94331013962
5011,1777038600000,10000.94331013962
5012,1777038900000,10000.94331013962
5013,1777039200000,10000.94331013962
5014,1777039500000,10000.94331013962
5015,1777039800000,10000.94331013962
5016,1777040100000,10000.94331013962
5017,1777040400000,10000.94331013962
5018,1777040700000,10000.94331013962
5019,1777041000000,10000.94331013962
5020,1777041300000,10000.94331013962
5021,1777041600000,10000.94331013962
5022,1777041900000,10000.94331013962
5023,1777042200000,10000.94331013962
5024,1777042500000,10000.94331013962
5025,1777042800000,10000.94331013962
5026,1777043100000,10000.94331013962
5027,1777043400000,10000.94331013962
5028,1777043700000,10000.94331013962
5029,1777044000000,10000.94331013962
5030,1777044300000,10000.94331013962
5031,1777044600000,10000.94331013962
5032,1777044900000,10000.94331013962
5033,1777045200000,10000.94331013962
5034,1777045500000,10000.94331013962
5035,1777045800000,10000.94331013962
5036,1777046100000,10000.94331013962
5037,1777046400000,10000.94331013962
5038,1777046700000,10000.94331013962
5039,1777047000000,10000.94331013962
5040,1777047300000,10000.94331013962
5041,1777047600000,10000.94331013962
5042,1777047900000,10000.94331013962
5043,1777048200000,10000.94331013962
5044,1777048500000,10000.94331013962
5045,1777048800000,10000.94331013962
5046,1777049100000,10000.94331013962
5047,1777049400000,10000.94331013962
5048,1777049700000,10000.94331013962
5049,1777050000000,10000.94331013962
5050,1777050300000,10000.94331013962
5051,1777050600000,10000.94331013962
5052,1777050900000,10000.94331013962
5053,1777051200000,10000.94331013962
5054,1777051500000,10000.94331013962
5055,1777051800000,10000.94331013962
5056,1777052100000,10000.94331013962
5057,1777052400000,10000.94331013962
5058,1777052700000,10000.94331013962
5059,1777053000000,10000.94331013962
5060,1777053300000,10000.94331013962
5061,1777053600000,10000.94331013962
5062,1777053900000,10000.94331013962
5063,1777054200000,10000.94331013962
5064,1777054500000,10000.94331013962
5065,1777054800000,10000.94331013962
5066,1777055100000,10000.94331013962
5067,1777055400000,10000.94331013962
5068,1777055700000,10000.94331013962
5069,1777056000000,10000.94331013962
5070,1777056300000,10000.94331013962
5071,1777056600000,10000.94331013962
5072,1777056900000,10000.94331013962
5073,1777057200000,10000.94331013962
5074,1777057500000,10000.94331013962
5075,1777057800000,10000.94331013962
5076,1777058100000,10000.94331013962
5077,1777058400000,10000.94331013962
5078,1777058700000,10000.94331013962
5079,1777059000000,10000.94331013962
5080,1777059300000,10000.94331013962
5081,1777059600000,10000.94331013962
5082,1777059900000,10000.94331013962
5083,1777060200000,10000.94331013962
5084,1777060500000,10000.94331013962
5085,1777060800000,10000.94331013962
5086,1777061100000,10000.94331013962
5087,1777061400000,10000.94331013962
5088,1777061700000,10000.94331013962
5089,1777062000000,10000.94331013962
5090,1777062300000,10000.94331013962
5091,1777062600000,10000.94331013962
5092,1777062900000,10000.94331013962
5093,1777063200000,10000.94331013962
5094,1777063500000,10000.94331013962
5095,1777063800000,10000.94331013962
5096,1777064100000,10000.94331013962
5097,1777064400000,10000.94331013962
5098,1777064700000,10000.94331013962
5099,1777065000000,10000.94331013962
5100,1777065300000,10000.94331013962
5101,1777065600000,10000.94331013962
5102,1777065900000,10000.94331013962
5103,1777066200000,10000.94331013962
5104,1777066500000,10000.94331013962
5105,1777066800000,10000.94331013962
5106,1777067100000,10000.94331013962
5107,1777067400000,10000.94331013962
5108,1777067700000,10000.94331013962
5109,1777068000000,10000.94331013962
5110,1777068300000,10000.94331013962
5111,1777068600000,10000.94331013962
5112,1777068900000,10000.94331013962
5113,1777069200000,10000.94331013962
5114,1777069500000,10000.94331013962
5115,1777069800000,10000.94331013962
5116,1777070100000,10000.94331013962
5117,1777070400000,10000.94331013962
5118,1777070700000,10000.94331013962
5119,1777071000000,10000.94331013962
5120,1777071300000,10000.94331013962
5121,1777071600000,10000.94331013962
5122,1777071900000,10000.94331013962
5123,1777072200000,10000.94331013962
5124,1777072500000,10000.94331013962
5125,1777072800000,10000.94331013962
5126,1777073100000,10000.94331013962
5127,1777073400000,10000.94331013962
5128,1777073700000,10000.94331013962
5129,1777074000000,10000.94331013962
5130,1777074300000,10000.94331013962
5131,1777074600000,10000.94331013962
5132,1777074900000,10000.94331013962
5133,1777075200000,10000.94331013962
5134,1777075500000,10000.94331013962
5135,1777075800000,10000.94331013962
5136,1777076100000,10000.94331013962
5137,1777076400000,10000.94331013962
5138,1777076700000,10000.94331013962
5139,1777077000000,10000.94331013962
5140,1777077300000,10000.94331013962
5141,1777077600000,10000.94331013962
5142,1777077900000,10000.94331013962
5143,1777078200000,10000.94331013962
5144,1777078500000,10000.94331013962
5145,1777078800000,10000.94331013962
5146,1777079100000,10000.94331013962
5147,1777079400000,10000.94331013962
5148,1777079700000,10000.94331013962
5149,1777080000000,10000.94331013962
5150,1777080300000,10000.94331013962
5151,1777080600000,10000.94331013962
5152,1777080900000,10000.94331013962
5153,1777081200000,10000.94331013962
5154,1777081500000,10000.94331013962
5155,1777081800000,10000.94331013962
5156,1777082100000,10000.94331013962
5157,1777082400000,10000.94331013962
5158,1777082700000,10000.94331013962
5159,1777083000000,10000.94331013962
5160,1777083300000,10000.94331013962
5161,1777083600000,10000.94331013962
5162,1777083900000,10000.94331013962
5163,1777084200000,10000.94331013962
5164,1777084500000,10000.94331013962
5165,1777084800000,10000.94331013962
5166,1777085100000,10000.94331013962
5167,1777085400000,10000.94331013962
5168,1777085700000,10000.94331013962
5169,1777086000000,10000.94331013962
5170,1777086300000,10000.94331013962
5171,1777086600000,10000.94331013962
5172,1777086900000,10000.94331013962
5173,1777087200000,10000.94331013962
5174,1777087500000,10000.94331013962
5175,1777087800000,10000.94331013962
5176,1777088100000,10000.94331013962
5177,1777088400000,10000.94331013962
5178,1777088700000,10000.94331013962
5179,1777089000000,10000.94331013962
5180,1777089300000,10000.94331013962
5181,1777089600000,10000.94331013962
5182,1777089900000,10000.94331013962
5183,1777090200000,10000.94331013962
5184,1777090500000,10000.94331013962
5185,1777090800000,10000.94331013962
5186,1777091100000,10000.94331013962
5187,1777091400000,10000.94331013962
5188,1777091700000,10000.94331013962
5189,1777092000000,10000.94331013962
5190,1777092300000,10000.94331013962
5191,1777092600000,10000.94331013962
5192,1777092900000,10000.94331013962
5193,1777093200000,10000.94331013962
5194,1777093500000,10000.94331013962
5195,1777093800000,10000.94331013962
5196,1777094100000,10000.94331013962
5197,1777094400000,10000.94331013962
5198,1777094700000,10000.94331013962
5199,1777095000000,10000.94331013962
5200,1777095300000,10000.94331013962
5201,1777095600000,10000.94331013962
5202,1777095900000,10000.94331013962
5203,1777096200000,10000.94331013962
5204,1777096500000,10000.94331013962
5205,1777096800000,10000.94331013962
5206,1777097100000,10000.94331013962
5207,1777097400000,10000.94331013962
5208,1777097700000,10000.94331013962
5209,1777098000000,10000.94331013962
5210,1777098300000,10000.94331013962
5211,1777098600000,10000.94331013962
5212,1777098900000,10000.94331013962
5213,1777099200000,10000.94331013962
5214,1777099500000,10000.94331013962
5215,1777099800000,10000.94331013962
5216,1777100100000,10000.94331013962
5217,1777100400000,10000.94331013962
5218,1777100700000,10000.94331013962
5219,1777101000000,10000.94331013962
5220,1777101300000,10000.94331013962
5221,1777101600000,10000.94331013962
5222,1777101900000,10000.94331013962
5223,1777102200000,10000.94331013962
5224,1777102500000,10000.94331013962
5225,1777102800000,10000.94331013962
5226,1777103100000,10000.94331013962
5227,1777103400000,10000.94331013962
5228,1777103700000,10000.94331013962
5229,1777104000000,10000.94331013962
5230,1777104300000,10000.94331013962
5231,1777104600000,10000.94331013962
5232,1777104900000,10000.94331013962
5233,1777105200000,10000.94331013962
5234,1777105500000,10000.94331013962
5235,1777105800000,10000.94331013962
5236,1777106100000,10000.94331013962
5237,1777106400000,10000.94331013962
5238,1777106700000,10000.94331013962
5239,1777107000000,10000.94331013962
5240,1777107300000,10000.94331013962
5241,1777107600000,10000.94331013962
5242,1777107900000,10000.94331013962
5243,1777108200000,10000.94331013962
5244,1777108500000,10000.94331013962
5245,1777108800000,9996.942932815564
5246,1777109100000,9994.942344115805
5247,1777109400000,9994.942344115805
5248,1777109700000,9994.942344115805
5249,1777110000000,9994.942344115805
5250,1777110300000,9994.942344115805
5251,1777110600000,9994.942344115805
5252,1777110900000,9994.942344115805
5253,1777111200000,9994.942344115805
5254,1777111500000,9994.942344115805
5255,1777111800000,9994.942344115805
5256,1777112100000,9994.942344115805
5257,1777112400000,9994.942344115805
5258,1777112700000,9994.942344115805
5259,1777113000000,9994.942344115805
5260,1777113300000,9994.942344115805
5261,1777113600000,9994.942344115805
5262,1777113900000,9994.942344115805
5263,1777114200000,9994.942344115805
5264,1777114500000,9994.942344115805
5265,1777114800000,9994.942344115805
5266,1777115100000,9994.942344115805
5267,1777115400000,9994.942344115805
5268,1777115700000,9994.942344115805
5269,1777116000000,9994.942344115805
5270,1777116300000,9994.942344115805
5271,1777116600000,9994.942344115805
5272,1777116900000,9994.942344115805
5273,1777117200000,9994.942344115805
5274,1777117500000,9994.942344115805
5275,1777117800000,9994.942344115805
5276,1777118100000,9994.942344115805
5277,1777118400000,9994.942344115805
5278,1777118700000,9994.942344115805
5279,1777119000000,9994.942344115805
5280,1777119300000,9994.942344115805
5281,1777119600000,9994.942344115805
5282,1777119900000,9994.942344115805
5283,1777120200000,9994.942344115805
5284,1777120500000,9994.942344115805
5285,1777120800000,9994.942344115805
5286,1777121100000,9994.942344115805
5287,1777121400000,9994.942344115805
5288,1777121700000,9994.942344115805
5289,1777122000000,9994.942344115805
5290,1777122300000,9994.942344115805
5291,1777122600000,9994.942344115805
5292,1777122900000,9994.942344115805
5293,1777123200000,9994.942344115805
5294,1777123500000,9994.942344115805
5295,1777123800000,9994.942344115805
5296,1777124100000,9994.942344115805
5297,1777124400000,9994.942344115805
5298,1777124700000,9994.942344115805
5299,1777125000000,9994.942344115805
5300,1777125300000,9994.942344115805
5301,1777125600000,9994.942344115805
5302,1777125900000,9994.942344115805
5303,1777126200000,9994.942344115805
5304,1777126500000,9994.942344115805
5305,1777126800000,9994.942344115805
5306,1777127100000,9994.942344115805
5307,1777127400000,9994.942344115805
5308,1777127700000,9994.942344115805
5309,1777128000000,9994.942344115805
5310,1777128300000,9994.942344115805
5311,1777128600000,9994.942344115805
5312,1777128900000,9994.942344115805
5313,1777129200000,9994.942344115805
5314,1777129500000,9994.942344115805
5315,1777129800000,9994.942344115805
5316,1777130100000,9994.942344115805
5317,1777130400000,9994.942344115805
5318,1777130700000,9994.942344115805
5319,1777131000000,9994.942344115805
5320,1777131300000,9994.942344115805
5321,1777131600000,9994.942344115805
5322,1777131900000,9994.942344115805
5323,1777132200000,9994.942344115805
5324,1777132500000,9994.942344115805
5325,1777132800000,9994.942344115805
5326,1777133100000,9994.942344115805
5327,1777133400000,9994.942344115805
5328,1777133700000,9994.942344115805
5329,1777134000000,9994.942344115805
5330,1777134300000,9994.942344115805
5331,1777134600000,9994.942344115805
5332,1777134900000,9994.942344115805
5333,1777135200000,9994.942344115805
5334,1777135500000,9994.942344115805
5335,1777135800000,9994.942344115805
5336,1777136100000,9994.942344115805
5337,1777136400000,9994.942344115805
5338,1777136700000,9994.942344115805
5339,1777137000000,9994.942344115805
5340,1777137300000,9994.942344115805
5341,1777137600000,9994.942344115805
5342,1777137900000,9994.942344115805
5343,1777138200000,9994.942344115805
5344,1777138500000,9994.942344115805
5345,1777138800000,9994.942344115805
5346,1777139100000,9994.942344115805
5347,1777139400000,9994.942344115805
5348,1777139700000,9994.942344115805
5349,1777140000000,9994.942344115805
5350,1777140300000,9994.942344115805
5351,1777140600000,9994.942344115805
5352,1777140900000,9994.942344115805
5353,1777141200000,9994.942344115805
5354,1777141500000,9994.942344115805
5355,1777141800000,9994.942344115805
5356,1777142100000,9994.942344115805
5357,1777142400000,9994.942344115805
5358,1777142700000,9994.942344115805
5359,1777143000000,9994.942344115805
5360,1777143300000,9994.942344115805
5361,1777143600000,9994.942344115805
5362,1777143900000,9994.942344115805
5363,1777144200000,9994.942344115805
5364,1777144500000,9994.942344115805
5365,1777144800000,9994.942344115805
5366,1777145100000,9994.942344115805
5367,1777145400000,9994.942344115805
5368,1777145700000,9994.942344115805
5369,1777146000000,9994.942344115805
5370,1777146300000,9994.942344115805
5371,1777146600000,9994.942344115805
5372,1777146900000,9994.942344115805
5373,1777147200000,9994.942344115805
5374,1777147500000,9994.942344115805
5375,1777147800000,9994.942344115805
5376,1777148100000,9994.942344115805
5377,1777148400000,9994.942344115805
5378,1777148700000,9994.942344115805
5379,1777149000000,9994.942344115805
5380,1777149300000,9994.942344115805
5381,1777149600000,9994.942344115805
5382,1777149900000,9994.942344115805
5383,1777150200000,9994.942344115805
5384,1777150500000,9994.942344115805
5385,1777150800000,9994.942344115805
5386,1777151100000,9994.942344115805
5387,1777151400000,9994.942344115805
5388,1777151700000,9994.942344115805
5389,1777152000000,9994.942344115805
5390,1777152300000,9994.942344115805
5391,1777152600000,9994.942344115805
5392,1777152900000,9994.942344115805
5393,1777153200000,9994.942344115805
5394,1777153500000,9994.942344115805
5395,1777153800000,9994.942344115805
5396,1777154100000,9994.942344115805
5397,1777154400000,9994.942344115805
5398,1777154700000,9994.942344115805
5399,1777155000000,9994.942344115805
5400,1777155300000,9994.942344115805
5401,1777155600000,9994.942344115805
5402,1777155900000,9994.942344115805
5403,1777156200000,9994.942344115805
5404,1777156500000,9994.942344115805
5405,1777156800000,9994.942344115805
5406,1777157100000,9990.94436717816
5407,1777157400000,9988.944978911642
5408,1777157700000,9988.944978911642
5409,1777158000000,9988.944978911642
5410,1777158300000,9988.944978911642
5411,1777158600000,9988.944978911642
5412,1777158900000,9988.944978911642
5413,1777159200000,9988.944978911642
5414,1777159500000,9988.944978911642
5415,1777159800000,9988.944978911642
5416,1777160100000,9988.944978911642
5417,1777160400000,9988.944978911642
5418,1777160700000,9988.944978911642
5419,1777161000000,9988.944978911642
5420,1777161300000,9988.944978911642
5421,1777161600000,9988.944978911642
5422,1777161900000,9988.944978911642
5423,1777162200000,9988.944978911642
5424,1777162500000,9988.944978911642
5425,1777162800000,9988.944978911642
5426,1777163100000,9988.944978911642
5427,1777163400000,9988.944978911642
5428,1777163700000,9988.944978911642
5429,1777164000000,9988.944978911642
5430,1777164300000,9988.944978911642
5431,1777164600000,9988.944978911642
5432,1777164900000,9988.944978911642
5433,1777165200000,9988.944978911642
5434,1777165500000,9988.944978911642
5435,1777165800000,9988.944978911642
5436,1777166100000,9988.944978911642
5437,1777166400000,9988.944978911642
5438,1777166700000,9988.944978911642
5439,1777167000000,9988.944978911642
5440,1777167300000,9988.944978911642
5441,1777167600000,9988.944978911642
5442,1777167900000,9988.944978911642
5443,1777168200000,9988.944978911642
5444,1777168500000,9988.944978911642
5445,1777168800000,9988.944978911642
5446,1777169100000,9988.944978911642
5447,1777169400000,9988.944978911642
5448,1777169700000,9988.944978911642
5449,1777170000000,9988.944978911642
5450,1777170300000,9988.944978911642
5451,1777170600000,9988.944978911642
5452,1777170900000,9988.944978911642
5453,1777171200000,9988.944978911642
5454,1777171500000,9988.944978911642
5455,1777171800000,9988.944978911642
5456,1777172100000,9988.944978911642
5457,1777172400000,9988.944978911642
5458,1777172700000,9988.944978911642
5459,1777173000000,9988.944978911642
5460,1777173300000,9988.944978911642
5461,1777173600000,9988.944978911642
5462,1777173900000,9988.944978911642
5463,1777174200000,9988.944978911642
5464,1777174500000,9988.944978911642
5465,1777174800000,9988.944978911642
5466,1777175100000,9988.944978911642
5467,1777175400000,9988.944978911642
5468,1777175700000,9988.944978911642
5469,1777176000000,9988.944978911642
5470,1777176300000,9988.944978911642
5471,1777176600000,9988.944978911642
5472,1777176900000,9988.944978911642
5473,1777177200000,9988.944978911642
5474,1777177500000,9988.944978911642
5475,1777177800000,9988.944978911642
5476,1777178100000,9988.944978911642
5477,1777178400000,9988.944978911642
5478,1777178700000,9988.944978911642
5479,1777179000000,9988.944978911642
5480,1777179300000,9988.944978911642
5481,1777179600000,9988.944978911642
5482,1777179900000,9988.944978911642
5483,1777180200000,9988.944978911642
5484,1777180500000,9988.944978911642
5485,1777180800000,9988.944978911642
5486,1777181100000,9988.944978911642
5487,1777181400000,9988.944978911642
5488,1777181700000,9988.944978911642
5489,1777182000000,9988.944978911642
5490,1777182300000,9988.944978911642
5491,1777182600000,9988.944978911642
5492,1777182900000,9988.944978911642
5493,1777183200000,9988.944978911642
5494,1777183500000,9988.944978911642
5495,1777183800000,9988.944978911642
5496,1777184100000,9988.944978911642
5497,1777184400000,9988.944978911642
5498,1777184700000,9988.944978911642
5499,1777185000000,9988.944978911642
5500,1777185300000,9988.944978911642
5501,1777185600000,9988.944978911642
5502,1777185900000,9988.944978911642
5503,1777186200000,9988.944978911642
5504,1777186500000,9988.944978911642
5505,1777186800000,9988.944978911642
5506,1777187100000,9988.944978911642
5507,1777187400000,9988.944978911642
5508,1777187700000,9988.944978911642
5509,1777188000000,9988.944978911642
5510,1777188300000,9988.944978911642
5511,1777188600000,9988.944978911642
5512,1777188900000,9988.944978911642
5513,1777189200000,9988.944978911642
5514,1777189500000,9988.944978911642
5515,1777189800000,9988.944978911642
5516,1777190100000,9988.944978911642
5517,1777190400000,9988.944978911642
5518,1777190700000,9988.944978911642
5519,1777191000000,9988.944978911642
5520,1777191300000,9988.944978911642
5521,1777191600000,9988.944978911642
5522,1777191900000,9988.944978911642
5523,1777192200000,9988.944978911642
5524,1777192500000,9988.944978911642
5525,1777192800000,9988.944978911642
5526,1777193100000,9988.944978911642
5527,1777193400000,9988.944978911642
5528,1777193700000,9988.944978911642
5529,1777194000000,9988.944978911642
5530,1777194300000,9988.944978911642
5531,1777194600000,9988.944978911642
5532,1777194900000,9988.944978911642
5533,1777195200000,9988.944978911642
5534,1777195500000,9988.944978911642
5535,1777195800000,9988.944978911642
5536,1777196100000,9988.944978911642
5537,1777196400000,9988.944978911642
5538,1777196700000,9988.944978911642
5539,1777197000000,9988.944978911642
5540,1777197300000,9988.944978911642
5541,1777197600000,9988.944978911642
5542,1777197900000,9988.944978911642
5543,1777198200000,9988.944978911642
5544,1777198500000,9988.944978911642
5545,1777198800000,9988.944978911642
5546,1777199100000,9988.944978911642
5547,1777199400000,9988.944978911642
5548,1777199700000,9984.949400920079
5549,1777200000000,9985.606016840433
5550,1777200300000,9985.606016840433
5551,1777200600000,9985.606016840433
5552,1777200900000,9985.606016840433
5553,1777201200000,9985.606016840433
5554,1777201500000,9985.606016840433
5555,1777201800000,9985.606016840433
5556,1777202100000,9985.606016840433
5557,1777202400000,9985.606016840433
5558,1777202700000,9985.606016840433
5559,1777203000000,9985.606016840433
5560,1777203300000,9985.606016840433
5561,1777203600000,9985.606016840433
5562,1777203900000,9985.606016840433
5563,1777204200000,9985.606016840433
5564,1777204500000,9985.606016840433
5565,1777204800000,9985.606016840433
5566,1777205100000,9985.606016840433
5567,1777205400000,9981.611774433699
5568,1777205700000,9969.238432492915
5569,1777206000000,9969.238432492915
5570,1777206300000,9969.238432492915
5571,1777206600000,9969.238432492915
5572,1777206900000,9969.238432492915
5573,1777207200000,9969.238432492915
5574,1777207500000,9969.238432492915
5575,1777207800000,9969.238432492915
5576,1777208100000,9969.238432492915
5577,1777208400000,9969.238432492915
5578,1777208700000,9969.238432492915
5579,1777209000000,9969.238432492915
5580,1777209300000,9969.238432492915
5581,1777209600000,9969.238432492915
5582,1777209900000,9969.238432492915
5583,1777210200000,9969.238432492915
5584,1777210500000,9969.238432492915
5585,1777210800000,9969.238432492915
5586,1777211100000,9969.238432492915
5587,1777211400000,9969.238432492915
5588,1777211700000,9969.238432492915
5589,1777212000000,9969.238432492915
5590,1777212300000,9969.238432492915
5591,1777212600000,9969.238432492915
5592,1777212900000,9969.238432492915
5593,1777213200000,9969.238432492915
5594,1777213500000,9969.238432492915
5595,1777213800000,9969.238432492915
5596,1777214100000,9969.238432492915
5597,1777214400000,9969.238432492915
5598,1777214700000,9969.238432492915
5599,1777215000000,9969.238432492915
5600,1777215300000,9969.238432492915
5601,1777215600000,9969.238432492915
5602,1777215900000,9969.238432492915
5603,1777216200000,9969.238432492915
5604,1777216500000,9969.238432492915
5605,1777216800000,9969.238432492915
5606,1777217100000,9969.238432492915
5607,1777217400000,9969.238432492915
5608,1777217700000,9969.238432492915
5609,1777218000000,9969.238432492915
5610,1777218300000,9969.238432492915
5611,1777218600000,9969.238432492915
5612,1777218900000,9969.238432492915
5613,1777219200000,9969.238432492915
5614,1777219500000,9965.250737119917
5615,1777219800000,9959.25910321738
5616,1777220100000,9959.25910321738
5617,1777220400000,9959.25910321738
5618,1777220700000,9959.25910321738
5619,1777221000000,9959.25910321738
5620,1777221300000,9959.25910321738
5621,1777221600000,9959.25910321738
5622,1777221900000,9959.25910321738
5623,1777222200000,9959.25910321738
5624,1777222500000,9959.25910321738
5625,1777222800000,9959.25910321738
5626,1777223100000,9959.25910321738
5627,1777223400000,9959.25910321738
5628,1777223700000,9959.25910321738
5629,1777224000000,9959.25910321738
5630,1777224300000,9959.25910321738
5631,1777224600000,9959.25910321738
5632,1777224900000,9959.25910321738
5633,1777225200000,9959.25910321738
5634,1777225500000,9959.25910321738
5635,1777225800000,9959.25910321738
5636,1777226100000,9959.25910321738
5637,1777226400000,9959.25910321738
5638,1777226700000,9959.25910321738
5639,1777227000000,9959.25910321738
5640,1777227300000,9959.25910321738
5641,1777227600000,9959.25910321738
5642,1777227900000,9959.25910321738
5643,1777228200000,9959.25910321738
5644,1777228500000,9959.25910321738
5645,1777228800000,9959.25910321738
5646,1777229100000,9959.25910321738
5647,1777229400000,9959.25910321738
5648,1777229700000,9959.25910321738
5649,1777230000000,9959.25910321738
5650,1777230300000,9959.25910321738
5651,1777230600000,9959.25910321738
5652,1777230900000,9959.25910321738
5653,1777231200000,9959.25910321738
5654,1777231500000,9959.25910321738
5655,1777231800000,9959.25910321738
5656,1777232100000,9959.25910321738
5657,1777232400000,9959.25910321738
5658,1777232700000,9959.25910321738
5659,1777233000000,9959.25910321738
5660,1777233300000,9959.25910321738
5661,1777233600000,9959.25910321738
5662,1777233900000,9959.25910321738
5663,1777234200000,9959.25910321738
5664,1777234500000,9959.25910321738
5665,1777234800000,9959.25910321738
5666,1777235100000,9959.25910321738
5667,1777235400000,9959.25910321738
5668,1777235700000,9959.25910321738
5669,1777236000000,9959.25910321738
5670,1777236300000,9959.25910321738
5671,1777236600000,9959.25910321738
5672,1777236900000,9959.25910321738
5673,1777237200000,9959.25910321738
5674,1777237500000,9959.25910321738
5675,1777237800000,9959.25910321738
5676,1777238100000,9959.25910321738
5677,1777238400000,9959.25910321738
5678,1777238700000,9959.25910321738
5679,1777239000000,9959.25910321738
5680,1777239300000,9959.25910321738
5681,1777239600000,9959.25910321738
5682,1777239900000,9959.25910321738
5683,1777240200000,9959.25910321738
5684,1777240500000,9959.25910321738
5685,1777240800000,9959.25910321738
5686,1777241100000,9959.25910321738
5687,1777241400000,9959.25910321738
5688,1777241700000,9959.25910321738
5689,1777242000000,9959.25910321738
5690,1777242300000,9959.25910321738
5691,1777242600000,9959.25910321738
5692,1777242900000,9959.25910321738
5693,1777243200000,9959.25910321738
5694,1777243500000,9959.25910321738
5695,1777243800000,9959.25910321738
5696,1777244100000,9959.25910321738
5697,1777244400000,9959.25910321738
5698,1777244700000,9959.25910321738
5699,1777245000000,9959.25910321738
5700,1777245300000,9959.25910321738
5701,1777245600000,9959.25910321738
5702,1777245900000,9959.25910321738
5703,1777246200000,9959.25910321738
5704,1777246500000,9959.25910321738
5705,1777246800000,9959.25910321738
5706,1777247100000,9959.25910321738
5707,1777247400000,9959.25910321738
5708,1777247700000,9959.25910321738
5709,1777248000000,9959.25910321738
5710,1777248300000,9959.25910321738
5711,1777248600000,9959.25910321738
5712,1777248900000,9959.25910321738
5713,1777249200000,9959.25910321738
5714,1777249500000,9959.25910321738
5715,1777249800000,9959.25910321738
5716,1777250100000,9959.25910321738
5717,1777250400000,9959.25910321738
5718,1777250700000,9959.25910321738
5719,1777251000000,9959.25910321738
5720,1777251300000,9959.25910321738
5721,1777251600000,9959.25910321738
5722,1777251900000,9959.25910321738
5723,1777252200000,9959.25910321738
5724,1777252500000,9959.25910321738
5725,1777252800000,9959.25910321738
5726,1777253100000,9959.25910321738
5727,1777253400000,9959.25910321738
5728,1777253700000,9959.25910321738
5729,1777254000000,9959.25910321738
5730,1777254300000,9959.25910321738
5731,1777254600000,9959.25910321738
5732,1777254900000,9959.25910321738
5733,1777255200000,9959.25910321738
5734,1777255500000,9959.25910321738
5735,1777255800000,9959.25910321738
5736,1777256100000,9959.25910321738
5737,1777256400000,9959.25910321738
5738,1777256700000,9959.25910321738
5739,1777257000000,9959.25910321738
5740,1777257300000,9959.25910321738
5741,1777257600000,9959.25910321738
5742,1777257900000,9959.25910321738
5743,1777258200000,9959.25910321738
5744,1777258500000,9959.25910321738
5745,1777258800000,9959.25910321738
5746,1777259100000,9959.25910321738
5747,1777259400000,9959.25910321738
5748,1777259700000,9959.25910321738
5749,1777260000000,9959.25910321738
5750,1777260300000,9959.25910321738
5751,1777260600000,9959.25910321738
5752,1777260900000,9959.25910321738
5753,1777261200000,9959.25910321738
5754,1777261500000,9959.25910321738
5755,1777261800000,9959.25910321738
5756,1777262100000,9959.25910321738
5757,1777262400000,9959.25910321738
5758,1777262700000,9959.25910321738
5759,1777263000000,9959.25910321738
5760,1777263300000,9959.25910321738
5761,1777263600000,9959.25910321738
5762,1777263900000,9959.25910321738
5763,1777264200000,9959.25910321738
5764,1777264500000,9959.25910321738
5765,1777264800000,9959.25910321738
5766,1777265100000,9959.25910321738
5767,1777265400000,9959.25910321738
5768,1777265700000,9959.25910321738
5769,1777266000000,9959.25910321738
5770,1777266300000,9959.25910321738
5771,1777266600000,9959.25910321738
5772,1777266900000,9959.25910321738
5773,1777267200000,9959.25910321738
5774,1777267500000,9959.25910321738
5775,1777267800000,9959.25910321738
5776,1777268100000,9959.25910321738
5777,1777268400000,9959.25910321738
5778,1777268700000,9959.25910321738
5779,1777269000000,9959.25910321738
5780,1777269300000,9959.25910321738
5781,1777269600000,9959.25910321738
5782,1777269900000,9959.25910321738
5783,1777270200000,9959.25910321738
5784,1777270500000,9959.25910321738
5785,1777270800000,9959.25910321738
5786,1777271100000,9959.25910321738
5787,1777271400000,9959.25910321738
5788,1777271700000,9959.25910321738
5789,1777272000000,9959.25910321738
5790,1777272300000,9959.25910321738
5791,1777272600000,9959.25910321738
5792,1777272900000,9959.25910321738
5793,1777273200000,9959.25910321738
5794,1777273500000,9959.25910321738
5795,1777273800000,9959.25910321738
5796,1777274100000,9959.25910321738
5797,1777274400000,9959.25910321738
5798,1777274700000,9959.25910321738
5799,1777275000000,9959.25910321738
5800,1777275300000,9959.25910321738
5801,1777275600000,9959.25910321738
5802,1777275900000,9959.25910321738
5803,1777276200000,9959.25910321738
5804,1777276500000,9959.25910321738
5805,1777276800000,9959.25910321738
5806,1777277100000,9959.25910321738
5807,1777277400000,9959.25910321738
5808,1777277700000,9959.25910321738
5809,1777278000000,9959.25910321738
5810,1777278300000,9959.25910321738
5811,1777278600000,9959.25910321738
5812,1777278900000,9959.25910321738
5813,1777279200000,9959.25910321738
5814,1777279500000,9959.25910321738
5815,1777279800000,9959.25910321738
5816,1777280100000,9959.25910321738
5817,1777280400000,9959.25910321738
5818,1777280700000,9959.25910321738
5819,1777281000000,9959.25910321738
5820,1777281300000,9959.25910321738
5821,1777281600000,9959.25910321738
5822,1777281900000,9959.25910321738
5823,1777282200000,9959.25910321738
5824,1777282500000,9959.25910321738
5825,1777282800000,9959.25910321738
5826,1777283100000,9959.25910321738
5827,1777283400000,9959.25910321738
5828,1777283700000,9959.25910321738
5829,1777284000000,9959.25910321738
5830,1777284300000,9959.25910321738
5831,1777284600000,9959.25910321738
5832,1777284900000,9959.25910321738
5833,1777285200000,9959.25910321738
5834,1777285500000,9959.25910321738
5835,1777285800000,9959.25910321738
5836,1777286100000,9959.25910321738
5837,1777286400000,9959.25910321738
5838,1777286700000,9959.25910321738
5839,1777287000000,9959.25910321738
5840,1777287300000,9959.25910321738
5841,1777287600000,9959.25910321738
5842,1777287900000,9959.25910321738
5843,1777288200000,9959.25910321738
5844,1777288500000,9959.25910321738
5845,1777288800000,9959.25910321738
5846,1777289100000,9959.25910321738
5847,1777289400000,9959.25910321738
5848,1777289700000,9959.25910321738
5849,1777290000000,9959.25910321738
5850,1777290300000,9959.25910321738
5851,1777290600000,9959.25910321738
5852,1777290900000,9959.25910321738
5853,1777291200000,9959.25910321738
5854,1777291500000,9959.25910321738
5855,1777291800000,9959.25910321738
5856,1777292100000,9959.25910321738
5857,1777292400000,9959.25910321738
5858,1777292700000,9959.25910321738
5859,1777293000000,9959.25910321738
5860,1777293300000,9959.25910321738
5861,1777293600000,9959.25910321738
5862,1777293900000,9959.25910321738
5863,1777294200000,9959.25910321738
5864,1777294500000,9959.25910321738
5865,1777294800000,9959.25910321738
5866,1777295100000,9959.25910321738
5867,1777295400000,9959.25910321738
5868,1777295700000,9959.25910321738
5869,1777296000000,9959.25910321738
5870,1777296300000,9959.25910321738
5871,1777296600000,9959.25910321738
5872,1777296900000,9959.25910321738
5873,1777297200000,9959.25910321738
5874,1777297500000,9959.25910321738
5875,1777297800000,9959.25910321738
5876,1777298100000,9959.25910321738
5877,1777298400000,9959.25910321738
5878,1777298700000,9959.25910321738
5879,1777299000000,9959.25910321738
5880,1777299300000,9959.25910321738
5881,1777299600000,9959.25910321738
5882,1777299900000,9959.25910321738
5883,1777300200000,9959.25910321738
5884,1777300500000,9959.25910321738
5885,1777300800000,9959.25910321738
5886,1777301100000,9959.25910321738
5887,1777301400000,9955.275399576094
5888,1777301700000,9956.909150411086
5889,1777302000000,10046.507485677419
5890,1777302300000,10039.327580692065
5891,1777302600000,10034.254354414987
5892,1777302900000,10096.852807460948
5893,1777303200000,10162.701965882068
5894,1777303500000,10162.701965882068
5895,1777303800000,10162.701965882068
5896,1777304100000,10162.701965882068
5897,1777304400000,10162.701965882068
5898,1777304700000,10162.701965882068
5899,1777305000000,10162.701965882068
5900,1777305300000,10162.701965882068
5901,1777305600000,10162.701965882068
5902,1777305900000,10162.701965882068
5903,1777306200000,10162.701965882068
5904,1777306500000,10162.701965882068
5905,1777306800000,10162.701965882068
5906,1777307100000,10162.701965882068
5907,1777307400000,10162.701965882068
5908,1777307700000,10162.701965882068
5909,1777308000000,10162.701965882068
5910,1777308300000,10162.701965882068
5911,1777308600000,10162.701965882068
5912,1777308900000,10162.701965882068
5913,1777309200000,10162.701965882068
5914,1777309500000,10162.701965882068
5915,1777309800000,10162.701965882068
5916,1777310100000,10162.701965882068
5917,1777310400000,10162.701965882068
5918,1777310700000,10162.701965882068
5919,1777311000000,10162.701965882068
5920,1777311300000,10162.701965882068
5921,1777311600000,10162.701965882068
5922,1777311900000,10162.701965882068
5923,1777312200000,10162.701965882068
5924,1777312500000,10162.701965882068
5925,1777312800000,10162.701965882068
5926,1777313100000,10162.701965882068
5927,1777313400000,10162.701965882068
5928,1777313700000,10162.701965882068
5929,1777314000000,10162.701965882068
5930,1777314300000,10162.701965882068
5931,1777314600000,10162.701965882068
5932,1777314900000,10162.701965882068
5933,1777315200000,10162.701965882068
5934,1777315500000,10162.701965882068
5935,1777315800000,10162.701965882068
5936,1777316100000,10162.701965882068
5937,1777316400000,10162.701965882068
5938,1777316700000,10162.701965882068
5939,1777317000000,10162.701965882068
5940,1777317300000,10162.701965882068
5941,1777317600000,10162.701965882068
5942,1777317900000,10162.701965882068
5943,1777318200000,10162.701965882068
5944,1777318500000,10162.701965882068
5945,1777318800000,10162.701965882068
5946,1777319100000,10162.701965882068
5947,1777319400000,10162.701965882068
5948,1777319700000,10162.701965882068
5949,1777320000000,10162.701965882068
5950,1777320300000,10162.701965882068
5951,1777320600000,10162.701965882068
5952,1777320900000,10162.701965882068
5953,1777321200000,10162.701965882068
5954,1777321500000,10162.701965882068
5955,1777321800000,10162.701965882068
5956,1777322100000,10162.701965882068
5957,1777322400000,10162.701965882068
5958,1777322700000,10162.701965882068
5959,1777323000000,10162.701965882068
5960,1777323300000,10162.701965882068
5961,1777323600000,10162.701965882068
5962,1777323900000,10162.701965882068
5963,1777324200000,10162.701965882068
5964,1777324500000,10162.701965882068
5965,1777324800000,10162.701965882068
5966,1777325100000,10162.701965882068
5967,1777325400000,10162.701965882068
5968,1777325700000,10162.701965882068
5969,1777326000000,10162.701965882068
5970,1777326300000,10162.701965882068
5971,1777326600000,10162.701965882068
5972,1777326900000,10162.701965882068
5973,1777327200000,10162.701965882068
5974,1777327500000,10162.701965882068
5975,1777327800000,10162.701965882068
5976,1777328100000,10162.701965882068
5977,1777328400000,10162.701965882068
5978,1777328700000,10162.701965882068
5979,1777329000000,10162.701965882068
5980,1777329300000,10162.701965882068
5981,1777329600000,10162.701965882068
5982,1777329900000,10162.701965882068
5983,1777330200000,10162.701965882068
5984,1777330500000,10162.701965882068
5985,1777330800000,10162.701965882068
5986,1777331100000,10162.701965882068
5987,1777331400000,10162.701965882068
5988,1777331700000,10162.701965882068
5989,1777332000000,10162.701965882068
5990,1777332300000,10162.701965882068
5991,1777332600000,10162.701965882068
5992,1777332900000,10162.701965882068
5993,1777333200000,10162.701965882068
5994,1777333500000,10162.701965882068
5995,1777333800000,10162.701965882068
5996,1777334100000,10162.701965882068
5997,1777334400000,10162.701965882068
5998,1777334700000,10162.701965882068
5999,1777335000000,10162.701965882068
6000,1777335300000,10162.701965882068
6001,1777335600000,10162.701965882068
6002,1777335900000,10162.701965882068
6003,1777336200000,10162.701965882068
6004,1777336500000,10162.701965882068
6005,1777336800000,10162.701965882068
6006,1777337100000,10162.701965882068
6007,1777337400000,10162.701965882068
6008,1777337700000,10162.701965882068
6009,1777338000000,10162.701965882068
6010,1777338300000,10162.701965882068
6011,1777338600000,10162.701965882068
6012,1777338900000,10162.701965882068
6013,1777339200000,10162.701965882068
6014,1777339500000,10162.701965882068
6015,1777339800000,10162.701965882068
6016,1777340100000,10162.701965882068
6017,1777340400000,10162.701965882068
6018,1777340700000,10162.701965882068
6019,1777341000000,10162.701965882068
6020,1777341300000,10162.701965882068
6021,1777341600000,10162.701965882068
6022,1777341900000,10162.701965882068
6023,1777342200000,10162.701965882068
6024,1777342500000,10162.701965882068
6025,1777342800000,10162.701965882068
6026,1777343100000,10162.701965882068
6027,1777343400000,10162.701965882068
6028,1777343700000,10162.701965882068
6029,1777344000000,10162.701965882068
6030,1777344300000,10162.701965882068
6031,1777344600000,10162.701965882068
6032,1777344900000,10162.701965882068
6033,1777345200000,10162.701965882068
6034,1777345500000,10162.701965882068
6035,1777345800000,10162.701965882068
6036,1777346100000,10162.701965882068
6037,1777346400000,10162.701965882068
6038,1777346700000,10162.701965882068
6039,1777347000000,10162.701965882068
6040,1777347300000,10162.701965882068
6041,1777347600000,10162.701965882068
6042,1777347900000,10162.701965882068
6043,1777348200000,10162.701965882068
6044,1777348500000,10162.701965882068
6045,1777348800000,10162.701965882068
6046,1777349100000,10162.701965882068
6047,1777349400000,10162.701965882068
6048,1777349700000,10162.701965882068
6049,1777350000000,10162.701965882068
6050,1777350300000,10162.701965882068
6051,1777350600000,10162.701965882068
6052,1777350900000,10162.701965882068
6053,1777351200000,10162.701965882068
6054,1777351500000,10162.701965882068
6055,1777351800000,10162.701965882068
6056,1777352100000,10162.701965882068
6057,1777352400000,10162.701965882068
6058,1777352700000,10162.701965882068
6059,1777353000000,10162.701965882068
6060,1777353300000,10162.701965882068
6061,1777353600000,10162.701965882068
6062,1777353900000,10162.701965882068
6063,1777354200000,10162.701965882068
6064,1777354500000,10162.701965882068
6065,1777354800000,10162.701965882068
6066,1777355100000,10162.701965882068
6067,1777355400000,10162.701965882068
6068,1777355700000,10162.701965882068
6069,1777356000000,10162.701965882068
6070,1777356300000,10162.701965882068
6071,1777356600000,10162.701965882068
6072,1777356900000,10162.701965882068
6073,1777357200000,10162.701965882068
6074,1777357500000,10162.701965882068
6075,1777357800000,10162.701965882068
6076,1777358100000,10162.701965882068
6077,1777358400000,10162.701965882068
6078,1777358700000,10162.701965882068
6079,1777359000000,10162.701965882068
6080,1777359300000,10162.701965882068
6081,1777359600000,10162.701965882068
6082,1777359900000,10162.701965882068
6083,1777360200000,10162.701965882068
6084,1777360500000,10162.701965882068
6085,1777360800000,10162.701965882068
6086,1777361100000,10162.701965882068
6087,1777361400000,10162.701965882068
6088,1777361700000,10162.701965882068
6089,1777362000000,10162.701965882068
6090,1777362300000,10162.701965882068
6091,1777362600000,10162.701965882068
6092,1777362900000,10162.701965882068
6093,1777363200000,10162.701965882068
6094,1777363500000,10162.701965882068
6095,1777363800000,10162.701965882068
6096,1777364100000,10162.701965882068
6097,1777364400000,10162.701965882068
6098,1777364700000,10162.701965882068
6099,1777365000000,10162.701965882068
6100,1777365300000,10162.701965882068
6101,1777365600000,10162.701965882068
6102,1777365900000,10162.701965882068
6103,1777366200000,10162.701965882068
6104,1777366500000,10162.701965882068
6105,1777366800000,10162.701965882068
6106,1777367100000,10162.701965882068
6107,1777367400000,10162.701965882068
6108,1777367700000,10162.701965882068
6109,1777368000000,10162.701965882068
6110,1777368300000,10162.701965882068
6111,1777368600000,10162.701965882068
6112,1777368900000,10162.701965882068
6113,1777369200000,10162.701965882068
6114,1777369500000,10162.701965882068
6115,1777369800000,10162.701965882068
6116,1777370100000,10162.701965882068
6117,1777370400000,10162.701965882068
6118,1777370700000,10162.701965882068
6119,1777371000000,10162.701965882068
6120,1777371300000,10162.701965882068
6121,1777371600000,10162.701965882068
6122,1777371900000,10162.701965882068
6123,1777372200000,10162.701965882068
6124,1777372500000,10162.701965882068
6125,1777372800000,10162.701965882068
6126,1777373100000,10162.701965882068
6127,1777373400000,10162.701965882068
6128,1777373700000,10162.701965882068
6129,1777374000000,10162.701965882068
6130,1777374300000,10162.701965882068
6131,1777374600000,10162.701965882068
6132,1777374900000,10162.701965882068
6133,1777375200000,10162.701965882068
6134,1777375500000,10162.701965882068
6135,1777375800000,10162.701965882068
6136,1777376100000,10162.701965882068
6137,1777376400000,10162.701965882068
6138,1777376700000,10162.701965882068
6139,1777377000000,10162.701965882068
6140,1777377300000,10162.701965882068
6141,1777377600000,10162.701965882068
6142,1777377900000,10162.701965882068
6143,1777378200000,10162.701965882068
6144,1777378500000,10162.701965882068
6145,1777378800000,10162.701965882068
6146,1777379100000,10162.701965882068
6147,1777379400000,10162.701965882068
6148,1777379700000,10162.701965882068
6149,1777380000000,10162.701965882068
6150,1777380300000,10162.701965882068
6151,1777380600000,10162.701965882068
6152,1777380900000,10162.701965882068
6153,1777381200000,10162.701965882068
6154,1777381500000,10162.701965882068
6155,1777381800000,10162.701965882068
6156,1777382100000,10162.701965882068
6157,1777382400000,10162.701965882068
6158,1777382700000,10162.701965882068
6159,1777383000000,10162.701965882068
6160,1777383300000,10162.701965882068
6161,1777383600000,10162.701965882068
6162,1777383900000,10162.701965882068
6163,1777384200000,10162.701965882068
6164,1777384500000,10162.701965882068
6165,1777384800000,10162.701965882068
6166,1777385100000,10162.701965882068
6167,1777385400000,10162.701965882068
6168,1777385700000,10162.701965882068
6169,1777386000000,10162.701965882068
6170,1777386300000,10162.701965882068
6171,1777386600000,10162.701965882068
6172,1777386900000,10162.701965882068
6173,1777387200000,10162.701965882068
6174,1777387500000,10162.701965882068
6175,1777387800000,10162.701965882068
6176,1777388100000,10162.701965882068
6177,1777388400000,10162.701965882068
6178,1777388700000,10162.701965882068
6179,1777389000000,10162.701965882068
6180,1777389300000,10162.701965882068
6181,1777389600000,10162.701965882068
6182,1777389900000,10162.701965882068
6183,1777390200000,10162.701965882068
6184,1777390500000,10162.701965882068
6185,1777390800000,10162.701965882068
6186,1777391100000,10162.701965882068
6187,1777391400000,10162.701965882068
6188,1777391700000,10162.701965882068
6189,1777392000000,10162.701965882068
6190,1777392300000,10162.701965882068
6191,1777392600000,10162.701965882068
6192,1777392900000,10162.701965882068
6193,1777393200000,10162.701965882068
6194,1777393500000,10162.701965882068
6195,1777393800000,10162.701965882068
6196,1777394100000,10162.701965882068
6197,1777394400000,10162.701965882068
6198,1777394700000,10162.701965882068
6199,1777395000000,10162.701965882068
6200,1777395300000,10162.701965882068
6201,1777395600000,10162.701965882068
6202,1777395900000,10162.701965882068
6203,1777396200000,10162.701965882068
6204,1777396500000,10162.701965882068
6205,1777396800000,10162.701965882068
6206,1777397100000,10162.701965882068
6207,1777397400000,10162.701965882068
6208,1777397700000,10162.701965882068
6209,1777398000000,10162.701965882068
6210,1777398300000,10162.701965882068
6211,1777398600000,10162.701965882068
6212,1777398900000,10162.701965882068
6213,1777399200000,10162.701965882068
6214,1777399500000,10162.701965882068
6215,1777399800000,10162.701965882068
6216,1777400100000,10162.701965882068
6217,1777400400000,10162.701965882068
6218,1777400700000,10162.701965882068
6219,1777401000000,10162.701965882068
6220,1777401300000,10162.701965882068
6221,1777401600000,10162.701965882068
6222,1777401900000,10162.701965882068
6223,1777402200000,10162.701965882068
6224,1777402500000,10162.701965882068
6225,1777402800000,10162.701965882068
6226,1777403100000,10162.701965882068
6227,1777403400000,10162.701965882068
6228,1777403700000,10162.701965882068
6229,1777404000000,10162.701965882068
6230,1777404300000,10162.701965882068
6231,1777404600000,10162.701965882068
6232,1777404900000,10162.701965882068
6233,1777405200000,10162.701965882068
6234,1777405500000,10162.701965882068
6235,1777405800000,10162.701965882068
6236,1777406100000,10162.701965882068
6237,1777406400000,10162.701965882068
6238,1777406700000,10162.701965882068
6239,1777407000000,10162.701965882068
6240,1777407300000,10162.701965882068
6241,1777407600000,10162.701965882068
6242,1777407900000,10162.701965882068
6243,1777408200000,10162.701965882068
6244,1777408500000,10162.701965882068
6245,1777408800000,10162.701965882068
6246,1777409100000,10162.701965882068
6247,1777409400000,10162.701965882068
6248,1777409700000,10162.701965882068
6249,1777410000000,10162.701965882068
6250,1777410300000,10162.701965882068
6251,1777410600000,10162.701965882068
6252,1777410900000,10162.701965882068
6253,1777411200000,10162.701965882068
6254,1777411500000,10162.701965882068
6255,1777411800000,10162.701965882068
6256,1777412100000,10162.701965882068
6257,1777412400000,10162.701965882068
6258,1777412700000,10162.701965882068
6259,1777413000000,10162.701965882068
6260,1777413300000,10162.701965882068
6261,1777413600000,10162.701965882068
6262,1777413900000,10162.701965882068
6263,1777414200000,10162.701965882068
6264,1777414500000,10162.701965882068
6265,1777414800000,10162.701965882068
6266,1777415100000,10162.701965882068
6267,1777415400000,10162.701965882068
6268,1777415700000,10162.701965882068
6269,1777416000000,10162.701965882068
6270,1777416300000,10162.701965882068
6271,1777416600000,10162.701965882068
6272,1777416900000,10162.701965882068
6273,1777417200000,10162.701965882068
6274,1777417500000,10162.701965882068
6275,1777417800000,10162.701965882068
6276,1777418100000,10162.701965882068
6277,1777418400000,10162.701965882068
6278,1777418700000,10162.701965882068
6279,1777419000000,10162.701965882068
6280,1777419300000,10162.701965882068
6281,1777419600000,10162.701965882068
6282,1777419900000,10162.701965882068
6283,1777420200000,10162.701965882068
6284,1777420500000,10162.701965882068
6285,1777420800000,10162.701965882068
6286,1777421100000,10162.701965882068
6287,1777421400000,10162.701965882068
6288,1777421700000,10162.701965882068
6289,1777422000000,10162.701965882068
6290,1777422300000,10162.701965882068
6291,1777422600000,10162.701965882068
6292,1777422900000,10162.701965882068
6293,1777423200000,10162.701965882068
6294,1777423500000,10162.701965882068
6295,1777423800000,10162.701965882068
6296,1777424100000,10162.701965882068
6297,1777424400000,10162.701965882068
6298,1777424700000,10162.701965882068
6299,1777425000000,10162.701965882068
6300,1777425300000,10162.701965882068
6301,1777425600000,10162.701965882068
6302,1777425900000,10162.701965882068
6303,1777426200000,10162.701965882068
6304,1777426500000,10162.701965882068
6305,1777426800000,10162.701965882068
6306,1777427100000,10162.701965882068
6307,1777427400000,10162.701965882068
6308,1777427700000,10162.701965882068
6309,1777428000000,10162.701965882068
6310,1777428300000,10162.701965882068
6311,1777428600000,10162.701965882068
6312,1777428900000,10162.701965882068
6313,1777429200000,10162.701965882068
6314,1777429500000,10162.701965882068
6315,1777429800000,10162.701965882068
6316,1777430100000,10162.701965882068
6317,1777430400000,10162.701965882068
6318,1777430700000,10162.701965882068
6319,1777431000000,10162.701965882068
6320,1777431300000,10162.701965882068
6321,1777431600000,10162.701965882068
6322,1777431900000,10162.701965882068
6323,1777432200000,10162.701965882068
6324,1777432500000,10162.701965882068
6325,1777432800000,10162.701965882068
6326,1777433100000,10162.701965882068
6327,1777433400000,10162.701965882068
6328,1777433700000,10162.701965882068
6329,1777434000000,10162.701965882068
6330,1777434300000,10162.701965882068
6331,1777434600000,10162.701965882068
6332,1777434900000,10162.701965882068
6333,1777435200000,10162.701965882068
6334,1777435500000,10162.701965882068
6335,1777435800000,10162.701965882068
6336,1777436100000,10162.701965882068
6337,1777436400000,10162.701965882068
6338,1777436700000,10162.701965882068
6339,1777437000000,10162.701965882068
6340,1777437300000,10162.701965882068
6341,1777437600000,10162.701965882068
6342,1777437900000,10162.701965882068
6343,1777438200000,10162.701965882068
6344,1777438500000,10162.701965882068
6345,1777438800000,10162.701965882068
6346,1777439100000,10162.701965882068
6347,1777439400000,10162.701965882068
6348,1777439700000,10162.701965882068
6349,1777440000000,10162.701965882068
6350,1777440300000,10162.701965882068
6351,1777440600000,10162.701965882068
6352,1777440900000,10162.701965882068
6353,1777441200000,10162.701965882068
6354,1777441500000,10162.701965882068
6355,1777441800000,10162.701965882068
6356,1777442100000,10162.701965882068
6357,1777442400000,10162.701965882068
6358,1777442700000,10162.701965882068
6359,1777443000000,10162.701965882068
6360,1777443300000,10162.701965882068
6361,1777443600000,10162.701965882068
6362,1777443900000,10162.701965882068
6363,1777444200000,10162.701965882068
6364,1777444500000,10162.701965882068
6365,1777444800000,10162.701965882068
6366,1777445100000,10162.701965882068
6367,1777445400000,10162.701965882068
6368,1777445700000,10162.701965882068
6369,1777446000000,10162.701965882068
6370,1777446300000,10162.701965882068
6371,1777446600000,10162.701965882068
6372,1777446900000,10162.701965882068
6373,1777447200000,10162.701965882068
6374,1777447500000,10162.701965882068
6375,1777447800000,10162.701965882068
6376,1777448100000,10162.701965882068
6377,1777448400000,10162.701965882068
6378,1777448700000,10162.701965882068
6379,1777449000000,10162.701965882068
6380,1777449300000,10162.701965882068
6381,1777449600000,10162.701965882068
6382,1777449900000,10162.701965882068
6383,1777450200000,10162.701965882068
6384,1777450500000,10162.701965882068
6385,1777450800000,10162.701965882068
6386,1777451100000,10162.701965882068
6387,1777451400000,10162.701965882068
6388,1777451700000,10162.701965882068
6389,1777452000000,10162.701965882068
6390,1777452300000,10162.701965882068
6391,1777452600000,10162.701965882068
6392,1777452900000,10162.701965882068
6393,1777453200000,10162.701965882068
6394,1777453500000,10162.701965882068
6395,1777453800000,10162.701965882068
6396,1777454100000,10162.701965882068
6397,1777454400000,10162.701965882068
6398,1777454700000,10162.701965882068
6399,1777455000000,10162.701965882068
6400,1777455300000,10162.701965882068
6401,1777455600000,10162.701965882068
6402,1777455900000,10162.701965882068
6403,1777456200000,10162.701965882068
6404,1777456500000,10162.701965882068
6405,1777456800000,10162.701965882068
6406,1777457100000,10162.701965882068
6407,1777457400000,10162.701965882068
6408,1777457700000,10162.701965882068
6409,1777458000000,10162.701965882068
6410,1777458300000,10162.701965882068
6411,1777458600000,10162.701965882068
6412,1777458900000,10162.701965882068
6413,1777459200000,10162.701965882068
6414,1777459500000,10162.701965882068
6415,1777459800000,10162.701965882068
6416,1777460100000,10162.701965882068
6417,1777460400000,10162.701965882068
6418,1777460700000,10162.701965882068
6419,1777461000000,10162.701965882068
6420,1777461300000,10162.701965882068
6421,1777461600000,10162.701965882068
6422,1777461900000,10162.701965882068
6423,1777462200000,10162.701965882068
6424,1777462500000,10162.701965882068
6425,1777462800000,10162.701965882068
6426,1777463100000,10162.701965882068
6427,1777463400000,10162.701965882068
6428,1777463700000,10162.701965882068
6429,1777464000000,10162.701965882068
6430,1777464300000,10162.701965882068
6431,1777464600000,10162.701965882068
6432,1777464900000,10162.701965882068
6433,1777465200000,10162.701965882068
6434,1777465500000,10162.701965882068
6435,1777465800000,10162.701965882068
6436,1777466100000,10162.701965882068
6437,1777466400000,10162.701965882068
6438,1777466700000,10162.701965882068
6439,1777467000000,10162.701965882068
6440,1777467300000,10162.701965882068
6441,1777467600000,10162.701965882068
6442,1777467900000,10162.701965882068
6443,1777468200000,10162.701965882068
6444,1777468500000,10162.701965882068
6445,1777468800000,10162.701965882068
6446,1777469100000,10162.701965882068
6447,1777469400000,10162.701965882068
6448,1777469700000,10162.701965882068
6449,1777470000000,10162.701965882068
6450,1777470300000,10162.701965882068
6451,1777470600000,10162.701965882068
6452,1777470900000,10162.701965882068
6453,1777471200000,10162.701965882068
6454,1777471500000,10162.701965882068
6455,1777471800000,10162.701965882068
6456,1777472100000,10162.701965882068
6457,1777472400000,10162.701965882068
6458,1777472700000,10162.701965882068
6459,1777473000000,10162.701965882068
6460,1777473300000,10162.701965882068
6461,1777473600000,10162.701965882068
6462,1777473900000,10162.701965882068
6463,1777474200000,10162.701965882068
6464,1777474500000,10162.701965882068
6465,1777474800000,10162.701965882068
6466,1777475100000,10162.701965882068
6467,1777475400000,10162.701965882068
6468,1777475700000,10162.701965882068
6469,1777476000000,10162.701965882068
6470,1777476300000,10162.701965882068
6471,1777476600000,10162.701965882068
6472,1777476900000,10162.701965882068
6473,1777477200000,10162.701965882068
6474,1777477500000,10162.701965882068
6475,1777477800000,10162.701965882068
6476,1777478100000,10162.701965882068
6477,1777478400000,10162.701965882068
6478,1777478700000,10162.701965882068
6479,1777479000000,10162.701965882068
6480,1777479300000,10162.701965882068
6481,1777479600000,10162.701965882068
6482,1777479900000,10162.701965882068
6483,1777480200000,10162.701965882068
6484,1777480500000,10162.701965882068
6485,1777480800000,10162.701965882068
6486,1777481100000,10162.701965882068
6487,1777481400000,10162.701965882068
6488,1777481700000,10162.701965882068
6489,1777482000000,10162.701965882068
6490,1777482300000,10162.701965882068
6491,1777482600000,10162.701965882068
6492,1777482900000,10162.701965882068
6493,1777483200000,10162.701965882068
6494,1777483500000,10162.701965882068
6495,1777483800000,10162.701965882068
6496,1777484100000,10162.701965882068
6497,1777484400000,10162.701965882068
6498,1777484700000,10162.701965882068
6499,1777485000000,10162.701965882068
6500,1777485300000,10162.701965882068
6501,1777485600000,10162.701965882068
6502,1777485900000,10162.701965882068
6503,1777486200000,10162.701965882068
6504,1777486500000,10162.701965882068
6505,1777486800000,10162.701965882068
6506,1777487100000,10162.701965882068
6507,1777487400000,10162.701965882068
6508,1777487700000,10162.701965882068
6509,1777488000000,10162.701965882068
6510,1777488300000,10162.701965882068
6511,1777488600000,10162.701965882068
6512,1777488900000,10162.701965882068
6513,1777489200000,10162.701965882068
6514,1777489500000,10162.701965882068
6515,1777489800000,10162.701965882068
6516,1777490100000,10162.701965882068
6517,1777490400000,10162.701965882068
6518,1777490700000,10162.701965882068
6519,1777491000000,10162.701965882068
6520,1777491300000,10162.701965882068
6521,1777491600000,10162.701965882068
6522,1777491900000,10162.701965882068
6523,1777492200000,10162.701965882068
6524,1777492500000,10162.701965882068
6525,1777492800000,10162.701965882068
6526,1777493100000,10162.701965882068
6527,1777493400000,10162.701965882068
6528,1777493700000,10162.701965882068
6529,1777494000000,10162.701965882068
6530,1777494300000,10162.701965882068
6531,1777494600000,10162.701965882068
6532,1777494900000,10162.701965882068
6533,1777495200000,10162.701965882068
6534,1777495500000,10162.701965882068
6535,1777495800000,10162.701965882068
6536,1777496100000,10162.701965882068
6537,1777496400000,10162.701965882068
6538,1777496700000,10162.701965882068
6539,1777497000000,10162.701965882068
6540,1777497300000,10162.701965882068
6541,1777497600000,10162.701965882068
6542,1777497900000,10162.701965882068
6543,1777498200000,10162.701965882068
6544,1777498500000,10162.701965882068
6545,1777498800000,10162.701965882068
6546,1777499100000,10162.701965882068
6547,1777499400000,10162.701965882068
6548,1777499700000,10162.701965882068
6549,1777500000000,10162.701965882068
6550,1777500300000,10162.701965882068
6551,1777500600000,10162.701965882068
6552,1777500900000,10162.701965882068
6553,1777501200000,10162.701965882068
6554,1777501500000,10162.701965882068
6555,1777501800000,10162.701965882068
6556,1777502100000,10162.701965882068
6557,1777502400000,10162.701965882068
6558,1777502700000,10162.701965882068
6559,1777503000000,10162.701965882068
6560,1777503300000,10162.701965882068
6561,1777503600000,10162.701965882068
6562,1777503900000,10162.701965882068
6563,1777504200000,10162.701965882068
6564,1777504500000,10162.701965882068
6565,1777504800000,10162.701965882068
6566,1777505100000,10162.701965882068
6567,1777505400000,10162.701965882068
6568,1777505700000,10162.701965882068
6569,1777506000000,10162.701965882068
6570,1777506300000,10162.701965882068
6571,1777506600000,10162.701965882068
6572,1777506900000,10162.701965882068
6573,1777507200000,10162.701965882068
6574,1777507500000,10162.701965882068
6575,1777507800000,10162.701965882068
6576,1777508100000,10162.701965882068
6577,1777508400000,10162.701965882068
6578,1777508700000,10162.701965882068
6579,1777509000000,10162.701965882068
6580,1777509300000,10162.701965882068
6581,1777509600000,10162.701965882068
6582,1777509900000,10162.701965882068
6583,1777510200000,10162.701965882068
6584,1777510500000,10162.701965882068
6585,1777510800000,10162.701965882068
6586,1777511100000,10162.701965882068
6587,1777511400000,10162.701965882068
6588,1777511700000,10162.701965882068
6589,1777512000000,10162.701965882068
6590,1777512300000,10162.701965882068
6591,1777512600000,10162.701965882068
6592,1777512900000,10162.701965882068
6593,1777513200000,10162.701965882068
6594,1777513500000,10162.701965882068
6595,1777513800000,10162.701965882068
6596,1777514100000,10162.701965882068
6597,1777514400000,10162.701965882068
6598,1777514700000,10162.701965882068
6599,1777515000000,10162.701965882068
6600,1777515300000,10162.701965882068
6601,1777515600000,10162.701965882068
6602,1777515900000,10162.701965882068
6603,1777516200000,10162.701965882068
6604,1777516500000,10162.701965882068
6605,1777516800000,10162.701965882068
6606,1777517100000,10162.701965882068
6607,1777517400000,10162.701965882068
6608,1777517700000,10162.701965882068
6609,1777518000000,10162.701965882068
6610,1777518300000,10162.701965882068
6611,1777518600000,10162.701965882068
6612,1777518900000,10162.701965882068
6613,1777519200000,10162.701965882068
6614,1777519500000,10162.701965882068
6615,1777519800000,10162.701965882068
6616,1777520100000,10162.701965882068
6617,1777520400000,10162.701965882068
6618,1777520700000,10162.701965882068
6619,1777521000000,10162.701965882068
6620,1777521300000,10162.701965882068
6621,1777521600000,10162.701965882068
6622,1777521900000,10162.701965882068
6623,1777522200000,10162.701965882068
6624,1777522500000,10162.701965882068
6625,1777522800000,10162.701965882068
6626,1777523100000,10162.701965882068
6627,1777523400000,10162.701965882068
6628,1777523700000,10162.701965882068
6629,1777524000000,10162.701965882068
6630,1777524300000,10162.701965882068
6631,1777524600000,10162.701965882068
6632,1777524900000,10162.701965882068
6633,1777525200000,10162.701965882068
6634,1777525500000,10162.701965882068
6635,1777525800000,10162.701965882068
6636,1777526100000,10162.701965882068
6637,1777526400000,10162.701965882068
6638,1777526700000,10162.701965882068
6639,1777527000000,10162.701965882068
6640,1777527300000,10162.701965882068
6641,1777527600000,10162.701965882068
6642,1777527900000,10162.701965882068
6643,1777528200000,10162.701965882068
6644,1777528500000,10162.701965882068
6645,1777528800000,10162.701965882068
6646,1777529100000,10162.701965882068
6647,1777529400000,10162.701965882068
6648,1777529700000,10162.701965882068
6649,1777530000000,10162.701965882068
6650,1777530300000,10162.701965882068
6651,1777530600000,10162.701965882068
6652,1777530900000,10162.701965882068
6653,1777531200000,10162.701965882068
6654,1777531500000,10162.701965882068
6655,1777531800000,10162.701965882068
6656,1777532100000,10162.701965882068
6657,1777532400000,10162.701965882068
6658,1777532700000,10162.701965882068
6659,1777533000000,10162.701965882068
6660,1777533300000,10162.701965882068
6661,1777533600000,10162.701965882068
6662,1777533900000,10162.701965882068
6663,1777534200000,10162.701965882068
6664,1777534500000,10162.701965882068
6665,1777534800000,10162.701965882068
6666,1777535100000,10162.701965882068
6667,1777535400000,10162.701965882068
6668,1777535700000,10162.701965882068
6669,1777536000000,10162.701965882068
6670,1777536300000,10162.701965882068
6671,1777536600000,10162.701965882068
6672,1777536900000,10162.701965882068
6673,1777537200000,10162.701965882068
6674,1777537500000,10162.701965882068
6675,1777537800000,10162.701965882068
6676,1777538100000,10162.701965882068
6677,1777538400000,10162.701965882068
6678,1777538700000,10162.701965882068
6679,1777539000000,10162.701965882068
6680,1777539300000,10162.701965882068
6681,1777539600000,10162.701965882068
6682,1777539900000,10162.701965882068
6683,1777540200000,10162.701965882068
6684,1777540500000,10162.701965882068
6685,1777540800000,10162.701965882068
6686,1777541100000,10162.701965882068
6687,1777541400000,10162.701965882068
6688,1777541700000,10162.701965882068
6689,1777542000000,10162.701965882068
6690,1777542300000,10162.701965882068
6691,1777542600000,10162.701965882068
6692,1777542900000,10162.701965882068
6693,1777543200000,10162.701965882068
6694,1777543500000,10162.701965882068
6695,1777543800000,10162.701965882068
6696,1777544100000,10162.701965882068
6697,1777544400000,10162.701965882068
6698,1777544700000,10162.701965882068
6699,1777545000000,10162.701965882068
6700,1777545300000,10162.701965882068
6701,1777545600000,10162.701965882068
6702,1777545900000,10162.701965882068
6703,1777546200000,10162.701965882068
6704,1777546500000,10162.701965882068
6705,1777546800000,10162.701965882068
6706,1777547100000,10162.701965882068
6707,1777547400000,10162.701965882068
6708,1777547700000,10162.701965882068
6709,1777548000000,10162.701965882068
6710,1777548300000,10162.701965882068
6711,1777548600000,10162.701965882068
6712,1777548900000,10162.701965882068
6713,1777549200000,10162.701965882068
6714,1777549500000,10162.701965882068
6715,1777549800000,10162.701965882068
6716,1777550100000,10162.701965882068
6717,1777550400000,10162.701965882068
6718,1777550700000,10162.701965882068
6719,1777551000000,10162.701965882068
6720,1777551300000,10162.701965882068
6721,1777551600000,10162.701965882068
6722,1777551900000,10162.701965882068
6723,1777552200000,10162.701965882068
6724,1777552500000,10162.701965882068
6725,1777552800000,10162.701965882068
6726,1777553100000,10162.701965882068
6727,1777553400000,10162.701965882068
6728,1777553700000,10162.701965882068
6729,1777554000000,10162.701965882068
6730,1777554300000,10162.701965882068
6731,1777554600000,10162.701965882068
6732,1777554900000,10162.701965882068
6733,1777555200000,10162.701965882068
6734,1777555500000,10162.701965882068
6735,1777555800000,10162.701965882068
6736,1777556100000,10162.701965882068
6737,1777556400000,10162.701965882068
6738,1777556700000,10162.701965882068
6739,1777557000000,10162.701965882068
6740,1777557300000,10162.701965882068
6741,1777557600000,10162.701965882068
6742,1777557900000,10162.701965882068
6743,1777558200000,10162.701965882068
6744,1777558500000,10162.701965882068
6745,1777558800000,10162.701965882068
6746,1777559100000,10162.701965882068
6747,1777559400000,10162.701965882068
6748,1777559700000,10162.701965882068
6749,1777560000000,10162.701965882068
6750,1777560300000,10162.701965882068
6751,1777560600000,10162.701965882068
6752,1777560900000,10162.701965882068
6753,1777561200000,10162.701965882068
6754,1777561500000,10162.701965882068
6755,1777561800000,10162.701965882068
6756,1777562100000,10162.701965882068
6757,1777562400000,10162.701965882068
6758,1777562700000,10162.701965882068
6759,1777563000000,10162.701965882068
6760,1777563300000,10162.701965882068
6761,1777563600000,10162.701965882068
6762,1777563900000,10162.701965882068
6763,1777564200000,10162.701965882068
6764,1777564500000,10162.701965882068
6765,1777564800000,10162.701965882068
6766,1777565100000,10162.701965882068
6767,1777565400000,10162.701965882068
6768,1777565700000,10162.701965882068
6769,1777566000000,10162.701965882068
6770,1777566300000,10162.701965882068
6771,1777566600000,10162.701965882068
6772,1777566900000,10162.701965882068
6773,1777567200000,10162.701965882068
6774,1777567500000,10162.701965882068
6775,1777567800000,10162.701965882068
6776,1777568100000,10162.701965882068
6777,1777568400000,10162.701965882068
6778,1777568700000,10162.701965882068
6779,1777569000000,10162.701965882068
6780,1777569300000,10162.701965882068
6781,1777569600000,10162.701965882068
6782,1777569900000,10162.701965882068
6783,1777570200000,10162.701965882068
6784,1777570500000,10162.701965882068
6785,1777570800000,10162.701965882068
6786,1777571100000,10162.701965882068
6787,1777571400000,10162.701965882068
6788,1777571700000,10162.701965882068
6789,1777572000000,10162.701965882068
6790,1777572300000,10162.701965882068
6791,1777572600000,10162.701965882068
6792,1777572900000,10162.701965882068
6793,1777573200000,10162.701965882068
6794,1777573500000,10162.701965882068
6795,1777573800000,10162.701965882068
6796,1777574100000,10162.701965882068
6797,1777574400000,10162.701965882068
6798,1777574700000,10162.701965882068
6799,1777575000000,10162.701965882068
6800,1777575300000,10162.701965882068
6801,1777575600000,10162.701965882068
6802,1777575900000,10162.701965882068
6803,1777576200000,10162.701965882068
6804,1777576500000,10162.701965882068
6805,1777576800000,10162.701965882068
6806,1777577100000,10162.701965882068
6807,1777577400000,10162.701965882068
6808,1777577700000,10162.701965882068
6809,1777578000000,10162.701965882068
6810,1777578300000,10162.701965882068
6811,1777578600000,10162.701965882068
6812,1777578900000,10162.701965882068
6813,1777579200000,10162.701965882068
6814,1777579500000,10162.701965882068
6815,1777579800000,10162.701965882068
6816,1777580100000,10162.701965882068
6817,1777580400000,10162.701965882068
6818,1777580700000,10162.701965882068
6819,1777581000000,10162.701965882068
6820,1777581300000,10162.701965882068
6821,1777581600000,10162.701965882068
6822,1777581900000,10162.701965882068
6823,1777582200000,10162.701965882068
6824,1777582500000,10162.701965882068
6825,1777582800000,10162.701965882068
6826,1777583100000,10162.701965882068
6827,1777583400000,10162.701965882068
6828,1777583700000,10162.701965882068
6829,1777584000000,10162.701965882068
6830,1777584300000,10162.701965882068
6831,1777584600000,10162.701965882068
6832,1777584900000,10162.701965882068
6833,1777585200000,10162.701965882068
6834,1777585500000,10162.701965882068
6835,1777585800000,10162.701965882068
6836,1777586100000,10162.701965882068
6837,1777586400000,10162.701965882068
6838,1777586700000,10162.701965882068
6839,1777587000000,10162.701965882068
6840,1777587300000,10162.701965882068
6841,1777587600000,10162.701965882068
6842,1777587900000,10162.701965882068
6843,1777588200000,10162.701965882068
6844,1777588500000,10162.701965882068
6845,1777588800000,10162.701965882068
6846,1777589100000,10162.701965882068
6847,1777589400000,10162.701965882068
6848,1777589700000,10162.701965882068
6849,1777590000000,10162.701965882068
6850,1777590300000,10162.701965882068
6851,1777590600000,10162.701965882068
6852,1777590900000,10162.701965882068
6853,1777591200000,10162.701965882068
6854,1777591500000,10162.701965882068
6855,1777591800000,10162.701965882068
6856,1777592100000,10162.701965882068
6857,1777592400000,10162.701965882068
6858,1777592700000,10162.701965882068
6859,1777593000000,10162.701965882068
6860,1777593300000,10162.701965882068
6861,1777593600000,10162.701965882068
6862,1777593900000,10162.701965882068
6863,1777594200000,10162.701965882068
6864,1777594500000,10162.701965882068
6865,1777594800000,10162.701965882068
6866,1777595100000,10162.701965882068
6867,1777595400000,10162.701965882068
6868,1777595700000,10162.701965882068
6869,1777596000000,10162.701965882068
6870,1777596300000,10162.701965882068
6871,1777596600000,10162.701965882068
6872,1777596900000,10162.701965882068
6873,1777597200000,10162.701965882068
6874,1777597500000,10162.701965882068
6875,1777597800000,10162.701965882068
6876,1777598100000,10162.701965882068
6877,1777598400000,10162.701965882068
6878,1777598700000,10162.701965882068
6879,1777599000000,10162.701965882068
6880,1777599300000,10162.701965882068
6881,1777599600000,10162.701965882068
6882,1777599900000,10162.701965882068
6883,1777600200000,10162.701965882068
6884,1777600500000,10162.701965882068
6885,1777600800000,10162.701965882068
6886,1777601100000,10162.701965882068
6887,1777601400000,10162.701965882068
6888,1777601700000,10162.701965882068
6889,1777602000000,10162.701965882068
6890,1777602300000,10162.701965882068
6891,1777602600000,10162.701965882068
6892,1777602900000,10162.701965882068
6893,1777603200000,10162.701965882068
6894,1777603500000,10162.701965882068
6895,1777603800000,10162.701965882068
6896,1777604100000,10162.701965882068
6897,1777604400000,10162.701965882068
6898,1777604700000,10162.701965882068
6899,1777605000000,10162.701965882068
6900,1777605300000,10162.701965882068
6901,1777605600000,10162.701965882068
6902,1777605900000,10162.701965882068
6903,1777606200000,10162.701965882068
6904,1777606500000,10162.701965882068
6905,1777606800000,10162.701965882068
6906,1777607100000,10162.701965882068
6907,1777607400000,10162.701965882068
6908,1777607700000,10162.701965882068
6909,1777608000000,10162.701965882068
6910,1777608300000,10162.701965882068
6911,1777608600000,10162.701965882068
6912,1777608900000,10162.701965882068
6913,1777609200000,10162.701965882068
6914,1777609500000,10158.636885095715
6915,1777609800000,10156.603938194461
6916,1777610100000,10156.603938194461
6917,1777610400000,10156.603938194461
6918,1777610700000,10156.603938194461
6919,1777611000000,10156.603938194461
6920,1777611300000,10156.603938194461
6921,1777611600000,10156.603938194461
6922,1777611900000,10156.603938194461
6923,1777612200000,10156.603938194461
6924,1777612500000,10156.603938194461
6925,1777612800000,10156.603938194461
6926,1777613100000,10156.603938194461
6927,1777613400000,10156.603938194461
6928,1777613700000,10156.603938194461
6929,1777614000000,10156.603938194461
6930,1777614300000,10156.603938194461
6931,1777614600000,10156.603938194461
6932,1777614900000,10156.603938194461
6933,1777615200000,10156.603938194461
6934,1777615500000,10156.603938194461
6935,1777615800000,10156.603938194461
6936,1777616100000,10156.603938194461
6937,1777616400000,10156.603938194461
6938,1777616700000,10156.603938194461
6939,1777617000000,10156.603938194461
6940,1777617300000,10156.603938194461
6941,1777617600000,10156.603938194461
6942,1777617900000,10156.603938194461
6943,1777618200000,10156.603938194461
6944,1777618500000,10156.603938194461
6945,1777618800000,10156.603938194461
6946,1777619100000,10156.603938194461
6947,1777619400000,10156.603938194461
6948,1777619700000,10156.603938194461
6949,1777620000000,10156.603938194461
6950,1777620300000,10156.603938194461
6951,1777620600000,10156.603938194461
6952,1777620900000,10156.603938194461
6953,1777621200000,10156.603938194461
6954,1777621500000,10156.603938194461
6955,1777621800000,10156.603938194461
6956,1777622100000,10156.603938194461
6957,1777622400000,10156.603938194461
6958,1777622700000,10156.603938194461
6959,1777623000000,10156.603938194461
6960,1777623300000,10156.603938194461
6961,1777623600000,10156.603938194461
6962,1777623900000,10156.603938194461
6963,1777624200000,10156.603938194461
6964,1777624500000,10156.603938194461
6965,1777624800000,10156.603938194461
6966,1777625100000,10156.603938194461
6967,1777625400000,10156.603938194461
6968,1777625700000,10156.603938194461
6969,1777626000000,10156.603938194461
6970,1777626300000,10156.603938194461
6971,1777626600000,10156.603938194461
6972,1777626900000,10156.603938194461
6973,1777627200000,10156.603938194461
6974,1777627500000,10156.603938194461
6975,1777627800000,10156.603938194461
6976,1777628100000,10156.603938194461
6977,1777628400000,10156.603938194461
6978,1777628700000,10156.603938194461
6979,1777629000000,10156.603938194461
6980,1777629300000,10156.603938194461
6981,1777629600000,10156.603938194461
6982,1777629900000,10156.603938194461
6983,1777630200000,10156.603938194461
6984,1777630500000,10156.603938194461
6985,1777630800000,10156.603938194461
6986,1777631100000,10156.603938194461
6987,1777631400000,10156.603938194461
6988,1777631700000,10156.603938194461
6989,1777632000000,10156.603938194461
6990,1777632300000,10156.603938194461
6991,1777632600000,10156.603938194461
6992,1777632900000,10156.603938194461
6993,1777633200000,10156.603938194461
6994,1777633500000,10156.603938194461
6995,1777633800000,10156.603938194461
6996,1777634100000,10156.603938194461
6997,1777634400000,10156.603938194461
6998,1777634700000,10156.603938194461
6999,1777635000000,10156.603938194461
7000,1777635300000,10156.603938194461
7001,1777635600000,10156.603938194461
7002,1777635900000,10156.603938194461
7003,1777636200000,10156.603938194461
7004,1777636500000,10156.603938194461
7005,1777636800000,10156.603938194461
7006,1777637100000,10156.603938194461
7007,1777637400000,10156.603938194461
7008,1777637700000,10156.603938194461
7009,1777638000000,10156.603938194461
7010,1777638300000,10156.603938194461
7011,1777638600000,10156.603938194461
7012,1777638900000,10156.603938194461
7013,1777639200000,10156.603938194461
7014,1777639500000,10156.603938194461
7015,1777639800000,10156.603938194461
7016,1777640100000,10156.603938194461
7017,1777640400000,10156.603938194461
7018,1777640700000,10156.603938194461
7019,1777641000000,10156.603938194461
7020,1777641300000,10156.603938194461
7021,1777641600000,10156.603938194461
7022,1777641900000,10156.603938194461
7023,1777642200000,10156.603938194461
7024,1777642500000,10156.603938194461
7025,1777642800000,10156.603938194461
7026,1777643100000,10156.603938194461
7027,1777643400000,10156.603938194461
7028,1777643700000,10156.603938194461
7029,1777644000000,10156.603938194461
7030,1777644300000,10156.603938194461
7031,1777644600000,10156.603938194461
7032,1777644900000,10156.603938194461
7033,1777645200000,10156.603938194461
7034,1777645500000,10156.603938194461
7035,1777645800000,10156.603938194461
7036,1777646100000,10156.603938194461
7037,1777646400000,10156.603938194461
7038,1777646700000,10156.603938194461
7039,1777647000000,10156.603938194461
7040,1777647300000,10156.603938194461
7041,1777647600000,10156.603938194461
7042,1777647900000,10156.603938194461
7043,1777648200000,10156.603938194461
7044,1777648500000,10156.603938194461
7045,1777648800000,10156.603938194461
7046,1777649100000,10156.603938194461
7047,1777649400000,10156.603938194461
7048,1777649700000,10156.603938194461
7049,1777650000000,10156.603938194461
7050,1777650300000,10156.603938194461
7051,1777650600000,10156.603938194461
7052,1777650900000,10156.603938194461
7053,1777651200000,10156.603938194461
7054,1777651500000,10156.603938194461
7055,1777651800000,10156.603938194461
7056,1777652100000,10156.603938194461
7057,1777652400000,10156.603938194461
7058,1777652700000,10156.603938194461
7059,1777653000000,10156.603938194461
7060,1777653300000,10156.603938194461
7061,1777653600000,10156.603938194461
7062,1777653900000,10156.603938194461
7063,1777654200000,10156.603938194461
7064,1777654500000,10156.603938194461
7065,1777654800000,10156.603938194461
7066,1777655100000,10156.603938194461
7067,1777655400000,10156.603938194461
7068,1777655700000,10156.603938194461
7069,1777656000000,10156.603938194461
7070,1777656300000,10156.603938194461
7071,1777656600000,10156.603938194461
7072,1777656900000,10156.603938194461
7073,1777657200000,10156.603938194461
7074,1777657500000,10156.603938194461
7075,1777657800000,10156.603938194461
7076,1777658100000,10156.603938194461
7077,1777658400000,10156.603938194461
7078,1777658700000,10156.603938194461
7079,1777659000000,10156.603938194461
7080,1777659300000,10156.603938194461
7081,1777659600000,10156.603938194461
7082,1777659900000,10156.603938194461
7083,1777660200000,10156.603938194461
7084,1777660500000,10156.603938194461
7085,1777660800000,10156.603938194461
7086,1777661100000,10156.603938194461
7087,1777661400000,10156.603938194461
7088,1777661700000,10156.603938194461
7089,1777662000000,10156.603938194461
7090,1777662300000,10156.603938194461
7091,1777662600000,10156.603938194461
7092,1777662900000,10156.603938194461
7093,1777663200000,10156.603938194461
7094,1777663500000,10156.603938194461
7095,1777663800000,10156.603938194461
7096,1777664100000,10156.603938194461
7097,1777664400000,10156.603938194461
7098,1777664700000,10156.603938194461
7099,1777665000000,10156.603938194461
7100,1777665300000,10156.603938194461
7101,1777665600000,10156.603938194461
7102,1777665900000,10156.603938194461
7103,1777666200000,10156.603938194461
7104,1777666500000,10156.603938194461
7105,1777666800000,10156.603938194461
7106,1777667100000,10156.603938194461
7107,1777667400000,10156.603938194461
7108,1777667700000,10156.603938194461
7109,1777668000000,10156.603938194461
7110,1777668300000,10156.603938194461
7111,1777668600000,10156.603938194461
7112,1777668900000,10156.603938194461
7113,1777669200000,10156.603938194461
7114,1777669500000,10156.603938194461
7115,1777669800000,10156.603938194461
7116,1777670100000,10156.603938194461
7117,1777670400000,10156.603938194461
7118,1777670700000,10156.603938194461
7119,1777671000000,10156.603938194461
7120,1777671300000,10156.603938194461
7121,1777671600000,10156.603938194461
7122,1777671900000,10156.603938194461
7123,1777672200000,10156.603938194461
7124,1777672500000,10156.603938194461
7125,1777672800000,10156.603938194461
7126,1777673100000,10156.603938194461
7127,1777673400000,10156.603938194461
7128,1777673700000,10156.603938194461
7129,1777674000000,10156.603938194461
7130,1777674300000,10156.603938194461
7131,1777674600000,10156.603938194461
7132,1777674900000,10156.603938194461
7133,1777675200000,10156.603938194461
7134,1777675500000,10156.603938194461
7135,1777675800000,10156.603938194461
7136,1777676100000,10156.603938194461
7137,1777676400000,10156.603938194461
7138,1777676700000,10156.603938194461
7139,1777677000000,10156.603938194461
7140,1777677300000,10156.603938194461
7141,1777677600000,10156.603938194461
7142,1777677900000,10156.603938194461
7143,1777678200000,10156.603938194461
7144,1777678500000,10156.603938194461
7145,1777678800000,10156.603938194461
7146,1777679100000,10156.603938194461
7147,1777679400000,10156.603938194461
7148,1777679700000,10156.603938194461
7149,1777680000000,10156.603938194461
7150,1777680300000,10156.603938194461
7151,1777680600000,10156.603938194461
7152,1777680900000,10156.603938194461
7153,1777681200000,10156.603938194461
7154,1777681500000,10156.603938194461
7155,1777681800000,10156.603938194461
7156,1777682100000,10156.603938194461
7157,1777682400000,10156.603938194461
7158,1777682700000,10156.603938194461
7159,1777683000000,10156.603938194461
7160,1777683300000,10156.603938194461
7161,1777683600000,10156.603938194461
7162,1777683900000,10156.603938194461
7163,1777684200000,10156.603938194461
7164,1777684500000,10156.603938194461
7165,1777684800000,10156.603938194461
7166,1777685100000,10156.603938194461
7167,1777685400000,10156.603938194461
7168,1777685700000,10156.603938194461
7169,1777686000000,10156.603938194461
7170,1777686300000,10156.603938194461
7171,1777686600000,10156.603938194461
7172,1777686900000,10156.603938194461
7173,1777687200000,10156.603938194461
7174,1777687500000,10156.603938194461
7175,1777687800000,10156.603938194461
7176,1777688100000,10156.603938194461
7177,1777688400000,10156.603938194461
7178,1777688700000,10156.603938194461
7179,1777689000000,10156.603938194461
7180,1777689300000,10156.603938194461
7181,1777689600000,10156.603938194461
7182,1777689900000,10156.603938194461
7183,1777690200000,10156.603938194461
7184,1777690500000,10156.603938194461
7185,1777690800000,10156.603938194461
7186,1777691100000,10156.603938194461
7187,1777691400000,10156.603938194461
7188,1777691700000,10156.603938194461
7189,1777692000000,10156.603938194461
7190,1777692300000,10156.603938194461
7191,1777692600000,10156.603938194461
7192,1777692900000,10156.603938194461
7193,1777693200000,10156.603938194461
7194,1777693500000,10156.603938194461
7195,1777693800000,10156.603938194461
7196,1777694100000,10156.603938194461
7197,1777694400000,10156.603938194461
7198,1777694700000,10156.603938194461
7199,1777695000000,10156.603938194461
7200,1777695300000,10156.603938194461
7201,1777695600000,10156.603938194461
7202,1777695900000,10156.603938194461
7203,1777696200000,10156.603938194461
7204,1777696500000,10156.603938194461
7205,1777696800000,10156.603938194461
7206,1777697100000,10156.603938194461
7207,1777697400000,10156.603938194461
7208,1777697700000,10156.603938194461
7209,1777698000000,10156.603938194461
7210,1777698300000,10156.603938194461
7211,1777698600000,10156.603938194461
7212,1777698900000,10156.603938194461
7213,1777699200000,10156.603938194461
7214,1777699500000,10156.603938194461
7215,1777699800000,10156.603938194461
7216,1777700100000,10156.603938194461
7217,1777700400000,10156.603938194461
7218,1777700700000,10156.603938194461
7219,1777701000000,10156.603938194461
7220,1777701300000,10156.603938194461
7221,1777701600000,10156.603938194461
7222,1777701900000,10156.603938194461
7223,1777702200000,10156.603938194461
7224,1777702500000,10156.603938194461
7225,1777702800000,10156.603938194461
7226,1777703100000,10156.603938194461
7227,1777703400000,10156.603938194461
7228,1777703700000,10156.603938194461
7229,1777704000000,10156.603938194461
7230,1777704300000,10156.603938194461
7231,1777704600000,10156.603938194461
7232,1777704900000,10156.603938194461
7233,1777705200000,10156.603938194461
7234,1777705500000,10156.603938194461
7235,1777705800000,10156.603938194461
7236,1777706100000,10156.603938194461
7237,1777706400000,10156.603938194461
7238,1777706700000,10156.603938194461
7239,1777707000000,10156.603938194461
7240,1777707300000,10156.603938194461
7241,1777707600000,10156.603938194461
7242,1777707900000,10156.603938194461
7243,1777708200000,10156.603938194461
7244,1777708500000,10156.603938194461
7245,1777708800000,10156.603938194461
7246,1777709100000,10156.603938194461
7247,1777709400000,10156.603938194461
7248,1777709700000,10156.603938194461
7249,1777710000000,10156.603938194461
7250,1777710300000,10156.603938194461
7251,1777710600000,10156.603938194461
7252,1777710900000,10156.603938194461
7253,1777711200000,10156.603938194461
7254,1777711500000,10156.603938194461
7255,1777711800000,10156.603938194461
7256,1777712100000,10156.603938194461
7257,1777712400000,10156.603938194461
7258,1777712700000,10156.603938194461
7259,1777713000000,10156.603938194461
7260,1777713300000,10156.603938194461
7261,1777713600000,10156.603938194461
7262,1777713900000,10156.603938194461
7263,1777714200000,10156.603938194461
7264,1777714500000,10156.603938194461
7265,1777714800000,10156.603938194461
7266,1777715100000,10156.603938194461
7267,1777715400000,10156.603938194461
7268,1777715700000,10156.603938194461
7269,1777716000000,10156.603938194461
7270,1777716300000,10156.603938194461
7271,1777716600000,10156.603938194461
7272,1777716900000,10156.603938194461
7273,1777717200000,10156.603938194461
7274,1777717500000,10156.603938194461
7275,1777717800000,10156.603938194461
7276,1777718100000,10156.603938194461
7277,1777718400000,10156.603938194461
7278,1777718700000,10156.603938194461
7279,1777719000000,10156.603938194461
7280,1777719300000,10156.603938194461
7281,1777719600000,10156.603938194461
7282,1777719900000,10156.603938194461
7283,1777720200000,10156.603938194461
7284,1777720500000,10156.603938194461
7285,1777720800000,10156.603938194461
7286,1777721100000,10156.603938194461
7287,1777721400000,10156.603938194461
7288,1777721700000,10156.603938194461
7289,1777722000000,10156.603938194461
7290,1777722300000,10156.603938194461
7291,1777722600000,10156.603938194461
7292,1777722900000,10156.603938194461
7293,1777723200000,10156.603938194461
7294,1777723500000,10156.603938194461
7295,1777723800000,10156.603938194461
7296,1777724100000,10156.603938194461
7297,1777724400000,10156.603938194461
7298,1777724700000,10156.603938194461
7299,1777725000000,10156.603938194461
7300,1777725300000,10156.603938194461
7301,1777725600000,10156.603938194461
7302,1777725900000,10156.603938194461
7303,1777726200000,10156.603938194461
7304,1777726500000,10156.603938194461
7305,1777726800000,10156.603938194461
7306,1777727100000,10156.603938194461
7307,1777727400000,10156.603938194461
7308,1777727700000,10156.603938194461
7309,1777728000000,10156.603938194461
7310,1777728300000,10156.603938194461
7311,1777728600000,10156.603938194461
7312,1777728900000,10156.603938194461
7313,1777729200000,10156.603938194461
7314,1777729500000,10156.603938194461
7315,1777729800000,10156.603938194461
7316,1777730100000,10156.603938194461
7317,1777730400000,10156.603938194461
7318,1777730700000,10156.603938194461
7319,1777731000000,10156.603938194461
7320,1777731300000,10156.603938194461
7321,1777731600000,10156.603938194461
7322,1777731900000,10156.603938194461
7323,1777732200000,10156.603938194461
7324,1777732500000,10156.603938194461
7325,1777732800000,10156.603938194461
7326,1777733100000,10156.603938194461
7327,1777733400000,10156.603938194461
7328,1777733700000,10156.603938194461
7329,1777734000000,10156.603938194461
7330,1777734300000,10156.603938194461
7331,1777734600000,10156.603938194461
7332,1777734900000,10156.603938194461
7333,1777735200000,10156.603938194461
7334,1777735500000,10156.603938194461
7335,1777735800000,10156.603938194461
7336,1777736100000,10156.603938194461
7337,1777736400000,10156.603938194461
7338,1777736700000,10156.603938194461
7339,1777737000000,10156.603938194461
7340,1777737300000,10156.603938194461
7341,1777737600000,10156.603938194461
7342,1777737900000,10156.603938194461
7343,1777738200000,10156.603938194461
7344,1777738500000,10156.603938194461
7345,1777738800000,10156.603938194461
7346,1777739100000,10156.603938194461
7347,1777739400000,10156.603938194461
7348,1777739700000,10156.603938194461
7349,1777740000000,10156.603938194461
7350,1777740300000,10156.603938194461
7351,1777740600000,10156.603938194461
7352,1777740900000,10156.603938194461
7353,1777741200000,10156.603938194461
7354,1777741500000,10156.603938194461
7355,1777741800000,10156.603938194461
7356,1777742100000,10156.603938194461
7357,1777742400000,10156.603938194461
7358,1777742700000,10156.603938194461
7359,1777743000000,10156.603938194461
7360,1777743300000,10156.603938194461
7361,1777743600000,10156.603938194461
7362,1777743900000,10156.603938194461
7363,1777744200000,10156.603938194461
7364,1777744500000,10156.603938194461
7365,1777744800000,10156.603938194461
7366,1777745100000,10156.603938194461
7367,1777745400000,10156.603938194461
7368,1777745700000,10156.603938194461
7369,1777746000000,10156.603938194461
7370,1777746300000,10156.603938194461
7371,1777746600000,10156.603938194461
7372,1777746900000,10156.603938194461
7373,1777747200000,10156.603938194461
7374,1777747500000,10156.603938194461
7375,1777747800000,10156.603938194461
7376,1777748100000,10156.603938194461
7377,1777748400000,10156.603938194461
7378,1777748700000,10156.603938194461
7379,1777749000000,10156.603938194461
7380,1777749300000,10156.603938194461
7381,1777749600000,10156.603938194461
7382,1777749900000,10156.603938194461
7383,1777750200000,10156.603938194461
7384,1777750500000,10156.603938194461
7385,1777750800000,10156.603938194461
7386,1777751100000,10156.603938194461
7387,1777751400000,10156.603938194461
7388,1777751700000,10156.603938194461
7389,1777752000000,10156.603938194461
7390,1777752300000,10156.603938194461
7391,1777752600000,10156.603938194461
7392,1777752900000,10156.603938194461
7393,1777753200000,10156.603938194461
7394,1777753500000,10156.603938194461
7395,1777753800000,10156.603938194461
7396,1777754100000,10156.603938194461
7397,1777754400000,10156.603938194461
7398,1777754700000,10156.603938194461
7399,1777755000000,10156.603938194461
7400,1777755300000,10156.603938194461
7401,1777755600000,10156.603938194461
7402,1777755900000,10156.603938194461
7403,1777756200000,10156.603938194461
7404,1777756500000,10156.603938194461
7405,1777756800000,10156.603938194461
7406,1777757100000,10156.603938194461
7407,1777757400000,10156.603938194461
7408,1777757700000,10156.603938194461
7409,1777758000000,10156.603938194461
7410,1777758300000,10156.603938194461
7411,1777758600000,10156.603938194461
7412,1777758900000,10156.603938194461
7413,1777759200000,10156.603938194461
7414,1777759500000,10156.603938194461
7415,1777759800000,10156.603938194461
7416,1777760100000,10156.603938194461
7417,1777760400000,10156.603938194461
7418,1777760700000,10156.603938194461
7419,1777761000000,10156.603938194461
7420,1777761300000,10156.603938194461
7421,1777761600000,10156.603938194461
7422,1777761900000,10156.603938194461
7423,1777762200000,10156.603938194461
7424,1777762500000,10156.603938194461
7425,1777762800000,10156.603938194461
7426,1777763100000,10156.603938194461
7427,1777763400000,10156.603938194461
7428,1777763700000,10156.603938194461
7429,1777764000000,10156.603938194461
7430,1777764300000,10156.603938194461
7431,1777764600000,10156.603938194461
7432,1777764900000,10156.603938194461
7433,1777765200000,10156.603938194461
7434,1777765500000,10156.603938194461
7435,1777765800000,10156.603938194461
7436,1777766100000,10156.603938194461
7437,1777766400000,10156.603938194461
7438,1777766700000,10156.603938194461
7439,1777767000000,10156.603938194461
7440,1777767300000,10156.603938194461
7441,1777767600000,10156.603938194461
7442,1777767900000,10156.603938194461
7443,1777768200000,10156.603938194461
7444,1777768500000,10156.603938194461
7445,1777768800000,10156.603938194461
7446,1777769100000,10156.603938194461
7447,1777769400000,10156.603938194461
7448,1777769700000,10156.603938194461
7449,1777770000000,10156.603938194461
7450,1777770300000,10156.603938194461
7451,1777770600000,10156.603938194461
7452,1777770900000,10156.603938194461
7453,1777771200000,10156.603938194461
7454,1777771500000,10156.603938194461
7455,1777771800000,10156.603938194461
7456,1777772100000,10156.603938194461
7457,1777772400000,10156.603938194461
7458,1777772700000,10156.603938194461
7459,1777773000000,10156.603938194461
7460,1777773300000,10156.603938194461
7461,1777773600000,10156.603938194461
7462,1777773900000,10156.603938194461
7463,1777774200000,10156.603938194461
7464,1777774500000,10156.603938194461
7465,1777774800000,10156.603938194461
7466,1777775100000,10156.603938194461
7467,1777775400000,10156.603938194461
7468,1777775700000,10156.603938194461
7469,1777776000000,10156.603938194461
7470,1777776300000,10156.603938194461
7471,1777776600000,10156.603938194461
7472,1777776900000,10156.603938194461
7473,1777777200000,10156.603938194461
7474,1777777500000,10156.603938194461
7475,1777777800000,10156.603938194461
7476,1777778100000,10156.603938194461
7477,1777778400000,10156.603938194461
7478,1777778700000,10156.603938194461
7479,1777779000000,10156.603938194461
7480,1777779300000,10156.603938194461
7481,1777779600000,10156.603938194461
7482,1777779900000,10156.603938194461
7483,1777780200000,10156.603938194461
7484,1777780500000,10156.603938194461
7485,1777780800000,10156.603938194461
7486,1777781100000,10156.603938194461
7487,1777781400000,10156.603938194461
7488,1777781700000,10156.603938194461
7489,1777782000000,10156.603938194461
7490,1777782300000,10156.603938194461
7491,1777782600000,10156.603938194461
7492,1777782900000,10156.603938194461
7493,1777783200000,10156.603938194461
7494,1777783500000,10156.603938194461
7495,1777783800000,10156.603938194461
7496,1777784100000,10156.603938194461
7497,1777784400000,10156.603938194461
7498,1777784700000,10156.603938194461
7499,1777785000000,10156.603938194461
7500,1777785300000,10156.603938194461
7501,1777785600000,10156.603938194461
7502,1777785900000,10156.603938194461
7503,1777786200000,10156.603938194461
7504,1777786500000,10156.603938194461
7505,1777786800000,10156.603938194461
7506,1777787100000,10156.603938194461
7507,1777787400000,10156.603938194461
7508,1777787700000,10156.603938194461
7509,1777788000000,10156.603938194461
7510,1777788300000,10156.603938194461
7511,1777788600000,10156.603938194461
7512,1777788900000,10156.603938194461
7513,1777789200000,10156.603938194461
7514,1777789500000,10156.603938194461
7515,1777789800000,10156.603938194461
7516,1777790100000,10156.603938194461
7517,1777790400000,10156.603938194461
7518,1777790700000,10156.603938194461
7519,1777791000000,10156.603938194461
7520,1777791300000,10156.603938194461
7521,1777791600000,10156.603938194461
7522,1777791900000,10156.603938194461
7523,1777792200000,10156.603938194461
7524,1777792500000,10156.603938194461
7525,1777792800000,10156.603938194461
7526,1777793100000,10156.603938194461
7527,1777793400000,10156.603938194461
7528,1777793700000,10156.603938194461
7529,1777794000000,10156.603938194461
7530,1777794300000,10156.603938194461
7531,1777794600000,10156.603938194461
7532,1777794900000,10156.603938194461
7533,1777795200000,10156.603938194461
7534,1777795500000,10156.603938194461
7535,1777795800000,10156.603938194461
7536,1777796100000,10156.603938194461
7537,1777796400000,10156.603938194461
7538,1777796700000,10156.603938194461
7539,1777797000000,10156.603938194461
7540,1777797300000,10156.603938194461
7541,1777797600000,10156.603938194461
7542,1777797900000,10156.603938194461
7543,1777798200000,10156.603938194461
7544,1777798500000,10156.603938194461
7545,1777798800000,10156.603938194461
7546,1777799100000,10156.603938194461
7547,1777799400000,10156.603938194461
7548,1777799700000,10156.603938194461
7549,1777800000000,10156.603938194461
7550,1777800300000,10156.603938194461
7551,1777800600000,10156.603938194461
7552,1777800900000,10156.603938194461
7553,1777801200000,10156.603938194461
7554,1777801500000,10156.603938194461
7555,1777801800000,10156.603938194461
7556,1777802100000,10156.603938194461
7557,1777802400000,10156.603938194461
7558,1777802700000,10156.603938194461
7559,1777803000000,10156.603938194461
7560,1777803300000,10156.603938194461
7561,1777803600000,10156.603938194461
7562,1777803900000,10156.603938194461
7563,1777804200000,10156.603938194461
7564,1777804500000,10156.603938194461
7565,1777804800000,10156.603938194461
7566,1777805100000,10156.603938194461
7567,1777805400000,10156.603938194461
7568,1777805700000,10156.603938194461
7569,1777806000000,10156.603938194461
7570,1777806300000,10156.603938194461
7571,1777806600000,10156.603938194461
7572,1777806900000,10156.603938194461
7573,1777807200000,10156.603938194461
7574,1777807500000,10156.603938194461
7575,1777807800000,10156.603938194461
7576,1777808100000,10156.603938194461
7577,1777808400000,10156.603938194461
7578,1777808700000,10156.603938194461
7579,1777809000000,10156.603938194461
7580,1777809300000,10156.603938194461
7581,1777809600000,10156.603938194461
7582,1777809900000,10156.603938194461
7583,1777810200000,10156.603938194461
7584,1777810500000,10156.603938194461
7585,1777810800000,10156.603938194461
7586,1777811100000,10156.603938194461
7587,1777811400000,10156.603938194461
7588,1777811700000,10156.603938194461
7589,1777812000000,10156.603938194461
7590,1777812300000,10156.603938194461
7591,1777812600000,10156.603938194461
7592,1777812900000,10156.603938194461
7593,1777813200000,10156.603938194461
7594,1777813500000,10156.603938194461
7595,1777813800000,10156.603938194461
7596,1777814100000,10156.603938194461
7597,1777814400000,10156.603938194461
7598,1777814700000,10152.541296619183
7599,1777815000000,10146.444323616963
7600,1777815300000,10146.444323616963
7601,1777815600000,10146.444323616963
7602,1777815900000,10146.444323616963
7603,1777816200000,10146.444323616963
7604,1777816500000,10146.444323616963
7605,1777816800000,10146.444323616963
7606,1777817100000,10146.444323616963
7607,1777817400000,10146.444323616963
7608,1777817700000,10146.444323616963
7609,1777818000000,10146.444323616963
7610,1777818300000,10146.444323616963
7611,1777818600000,10146.444323616963
7612,1777818900000,10146.444323616963
7613,1777819200000,10146.444323616963
7614,1777819500000,10146.444323616963
7615,1777819800000,10146.444323616963
7616,1777820100000,10146.444323616963
7617,1777820400000,10146.444323616963
7618,1777820700000,10146.444323616963
7619,1777821000000,10146.444323616963
7620,1777821300000,10146.444323616963
7621,1777821600000,10146.444323616963
7622,1777821900000,10146.444323616963
7623,1777822200000,10146.444323616963
7624,1777822500000,10146.444323616963
7625,1777822800000,10146.444323616963
7626,1777823100000,10146.444323616963
7627,1777823400000,10146.444323616963
7628,1777823700000,10146.444323616963
7629,1777824000000,10146.444323616963
7630,1777824300000,10146.444323616963
7631,1777824600000,10146.444323616963
7632,1777824900000,10146.444323616963
7633,1777825200000,10146.444323616963
7634,1777825500000,10146.444323616963
7635,1777825800000,10146.444323616963
7636,1777826100000,10146.444323616963
7637,1777826400000,10146.444323616963
7638,1777826700000,10146.444323616963
7639,1777827000000,10146.444323616963
7640,1777827300000,10146.444323616963
7641,1777827600000,10146.444323616963
7642,1777827900000,10146.444323616963
7643,1777828200000,10146.444323616963
7644,1777828500000,10146.444323616963
7645,1777828800000,10146.444323616963
7646,1777829100000,10146.444323616963
7647,1777829400000,10146.444323616963
7648,1777829700000,10146.444323616963
7649,1777830000000,10146.444323616963
7650,1777830300000,10146.444323616963
7651,1777830600000,10146.444323616963
7652,1777830900000,10146.444323616963
7653,1777831200000,10146.444323616963
7654,1777831500000,10146.444323616963
7655,1777831800000,10146.444323616963
7656,1777832100000,10146.444323616963
7657,1777832400000,10146.444323616963
7658,1777832700000,10146.444323616963
7659,1777833000000,10146.444323616963
7660,1777833300000,10146.444323616963
7661,1777833600000,10146.444323616963
7662,1777833900000,10146.444323616963
7663,1777834200000,10146.444323616963
7664,1777834500000,10146.444323616963
7665,1777834800000,10146.444323616963
7666,1777835100000,10146.444323616963
7667,1777835400000,10146.444323616963
7668,1777835700000,10146.444323616963
7669,1777836000000,10146.444323616963
7670,1777836300000,10146.444323616963
7671,1777836600000,10146.444323616963
7672,1777836900000,10146.444323616963
7673,1777837200000,10146.444323616963
7674,1777837500000,10146.444323616963
7675,1777837800000,10146.444323616963
7676,1777838100000,10146.444323616963
7677,1777838400000,10146.444323616963
7678,1777838700000,10146.444323616963
7679,1777839000000,10146.444323616963
7680,1777839300000,10146.444323616963
7681,1777839600000,10146.444323616963
7682,1777839900000,10146.444323616963
7683,1777840200000,10146.444323616963
7684,1777840500000,10146.444323616963
7685,1777840800000,10146.444323616963
7686,1777841100000,10146.444323616963
7687,1777841400000,10146.444323616963
7688,1777841700000,10146.444323616963
7689,1777842000000,10146.444323616963
7690,1777842300000,10146.444323616963
7691,1777842600000,10146.444323616963
7692,1777842900000,10146.444323616963
7693,1777843200000,10146.444323616963
7694,1777843500000,10146.444323616963
7695,1777843800000,10146.444323616963
7696,1777844100000,10146.444323616963
7697,1777844400000,10146.444323616963
7698,1777844700000,10146.444323616963
7699,1777845000000,10146.444323616963
7700,1777845300000,10146.444323616963
7701,1777845600000,10146.444323616963
7702,1777845900000,10146.444323616963
7703,1777846200000,10146.444323616963
7704,1777846500000,10146.444323616963
7705,1777846800000,10146.444323616963
7706,1777847100000,10146.444323616963
7707,1777847400000,10146.444323616963
7708,1777847700000,10146.444323616963
7709,1777848000000,10146.444323616963
7710,1777848300000,10146.444323616963
7711,1777848600000,10146.444323616963
7712,1777848900000,10146.444323616963
7713,1777849200000,10146.444323616963
7714,1777849500000,10146.444323616963
7715,1777849800000,10146.444323616963
7716,1777850100000,10146.444323616963
7717,1777850400000,10146.444323616963
7718,1777850700000,10146.444323616963
7719,1777851000000,10146.444323616963
7720,1777851300000,10146.444323616963
7721,1777851600000,10146.444323616963
7722,1777851900000,10146.444323616963
7723,1777852200000,10146.444323616963
7724,1777852500000,10146.444323616963
7725,1777852800000,10146.444323616963
7726,1777853100000,10146.444323616963
7727,1777853400000,10146.444323616963
7728,1777853700000,10146.444323616963
7729,1777854000000,10146.444323616963
7730,1777854300000,10146.444323616963
7731,1777854600000,10146.444323616963
7732,1777854900000,10146.444323616963
7733,1777855200000,10146.444323616963
7734,1777855500000,10146.444323616963
7735,1777855800000,10146.444323616963
7736,1777856100000,10146.444323616963
7737,1777856400000,10146.444323616963
7738,1777856700000,10146.444323616963
7739,1777857000000,10146.444323616963
7740,1777857300000,10146.444323616963
7741,1777857600000,10146.444323616963
7742,1777857900000,10146.444323616963
7743,1777858200000,10146.444323616963
7744,1777858500000,10146.444323616963
7745,1777858800000,10146.444323616963
7746,1777859100000,10146.444323616963
7747,1777859400000,10146.444323616963
7748,1777859700000,10146.444323616963
7749,1777860000000,10146.444323616963
7750,1777860300000,10146.444323616963
7751,1777860600000,10146.444323616963
7752,1777860900000,10146.444323616963
7753,1777861200000,10146.444323616963
7754,1777861500000,10146.444323616963
7755,1777861800000,10146.444323616963
7756,1777862100000,10146.444323616963
7757,1777862400000,10146.444323616963
7758,1777862700000,10146.444323616963
7759,1777863000000,10146.444323616963
7760,1777863300000,10146.444323616963
7761,1777863600000,10146.444323616963
7762,1777863900000,10146.444323616963
7763,1777864200000,10146.444323616963
7764,1777864500000,10146.444323616963
7765,1777864800000,10146.444323616963
7766,1777865100000,10146.444323616963
7767,1777865400000,10146.444323616963
7768,1777865700000,10146.444323616963
7769,1777866000000,10146.444323616963
7770,1777866300000,10146.444323616963
7771,1777866600000,10146.444323616963
7772,1777866900000,10146.444323616963
7773,1777867200000,10146.444323616963
7774,1777867500000,10146.444323616963
7775,1777867800000,10146.444323616963
7776,1777868100000,10146.444323616963
7777,1777868400000,10146.444323616963
7778,1777868700000,10146.444323616963
7779,1777869000000,10146.444323616963
7780,1777869300000,10146.444323616963
7781,1777869600000,10146.444323616963
7782,1777869900000,10146.444323616963
7783,1777870200000,10146.444323616963
7784,1777870500000,10146.444323616963
7785,1777870800000,10146.444323616963
7786,1777871100000,10146.444323616963
7787,1777871400000,10146.444323616963
7788,1777871700000,10146.444323616963
7789,1777872000000,10146.444323616963
7790,1777872300000,10146.444323616963
7791,1777872600000,10146.444323616963
7792,1777872900000,10146.444323616963
7793,1777873200000,10146.444323616963
7794,1777873500000,10146.444323616963
7795,1777873800000,10146.444323616963
7796,1777874100000,10146.444323616963
7797,1777874400000,10146.444323616963
7798,1777874700000,10146.444323616963
7799,1777875000000,10146.444323616963
7800,1777875300000,10146.444323616963
7801,1777875600000,10146.444323616963
7802,1777875900000,10146.444323616963
7803,1777876200000,10146.444323616963
7804,1777876500000,10146.444323616963
7805,1777876800000,10146.444323616963
7806,1777877100000,10146.444323616963
7807,1777877400000,10146.444323616963
7808,1777877700000,10146.444323616963
7809,1777878000000,10146.444323616963
7810,1777878300000,10146.444323616963
7811,1777878600000,10146.444323616963
7812,1777878900000,10146.444323616963
7813,1777879200000,10146.444323616963
7814,1777879500000,10146.444323616963
7815,1777879800000,10146.444323616963
7816,1777880100000,10146.444323616963
7817,1777880400000,10146.444323616963
7818,1777880700000,10146.444323616963
7819,1777881000000,10146.444323616963
7820,1777881300000,10146.444323616963
7821,1777881600000,10146.444323616963
7822,1777881900000,10146.444323616963
7823,1777882200000,10146.444323616963
7824,1777882500000,10146.444323616963
7825,1777882800000,10146.444323616963
7826,1777883100000,10146.444323616963
7827,1777883400000,10146.444323616963
7828,1777883700000,10146.444323616963
7829,1777884000000,10146.444323616963
7830,1777884300000,10146.444323616963
7831,1777884600000,10146.444323616963
7832,1777884900000,10146.444323616963
7833,1777885200000,10146.444323616963
7834,1777885500000,10146.444323616963
7835,1777885800000,10146.444323616963
7836,1777886100000,10146.444323616963
7837,1777886400000,10146.444323616963
7838,1777886700000,10146.444323616963
7839,1777887000000,10146.444323616963
7840,1777887300000,10146.444323616963
7841,1777887600000,10146.444323616963
7842,1777887900000,10146.444323616963
7843,1777888200000,10146.444323616963
7844,1777888500000,10146.444323616963
7845,1777888800000,10146.444323616963
7846,1777889100000,10146.444323616963
7847,1777889400000,10146.444323616963
7848,1777889700000,10146.444323616963
7849,1777890000000,10146.444323616963
7850,1777890300000,10146.444323616963
7851,1777890600000,10146.444323616963
7852,1777890900000,10146.444323616963
7853,1777891200000,10146.444323616963
7854,1777891500000,10146.444323616963
7855,1777891800000,10146.444323616963
7856,1777892100000,10146.444323616963
7857,1777892400000,10146.444323616963
7858,1777892700000,10146.444323616963
7859,1777893000000,10146.444323616963
7860,1777893300000,10146.444323616963
7861,1777893600000,10146.444323616963
7862,1777893900000,10146.444323616963
7863,1777894200000,10146.444323616963
7864,1777894500000,10146.444323616963
7865,1777894800000,10146.444323616963
7866,1777895100000,10146.444323616963
7867,1777895400000,10146.444323616963
7868,1777895700000,10146.444323616963
7869,1777896000000,10146.444323616963
7870,1777896300000,10146.444323616963
7871,1777896600000,10146.444323616963
7872,1777896900000,10146.444323616963
7873,1777897200000,10146.444323616963
7874,1777897500000,10146.444323616963
7875,1777897800000,10146.444323616963
7876,1777898100000,10146.444323616963
7877,1777898400000,10146.444323616963
7878,1777898700000,10146.444323616963
7879,1777899000000,10146.444323616963
7880,1777899300000,10146.444323616963
7881,1777899600000,10146.444323616963
7882,1777899900000,10146.444323616963
7883,1777900200000,10146.444323616963
7884,1777900500000,10146.444323616963
7885,1777900800000,10146.444323616963
7886,1777901100000,10146.444323616963
7887,1777901400000,10146.444323616963
7888,1777901700000,10146.444323616963
7889,1777902000000,10146.444323616963
7890,1777902300000,10146.444323616963
7891,1777902600000,10146.444323616963
7892,1777902900000,10146.444323616963
7893,1777903200000,10146.444323616963
7894,1777903500000,10146.444323616963
7895,1777903800000,10146.444323616963
7896,1777904100000,10146.444323616963
7897,1777904400000,10146.444323616963
7898,1777904700000,10146.444323616963
7899,1777905000000,10146.444323616963
7900,1777905300000,10146.444323616963
7901,1777905600000,10146.444323616963
7902,1777905900000,10146.444323616963
7903,1777906200000,10146.444323616963
7904,1777906500000,10146.444323616963
7905,1777906800000,10146.444323616963
7906,1777907100000,10146.444323616963
7907,1777907400000,10146.444323616963
7908,1777907700000,10146.444323616963
7909,1777908000000,10146.444323616963
7910,1777908300000,10146.444323616963
7911,1777908600000,10146.444323616963
7912,1777908900000,10146.444323616963
7913,1777909200000,10146.444323616963
7914,1777909500000,10146.444323616963
7915,1777909800000,10146.444323616963
7916,1777910100000,10146.444323616963
7917,1777910400000,10146.444323616963
7918,1777910700000,10146.444323616963
7919,1777911000000,10146.444323616963
7920,1777911300000,10146.444323616963
7921,1777911600000,10146.444323616963
7922,1777911900000,10146.444323616963
7923,1777912200000,10146.444323616963
7924,1777912500000,10146.444323616963
7925,1777912800000,10146.444323616963
7926,1777913100000,10146.444323616963
7927,1777913400000,10146.444323616963
7928,1777913700000,10146.444323616963
7929,1777914000000,10146.444323616963
7930,1777914300000,10146.444323616963
7931,1777914600000,10146.444323616963
7932,1777914900000,10146.444323616963
7933,1777915200000,10146.444323616963
7934,1777915500000,10146.444323616963
7935,1777915800000,10146.444323616963
7936,1777916100000,10146.444323616963
7937,1777916400000,10146.444323616963
7938,1777916700000,10146.444323616963
7939,1777917000000,10146.444323616963
7940,1777917300000,10146.444323616963
7941,1777917600000,10146.444323616963
7942,1777917900000,10146.444323616963
7943,1777918200000,10146.444323616963
7944,1777918500000,10146.444323616963
7945,1777918800000,10146.444323616963
7946,1777919100000,10146.444323616963
7947,1777919400000,10146.444323616963
7948,1777919700000,10146.444323616963
7949,1777920000000,10146.444323616963
7950,1777920300000,10146.444323616963
7951,1777920600000,10146.444323616963
7952,1777920900000,10146.444323616963
7953,1777921200000,10146.444323616963
7954,1777921500000,10146.444323616963
7955,1777921800000,10146.444323616963
7956,1777922100000,10146.444323616963
7957,1777922400000,10146.444323616963
7958,1777922700000,10146.444323616963
7959,1777923000000,10146.444323616963
7960,1777923300000,10146.444323616963
7961,1777923600000,10146.444323616963
7962,1777923900000,10146.444323616963
7963,1777924200000,10146.444323616963
7964,1777924500000,10146.444323616963
7965,1777924800000,10146.444323616963
7966,1777925100000,10146.444323616963
7967,1777925400000,10146.444323616963
7968,1777925700000,10146.444323616963
7969,1777926000000,10146.444323616963
7970,1777926300000,10146.444323616963
7971,1777926600000,10146.444323616963
7972,1777926900000,10146.444323616963
7973,1777927200000,10146.444323616963
7974,1777927500000,10146.444323616963
7975,1777927800000,10146.444323616963
7976,1777928100000,10146.444323616963
7977,1777928400000,10146.444323616963
7978,1777928700000,10146.444323616963
7979,1777929000000,10146.444323616963
7980,1777929300000,10146.444323616963
7981,1777929600000,10146.444323616963
7982,1777929900000,10146.444323616963
7983,1777930200000,10146.444323616963
7984,1777930500000,10146.444323616963
7985,1777930800000,10146.444323616963
7986,1777931100000,10146.444323616963
7987,1777931400000,10146.444323616963
7988,1777931700000,10146.444323616963
7989,1777932000000,10146.444323616963
7990,1777932300000,10146.444323616963
7991,1777932600000,10146.444323616963
7992,1777932900000,10146.444323616963
7993,1777933200000,10146.444323616963
7994,1777933500000,10146.444323616963
7995,1777933800000,10146.444323616963
7996,1777934100000,10146.444323616963
7997,1777934400000,10146.444323616963
7998,1777934700000,10146.444323616963
7999,1777935000000,10146.444323616963
8000,1777935300000,10146.444323616963
8001,1777935600000,10146.444323616963
8002,1777935900000,10146.444323616963
8003,1777936200000,10146.444323616963
8004,1777936500000,10146.444323616963
8005,1777936800000,10146.444323616963
8006,1777937100000,10146.444323616963
8007,1777937400000,10146.444323616963
8008,1777937700000,10146.444323616963
8009,1777938000000,10146.444323616963
8010,1777938300000,10146.444323616963
8011,1777938600000,10146.444323616963
8012,1777938900000,10146.444323616963
8013,1777939200000,10146.444323616963
8014,1777939500000,10146.444323616963
8015,1777939800000,10146.444323616963
8016,1777940100000,10146.444323616963
8017,1777940400000,10146.444323616963
8018,1777940700000,10146.444323616963
8019,1777941000000,10146.444323616963
8020,1777941300000,10146.444323616963
8021,1777941600000,10146.444323616963
8022,1777941900000,10146.444323616963
8023,1777942200000,10146.444323616963
8024,1777942500000,10146.444323616963
8025,1777942800000,10146.444323616963
8026,1777943100000,10146.444323616963
8027,1777943400000,10146.444323616963
8028,1777943700000,10146.444323616963
8029,1777944000000,10146.444323616963
8030,1777944300000,10146.444323616963
8031,1777944600000,10146.444323616963
8032,1777944900000,10146.444323616963
8033,1777945200000,10146.444323616963
8034,1777945500000,10146.444323616963
8035,1777945800000,10146.444323616963
8036,1777946100000,10146.444323616963
8037,1777946400000,10146.444323616963
8038,1777946700000,10146.444323616963
8039,1777947000000,10146.444323616963
8040,1777947300000,10146.444323616963
8041,1777947600000,10146.444323616963
8042,1777947900000,10146.444323616963
8043,1777948200000,10146.444323616963
8044,1777948500000,10146.444323616963
8045,1777948800000,10146.444323616963
8046,1777949100000,10142.385745887517
8047,1777949400000,10134.561331397465
8048,1777949700000,10134.561331397465
8049,1777950000000,10134.561331397465
8050,1777950300000,10134.561331397465
8051,1777950600000,10134.561331397465
8052,1777950900000,10134.561331397465
8053,1777951200000,10134.561331397465
8054,1777951500000,10134.561331397465
8055,1777951800000,10134.561331397465
8056,1777952100000,10134.561331397465
8057,1777952400000,10134.561331397465
8058,1777952700000,10134.561331397465
8059,1777953000000,10134.561331397465
8060,1777953300000,10134.561331397465
8061,1777953600000,10134.561331397465
8062,1777953900000,10134.561331397465
8063,1777954200000,10134.561331397465
8064,1777954500000,10134.561331397465
8065,1777954800000,10134.561331397465
8066,1777955100000,10134.561331397465
8067,1777955400000,10134.561331397465
8068,1777955700000,10134.561331397465
8069,1777956000000,10134.561331397465
8070,1777956300000,10134.561331397465
8071,1777956600000,10134.561331397465
8072,1777956900000,10134.561331397465
8073,1777957200000,10134.561331397465
8074,1777957500000,10134.561331397465
8075,1777957800000,10134.561331397465
8076,1777958100000,10134.561331397465
8077,1777958400000,10134.561331397465
8078,1777958700000,10134.561331397465
8079,1777959000000,10134.561331397465
8080,1777959300000,10134.561331397465
8081,1777959600000,10134.561331397465
8082,1777959900000,10134.561331397465
8083,1777960200000,10134.561331397465
8084,1777960500000,10134.561331397465
8085,1777960800000,10134.561331397465
8086,1777961100000,10134.561331397465
8087,1777961400000,10134.561331397465
8088,1777961700000,10134.561331397465
8089,1777962000000,10134.561331397465
8090,1777962300000,10134.561331397465
8091,1777962600000,10134.561331397465
8092,1777962900000,10134.561331397465
8093,1777963200000,10134.561331397465
8094,1777963500000,10134.561331397465
8095,1777963800000,10134.561331397465
8096,1777964100000,10134.561331397465
8097,1777964400000,10134.561331397465
8098,1777964700000,10134.561331397465
8099,1777965000000,10134.561331397465
8100,1777965300000,10134.561331397465
8101,1777965600000,10134.561331397465
8102,1777965900000,10134.561331397465
8103,1777966200000,10134.561331397465
8104,1777966500000,10134.561331397465
8105,1777966800000,10134.561331397465
8106,1777967100000,10134.561331397465
8107,1777967400000,10134.561331397465
8108,1777967700000,10134.561331397465
8109,1777968000000,10134.561331397465
8110,1777968300000,10134.561331397465
8111,1777968600000,10134.561331397465
8112,1777968900000,10134.561331397465
8113,1777969200000,10134.561331397465
8114,1777969500000,10134.561331397465
8115,1777969800000,10134.561331397465
8116,1777970100000,10134.561331397465
8117,1777970400000,10134.561331397465
8118,1777970700000,10134.561331397465
8119,1777971000000,10134.561331397465
8120,1777971300000,10134.561331397465
8121,1777971600000,10134.561331397465
8122,1777971900000,10134.561331397465
8123,1777972200000,10134.561331397465
8124,1777972500000,10134.561331397465
8125,1777972800000,10134.561331397465
8126,1777973100000,10134.561331397465
8127,1777973400000,10134.561331397465
8128,1777973700000,10134.561331397465
8129,1777974000000,10134.561331397465
8130,1777974300000,10134.561331397465
8131,1777974600000,10134.561331397465
8132,1777974900000,10134.561331397465
8133,1777975200000,10134.561331397465
8134,1777975500000,10134.561331397465
8135,1777975800000,10134.561331397465
8136,1777976100000,10134.561331397465
8137,1777976400000,10134.561331397465
8138,1777976700000,10134.561331397465
8139,1777977000000,10134.561331397465
8140,1777977300000,10134.561331397465
8141,1777977600000,10134.561331397465
8142,1777977900000,10134.561331397465
8143,1777978200000,10134.561331397465
8144,1777978500000,10134.561331397465
8145,1777978800000,10134.561331397465
8146,1777979100000,10134.561331397465
8147,1777979400000,10134.561331397465
8148,1777979700000,10134.561331397465
8149,1777980000000,10134.561331397465
8150,1777980300000,10134.561331397465
8151,1777980600000,10134.561331397465
8152,1777980900000,10134.561331397465
8153,1777981200000,10134.561331397465
8154,1777981500000,10134.561331397465
8155,1777981800000,10130.507506864906
8156,1777982100000,10123.10272273111
8157,1777982400000,10123.10272273111
8158,1777982700000,10123.10272273111
8159,1777983000000,10123.10272273111
8160,1777983300000,10123.10272273111
8161,1777983600000,10123.10272273111
8162,1777983900000,10123.10272273111
8163,1777984200000,10123.10272273111
8164,1777984500000,10123.10272273111
8165,1777984800000,10123.10272273111
8166,1777985100000,10123.10272273111
8167,1777985400000,10123.10272273111
8168,1777985700000,10123.10272273111
8169,1777986000000,10123.10272273111
8170,1777986300000,10123.10272273111
8171,1777986600000,10123.10272273111
8172,1777986900000,10123.10272273111
8173,1777987200000,10123.10272273111
8174,1777987500000,10123.10272273111
8175,1777987800000,10123.10272273111
8176,1777988100000,10123.10272273111
8177,1777988400000,10123.10272273111
8178,1777988700000,10123.10272273111
8179,1777989000000,10123.10272273111
8180,1777989300000,10123.10272273111
8181,1777989600000,10123.10272273111
8182,1777989900000,10123.10272273111
8183,1777990200000,10123.10272273111
8184,1777990500000,10123.10272273111
8185,1777990800000,10123.10272273111
8186,1777991100000,10123.10272273111
8187,1777991400000,10123.10272273111
8188,1777991700000,10123.10272273111
8189,1777992000000,10123.10272273111
8190,1777992300000,10123.10272273111
8191,1777992600000,10123.10272273111
8192,1777992900000,10123.10272273111
8193,1777993200000,10123.10272273111
8194,1777993500000,10123.10272273111
8195,1777993800000,10123.10272273111
8196,1777994100000,10123.10272273111
8197,1777994400000,10123.10272273111
8198,1777994700000,10123.10272273111
8199,1777995000000,10123.10272273111
8200,1777995300000,10123.10272273111
8201,1777995600000,10123.10272273111
8202,1777995900000,10123.10272273111
8203,1777996200000,10123.10272273111
8204,1777996500000,10123.10272273111
8205,1777996800000,10123.10272273111
8206,1777997100000,10123.10272273111
8207,1777997400000,10123.10272273111
8208,1777997700000,10123.10272273111
8209,1777998000000,10123.10272273111
8210,1777998300000,10123.10272273111
8211,1777998600000,10123.10272273111
8212,1777998900000,10123.10272273111
8213,1777999200000,10123.10272273111
8214,1777999500000,10123.10272273111
8215,1777999800000,10123.10272273111
8216,1778000100000,10123.10272273111
8217,1778000400000,10123.10272273111
8218,1778000700000,10123.10272273111
8219,1778001000000,10123.10272273111
8220,1778001300000,10123.10272273111
8221,1778001600000,10123.10272273111
8222,1778001900000,10123.10272273111
8223,1778002200000,10123.10272273111
8224,1778002500000,10123.10272273111
8225,1778002800000,10123.10272273111
8226,1778003100000,10123.10272273111
8227,1778003400000,10123.10272273111
8228,1778003700000,10123.10272273111
8229,1778004000000,10123.10272273111
8230,1778004300000,10123.10272273111
8231,1778004600000,10123.10272273111
8232,1778004900000,10123.10272273111
8233,1778005200000,10123.10272273111
8234,1778005500000,10123.10272273111
8235,1778005800000,10123.10272273111
8236,1778006100000,10123.10272273111
8237,1778006400000,10123.10272273111
8238,1778006700000,10123.10272273111
8239,1778007000000,10123.10272273111
8240,1778007300000,10123.10272273111
8241,1778007600000,10123.10272273111
8242,1778007900000,10123.10272273111
8243,1778008200000,10123.10272273111
8244,1778008500000,10123.10272273111
8245,1778008800000,10123.10272273111
8246,1778009100000,10123.10272273111
8247,1778009400000,10123.10272273111
8248,1778009700000,10123.10272273111
8249,1778010000000,10123.10272273111
8250,1778010300000,10123.10272273111
8251,1778010600000,10119.053481642019
8252,1778010900000,10119.053481642019
8253,1778011200000,10091.176988132225
8254,1778011500000,10091.176988132225
8255,1778011800000,10091.176988132225
8256,1778012100000,10091.176988132225
8257,1778012400000,10091.176988132225
8258,1778012700000,10091.176988132225
8259,1778013000000,10091.176988132225
8260,1778013300000,10091.176988132225
8261,1778013600000,10091.176988132225
8262,1778013900000,10091.176988132225
8263,1778014200000,10091.176988132225
8264,1778014500000,10091.176988132225
8265,1778014800000,10091.176988132225
8266,1778015100000,10091.176988132225
8267,1778015400000,10091.176988132225
8268,1778015700000,10091.176988132225
8269,1778016000000,10091.176988132225
8270,1778016300000,10091.176988132225
8271,1778016600000,10091.176988132225
8272,1778016900000,10091.176988132225
8273,1778017200000,10091.176988132225
8274,1778017500000,10091.176988132225
8275,1778017800000,10091.176988132225
8276,1778018100000,10091.176988132225
8277,1778018400000,10091.176988132225
8278,1778018700000,10091.176988132225
8279,1778019000000,10091.176988132225
8280,1778019300000,10091.176988132225
8281,1778019600000,10091.176988132225
8282,1778019900000,10091.176988132225
8283,1778020200000,10091.176988132225
8284,1778020500000,10091.176988132225
8285,1778020800000,10091.176988132225
8286,1778021100000,10091.176988132225
8287,1778021400000,10091.176988132225
8288,1778021700000,10091.176988132225
8289,1778022000000,10091.176988132225
8290,1778022300000,10091.176988132225
8291,1778022600000,10091.176988132225
8292,1778022900000,10091.176988132225
8293,1778023200000,10091.176988132225
8294,1778023500000,10091.176988132225
8295,1778023800000,10091.176988132225
8296,1778024100000,10091.176988132225
8297,1778024400000,10091.176988132225
8298,1778024700000,10091.176988132225
8299,1778025000000,10091.176988132225
8300,1778025300000,10091.176988132225
8301,1778025600000,10091.176988132225
8302,1778025900000,10091.176988132225
8303,1778026200000,10091.176988132225
8304,1778026500000,10091.176988132225
8305,1778026800000,10091.176988132225
8306,1778027100000,10091.176988132225
8307,1778027400000,10091.176988132225
8308,1778027700000,10091.176988132225
8309,1778028000000,10091.176988132225
8310,1778028300000,10091.176988132225
8311,1778028600000,10091.176988132225
8312,1778028900000,10091.176988132225
8313,1778029200000,10091.176988132225
8314,1778029500000,10091.176988132225
8315,1778029800000,10091.176988132225
8316,1778030100000,10091.176988132225
8317,1778030400000,10091.176988132225
8318,1778030700000,10091.176988132225
8319,1778031000000,10091.176988132225
8320,1778031300000,10091.176988132225
8321,1778031600000,10091.176988132225
8322,1778031900000,10091.176988132225
8323,1778032200000,10091.176988132225
8324,1778032500000,10091.176988132225
8325,1778032800000,10091.176988132225
8326,1778033100000,10091.176988132225
8327,1778033400000,10091.176988132225
8328,1778033700000,10091.176988132225
8329,1778034000000,10091.176988132225
8330,1778034300000,10091.176988132225
8331,1778034600000,10091.176988132225
8332,1778034900000,10091.176988132225
8333,1778035200000,10091.176988132225
8334,1778035500000,10091.176988132225
8335,1778035800000,10091.176988132225
8336,1778036100000,10091.176988132225
8337,1778036400000,10091.176988132225
8338,1778036700000,10091.176988132225
8339,1778037000000,10091.176988132225
8340,1778037300000,10091.176988132225
8341,1778037600000,10091.176988132225
8342,1778037900000,10091.176988132225
8343,1778038200000,10091.176988132225
8344,1778038500000,10091.176988132225
8345,1778038800000,10091.176988132225
8346,1778039100000,10091.176988132225
8347,1778039400000,10091.176988132225
8348,1778039700000,10091.176988132225
8349,1778040000000,10091.176988132225
8350,1778040300000,10091.176988132225
8351,1778040600000,10091.176988132225
8352,1778040900000,10091.176988132225
8353,1778041200000,10091.176988132225
8354,1778041500000,10091.176988132225
8355,1778041800000,10091.176988132225
8356,1778042100000,10091.176988132225
8357,1778042400000,10091.176988132225
8358,1778042700000,10091.176988132225
8359,1778043000000,10091.176988132225
8360,1778043300000,10091.176988132225
8361,1778043600000,10091.176988132225
8362,1778043900000,10091.176988132225
8363,1778044200000,10091.176988132225
8364,1778044500000,10091.176988132225
8365,1778044800000,10091.176988132225
8366,1778045100000,10091.176988132225
8367,1778045400000,10091.176988132225
8368,1778045700000,10091.176988132225
8369,1778046000000,10091.176988132225
8370,1778046300000,10091.176988132225
8371,1778046600000,10091.176988132225
8372,1778046900000,10091.176988132225
8373,1778047200000,10091.176988132225
8374,1778047500000,10091.176988132225
8375,1778047800000,10091.176988132225
8376,1778048100000,10091.176988132225
8377,1778048400000,10091.176988132225
8378,1778048700000,10091.176988132225
8379,1778049000000,10091.176988132225
8380,1778049300000,10091.176988132225
8381,1778049600000,10091.176988132225
8382,1778049900000,10091.176988132225
8383,1778050200000,10091.176988132225
8384,1778050500000,10091.176988132225
8385,1778050800000,10091.176988132225
8386,1778051100000,10091.176988132225
8387,1778051400000,10091.176988132225
8388,1778051700000,10091.176988132225
8389,1778052000000,10091.176988132225
8390,1778052300000,10091.176988132225
8391,1778052600000,10091.176988132225
8392,1778052900000,10091.176988132225
8393,1778053200000,10091.176988132225
8394,1778053500000,10091.176988132225
8395,1778053800000,10091.176988132225
8396,1778054100000,10091.176988132225
8397,1778054400000,10091.176988132225
8398,1778054700000,10091.176988132225
8399,1778055000000,10091.176988132225
8400,1778055300000,10091.176988132225
8401,1778055600000,10091.176988132225
8402,1778055900000,10091.176988132225
8403,1778056200000,10091.176988132225
8404,1778056500000,10091.176988132225
8405,1778056800000,10091.176988132225
8406,1778057100000,10091.176988132225
8407,1778057400000,10091.176988132225
8408,1778057700000,10091.176988132225
8409,1778058000000,10091.176988132225
8410,1778058300000,10091.176988132225
8411,1778058600000,10091.176988132225
8412,1778058900000,10091.176988132225
8413,1778059200000,10091.176988132225
8414,1778059500000,10091.176988132225
8415,1778059800000,10091.176988132225
8416,1778060100000,10091.176988132225
8417,1778060400000,10091.176988132225
8418,1778060700000,10091.176988132225
8419,1778061000000,10091.176988132225
8420,1778061300000,10091.176988132225
8421,1778061600000,10091.176988132225
8422,1778061900000,10091.176988132225
8423,1778062200000,10091.176988132225
8424,1778062500000,10091.176988132225
8425,1778062800000,10091.176988132225
8426,1778063100000,10091.176988132225
8427,1778063400000,10091.176988132225
8428,1778063700000,10091.176988132225
8429,1778064000000,10091.176988132225
8430,1778064300000,10091.176988132225
8431,1778064600000,10091.176988132225
8432,1778064900000,10091.176988132225
8433,1778065200000,10091.176988132225
8434,1778065500000,10091.176988132225
8435,1778065800000,10091.176988132225
8436,1778066100000,10091.176988132225
8437,1778066400000,10091.176988132225
8438,1778066700000,10091.176988132225
8439,1778067000000,10091.176988132225
8440,1778067300000,10091.176988132225
8441,1778067600000,10091.176988132225
8442,1778067900000,10091.176988132225
8443,1778068200000,10091.176988132225
8444,1778068500000,10091.176988132225
8445,1778068800000,10091.176988132225
8446,1778069100000,10091.176988132225
8447,1778069400000,10091.176988132225
8448,1778069700000,10091.176988132225
8449,1778070000000,10091.176988132225
8450,1778070300000,10091.176988132225
8451,1778070600000,10091.176988132225
8452,1778070900000,10091.176988132225
8453,1778071200000,10091.176988132225
8454,1778071500000,10091.176988132225
8455,1778071800000,10091.176988132225
8456,1778072100000,10091.176988132225
8457,1778072400000,10091.176988132225
8458,1778072700000,10091.176988132225
8459,1778073000000,10091.176988132225
8460,1778073300000,10091.176988132225
8461,1778073600000,10091.176988132225
8462,1778073900000,10091.176988132225
8463,1778074200000,10091.176988132225
8464,1778074500000,10091.176988132225
8465,1778074800000,10091.176988132225
8466,1778075100000,10091.176988132225
8467,1778075400000,10091.176988132225
8468,1778075700000,10091.176988132225
8469,1778076000000,10091.176988132225
8470,1778076300000,10091.176988132225
8471,1778076600000,10091.176988132225
8472,1778076900000,10091.176988132225
8473,1778077200000,10091.176988132225
8474,1778077500000,10091.176988132225
8475,1778077800000,10091.176988132225
8476,1778078100000,10091.176988132225
8477,1778078400000,10091.176988132225
8478,1778078700000,10091.176988132225
8479,1778079000000,10091.176988132225
8480,1778079300000,10091.176988132225
8481,1778079600000,10091.176988132225
8482,1778079900000,10091.176988132225
8483,1778080200000,10091.176988132225
8484,1778080500000,10091.176988132225
8485,1778080800000,10091.176988132225
8486,1778081100000,10091.176988132225
8487,1778081400000,10091.176988132225
8488,1778081700000,10091.176988132225
8489,1778082000000,10091.176988132225
8490,1778082300000,10091.176988132225
8491,1778082600000,10091.176988132225
8492,1778082900000,10091.176988132225
8493,1778083200000,10091.176988132225
8494,1778083500000,10091.176988132225
8495,1778083800000,10091.176988132225
8496,1778084100000,10091.176988132225
8497,1778084400000,10091.176988132225
8498,1778084700000,10091.176988132225
8499,1778085000000,10091.176988132225
8500,1778085300000,10091.176988132225
8501,1778085600000,10091.176988132225
8502,1778085900000,10091.176988132225
8503,1778086200000,10091.176988132225
8504,1778086500000,10091.176988132225
8505,1778086800000,10091.176988132225
8506,1778087100000,10091.176988132225
8507,1778087400000,10091.176988132225
8508,1778087700000,10091.176988132225
8509,1778088000000,10091.176988132225
8510,1778088300000,10091.176988132225
8511,1778088600000,10091.176988132225
8512,1778088900000,10091.176988132225
8513,1778089200000,10091.176988132225
8514,1778089500000,10091.176988132225
8515,1778089800000,10091.176988132225
8516,1778090100000,10091.176988132225
8517,1778090400000,10091.176988132225
8518,1778090700000,10091.176988132225
8519,1778091000000,10091.176988132225
8520,1778091300000,10091.176988132225
8521,1778091600000,10091.176988132225
8522,1778091900000,10091.176988132225
8523,1778092200000,10091.176988132225
8524,1778092500000,10091.176988132225
8525,1778092800000,10091.176988132225
8526,1778093100000,10091.176988132225
8527,1778093400000,10091.176988132225
8528,1778093700000,10091.176988132225
8529,1778094000000,10091.176988132225
8530,1778094300000,10091.176988132225
8531,1778094600000,10091.176988132225
8532,1778094900000,10091.176988132225
8533,1778095200000,10091.176988132225
8534,1778095500000,10091.176988132225
8535,1778095800000,10091.176988132225
8536,1778096100000,10091.176988132225
8537,1778096400000,10091.176988132225
8538,1778096700000,10091.176988132225
8539,1778097000000,10091.176988132225
8540,1778097300000,10091.176988132225
8541,1778097600000,10091.176988132225
8542,1778097900000,10091.176988132225
8543,1778098200000,10091.176988132225
8544,1778098500000,10091.176988132225
8545,1778098800000,10091.176988132225
8546,1778099100000,10091.176988132225
8547,1778099400000,10091.176988132225
8548,1778099700000,10091.176988132225
8549,1778100000000,10091.176988132225
8550,1778100300000,10091.176988132225
8551,1778100600000,10091.176988132225
8552,1778100900000,10091.176988132225
8553,1778101200000,10091.176988132225
8554,1778101500000,10091.176988132225
8555,1778101800000,10091.176988132225
8556,1778102100000,10091.176988132225
8557,1778102400000,10091.176988132225
8558,1778102700000,10091.176988132225
8559,1778103000000,10091.176988132225
8560,1778103300000,10091.176988132225
8561,1778103600000,10091.176988132225
8562,1778103900000,10091.176988132225
8563,1778104200000,10091.176988132225
8564,1778104500000,10091.176988132225
8565,1778104800000,10091.176988132225
8566,1778105100000,10091.176988132225
8567,1778105400000,10091.176988132225
8568,1778105700000,10091.176988132225
8569,1778106000000,10091.176988132225
8570,1778106300000,10091.176988132225
8571,1778106600000,10091.176988132225
8572,1778106900000,10091.176988132225
8573,1778107200000,10091.176988132225
8574,1778107500000,10091.176988132225
8575,1778107800000,10091.176988132225
8576,1778108100000,10091.176988132225
8577,1778108400000,10091.176988132225
8578,1778108700000,10091.176988132225
8579,1778109000000,10091.176988132225
8580,1778109300000,10091.176988132225
8581,1778109600000,10091.176988132225
8582,1778109900000,10091.176988132225
8583,1778110200000,10091.176988132225
8584,1778110500000,10091.176988132225
8585,1778110800000,10091.176988132225
8586,1778111100000,10091.176988132225
8587,1778111400000,10091.176988132225
8588,1778111700000,10091.176988132225
8589,1778112000000,10091.176988132225
8590,1778112300000,10091.176988132225
8591,1778112600000,10091.176988132225
8592,1778112900000,10091.176988132225
8593,1778113200000,10091.176988132225
8594,1778113500000,10091.176988132225
8595,1778113800000,10091.176988132225
8596,1778114100000,10091.176988132225
8597,1778114400000,10091.176988132225
8598,1778114700000,10091.176988132225
8599,1778115000000,10091.176988132225
8600,1778115300000,10091.176988132225
8601,1778115600000,10091.176988132225
8602,1778115900000,10091.176988132225
8603,1778116200000,10091.176988132225
8604,1778116500000,10091.176988132225
8605,1778116800000,10091.176988132225
8606,1778117100000,10091.176988132225
8607,1778117400000,10091.176988132225
8608,1778117700000,10091.176988132225
8609,1778118000000,10091.176988132225
8610,1778118300000,10091.176988132225
8611,1778118600000,10091.176988132225
8612,1778118900000,10091.176988132225
8613,1778119200000,10091.176988132225
8614,1778119500000,10091.176988132225
8615,1778119800000,10091.176988132225
8616,1778120100000,10091.176988132225
8617,1778120400000,10091.176988132225
8618,1778120700000,10091.176988132225
8619,1778121000000,10091.176988132225
8620,1778121300000,10091.176988132225
8621,1778121600000,10091.176988132225
8622,1778121900000,10091.176988132225
8623,1778122200000,10091.176988132225
8624,1778122500000,10091.176988132225
8625,1778122800000,10091.176988132225
8626,1778123100000,10091.176988132225
8627,1778123400000,10091.176988132225
8628,1778123700000,10091.176988132225
8629,1778124000000,10091.176988132225
8630,1778124300000,10091.176988132225
8631,1778124600000,10091.176988132225
8632,1778124900000,10091.176988132225
8633,1778125200000,10091.176988132225
8634,1778125500000,10091.176988132225
8635,1778125800000,10091.176988132225
8636,1778126100000,10091.176988132225
8637,1778126400000,10091.176988132225
8638,1778126700000,10091.176988132225
8639,1778127000000,10091.176988132225
