warning: `VIRTUAL_ENV=D:\tools\Python\Python313` does not match the project environment path `.venv` and will be ignored; use `--active` to target the active environment instead
============================================================
加密货币量化策略训练 (布林带均值回归 - 多空双向)
============================================================
找到 4 个数据文件
  BTCUSDT_5m.parquet
  ETHUSDT_5m.parquet
  SOLUSDT_1m.parquet
  SOLUSDT_5m.parquet

============================================================
训练币种: BTCUSDT
============================================================
数据量: 34560 条K线, 价格范围: 60081.74 - 97744.45
Stage 1: 核心参数搜索 (训练集 31104 条, 验证集 3456 条)
  参数组合: 2880, 时间预算: 150s

  [1/2880] w=10 std=1.5 atr=1.5 hold=8 rsi=25 ez=0.0 | 评分=0.0000 | 收益=-37.49% | 夏普=-3.31 | DD=-37.6% | 交易=242
  [50/2880] w=10 std=1.5 atr=2.5 hold=18 rsi=30 ez=0.0 | 评分=0.0000 | 收益=-27.21% | 夏普=-2.69 | DD=-28.0% | 交易=177
  [100/2880] w=10 std=1.8 atr=1.5 hold=36 rsi=40 ez=0.0 | 评分=0.0000 | 收益=-32.12% | 夏普=-3.41 | DD=-32.4% | 交易=206
  [150/2880] w=10 std=1.8 atr=3.0 hold=18 rsi=30 ez=0.0 | 评分=0.0000 | 收益=-19.43% | 夏普=-2.58 | DD=-20.5% | 交易=133
  [200/2880] w=10 std=2.0 atr=2.0 hold=36 rsi=40 ez=0.0 | 评分=0.0000 | 收益=-26.53% | 夏普=-3.49 | DD=-26.5% | 交易=145
  [250/2880] w=10 std=2.2 atr=1.5 hold=18 rsi=30 ez=0.0 | 评分=0.0000 | 收益=-15.81% | 夏普=-4.20 | DD=-15.8% | 交易=68
  [300/2880] w=10 std=2.2 atr=2.5 hold=36 rsi=40 ez=0.0 | 评分=0.0000 | 收益=-22.98% | 夏普=-3.72 | DD=-23.2% | 交易=106
  [350/2880] w=10 std=2.5 atr=2.0 hold=18 rsi=30 ez=0.0 | 评分=0.0000 | 收益=-3.42% | 夏普=-1.79 | DD=-3.8% | 交易=21
  [400/2880] w=10 std=2.5 atr=3.0 hold=36 rsi=40 ez=0.0 | 评分=0.0000 | 收益=-12.29% | 夏普=-3.43 | DD=-12.4% | 交易=69
  [401/2880] w=10 std=3.0 atr=1.5 hold=8 rsi=25 ez=0.0 | 评分=0.2000 | 收益=0.00% | 夏普=0.00 | DD=0.0% | 交易=0
  [450/2880] w=10 std=3.0 atr=2.5 hold=18 rsi=30 ez=0.0 | 评分=0.1795 | 收益=-0.33% | 夏普=-1.48 | DD=-0.3% | 交易=2
  [500/2880] w=12 std=1.5 atr=1.5 hold=36 rsi=40 ez=0.0 | 评分=0.0000 | 收益=-39.20% | 夏普=-3.15 | DD=-39.5% | 交易=265
  [550/2880] w=12 std=1.5 atr=3.0 hold=18 rsi=30 ez=0.0 | 评分=0.0000 | 收益=-23.56% | 夏普=-2.51 | DD=-24.4% | 交易=159
  [600/2880] w=12 std=1.8 atr=2.0 hold=36 rsi=40 ez=0.0 | 评分=0.0000 | 收益=-30.33% | 夏普=-3.07 | DD=-30.9% | 交易=188
  [650/2880] w=12 std=2.0 atr=1.5 hold=18 rsi=30 ez=0.0 | 评分=0.0000 | 收益=-20.95% | 夏普=-3.82 | DD=-21.0% | 交易=111
  [700/2880] w=12 std=2.0 atr=2.5 hold=36 rsi=40 ez=0.0 | 评分=0.0000 | 收益=-25.77% | 夏普=-3.07 | DD=-25.9% | 交易=147
  [750/2880] w=12 std=2.2 atr=2.0 hold=18 rsi=30 ez=0.0 | 评分=0.0000 | 收益=-14.36% | 夏普=-3.12 | DD=-15.3% | 交易=77
  [800/2880] w=12 std=2.2 atr=3.0 hold=36 rsi=40 ez=0.0 | 评分=0.0000 | 收益=-20.52% | 夏普=-2.96 | DD=-20.7% | 交易=118
  [850/2880] w=12 std=2.5 atr=2.5 hold=18 rsi=30 ez=0.0 | 评分=0.0000 | 收益=-7.44% | 夏普=-2.57 | DD=-8.3% | 交易=36
  [881/2880] w=12 std=3.0 atr=1.5 hold=8 rsi=25 ez=0.0 | 评分=0.2990 | 收益=0.12% | 夏普=0.28 | DD=-0.3% | 交易=2
  [900/2880] w=12 std=3.0 atr=1.5 hold=36 rsi=40 ez=0.0 | 评分=0.0000 | 收益=-11.66% | 夏普=-4.38 | DD=-11.7% | 交易=69
  [901/2880] w=12 std=3.0 atr=2.0 hold=8 rsi=25 ez=0.0 | 评分=0.4687 | 收益=0.90% | 夏普=0.95 | DD=-0.4% | 交易=2
  [950/2880] w=12 std=3.0 atr=3.0 hold=18 rsi=30 ez=0.0 | 评分=0.4112 | 收益=0.58% | 夏普=0.58 | DD=-0.8% | 交易=5
  [1000/2880] w=15 std=1.5 atr=2.0 hold=36 rsi=40 ez=0.0 | 评分=0.0000 | 收益=-34.54% | 夏普=-2.89 | DD=-34.6% | 交易=225
  [1050/2880] w=15 std=1.8 atr=1.5 hold=18 rsi=30 ez=0.0 | 评分=0.0000 | 收益=-23.41% | 夏普=-3.28 | DD=-23.5% | 交易=147
  [1100/2880] w=15 std=1.8 atr=2.5 hold=36 rsi=40 ez=0.0 | 评分=0.0000 | 收益=-27.91% | 夏普=-2.83 | DD=-28.2% | 交易=176
  [1150/2880] w=15 std=2.0 atr=2.0 hold=18 rsi=30 ez=0.0 | 评分=0.0000 | 收益=-19.64% | 夏普=-3.37 | DD=-19.7% | 交易=102
  [1200/2880] w=15 std=2.0 atr=3.0 hold=36 rsi=40 ez=0.0 | 评分=0.0000 | 收益=-27.32% | 夏普=-3.04 | DD=-27.5% | 交易=142
  [1250/2880] w=15 std=2.2 atr=2.5 hold=18 rsi=30 ez=0.0 | 评分=0.0000 | 收益=-13.04% | 夏普=-2.62 | DD=-13.2% | 交易=76
  [1300/2880] w=15 std=2.5 atr=1.5 hold=36 rsi=40 ez=0.0 | 评分=0.0000 | 收益=-18.23% | 夏普=-3.75 | DD=-18.2% | 交易=115
  [1350/2880] w=15 std=2.5 atr=3.0 hold=18 rsi=30 ez=0.0 | 评分=0.0000 | 收益=-9.34% | 夏普=-2.46 | DD=-9.4% | 交易=46
Stage 1 时间预算即将耗尽，提前结束
Stage 1 时间预算即将耗尽，提前结束
Stage 1 时间预算即将耗尽，提前结束
Stage 1 时间预算即将耗尽，提前结束
Stage 1 时间预算即将耗尽，提前结束
Stage 1 时间预算即将耗尽，提前结束
Stage 1 时间预算即将耗尽，提前结束
Stage 1 时间预算即将耗尽，提前结束
Stage 1 时间预算即将耗尽，提前结束
Stage 1 时间预算即将耗尽，提前结束
Stage 1 时间预算即将耗尽，提前结束
Stage 1 时间预算即将耗尽，提前结束
Stage 1 时间预算即将耗尽，提前结束
Stage 1 时间预算即将耗尽，提前结束
Stage 1 时间预算即将耗尽，提前结束
Stage 1 时间预算即将耗尽，提前结束
Stage 1 时间预算即将耗尽，提前结束
Stage 1 时间预算即将耗尽，提前结束
Stage 1 时间预算即将耗尽，提前结束
Stage 1 时间预算即将耗尽，提前结束
Stage 1 时间预算即将耗尽，提前结束
Stage 1 时间预算即将耗尽，提前结束
Stage 1 时间预算即将耗尽，提前结束
Stage 1 时间预算即将耗尽，提前结束
Stage 1 时间预算即将耗尽，提前结束
Stage 1 时间预算即将耗尽，提前结束
Stage 1 时间预算即将耗尽，提前结束
Stage 1 时间预算即将耗尽，提前结束
Stage 1 时间预算即将耗尽，提前结束
Stage 1 时间预算即将耗尽，提前结束
Stage 1 时间预算即将耗尽，提前结束
Stage 1 时间预算即将耗尽，提前结束
Stage 1 时间预算即将耗尽，提前结束
Stage 1 时间预算即将耗尽，提前结束
Stage 1 时间预算即将耗尽，提前结束
Stage 1 时间预算即将耗尽，提前结束
Stage 1 时间预算即将耗尽，提前结束
Stage 1 时间预算即将耗尽，提前结束
Stage 1 时间预算即将耗尽，提前结束
Stage 1 时间预算即将耗尽，提前结束
Stage 1 时间预算即将耗尽，提前结束
Stage 1 时间预算即将耗尽，提前结束
Stage 1 时间预算即将耗尽，提前结束
Stage 1 时间预算即将耗尽，提前结束
Stage 1 时间预算即将耗尽，提前结束
Stage 1 时间预算即将耗尽，提前结束
Stage 1 时间预算即将耗尽，提前结束
Stage 1 时间预算即将耗尽，提前结束
Stage 1 时间预算即将耗尽，提前结束
Stage 1 时间预算即将耗尽，提前结束
Stage 1 时间预算即将耗尽，提前结束
Stage 1 时间预算即将耗尽，提前结束
Stage 1 时间预算即将耗尽，提前结束
Stage 1 时间预算即将耗尽，提前结束
Stage 1 时间预算即将耗尽，提前结束
Stage 1 时间预算即将耗尽，提前结束
Stage 1 时间预算即将耗尽，提前结束
Stage 1 时间预算即将耗尽，提前结束
Stage 1 时间预算即将耗尽，提前结束
Stage 1 时间预算即将耗尽，提前结束
Stage 1 时间预算即将耗尽，提前结束
Stage 1 时间预算即将耗尽，提前结束
Stage 1 时间预算即将耗尽，提前结束
Stage 1 时间预算即将耗尽，提前结束
Stage 1 时间预算即将耗尽，提前结束
Stage 1 时间预算即将耗尽，提前结束
Stage 1 时间预算即将耗尽，提前结束
Stage 1 时间预算即将耗尽，提前结束
Stage 1 时间预算即将耗尽，提前结束
Stage 1 时间预算即将耗尽，提前结束
Stage 1 时间预算即将耗尽，提前结束
Stage 1 时间预算即将耗尽，提前结束
Stage 1 时间预算即将耗尽，提前结束
Stage 1 时间预算即将耗尽，提前结束
Stage 1 时间预算即将耗尽，提前结束
Stage 1 时间预算即将耗尽，提前结束
Stage 1 时间预算即将耗尽，提前结束
Stage 1 时间预算即将耗尽，提前结束
Stage 1 时间预算即将耗尽，提前结束
Stage 1 时间预算即将耗尽，提前结束
Stage 1 时间预算即将耗尽，提前结束
Stage 1 时间预算即将耗尽，提前结束
Stage 1 时间预算即将耗尽，提前结束
Stage 1 时间预算即将耗尽，提前结束
Stage 1 时间预算即将耗尽，提前结束
Stage 1 时间预算即将耗尽，提前结束
Stage 1 时间预算即将耗尽，提前结束
Stage 1 时间预算即将耗尽，提前结束
Stage 1 时间预算即将耗尽，提前结束
Stage 1 时间预算即将耗尽，提前结束
Stage 1 时间预算即将耗尽，提前结束
Stage 1 时间预算即将耗尽，提前结束
Stage 1 时间预算即将耗尽，提前结束
Stage 1 时间预算即将耗尽，提前结束
Stage 1 时间预算即将耗尽，提前结束
Stage 1 时间预算即将耗尽，提前结束
Stage 1 时间预算即将耗尽，提前结束
Stage 1 时间预算即将耗尽，提前结束
Stage 1 时间预算即将耗尽，提前结束
Stage 1 时间预算即将耗尽，提前结束
Stage 1 时间预算即将耗尽，提前结束
Stage 1 时间预算即将耗尽，提前结束
Stage 1 时间预算即将耗尽，提前结束
Stage 1 时间预算即将耗尽，提前结束
Stage 1 时间预算即将耗尽，提前结束
Stage 1 时间预算即将耗尽，提前结束
Stage 1 时间预算即将耗尽，提前结束
Stage 1 时间预算即将耗尽，提前结束
Stage 1 时间预算即将耗尽，提前结束
Stage 1 时间预算即将耗尽，提前结束
Stage 1 时间预算即将耗尽，提前结束
Stage 1 时间预算即将耗尽，提前结束
Stage 1 时间预算即将耗尽，提前结束
Stage 1 时间预算即将耗尽，提前结束
Stage 1 时间预算即将耗尽，提前结束
Stage 1 时间预算即将耗尽，提前结束
Stage 1 时间预算即将耗尽，提前结束
Stage 1 时间预算即将耗尽，提前结束
Stage 1 时间预算即将耗尽，提前结束
Stage 1 时间预算即将耗尽，提前结束
Stage 1 时间预算即将耗尽，提前结束
Stage 1 时间预算即将耗尽，提前结束
Stage 1 时间预算即将耗尽，提前结束
Stage 1 时间预算即将耗尽，提前结束
Stage 1 时间预算即将耗尽，提前结束
Stage 1 时间预算即将耗尽，提前结束
Stage 1 时间预算即将耗尽，提前结束
Stage 1 时间预算即将耗尽，提前结束
Stage 1 时间预算即将耗尽，提前结束
Stage 1 时间预算即将耗尽，提前结束
Stage 1 时间预算即将耗尽，提前结束
Stage 1 时间预算即将耗尽，提前结束
Stage 1 时间预算即将耗尽，提前结束
Stage 1 时间预算即将耗尽，提前结束
Stage 1 时间预算即将耗尽，提前结束
Stage 1 时间预算即将耗尽，提前结束
Stage 1 时间预算即将耗尽，提前结束
Stage 1 时间预算即将耗尽，提前结束
Stage 1 时间预算即将耗尽，提前结束
Stage 1 时间预算即将耗尽，提前结束
Stage 1 时间预算即将耗尽，提前结束
Stage 1 时间预算即将耗尽，提前结束
Stage 1 时间预算即将耗尽，提前结束
Stage 1 时间预算即将耗尽，提前结束
Stage 1 时间预算即将耗尽，提前结束
Stage 1 时间预算即将耗尽，提前结束
Stage 1 时间预算即将耗尽，提前结束
Stage 1 时间预算即将耗尽，提前结束
Stage 1 时间预算即将耗尽，提前结束
Stage 1 时间预算即将耗尽，提前结束
Stage 1 时间预算即将耗尽，提前结束
Stage 1 时间预算即将耗尽，提前结束
Stage 1 时间预算即将耗尽，提前结束
Stage 1 时间预算即将耗尽，提前结束
Stage 1 时间预算即将耗尽，提前结束
Stage 1 时间预算即将耗尽，提前结束
Stage 1 时间预算即将耗尽，提前结束
Stage 1 时间预算即将耗尽，提前结束
Stage 1 时间预算即将耗尽，提前结束
Stage 1 时间预算即将耗尽，提前结束
Stage 1 时间预算即将耗尽，提前结束
Stage 1 时间预算即将耗尽，提前结束
Stage 1 时间预算即将耗尽，提前结束
Stage 1 时间预算即将耗尽，提前结束
Stage 1 时间预算即将耗尽，提前结束
Stage 1 时间预算即将耗尽，提前结束
Stage 1 时间预算即将耗尽，提前结束
Stage 1 时间预算即将耗尽，提前结束
Stage 1 时间预算即将耗尽，提前结束
Stage 1 时间预算即将耗尽，提前结束
Stage 1 时间预算即将耗尽，提前结束
Stage 1 时间预算即将耗尽，提前结束
Stage 1 时间预算即将耗尽，提前结束
Stage 1 时间预算即将耗尽，提前结束
Stage 1 时间预算即将耗尽，提前结束
Stage 1 时间预算即将耗尽，提前结束
Stage 1 时间预算即将耗尽，提前结束
Stage 1 时间预算即将耗尽，提前结束
Stage 1 时间预算即将耗尽，提前结束
Stage 1 时间预算即将耗尽，提前结束
Stage 1 时间预算即将耗尽，提前结束
Stage 1 时间预算即将耗尽，提前结束
Stage 1 时间预算即将耗尽，提前结束
Stage 1 时间预算即将耗尽，提前结束
Stage 1 时间预算即将耗尽，提前结束
Stage 1 时间预算即将耗尽，提前结束
Stage 1 时间预算即将耗尽，提前结束
Stage 1 时间预算即将耗尽，提前结束
Stage 1 时间预算即将耗尽，提前结束
Stage 1 时间预算即将耗尽，提前结束
Stage 1 时间预算即将耗尽，提前结束
Stage 1 时间预算即将耗尽，提前结束
Stage 1 时间预算即将耗尽，提前结束
Stage 1 时间预算即将耗尽，提前结束
Stage 1 时间预算即将耗尽，提前结束
Stage 1 时间预算即将耗尽，提前结束
Stage 1 时间预算即将耗尽，提前结束
Stage 1 时间预算即将耗尽，提前结束
Stage 1 时间预算即将耗尽，提前结束
Stage 1 时间预算即将耗尽，提前结束
Stage 1 时间预算即将耗尽，提前结束
Stage 1 时间预算即将耗尽，提前结束
Stage 1 时间预算即将耗尽，提前结束
Stage 1 时间预算即将耗尽，提前结束
Stage 1 时间预算即将耗尽，提前结束
Stage 1 时间预算即将耗尽，提前结束
Stage 1 时间预算即将耗尽，提前结束
Stage 1 时间预算即将耗尽，提前结束
Stage 1 时间预算即将耗尽，提前结束
Stage 1 时间预算即将耗尽，提前结束
Stage 1 时间预算即将耗尽，提前结束
Stage 1 时间预算即将耗尽，提前结束
Stage 1 时间预算即将耗尽，提前结束
Stage 1 时间预算即将耗尽，提前结束
Stage 1 时间预算即将耗尽，提前结束
Stage 1 时间预算即将耗尽，提前结束
Stage 1 时间预算即将耗尽，提前结束
Stage 1 时间预算即将耗尽，提前结束
Stage 1 时间预算即将耗尽，提前结束
Stage 1 时间预算即将耗尽，提前结束
Stage 1 时间预算即将耗尽，提前结束
Stage 1 时间预算即将耗尽，提前结束
Stage 1 时间预算即将耗尽，提前结束
Stage 1 时间预算即将耗尽，提前结束
Stage 1 时间预算即将耗尽，提前结束
Stage 1 时间预算即将耗尽，提前结束
Stage 1 时间预算即将耗尽，提前结束
Stage 1 时间预算即将耗尽，提前结束
Stage 1 时间预算即将耗尽，提前结束
Stage 1 时间预算即将耗尽，提前结束
Stage 1 时间预算即将耗尽，提前结束
Stage 1 时间预算即将耗尽，提前结束
Stage 1 时间预算即将耗尽，提前结束
Stage 1 时间预算即将耗尽，提前结束
Stage 1 时间预算即将耗尽，提前结束
Stage 1 时间预算即将耗尽，提前结束
Stage 1 时间预算即将耗尽，提前结束
Stage 1 时间预算即将耗尽，提前结束
Stage 1 时间预算即将耗尽，提前结束
Stage 1 时间预算即将耗尽，提前结束
Stage 1 时间预算即将耗尽，提前结束
Stage 1 时间预算即将耗尽，提前结束
Stage 1 时间预算即将耗尽，提前结束
Stage 1 时间预算即将耗尽，提前结束
Stage 1 时间预算即将耗尽，提前结束
Stage 1 时间预算即将耗尽，提前结束
Stage 1 时间预算即将耗尽，提前结束
Stage 1 时间预算即将耗尽，提前结束
Stage 1 时间预算即将耗尽，提前结束
Stage 1 时间预算即将耗尽，提前结束
Stage 1 时间预算即将耗尽，提前结束
Stage 1 时间预算即将耗尽，提前结束
Stage 1 时间预算即将耗尽，提前结束
Stage 1 时间预算即将耗尽，提前结束
Stage 1 时间预算即将耗尽，提前结束
Stage 1 时间预算即将耗尽，提前结束
Stage 1 时间预算即将耗尽，提前结束
Stage 1 时间预算即将耗尽，提前结束
Stage 1 时间预算即将耗尽，提前结束
Stage 1 时间预算即将耗尽，提前结束
Stage 1 时间预算即将耗尽，提前结束
Stage 1 时间预算即将耗尽，提前结束
Stage 1 时间预算即将耗尽，提前结束
Stage 1 时间预算即将耗尽，提前结束
Stage 1 时间预算即将耗尽，提前结束
Stage 1 时间预算即将耗尽，提前结束
Stage 1 时间预算即将耗尽，提前结束
Stage 1 时间预算即将耗尽，提前结束
Stage 1 时间预算即将耗尽，提前结束
Stage 1 时间预算即将耗尽，提前结束
Stage 1 时间预算即将耗尽，提前结束
Stage 1 时间预算即将耗尽，提前结束
Stage 1 时间预算即将耗尽，提前结束
Stage 1 时间预算即将耗尽，提前结束
Stage 1 时间预算即将耗尽，提前结束
Stage 1 时间预算即将耗尽，提前结束
Stage 1 时间预算即将耗尽，提前结束
Stage 1 时间预算即将耗尽，提前结束
Stage 1 时间预算即将耗尽，提前结束
Stage 1 时间预算即将耗尽，提前结束
Stage 1 时间预算即将耗尽，提前结束
Stage 1 时间预算即将耗尽，提前结束
Stage 1 时间预算即将耗尽，提前结束
Stage 1 时间预算即将耗尽，提前结束
Stage 1 时间预算即将耗尽，提前结束
Stage 1 时间预算即将耗尽，提前结束
Stage 1 时间预算即将耗尽，提前结束
Stage 1 时间预算即将耗尽，提前结束
Stage 1 时间预算即将耗尽，提前结束
Stage 1 时间预算即将耗尽，提前结束
Stage 1 时间预算即将耗尽，提前结束
Stage 1 时间预算即将耗尽，提前结束
Stage 1 时间预算即将耗尽，提前结束
Stage 1 时间预算即将耗尽，提前结束
Stage 1 时间预算即将耗尽，提前结束
Stage 1 时间预算即将耗尽，提前结束
Stage 1 时间预算即将耗尽，提前结束
Stage 1 时间预算即将耗尽，提前结束
Stage 1 时间预算即将耗尽，提前结束
Stage 1 时间预算即将耗尽，提前结束
Stage 1 时间预算即将耗尽，提前结束
Stage 1 时间预算即将耗尽，提前结束
Stage 1 时间预算即将耗尽，提前结束
Stage 1 时间预算即将耗尽，提前结束
Stage 1 时间预算即将耗尽，提前结束
Stage 1 时间预算即将耗尽，提前结束
Stage 1 时间预算即将耗尽，提前结束
Stage 1 时间预算即将耗尽，提前结束
Stage 1 时间预算即将耗尽，提前结束
Stage 1 时间预算即将耗尽，提前结束
Stage 1 时间预算即将耗尽，提前结束
Stage 1 时间预算即将耗尽，提前结束
Stage 1 时间预算即将耗尽，提前结束
Stage 1 时间预算即将耗尽，提前结束
Stage 1 时间预算即将耗尽，提前结束
Stage 1 时间预算即将耗尽，提前结束
Stage 1 时间预算即将耗尽，提前结束
Stage 1 时间预算即将耗尽，提前结束
Stage 1 时间预算即将耗尽，提前结束
Stage 1 时间预算即将耗尽，提前结束
Stage 1 时间预算即将耗尽，提前结束
Stage 1 时间预算即将耗尽，提前结束
Stage 1 时间预算即将耗尽，提前结束
Stage 1 时间预算即将耗尽，提前结束
Stage 1 时间预算即将耗尽，提前结束
Stage 1 时间预算即将耗尽，提前结束
Stage 1 时间预算即将耗尽，提前结束
Stage 1 时间预算即将耗尽，提前结束
Stage 1 时间预算即将耗尽，提前结束
Stage 1 时间预算即将耗尽，提前结束
Stage 1 时间预算即将耗尽，提前结束
Stage 1 时间预算即将耗尽，提前结束
Stage 1 时间预算即将耗尽，提前结束
Stage 1 时间预算即将耗尽，提前结束
Stage 1 时间预算即将耗尽，提前结束
Stage 1 时间预算即将耗尽，提前结束
Stage 1 时间预算即将耗尽，提前结束
Stage 1 时间预算即将耗尽，提前结束
Stage 1 时间预算即将耗尽，提前结束
Stage 1 时间预算即将耗尽，提前结束
Stage 1 时间预算即将耗尽，提前结束
Stage 1 时间预算即将耗尽，提前结束
Stage 1 时间预算即将耗尽，提前结束
Stage 1 时间预算即将耗尽，提前结束
Stage 1 时间预算即将耗尽，提前结束
Stage 1 时间预算即将耗尽，提前结束
Stage 1 时间预算即将耗尽，提前结束
Stage 1 时间预算即将耗尽，提前结束
Stage 1 时间预算即将耗尽，提前结束
Stage 1 时间预算即将耗尽，提前结束
Stage 1 时间预算即将耗尽，提前结束
Stage 1 时间预算即将耗尽，提前结束
Stage 1 时间预算即将耗尽，提前结束
Stage 1 时间预算即将耗尽，提前结束
Stage 1 时间预算即将耗尽，提前结束
Stage 1 时间预算即将耗尽，提前结束
Stage 1 时间预算即将耗尽，提前结束
Stage 1 时间预算即将耗尽，提前结束
Stage 1 时间预算即将耗尽，提前结束
Stage 1 时间预算即将耗尽，提前结束
Stage 1 时间预算即将耗尽，提前结束
Stage 1 时间预算即将耗尽，提前结束
Stage 1 时间预算即将耗尽，提前结束
Stage 1 时间预算即将耗尽，提前结束
Stage 1 时间预算即将耗尽，提前结束
Stage 1 时间预算即将耗尽，提前结束
Stage 1 时间预算即将耗尽，提前结束
Stage 1 时间预算即将耗尽，提前结束
Stage 1 时间预算即将耗尽，提前结束
Stage 1 时间预算即将耗尽，提前结束
Stage 1 时间预算即将耗尽，提前结束
Stage 1 时间预算即将耗尽，提前结束
Stage 1 时间预算即将耗尽，提前结束
Stage 1 时间预算即将耗尽，提前结束
Stage 1 时间预算即将耗尽，提前结束
Stage 1 时间预算即将耗尽，提前结束
Stage 1 时间预算即将耗尽，提前结束
Stage 1 时间预算即将耗尽，提前结束
Stage 1 时间预算即将耗尽，提前结束
Stage 1 时间预算即将耗尽，提前结束
Stage 1 时间预算即将耗尽，提前结束
Stage 1 时间预算即将耗尽，提前结束
Stage 1 时间预算即将耗尽，提前结束
Stage 1 时间预算即将耗尽，提前结束
Stage 1 时间预算即将耗尽，提前结束
Stage 1 时间预算即将耗尽，提前结束
Stage 1 时间预算即将耗尽，提前结束
Stage 1 时间预算即将耗尽，提前结束
Stage 1 时间预算即将耗尽，提前结束
Stage 1 时间预算即将耗尽，提前结束
Stage 1 时间预算即将耗尽，提前结束
Stage 1 时间预算即将耗尽，提前结束
Stage 1 时间预算即将耗尽，提前结束
Stage 1 时间预算即将耗尽，提前结束
Stage 1 时间预算即将耗尽，提前结束
Stage 1 时间预算即将耗尽，提前结束
Stage 1 时间预算即将耗尽，提前结束
Stage 1 时间预算即将耗尽，提前结束
Stage 1 时间预算即将耗尽，提前结束
Stage 1 时间预算即将耗尽，提前结束
Stage 1 时间预算即将耗尽，提前结束
Stage 1 时间预算即将耗尽，提前结束
Stage 1 时间预算即将耗尽，提前结束
Stage 1 时间预算即将耗尽，提前结束
Stage 1 时间预算即将耗尽，提前结束
Stage 1 时间预算即将耗尽，提前结束
Stage 1 时间预算即将耗尽，提前结束
Stage 1 时间预算即将耗尽，提前结束
Stage 1 时间预算即将耗尽，提前结束
Stage 1 时间预算即将耗尽，提前结束
Stage 1 时间预算即将耗尽，提前结束
Stage 1 时间预算即将耗尽，提前结束
Stage 1 时间预算即将耗尽，提前结束
Stage 1 时间预算即将耗尽，提前结束
Stage 1 时间预算即将耗尽，提前结束
Stage 1 时间预算即将耗尽，提前结束
Stage 1 时间预算即将耗尽，提前结束
Stage 1 时间预算即将耗尽，提前结束
Stage 1 时间预算即将耗尽，提前结束
Stage 1 时间预算即将耗尽，提前结束
Stage 1 时间预算即将耗尽，提前结束
Stage 1 时间预算即将耗尽，提前结束
Stage 1 时间预算即将耗尽，提前结束
Stage 1 时间预算即将耗尽，提前结束
Stage 1 时间预算即将耗尽，提前结束
Stage 1 时间预算即将耗尽，提前结束
Stage 1 时间预算即将耗尽，提前结束
Stage 1 时间预算即将耗尽，提前结束
Stage 1 时间预算即将耗尽，提前结束
Stage 1 时间预算即将耗尽，提前结束
Stage 1 时间预算即将耗尽，提前结束
Stage 1 时间预算即将耗尽，提前结束
Stage 1 时间预算即将耗尽，提前结束
Stage 1 时间预算即将耗尽，提前结束
Stage 1 时间预算即将耗尽，提前结束
Stage 1 时间预算即将耗尽，提前结束
Stage 1 时间预算即将耗尽，提前结束
Stage 1 时间预算即将耗尽，提前结束
Stage 1 时间预算即将耗尽，提前结束
Stage 1 时间预算即将耗尽，提前结束
Stage 1 时间预算即将耗尽，提前结束
Stage 1 时间预算即将耗尽，提前结束
Stage 1 时间预算即将耗尽，提前结束
Stage 1 时间预算即将耗尽，提前结束
Stage 1 时间预算即将耗尽，提前结束
Stage 1 时间预算即将耗尽，提前结束
Stage 1 时间预算即将耗尽，提前结束
Stage 1 时间预算即将耗尽，提前结束
Stage 1 时间预算即将耗尽，提前结束
Stage 1 时间预算即将耗尽，提前结束
Stage 1 时间预算即将耗尽，提前结束
Stage 1 时间预算即将耗尽，提前结束
Stage 1 时间预算即将耗尽，提前结束
Stage 1 时间预算即将耗尽，提前结束
Stage 1 时间预算即将耗尽，提前结束
Stage 1 时间预算即将耗尽，提前结束
Stage 1 时间预算即将耗尽，提前结束
Stage 1 时间预算即将耗尽，提前结束
Stage 1 时间预算即将耗尽，提前结束
Stage 1 时间预算即将耗尽，提前结束
Stage 1 时间预算即将耗尽，提前结束
Stage 1 时间预算即将耗尽，提前结束
Stage 1 时间预算即将耗尽，提前结束
Stage 1 时间预算即将耗尽，提前结束
Stage 1 时间预算即将耗尽，提前结束
Stage 1 时间预算即将耗尽，提前结束
Stage 1 时间预算即将耗尽，提前结束
Stage 1 时间预算即将耗尽，提前结束
Stage 1 时间预算即将耗尽，提前结束
Stage 1 时间预算即将耗尽，提前结束
Stage 1 时间预算即将耗尽，提前结束
Stage 1 时间预算即将耗尽，提前结束
Stage 1 时间预算即将耗尽，提前结束
Stage 1 时间预算即将耗尽，提前结束
Stage 1 时间预算即将耗尽，提前结束
Stage 1 时间预算即将耗尽，提前结束
Stage 1 时间预算即将耗尽，提前结束
Stage 1 时间预算即将耗尽，提前结束
Stage 1 时间预算即将耗尽，提前结束
Stage 1 时间预算即将耗尽，提前结束
Stage 1 时间预算即将耗尽，提前结束
Stage 1 时间预算即将耗尽，提前结束
Stage 1 时间预算即将耗尽，提前结束
Stage 1 时间预算即将耗尽，提前结束
Stage 1 时间预算即将耗尽，提前结束
Stage 1 时间预算即将耗尽，提前结束
Stage 1 时间预算即将耗尽，提前结束
Stage 1 时间预算即将耗尽，提前结束
Stage 1 时间预算即将耗尽，提前结束
Stage 1 时间预算即将耗尽，提前结束
Stage 1 时间预算即将耗尽，提前结束
Stage 1 时间预算即将耗尽，提前结束
Stage 1 时间预算即将耗尽，提前结束
Stage 1 时间预算即将耗尽，提前结束
Stage 1 时间预算即将耗尽，提前结束
Stage 1 时间预算即将耗尽，提前结束
Stage 1 时间预算即将耗尽，提前结束
Stage 1 时间预算即将耗尽，提前结束
Stage 1 时间预算即将耗尽，提前结束
Stage 1 时间预算即将耗尽，提前结束
Stage 1 时间预算即将耗尽，提前结束
Stage 1 时间预算即将耗尽，提前结束
Stage 1 时间预算即将耗尽，提前结束
Stage 1 时间预算即将耗尽，提前结束
Stage 1 时间预算即将耗尽，提前结束
Stage 1 时间预算即将耗尽，提前结束
Stage 1 时间预算即将耗尽，提前结束
Stage 1 时间预算即将耗尽，提前结束
Stage 1 时间预算即将耗尽，提前结束
Stage 1 时间预算即将耗尽，提前结束
Stage 1 时间预算即将耗尽，提前结束
Stage 1 时间预算即将耗尽，提前结束
Stage 1 时间预算即将耗尽，提前结束
Stage 1 时间预算即将耗尽，提前结束
Stage 1 时间预算即将耗尽，提前结束
Stage 1 时间预算即将耗尽，提前结束
Stage 1 时间预算即将耗尽，提前结束
Stage 1 时间预算即将耗尽，提前结束
Stage 1 时间预算即将耗尽，提前结束
Stage 1 时间预算即将耗尽，提前结束
Stage 1 时间预算即将耗尽，提前结束
Stage 1 时间预算即将耗尽，提前结束
Stage 1 时间预算即将耗尽，提前结束
Stage 1 时间预算即将耗尽，提前结束
Stage 1 时间预算即将耗尽，提前结束
Stage 1 时间预算即将耗尽，提前结束
Stage 1 时间预算即将耗尽，提前结束
Stage 1 时间预算即将耗尽，提前结束
Stage 1 时间预算即将耗尽，提前结束
Stage 1 时间预算即将耗尽，提前结束
Stage 1 时间预算即将耗尽，提前结束
Stage 1 时间预算即将耗尽，提前结束
Stage 1 时间预算即将耗尽，提前结束
Stage 1 时间预算即将耗尽，提前结束
Stage 1 时间预算即将耗尽，提前结束
Stage 1 时间预算即将耗尽，提前结束
Stage 1 时间预算即将耗尽，提前结束
Stage 1 时间预算即将耗尽，提前结束
Stage 1 时间预算即将耗尽，提前结束
Stage 1 时间预算即将耗尽，提前结束
Stage 1 时间预算即将耗尽，提前结束
Stage 1 时间预算即将耗尽，提前结束
Stage 1 时间预算即将耗尽，提前结束
Stage 1 时间预算即将耗尽，提前结束
Stage 1 时间预算即将耗尽，提前结束
Stage 1 时间预算即将耗尽，提前结束
Stage 1 时间预算即将耗尽，提前结束
Stage 1 时间预算即将耗尽，提前结束
Stage 1 时间预算即将耗尽，提前结束
Stage 1 时间预算即将耗尽，提前结束
Stage 1 时间预算即将耗尽，提前结束
Stage 1 时间预算即将耗尽，提前结束
Stage 1 时间预算即将耗尽，提前结束
Stage 1 时间预算即将耗尽，提前结束
Stage 1 时间预算即将耗尽，提前结束
Stage 1 时间预算即将耗尽，提前结束
Stage 1 时间预算即将耗尽，提前结束
Stage 1 时间预算即将耗尽，提前结束
Stage 1 时间预算即将耗尽，提前结束
Stage 1 时间预算即将耗尽，提前结束
Stage 1 时间预算即将耗尽，提前结束
Stage 1 时间预算即将耗尽，提前结束
Stage 1 时间预算即将耗尽，提前结束
Stage 1 时间预算即将耗尽，提前结束
Stage 1 时间预算即将耗尽，提前结束
Stage 1 时间预算即将耗尽，提前结束
Stage 1 时间预算即将耗尽，提前结束
Stage 1 时间预算即将耗尽，提前结束
Stage 1 时间预算即将耗尽，提前结束
Stage 1 时间预算即将耗尽，提前结束
Stage 1 时间预算即将耗尽，提前结束
Stage 1 时间预算即将耗尽，提前结束
Stage 1 时间预算即将耗尽，提前结束
Stage 1 时间预算即将耗尽，提前结束
Stage 1 时间预算即将耗尽，提前结束
Stage 1 时间预算即将耗尽，提前结束
Stage 1 时间预算即将耗尽，提前结束
Stage 1 时间预算即将耗尽，提前结束
Stage 1 时间预算即将耗尽，提前结束
Stage 1 时间预算即将耗尽，提前结束
Stage 1 时间预算即将耗尽，提前结束
Stage 1 时间预算即将耗尽，提前结束
Stage 1 时间预算即将耗尽，提前结束
Stage 1 时间预算即将耗尽，提前结束
Stage 1 时间预算即将耗尽，提前结束
Stage 1 时间预算即将耗尽，提前结束
Stage 1 时间预算即将耗尽，提前结束
Stage 1 时间预算即将耗尽，提前结束
Stage 1 时间预算即将耗尽，提前结束
Stage 1 时间预算即将耗尽，提前结束
Stage 1 时间预算即将耗尽，提前结束
Stage 1 时间预算即将耗尽，提前结束
Stage 1 时间预算即将耗尽，提前结束
Stage 1 时间预算即将耗尽，提前结束
Stage 1 时间预算即将耗尽，提前结束
Stage 1 时间预算即将耗尽，提前结束
Stage 1 时间预算即将耗尽，提前结束
Stage 1 时间预算即将耗尽，提前结束
Stage 1 时间预算即将耗尽，提前结束
Stage 1 时间预算即将耗尽，提前结束
Stage 1 时间预算即将耗尽，提前结束
Stage 1 时间预算即将耗尽，提前结束
Stage 1 时间预算即将耗尽，提前结束
Stage 1 时间预算即将耗尽，提前结束
Stage 1 时间预算即将耗尽，提前结束
Stage 1 时间预算即将耗尽，提前结束
Stage 1 时间预算即将耗尽，提前结束
Stage 1 时间预算即将耗尽，提前结束
Stage 1 时间预算即将耗尽，提前结束
Stage 1 时间预算即将耗尽，提前结束
Stage 1 时间预算即将耗尽，提前结束
Stage 1 时间预算即将耗尽，提前结束
Stage 1 时间预算即将耗尽，提前结束
Stage 1 时间预算即将耗尽，提前结束
Stage 1 时间预算即将耗尽，提前结束
Stage 1 时间预算即将耗尽，提前结束
Stage 1 时间预算即将耗尽，提前结束
Stage 1 时间预算即将耗尽，提前结束
Stage 1 时间预算即将耗尽，提前结束
Stage 1 时间预算即将耗尽，提前结束
Stage 1 时间预算即将耗尽，提前结束
Stage 1 时间预算即将耗尽，提前结束
Stage 1 时间预算即将耗尽，提前结束
Stage 1 时间预算即将耗尽，提前结束
Stage 1 时间预算即将耗尽，提前结束
Stage 1 时间预算即将耗尽，提前结束
Stage 1 时间预算即将耗尽，提前结束
Stage 1 时间预算即将耗尽，提前结束
Stage 1 时间预算即将耗尽，提前结束
Stage 1 时间预算即将耗尽，提前结束
Stage 1 时间预算即将耗尽，提前结束
Stage 1 时间预算即将耗尽，提前结束
Stage 1 时间预算即将耗尽，提前结束
Stage 1 时间预算即将耗尽，提前结束
Stage 1 时间预算即将耗尽，提前结束
Stage 1 时间预算即将耗尽，提前结束
Stage 1 时间预算即将耗尽，提前结束
Stage 1 时间预算即将耗尽，提前结束
Stage 1 时间预算即将耗尽，提前结束
Stage 1 时间预算即将耗尽，提前结束
Stage 1 时间预算即将耗尽，提前结束
Stage 1 时间预算即将耗尽，提前结束
Stage 1 时间预算即将耗尽，提前结束
Stage 1 时间预算即将耗尽，提前结束
Stage 1 时间预算即将耗尽，提前结束
Stage 1 时间预算即将耗尽，提前结束
Stage 1 时间预算即将耗尽，提前结束
Stage 1 时间预算即将耗尽，提前结束
Stage 1 时间预算即将耗尽，提前结束
Stage 1 时间预算即将耗尽，提前结束
Stage 1 时间预算即将耗尽，提前结束
Stage 1 时间预算即将耗尽，提前结束
Stage 1 时间预算即将耗尽，提前结束
Stage 1 时间预算即将耗尽，提前结束
Stage 1 时间预算即将耗尽，提前结束
Stage 1 时间预算即将耗尽，提前结束
Stage 1 时间预算即将耗尽，提前结束
Stage 1 时间预算即将耗尽，提前结束
Stage 1 时间预算即将耗尽，提前结束
Stage 1 时间预算即将耗尽，提前结束
Stage 1 时间预算即将耗尽，提前结束
Stage 1 时间预算即将耗尽，提前结束
Stage 1 时间预算即将耗尽，提前结束
Stage 1 时间预算即将耗尽，提前结束
Stage 1 时间预算即将耗尽，提前结束
Stage 1 时间预算即将耗尽，提前结束
Stage 1 时间预算即将耗尽，提前结束
Stage 1 时间预算即将耗尽，提前结束
Stage 1 时间预算即将耗尽，提前结束
Stage 1 时间预算即将耗尽，提前结束
Stage 1 时间预算即将耗尽，提前结束
Stage 1 时间预算即将耗尽，提前结束
Stage 1 时间预算即将耗尽，提前结束
Stage 1 时间预算即将耗尽，提前结束
Stage 1 时间预算即将耗尽，提前结束
Stage 1 时间预算即将耗尽，提前结束
Stage 1 时间预算即将耗尽，提前结束
Stage 1 时间预算即将耗尽，提前结束
Stage 1 时间预算即将耗尽，提前结束
Stage 1 时间预算即将耗尽，提前结束
Stage 1 时间预算即将耗尽，提前结束
Stage 1 时间预算即将耗尽，提前结束
Stage 1 时间预算即将耗尽，提前结束
Stage 1 时间预算即将耗尽，提前结束
Stage 1 时间预算即将耗尽，提前结束
Stage 1 时间预算即将耗尽，提前结束
Stage 1 时间预算即将耗尽，提前结束
Stage 1 时间预算即将耗尽，提前结束
Stage 1 时间预算即将耗尽，提前结束
Stage 1 时间预算即将耗尽，提前结束
Stage 1 时间预算即将耗尽，提前结束
Stage 1 时间预算即将耗尽，提前结束
Stage 1 时间预算即将耗尽，提前结束
Stage 1 时间预算即将耗尽，提前结束
Stage 1 时间预算即将耗尽，提前结束
Stage 1 时间预算即将耗尽，提前结束
Stage 1 时间预算即将耗尽，提前结束
Stage 1 时间预算即将耗尽，提前结束
Stage 1 时间预算即将耗尽，提前结束
Stage 1 时间预算即将耗尽，提前结束
Stage 1 时间预算即将耗尽，提前结束
Stage 1 时间预算即将耗尽，提前结束
Stage 1 时间预算即将耗尽，提前结束
Stage 1 时间预算即将耗尽，提前结束
Stage 1 时间预算即将耗尽，提前结束
Stage 1 时间预算即将耗尽，提前结束
Stage 1 时间预算即将耗尽，提前结束
Stage 1 时间预算即将耗尽，提前结束
Stage 1 时间预算即将耗尽，提前结束
Stage 1 时间预算即将耗尽，提前结束
Stage 1 时间预算即将耗尽，提前结束
Stage 1 时间预算即将耗尽，提前结束
Stage 1 时间预算即将耗尽，提前结束
Stage 1 时间预算即将耗尽，提前结束
Stage 1 时间预算即将耗尽，提前结束
Stage 1 时间预算即将耗尽，提前结束
Stage 1 时间预算即将耗尽，提前结束
Stage 1 时间预算即将耗尽，提前结束
Stage 1 时间预算即将耗尽，提前结束
Stage 1 时间预算即将耗尽，提前结束
Stage 1 时间预算即将耗尽，提前结束
Stage 1 时间预算即将耗尽，提前结束
Stage 1 时间预算即将耗尽，提前结束
Stage 1 时间预算即将耗尽，提前结束
Stage 1 时间预算即将耗尽，提前结束
Stage 1 时间预算即将耗尽，提前结束
Stage 1 时间预算即将耗尽，提前结束
Stage 1 时间预算即将耗尽，提前结束
Stage 1 时间预算即将耗尽，提前结束
Stage 1 时间预算即将耗尽，提前结束
Stage 1 时间预算即将耗尽，提前结束
Stage 1 时间预算即将耗尽，提前结束
Stage 1 时间预算即将耗尽，提前结束
Stage 1 时间预算即将耗尽，提前结束
Stage 1 时间预算即将耗尽，提前结束
Stage 1 时间预算即将耗尽，提前结束
Stage 1 时间预算即将耗尽，提前结束
Stage 1 时间预算即将耗尽，提前结束
Stage 1 时间预算即将耗尽，提前结束
Stage 1 时间预算即将耗尽，提前结束
Stage 1 时间预算即将耗尽，提前结束
Stage 1 时间预算即将耗尽，提前结束
Stage 1 时间预算即将耗尽，提前结束
Stage 1 时间预算即将耗尽，提前结束
Stage 1 时间预算即将耗尽，提前结束
Stage 1 时间预算即将耗尽，提前结束
Stage 1 时间预算即将耗尽，提前结束
Stage 1 时间预算即将耗尽，提前结束
Stage 1 时间预算即将耗尽，提前结束
Stage 1 时间预算即将耗尽，提前结束
Stage 1 时间预算即将耗尽，提前结束
Stage 1 时间预算即将耗尽，提前结束
Stage 1 时间预算即将耗尽，提前结束
Stage 1 时间预算即将耗尽，提前结束
Stage 1 时间预算即将耗尽，提前结束
Stage 1 时间预算即将耗尽，提前结束
Stage 1 时间预算即将耗尽，提前结束
Stage 1 时间预算即将耗尽，提前结束
Stage 1 时间预算即将耗尽，提前结束
Stage 1 时间预算即将耗尽，提前结束
Stage 1 时间预算即将耗尽，提前结束
Stage 1 时间预算即将耗尽，提前结束
Stage 1 时间预算即将耗尽，提前结束
Stage 1 时间预算即将耗尽，提前结束
Stage 1 时间预算即将耗尽，提前结束
Stage 1 时间预算即将耗尽，提前结束
Stage 1 时间预算即将耗尽，提前结束
Stage 1 时间预算即将耗尽，提前结束
Stage 1 时间预算即将耗尽，提前结束
Stage 1 时间预算即将耗尽，提前结束
Stage 1 时间预算即将耗尽，提前结束
Stage 1 时间预算即将耗尽，提前结束
Stage 1 时间预算即将耗尽，提前结束
Stage 1 时间预算即将耗尽，提前结束
Stage 1 时间预算即将耗尽，提前结束
Stage 1 时间预算即将耗尽，提前结束
Stage 1 时间预算即将耗尽，提前结束
Stage 1 时间预算即将耗尽，提前结束
Stage 1 时间预算即将耗尽，提前结束
Stage 1 时间预算即将耗尽，提前结束
Stage 1 时间预算即将耗尽，提前结束
Stage 1 时间预算即将耗尽，提前结束
Stage 1 时间预算即将耗尽，提前结束
Stage 1 时间预算即将耗尽，提前结束
Stage 1 时间预算即将耗尽，提前结束
Stage 1 时间预算即将耗尽，提前结束
Stage 1 时间预算即将耗尽，提前结束
Stage 1 时间预算即将耗尽，提前结束
Stage 1 时间预算即将耗尽，提前结束
Stage 1 时间预算即将耗尽，提前结束
Stage 1 时间预算即将耗尽，提前结束
Stage 1 时间预算即将耗尽，提前结束
Stage 1 时间预算即将耗尽，提前结束
Stage 1 时间预算即将耗尽，提前结束
Stage 1 时间预算即将耗尽，提前结束
Stage 1 时间预算即将耗尽，提前结束
Stage 1 时间预算即将耗尽，提前结束
Stage 1 时间预算即将耗尽，提前结束
Stage 1 时间预算即将耗尽，提前结束
Stage 1 时间预算即将耗尽，提前结束
Stage 1 时间预算即将耗尽，提前结束
Stage 1 时间预算即将耗尽，提前结束
Stage 1 时间预算即将耗尽，提前结束
Stage 1 时间预算即将耗尽，提前结束
Stage 1 时间预算即将耗尽，提前结束
Stage 1 时间预算即将耗尽，提前结束
Stage 1 时间预算即将耗尽，提前结束
Stage 1 时间预算即将耗尽，提前结束
Stage 1 时间预算即将耗尽，提前结束
Stage 1 时间预算即将耗尽，提前结束
Stage 1 时间预算即将耗尽，提前结束
Stage 1 时间预算即将耗尽，提前结束
Stage 1 时间预算即将耗尽，提前结束
Stage 1 时间预算即将耗尽，提前结束
Stage 1 时间预算即将耗尽，提前结束
Stage 1 时间预算即将耗尽，提前结束
Stage 1 时间预算即将耗尽，提前结束
Stage 1 时间预算即将耗尽，提前结束
Stage 1 时间预算即将耗尽，提前结束
Stage 1 时间预算即将耗尽，提前结束
Stage 1 时间预算即将耗尽，提前结束
Stage 1 时间预算即将耗尽，提前结束
Stage 1 时间预算即将耗尽，提前结束
Stage 1 时间预算即将耗尽，提前结束
Stage 1 时间预算即将耗尽，提前结束
Stage 1 时间预算即将耗尽，提前结束
Stage 1 时间预算即将耗尽，提前结束
Stage 1 时间预算即将耗尽，提前结束
Stage 1 时间预算即将耗尽，提前结束
Stage 1 时间预算即将耗尽，提前结束
Stage 1 时间预算即将耗尽，提前结束
Stage 1 时间预算即将耗尽，提前结束
Stage 1 时间预算即将耗尽，提前结束
Stage 1 时间预算即将耗尽，提前结束
Stage 1 时间预算即将耗尽，提前结束
Stage 1 时间预算即将耗尽，提前结束
Stage 1 时间预算即将耗尽，提前结束
Stage 1 时间预算即将耗尽，提前结束
Stage 1 时间预算即将耗尽，提前结束
Stage 1 时间预算即将耗尽，提前结束
Stage 1 时间预算即将耗尽，提前结束
Stage 1 时间预算即将耗尽，提前结束
Stage 1 时间预算即将耗尽，提前结束
Stage 1 时间预算即将耗尽，提前结束
Stage 1 时间预算即将耗尽，提前结束
Stage 1 时间预算即将耗尽，提前结束
Stage 1 时间预算即将耗尽，提前结束
Stage 1 时间预算即将耗尽，提前结束
Stage 1 时间预算即将耗尽，提前结束
Stage 1 时间预算即将耗尽，提前结束
Stage 1 时间预算即将耗尽，提前结束
Stage 1 时间预算即将耗尽，提前结束
Stage 1 时间预算即将耗尽，提前结束
Stage 1 时间预算即将耗尽，提前结束
Stage 1 时间预算即将耗尽，提前结束
Stage 1 时间预算即将耗尽，提前结束
Stage 1 时间预算即将耗尽，提前结束
Stage 1 时间预算即将耗尽，提前结束
Stage 1 时间预算即将耗尽，提前结束
Stage 1 时间预算即将耗尽，提前结束
Stage 1 时间预算即将耗尽，提前结束
Stage 1 时间预算即将耗尽，提前结束
Stage 1 时间预算即将耗尽，提前结束
Stage 1 时间预算即将耗尽，提前结束
Stage 1 时间预算即将耗尽，提前结束
Stage 1 时间预算即将耗尽，提前结束
Stage 1 时间预算即将耗尽，提前结束
Stage 1 时间预算即将耗尽，提前结束
Stage 1 时间预算即将耗尽，提前结束
Stage 1 时间预算即将耗尽，提前结束
Stage 1 时间预算即将耗尽，提前结束
Stage 1 时间预算即将耗尽，提前结束
Stage 1 时间预算即将耗尽，提前结束
Stage 1 时间预算即将耗尽，提前结束
Stage 1 时间预算即将耗尽，提前结束
Stage 1 时间预算即将耗尽，提前结束
Stage 1 时间预算即将耗尽，提前结束
Stage 1 时间预算即将耗尽，提前结束
Stage 1 时间预算即将耗尽，提前结束
Stage 1 时间预算即将耗尽，提前结束
Stage 1 时间预算即将耗尽，提前结束
Stage 1 时间预算即将耗尽，提前结束
Stage 1 时间预算即将耗尽，提前结束
Stage 1 时间预算即将耗尽，提前结束
Stage 1 时间预算即将耗尽，提前结束
Stage 1 时间预算即将耗尽，提前结束
Stage 1 时间预算即将耗尽，提前结束
Stage 1 时间预算即将耗尽，提前结束
Stage 1 时间预算即将耗尽，提前结束
Stage 1 时间预算即将耗尽，提前结束
Stage 1 时间预算即将耗尽，提前结束
Stage 1 时间预算即将耗尽，提前结束
Stage 1 时间预算即将耗尽，提前结束
Stage 1 时间预算即将耗尽，提前结束
Stage 1 时间预算即将耗尽，提前结束
Stage 1 时间预算即将耗尽，提前结束
Stage 1 时间预算即将耗尽，提前结束
Stage 1 时间预算即将耗尽，提前结束
Stage 1 时间预算即将耗尽，提前结束
Stage 1 时间预算即将耗尽，提前结束
Stage 1 时间预算即将耗尽，提前结束
Stage 1 时间预算即将耗尽，提前结束
Stage 1 时间预算即将耗尽，提前结束
Stage 1 时间预算即将耗尽，提前结束
Stage 1 时间预算即将耗尽，提前结束
Stage 1 时间预算即将耗尽，提前结束
Stage 1 时间预算即将耗尽，提前结束
Stage 1 时间预算即将耗尽，提前结束
Stage 1 时间预算即将耗尽，提前结束
Stage 1 时间预算即将耗尽，提前结束
Stage 1 时间预算即将耗尽，提前结束
Stage 1 时间预算即将耗尽，提前结束
Stage 1 时间预算即将耗尽，提前结束
Stage 1 时间预算即将耗尽，提前结束
Stage 1 时间预算即将耗尽，提前结束
Stage 1 时间预算即将耗尽，提前结束
Stage 1 时间预算即将耗尽，提前结束
Stage 1 时间预算即将耗尽，提前结束
Stage 1 时间预算即将耗尽，提前结束
Stage 1 时间预算即将耗尽，提前结束
Stage 1 时间预算即将耗尽，提前结束
Stage 1 时间预算即将耗尽，提前结束
Stage 1 时间预算即将耗尽，提前结束
Stage 1 时间预算即将耗尽，提前结束
Stage 1 时间预算即将耗尽，提前结束
Stage 1 时间预算即将耗尽，提前结束
Stage 1 时间预算即将耗尽，提前结束
Stage 1 时间预算即将耗尽，提前结束
Stage 1 时间预算即将耗尽，提前结束
Stage 1 时间预算即将耗尽，提前结束
Stage 1 时间预算即将耗尽，提前结束
Stage 1 时间预算即将耗尽，提前结束
Stage 1 时间预算即将耗尽，提前结束
Stage 1 时间预算即将耗尽，提前结束
Stage 1 时间预算即将耗尽，提前结束
Stage 1 时间预算即将耗尽，提前结束
Stage 1 时间预算即将耗尽，提前结束
Stage 1 时间预算即将耗尽，提前结束
Stage 1 时间预算即将耗尽，提前结束
Stage 1 时间预算即将耗尽，提前结束
Stage 1 时间预算即将耗尽，提前结束
Stage 1 时间预算即将耗尽，提前结束
Stage 1 时间预算即将耗尽，提前结束
Stage 1 时间预算即将耗尽，提前结束
Stage 1 时间预算即将耗尽，提前结束
Stage 1 时间预算即将耗尽，提前结束
Stage 1 时间预算即将耗尽，提前结束
Stage 1 时间预算即将耗尽，提前结束
Stage 1 时间预算即将耗尽，提前结束
Stage 1 时间预算即将耗尽，提前结束
Stage 1 时间预算即将耗尽，提前结束
Stage 1 时间预算即将耗尽，提前结束
Stage 1 时间预算即将耗尽，提前结束
Stage 1 时间预算即将耗尽，提前结束
Stage 1 时间预算即将耗尽，提前结束
Stage 1 时间预算即将耗尽，提前结束
Stage 1 时间预算即将耗尽，提前结束
Stage 1 时间预算即将耗尽，提前结束
Stage 1 时间预算即将耗尽，提前结束
Stage 1 时间预算即将耗尽，提前结束
Stage 1 时间预算即将耗尽，提前结束
Stage 1 时间预算即将耗尽，提前结束
Stage 1 时间预算即将耗尽，提前结束
Stage 1 时间预算即将耗尽，提前结束
Stage 1 时间预算即将耗尽，提前结束
Stage 1 时间预算即将耗尽，提前结束
Stage 1 时间预算即将耗尽，提前结束
Stage 1 时间预算即将耗尽，提前结束
Stage 1 时间预算即将耗尽，提前结束
Stage 1 时间预算即将耗尽，提前结束
Stage 1 时间预算即将耗尽，提前结束
Stage 1 时间预算即将耗尽，提前结束
Stage 1 时间预算即将耗尽，提前结束
Stage 1 时间预算即将耗尽，提前结束
Stage 1 时间预算即将耗尽，提前结束
Stage 1 时间预算即将耗尽，提前结束
Stage 1 时间预算即将耗尽，提前结束
Stage 1 时间预算即将耗尽，提前结束
Stage 1 时间预算即将耗尽，提前结束
Stage 1 时间预算即将耗尽，提前结束
Stage 1 时间预算即将耗尽，提前结束
Stage 1 时间预算即将耗尽，提前结束
Stage 1 时间预算即将耗尽，提前结束
Stage 1 时间预算即将耗尽，提前结束
Stage 1 时间预算即将耗尽，提前结束
Stage 1 时间预算即将耗尽，提前结束
Stage 1 时间预算即将耗尽，提前结束
Stage 1 时间预算即将耗尽，提前结束
Stage 1 时间预算即将耗尽，提前结束
Stage 1 时间预算即将耗尽，提前结束
Stage 1 时间预算即将耗尽，提前结束
Stage 1 时间预算即将耗尽，提前结束
Stage 1 时间预算即将耗尽，提前结束
Stage 1 时间预算即将耗尽，提前结束
Stage 1 时间预算即将耗尽，提前结束
Stage 1 时间预算即将耗尽，提前结束
Stage 1 时间预算即将耗尽，提前结束
Stage 1 时间预算即将耗尽，提前结束
Stage 1 时间预算即将耗尽，提前结束
Stage 1 时间预算即将耗尽，提前结束
Stage 1 时间预算即将耗尽，提前结束
Stage 1 时间预算即将耗尽，提前结束
Stage 1 时间预算即将耗尽，提前结束
Stage 1 时间预算即将耗尽，提前结束
Stage 1 时间预算即将耗尽，提前结束
Stage 1 时间预算即将耗尽，提前结束
Stage 1 时间预算即将耗尽，提前结束
Stage 1 时间预算即将耗尽，提前结束
Stage 1 时间预算即将耗尽，提前结束
Stage 1 时间预算即将耗尽，提前结束
Stage 1 时间预算即将耗尽，提前结束
Stage 1 时间预算即将耗尽，提前结束
Stage 1 时间预算即将耗尽，提前结束
Stage 1 时间预算即将耗尽，提前结束
Stage 1 时间预算即将耗尽，提前结束
Stage 1 时间预算即将耗尽，提前结束
Stage 1 时间预算即将耗尽，提前结束
Stage 1 时间预算即将耗尽，提前结束
Stage 1 时间预算即将耗尽，提前结束
Stage 1 时间预算即将耗尽，提前结束
Stage 1 时间预算即将耗尽，提前结束
Stage 1 时间预算即将耗尽，提前结束
Stage 1 时间预算即将耗尽，提前结束
Stage 1 时间预算即将耗尽，提前结束
Stage 1 时间预算即将耗尽，提前结束
Stage 1 时间预算即将耗尽，提前结束
Stage 1 时间预算即将耗尽，提前结束
Stage 1 时间预算即将耗尽，提前结束
Stage 1 时间预算即将耗尽，提前结束
Stage 1 时间预算即将耗尽，提前结束
Stage 1 时间预算即将耗尽，提前结束
Stage 1 时间预算即将耗尽，提前结束
Stage 1 时间预算即将耗尽，提前结束
Stage 1 时间预算即将耗尽，提前结束
Stage 1 时间预算即将耗尽，提前结束
Stage 1 时间预算即将耗尽，提前结束
Stage 1 时间预算即将耗尽，提前结束
Stage 1 时间预算即将耗尽，提前结束
Stage 1 时间预算即将耗尽，提前结束
Stage 1 时间预算即将耗尽，提前结束
Stage 1 时间预算即将耗尽，提前结束
Stage 1 时间预算即将耗尽，提前结束
Stage 1 时间预算即将耗尽，提前结束
Stage 1 时间预算即将耗尽，提前结束
Stage 1 时间预算即将耗尽，提前结束
Stage 1 时间预算即将耗尽，提前结束
Stage 1 时间预算即将耗尽，提前结束
Stage 1 时间预算即将耗尽，提前结束
Stage 1 时间预算即将耗尽，提前结束
Stage 1 时间预算即将耗尽，提前结束
Stage 1 时间预算即将耗尽，提前结束
Stage 1 时间预算即将耗尽，提前结束
Stage 1 时间预算即将耗尽，提前结束
Stage 1 时间预算即将耗尽，提前结束
Stage 1 时间预算即将耗尽，提前结束
Stage 1 时间预算即将耗尽，提前结束
Stage 1 时间预算即将耗尽，提前结束
Stage 1 时间预算即将耗尽，提前结束
Stage 1 时间预算即将耗尽，提前结束
Stage 1 时间预算即将耗尽，提前结束
Stage 1 时间预算即将耗尽，提前结束
Stage 1 时间预算即将耗尽，提前结束
Stage 1 时间预算即将耗尽，提前结束
Stage 1 时间预算即将耗尽，提前结束
Stage 1 时间预算即将耗尽，提前结束
Stage 1 时间预算即将耗尽，提前结束
Stage 1 时间预算即将耗尽，提前结束
Stage 1 时间预算即将耗尽，提前结束
Stage 1 时间预算即将耗尽，提前结束
Stage 1 时间预算即将耗尽，提前结束
Stage 1 时间预算即将耗尽，提前结束
Stage 1 时间预算即将耗尽，提前结束
Stage 1 时间预算即将耗尽，提前结束
Stage 1 时间预算即将耗尽，提前结束
Stage 1 时间预算即将耗尽，提前结束
Stage 1 时间预算即将耗尽，提前结束
Stage 1 时间预算即将耗尽，提前结束
Stage 1 时间预算即将耗尽，提前结束
Stage 1 时间预算即将耗尽，提前结束
Stage 1 时间预算即将耗尽，提前结束
Stage 1 时间预算即将耗尽，提前结束
Stage 1 时间预算即将耗尽，提前结束
Stage 1 时间预算即将耗尽，提前结束
Stage 1 时间预算即将耗尽，提前结束
Stage 1 时间预算即将耗尽，提前结束
Stage 1 时间预算即将耗尽，提前结束
Stage 1 时间预算即将耗尽，提前结束
Stage 1 时间预算即将耗尽，提前结束
Stage 1 时间预算即将耗尽，提前结束
Stage 1 时间预算即将耗尽，提前结束
Stage 1 时间预算即将耗尽，提前结束
Stage 1 时间预算即将耗尽，提前结束
Stage 1 时间预算即将耗尽，提前结束
Stage 1 时间预算即将耗尽，提前结束
Stage 1 时间预算即将耗尽，提前结束
Stage 1 时间预算即将耗尽，提前结束
Stage 1 时间预算即将耗尽，提前结束
Stage 1 时间预算即将耗尽，提前结束
Stage 1 时间预算即将耗尽，提前结束
Stage 1 时间预算即将耗尽，提前结束
Stage 1 时间预算即将耗尽，提前结束
Stage 1 时间预算即将耗尽，提前结束
Stage 1 时间预算即将耗尽，提前结束
Stage 1 时间预算即将耗尽，提前结束
Stage 1 时间预算即将耗尽，提前结束
Stage 1 时间预算即将耗尽，提前结束
Stage 1 时间预算即将耗尽，提前结束
Stage 1 时间预算即将耗尽，提前结束
Stage 1 时间预算即将耗尽，提前结束
Stage 1 时间预算即将耗尽，提前结束
Stage 1 时间预算即将耗尽，提前结束
Stage 1 时间预算即将耗尽，提前结束
Stage 1 时间预算即将耗尽，提前结束
Stage 1 时间预算即将耗尽，提前结束
Stage 1 时间预算即将耗尽，提前结束
Stage 1 时间预算即将耗尽，提前结束
Stage 1 时间预算即将耗尽，提前结束
Stage 1 时间预算即将耗尽，提前结束
Stage 1 时间预算即将耗尽，提前结束
Stage 1 时间预算即将耗尽，提前结束
Stage 1 时间预算即将耗尽，提前结束
Stage 1 时间预算即将耗尽，提前结束
Stage 1 时间预算即将耗尽，提前结束
Stage 1 时间预算即将耗尽，提前结束
Stage 1 时间预算即将耗尽，提前结束
Stage 1 时间预算即将耗尽，提前结束
Stage 1 时间预算即将耗尽，提前结束
Stage 1 时间预算即将耗尽，提前结束
Stage 1 时间预算即将耗尽，提前结束
Stage 1 时间预算即将耗尽，提前结束
Stage 1 时间预算即将耗尽，提前结束
Stage 1 时间预算即将耗尽，提前结束
Stage 1 时间预算即将耗尽，提前结束
Stage 1 时间预算即将耗尽，提前结束
Stage 1 时间预算即将耗尽，提前结束
Stage 1 时间预算即将耗尽，提前结束
Stage 1 时间预算即将耗尽，提前结束
Stage 1 时间预算即将耗尽，提前结束
Stage 1 时间预算即将耗尽，提前结束
Stage 1 时间预算即将耗尽，提前结束
Stage 1 时间预算即将耗尽，提前结束
Stage 1 时间预算即将耗尽，提前结束
Stage 1 时间预算即将耗尽，提前结束
Stage 1 时间预算即将耗尽，提前结束
Stage 1 时间预算即将耗尽，提前结束
Stage 1 时间预算即将耗尽，提前结束
Stage 1 时间预算即将耗尽，提前结束
Stage 1 时间预算即将耗尽，提前结束
Stage 1 时间预算即将耗尽，提前结束
Stage 1 时间预算即将耗尽，提前结束
Stage 1 时间预算即将耗尽，提前结束
Stage 1 时间预算即将耗尽，提前结束
Stage 1 时间预算即将耗尽，提前结束
Stage 1 时间预算即将耗尽，提前结束
Stage 1 时间预算即将耗尽，提前结束
Stage 1 时间预算即将耗尽，提前结束
Stage 1 时间预算即将耗尽，提前结束
Stage 1 时间预算即将耗尽，提前结束
Stage 1 时间预算即将耗尽，提前结束
Stage 1 时间预算即将耗尽，提前结束
Stage 1 时间预算即将耗尽，提前结束
Stage 1 时间预算即将耗尽，提前结束
Stage 1 时间预算即将耗尽，提前结束
Stage 1 时间预算即将耗尽，提前结束
Stage 1 时间预算即将耗尽，提前结束
Stage 1 时间预算即将耗尽，提前结束
Stage 1 时间预算即将耗尽，提前结束
Stage 1 时间预算即将耗尽，提前结束
Stage 1 时间预算即将耗尽，提前结束
Stage 1 时间预算即将耗尽，提前结束
Stage 1 时间预算即将耗尽，提前结束
Stage 1 时间预算即将耗尽，提前结束
Stage 1 时间预算即将耗尽，提前结束
Stage 1 时间预算即将耗尽，提前结束
Stage 1 时间预算即将耗尽，提前结束
Stage 1 时间预算即将耗尽，提前结束
Stage 1 时间预算即将耗尽，提前结束
Stage 1 时间预算即将耗尽，提前结束
Stage 1 时间预算即将耗尽，提前结束
Stage 1 时间预算即将耗尽，提前结束
Stage 1 时间预算即将耗尽，提前结束
Stage 1 时间预算即将耗尽，提前结束
Stage 1 时间预算即将耗尽，提前结束
Stage 1 时间预算即将耗尽，提前结束
Stage 1 时间预算即将耗尽，提前结束
Stage 1 时间预算即将耗尽，提前结束
Stage 1 时间预算即将耗尽，提前结束
Stage 1 时间预算即将耗尽，提前结束
Stage 1 时间预算即将耗尽，提前结束
Stage 1 时间预算即将耗尽，提前结束
Stage 1 时间预算即将耗尽，提前结束
Stage 1 时间预算即将耗尽，提前结束
Stage 1 时间预算即将耗尽，提前结束
Stage 1 时间预算即将耗尽，提前结束
Stage 1 时间预算即将耗尽，提前结束
Stage 1 时间预算即将耗尽，提前结束
Stage 1 时间预算即将耗尽，提前结束
Stage 1 时间预算即将耗尽，提前结束
Stage 1 时间预算即将耗尽，提前结束
Stage 1 时间预算即将耗尽，提前结束
Stage 1 时间预算即将耗尽，提前结束
Stage 1 时间预算即将耗尽，提前结束
Stage 1 时间预算即将耗尽，提前结束
Stage 1 时间预算即将耗尽，提前结束
Stage 1 时间预算即将耗尽，提前结束
Stage 1 时间预算即将耗尽，提前结束
Stage 1 时间预算即将耗尽，提前结束
Stage 1 时间预算即将耗尽，提前结束
Stage 1 时间预算即将耗尽，提前结束
Stage 1 时间预算即将耗尽，提前结束
Stage 1 时间预算即将耗尽，提前结束
Stage 1 时间预算即将耗尽，提前结束
Stage 1 时间预算即将耗尽，提前结束
Stage 1 时间预算即将耗尽，提前结束
Stage 1 时间预算即将耗尽，提前结束
Stage 1 时间预算即将耗尽，提前结束
Stage 1 时间预算即将耗尽，提前结束
Stage 1 时间预算即将耗尽，提前结束
Stage 1 时间预算即将耗尽，提前结束
Stage 1 时间预算即将耗尽，提前结束
Stage 1 时间预算即将耗尽，提前结束
Stage 1 时间预算即将耗尽，提前结束
Stage 1 时间预算即将耗尽，提前结束
Stage 1 时间预算即将耗尽，提前结束
Stage 1 时间预算即将耗尽，提前结束
Stage 1 时间预算即将耗尽，提前结束
Stage 1 时间预算即将耗尽，提前结束
Stage 1 时间预算即将耗尽，提前结束
Stage 1 时间预算即将耗尽，提前结束
Stage 1 时间预算即将耗尽，提前结束
Stage 1 时间预算即将耗尽，提前结束
Stage 1 时间预算即将耗尽，提前结束
Stage 1 时间预算即将耗尽，提前结束
Stage 1 时间预算即将耗尽，提前结束
Stage 1 时间预算即将耗尽，提前结束
Stage 1 时间预算即将耗尽，提前结束
Stage 1 时间预算即将耗尽，提前结束
Stage 1 时间预算即将耗尽，提前结束
Stage 1 时间预算即将耗尽，提前结束
Stage 1 时间预算即将耗尽，提前结束
Stage 1 时间预算即将耗尽，提前结束
Stage 1 时间预算即将耗尽，提前结束
Stage 1 时间预算即将耗尽，提前结束
Stage 1 时间预算即将耗尽，提前结束
Stage 1 时间预算即将耗尽，提前结束
Stage 1 时间预算即将耗尽，提前结束
Stage 1 时间预算即将耗尽，提前结束
Stage 1 时间预算即将耗尽，提前结束
Stage 1 时间预算即将耗尽，提前结束
Stage 1 时间预算即将耗尽，提前结束
Stage 1 时间预算即将耗尽，提前结束
Stage 1 时间预算即将耗尽，提前结束
Stage 1 时间预算即将耗尽，提前结束
Stage 1 时间预算即将耗尽，提前结束
Stage 1 时间预算即将耗尽，提前结束
Stage 1 时间预算即将耗尽，提前结束
Stage 1 时间预算即将耗尽，提前结束
Stage 1 时间预算即将耗尽，提前结束
Stage 1 时间预算即将耗尽，提前结束
Stage 1 时间预算即将耗尽，提前结束
Stage 1 时间预算即将耗尽，提前结束
Stage 1 时间预算即将耗尽，提前结束
Stage 1 时间预算即将耗尽，提前结束
Stage 1 时间预算即将耗尽，提前结束
Stage 1 时间预算即将耗尽，提前结束
Stage 1 时间预算即将耗尽，提前结束
Stage 1 时间预算即将耗尽，提前结束
Stage 1 时间预算即将耗尽，提前结束
Stage 1 时间预算即将耗尽，提前结束
Stage 1 时间预算即将耗尽，提前结束
Stage 1 时间预算即将耗尽，提前结束
Stage 1 时间预算即将耗尽，提前结束
Stage 1 时间预算即将耗尽，提前结束
Stage 1 时间预算即将耗尽，提前结束
Stage 1 时间预算即将耗尽，提前结束
Stage 1 时间预算即将耗尽，提前结束
Stage 1 时间预算即将耗尽，提前结束
Stage 1 时间预算即将耗尽，提前结束
Stage 1 时间预算即将耗尽，提前结束
Stage 1 时间预算即将耗尽，提前结束
Stage 1 时间预算即将耗尽，提前结束
Stage 1 时间预算即将耗尽，提前结束
Stage 1 时间预算即将耗尽，提前结束
Stage 1 时间预算即将耗尽，提前结束
Stage 1 时间预算即将耗尽，提前结束
Stage 1 时间预算即将耗尽，提前结束
Stage 1 时间预算即将耗尽，提前结束
Stage 1 时间预算即将耗尽，提前结束
Stage 1 时间预算即将耗尽，提前结束
Stage 1 时间预算即将耗尽，提前结束
Stage 1 时间预算即将耗尽，提前结束
Stage 1 时间预算即将耗尽，提前结束
Stage 1 时间预算即将耗尽，提前结束
Stage 1 时间预算即将耗尽，提前结束
Stage 1 时间预算即将耗尽，提前结束
Stage 1 时间预算即将耗尽，提前结束
Stage 1 时间预算即将耗尽，提前结束
Stage 1 时间预算即将耗尽，提前结束
Stage 1 时间预算即将耗尽，提前结束
Stage 1 时间预算即将耗尽，提前结束
Stage 1 时间预算即将耗尽，提前结束
Stage 1 时间预算即将耗尽，提前结束
Stage 1 时间预算即将耗尽，提前结束
Stage 1 时间预算即将耗尽，提前结束
Stage 1 时间预算即将耗尽，提前结束
Stage 1 时间预算即将耗尽，提前结束
Stage 1 时间预算即将耗尽，提前结束
Stage 1 时间预算即将耗尽，提前结束
Stage 1 时间预算即将耗尽，提前结束
Stage 1 时间预算即将耗尽，提前结束
Stage 1 时间预算即将耗尽，提前结束
Stage 1 时间预算即将耗尽，提前结束
Stage 1 时间预算即将耗尽，提前结束
Stage 1 时间预算即将耗尽，提前结束
Stage 1 时间预算即将耗尽，提前结束
Stage 1 时间预算即将耗尽，提前结束
Stage 1 时间预算即将耗尽，提前结束
Stage 1 时间预算即将耗尽，提前结束
Stage 1 时间预算即将耗尽，提前结束
Stage 1 时间预算即将耗尽，提前结束
Stage 1 时间预算即将耗尽，提前结束
Stage 1 时间预算即将耗尽，提前结束
Stage 1 时间预算即将耗尽，提前结束
Stage 1 时间预算即将耗尽，提前结束
Stage 1 时间预算即将耗尽，提前结束
Stage 1 时间预算即将耗尽，提前结束
Stage 1 时间预算即将耗尽，提前结束
Stage 1 时间预算即将耗尽，提前结束
Stage 1 时间预算即将耗尽，提前结束
Stage 1 时间预算即将耗尽，提前结束
Stage 1 时间预算即将耗尽，提前结束
Stage 1 时间预算即将耗尽，提前结束
Stage 1 时间预算即将耗尽，提前结束
Stage 1 时间预算即将耗尽，提前结束
Stage 1 时间预算即将耗尽，提前结束
Stage 1 时间预算即将耗尽，提前结束
Stage 1 时间预算即将耗尽，提前结束
Stage 1 时间预算即将耗尽，提前结束
Stage 1 时间预算即将耗尽，提前结束
Stage 1 时间预算即将耗尽，提前结束
Stage 1 时间预算即将耗尽，提前结束
Stage 1 时间预算即将耗尽，提前结束
Stage 1 时间预算即将耗尽，提前结束
Stage 1 时间预算即将耗尽，提前结束
Stage 1 时间预算即将耗尽，提前结束
Stage 1 时间预算即将耗尽，提前结束
Stage 1 时间预算即将耗尽，提前结束
Stage 1 时间预算即将耗尽，提前结束
Stage 1 时间预算即将耗尽，提前结束
Stage 1 时间预算即将耗尽，提前结束
Stage 1 时间预算即将耗尽，提前结束
Stage 1 时间预算即将耗尽，提前结束
Stage 1 时间预算即将耗尽，提前结束
Stage 1 时间预算即将耗尽，提前结束
Stage 1 时间预算即将耗尽，提前结束
Stage 1 时间预算即将耗尽，提前结束
Stage 1 时间预算即将耗尽，提前结束
Stage 1 时间预算即将耗尽，提前结束
Stage 1 时间预算即将耗尽，提前结束
Stage 1 时间预算即将耗尽，提前结束
Stage 1 时间预算即将耗尽，提前结束
Stage 1 时间预算即将耗尽，提前结束
Stage 1 时间预算即将耗尽，提前结束
Stage 1 时间预算即将耗尽，提前结束
Stage 1 时间预算即将耗尽，提前结束
Stage 1 时间预算即将耗尽，提前结束
Stage 1 时间预算即将耗尽，提前结束
Stage 1 时间预算即将耗尽，提前结束
Stage 1 时间预算即将耗尽，提前结束
Stage 1 时间预算即将耗尽，提前结束
Stage 1 时间预算即将耗尽，提前结束
Stage 1 时间预算即将耗尽，提前结束
Stage 1 时间预算即将耗尽，提前结束
Stage 1 时间预算即将耗尽，提前结束
Stage 1 时间预算即将耗尽，提前结束
Stage 1 时间预算即将耗尽，提前结束
Stage 1 时间预算即将耗尽，提前结束
Stage 1 时间预算即将耗尽，提前结束
Stage 1 时间预算即将耗尽，提前结束
Stage 1 时间预算即将耗尽，提前结束
Stage 1 时间预算即将耗尽，提前结束
Stage 1 时间预算即将耗尽，提前结束
Stage 1 时间预算即将耗尽，提前结束
Stage 1 时间预算即将耗尽，提前结束
Stage 1 时间预算即将耗尽，提前结束
Stage 1 时间预算即将耗尽，提前结束
Stage 1 时间预算即将耗尽，提前结束
Stage 1 时间预算即将耗尽，提前结束
Stage 1 时间预算即将耗尽，提前结束
Stage 1 时间预算即将耗尽，提前结束
Stage 1 时间预算即将耗尽，提前结束
Stage 1 时间预算即将耗尽，提前结束
Stage 1 时间预算即将耗尽，提前结束
Stage 1 时间预算即将耗尽，提前结束
Stage 1 时间预算即将耗尽，提前结束
Stage 1 时间预算即将耗尽，提前结束
Stage 1 时间预算即将耗尽，提前结束
Stage 1 时间预算即将耗尽，提前结束
Stage 1 时间预算即将耗尽，提前结束
Stage 1 时间预算即将耗尽，提前结束
Stage 1 时间预算即将耗尽，提前结束
Stage 1 时间预算即将耗尽，提前结束
Stage 1 时间预算即将耗尽，提前结束
Stage 1 时间预算即将耗尽，提前结束
Stage 1 时间预算即将耗尽，提前结束
Stage 1 时间预算即将耗尽，提前结束
Stage 1 时间预算即将耗尽，提前结束
Stage 1 时间预算即将耗尽，提前结束
Stage 1 时间预算即将耗尽，提前结束
Stage 1 时间预算即将耗尽，提前结束
Stage 1 时间预算即将耗尽，提前结束
Stage 1 时间预算即将耗尽，提前结束
Stage 1 时间预算即将耗尽，提前结束
Stage 1 时间预算即将耗尽，提前结束
Stage 1 时间预算即将耗尽，提前结束
Stage 1 时间预算即将耗尽，提前结束
Stage 1 时间预算即将耗尽，提前结束
Stage 1 时间预算即将耗尽，提前结束
Stage 1 时间预算即将耗尽，提前结束
Stage 1 时间预算即将耗尽，提前结束
Stage 1 时间预算即将耗尽，提前结束
Stage 1 时间预算即将耗尽，提前结束
Stage 1 时间预算即将耗尽，提前结束
Stage 1 时间预算即将耗尽，提前结束
Stage 1 时间预算即将耗尽，提前结束
Stage 1 时间预算即将耗尽，提前结束
Stage 1 时间预算即将耗尽，提前结束
Stage 1 时间预算即将耗尽，提前结束
Stage 1 时间预算即将耗尽，提前结束
Stage 1 时间预算即将耗尽，提前结束
Stage 1 时间预算即将耗尽，提前结束
Stage 1 时间预算即将耗尽，提前结束
Stage 1 时间预算即将耗尽，提前结束
Stage 1 时间预算即将耗尽，提前结束
Stage 1 时间预算即将耗尽，提前结束
Stage 1 时间预算即将耗尽，提前结束
Stage 1 时间预算即将耗尽，提前结束
Stage 1 时间预算即将耗尽，提前结束
Stage 1 时间预算即将耗尽，提前结束
Stage 1 时间预算即将耗尽，提前结束
Stage 1 时间预算即将耗尽，提前结束
Stage 1 时间预算即将耗尽，提前结束
Stage 1 时间预算即将耗尽，提前结束
Stage 1 时间预算即将耗尽，提前结束
Stage 1 时间预算即将耗尽，提前结束
Stage 1 时间预算即将耗尽，提前结束
Stage 1 时间预算即将耗尽，提前结束
Stage 1 时间预算即将耗尽，提前结束
Stage 1 时间预算即将耗尽，提前结束
Stage 1 时间预算即将耗尽，提前结束
Stage 1 时间预算即将耗尽，提前结束
Stage 1 时间预算即将耗尽，提前结束
Stage 1 时间预算即将耗尽，提前结束
Stage 1 时间预算即将耗尽，提前结束
Stage 1 时间预算即将耗尽，提前结束
Stage 1 时间预算即将耗尽，提前结束
Stage 1 时间预算即将耗尽，提前结束
Stage 1 时间预算即将耗尽，提前结束
Stage 1 时间预算即将耗尽，提前结束
Stage 1 时间预算即将耗尽，提前结束
Stage 1 时间预算即将耗尽，提前结束
Stage 1 时间预算即将耗尽，提前结束
Stage 1 时间预算即将耗尽，提前结束
Stage 1 时间预算即将耗尽，提前结束
Stage 1 时间预算即将耗尽，提前结束
Stage 1 时间预算即将耗尽，提前结束
Stage 1 时间预算即将耗尽，提前结束
Stage 1 时间预算即将耗尽，提前结束
Stage 1 时间预算即将耗尽，提前结束
Stage 1 时间预算即将耗尽，提前结束
Stage 1 时间预算即将耗尽，提前结束
Stage 1 时间预算即将耗尽，提前结束
Stage 1 时间预算即将耗尽，提前结束
Stage 1 时间预算即将耗尽，提前结束
Stage 1 时间预算即将耗尽，提前结束
Stage 1 时间预算即将耗尽，提前结束
Stage 1 时间预算即将耗尽，提前结束
Stage 1 时间预算即将耗尽，提前结束
Stage 1 时间预算即将耗尽，提前结束
Stage 1 时间预算即将耗尽，提前结束
Stage 1 时间预算即将耗尽，提前结束
Stage 1 时间预算即将耗尽，提前结束
Stage 1 时间预算即将耗尽，提前结束
Stage 1 时间预算即将耗尽，提前结束
Stage 1 时间预算即将耗尽，提前结束
Stage 1 时间预算即将耗尽，提前结束
Stage 1 时间预算即将耗尽，提前结束
Stage 1 时间预算即将耗尽，提前结束
Stage 1 时间预算即将耗尽，提前结束
Stage 1 时间预算即将耗尽，提前结束
Stage 1 时间预算即将耗尽，提前结束
Stage 1 时间预算即将耗尽，提前结束
Stage 1 时间预算即将耗尽，提前结束
Stage 1 时间预算即将耗尽，提前结束
Stage 1 时间预算即将耗尽，提前结束
Stage 1 时间预算即将耗尽，提前结束
Stage 1 时间预算即将耗尽，提前结束
Stage 1 时间预算即将耗尽，提前结束
Stage 1 时间预算即将耗尽，提前结束
Stage 1 时间预算即将耗尽，提前结束
Stage 1 时间预算即将耗尽，提前结束
Stage 1 时间预算即将耗尽，提前结束
Stage 1 时间预算即将耗尽，提前结束
Stage 1 时间预算即将耗尽，提前结束

Stage 1 完成: 1376/2880 组合, 耗时 135.1s
  最优核心参数: w=12 std=3.0 atr=2.0 hold=8 rsi=25 ez=0.0
  评分=0.4687 收益=0.90%

Stage 2: 指标组合搜索 (35 种组合)
  时间预算: 165s

  [10/35] use_adx+use_volume                       | 评分=0.3515 | 收益=0.50% | 交易=3
  [20/35] use_mfi                                  | 评分=0.0000 | 收益=-5.15% | 交易=34
  [30/35] use_macd_divergence                      | 评分=0.4687 | 收益=0.90% | 交易=2

Stage 2 完成: 35/35 组合, 耗时 4.7s
  无额外指标（纯布林带策略）


============================================================
训练币种: ETHUSDT
============================================================
数据量: 17280 条K线, 价格范围: 1806.72 - 2461.47
Stage 1: 核心参数搜索 (训练集 15552 条, 验证集 1728 条)
  参数组合: 2880, 时间预算: 150s

  [1/2880] w=10 std=1.5 atr=1.5 hold=8 rsi=25 ez=0.0 | 评分=0.0000 | 收益=-22.47% | 夏普=-2.73 | DD=-23.3% | 交易=113
  [50/2880] w=10 std=1.5 atr=2.5 hold=18 rsi=30 ez=0.0 | 评分=0.0000 | 收益=-16.54% | 夏普=-2.03 | DD=-18.4% | 交易=86
  [100/2880] w=10 std=1.8 atr=1.5 hold=36 rsi=40 ez=0.0 | 评分=0.0000 | 收益=-20.28% | 夏普=-2.69 | DD=-21.2% | 交易=101
  [150/2880] w=10 std=1.8 atr=3.0 hold=18 rsi=30 ez=0.0 | 评分=0.0000 | 收益=-15.62% | 夏普=-2.07 | DD=-17.5% | 交易=71
  [200/2880] w=10 std=2.0 atr=2.0 hold=36 rsi=40 ez=0.0 | 评分=0.0000 | 收益=-16.95% | 夏普=-2.58 | DD=-18.8% | 交易=75
  [250/2880] w=10 std=2.2 atr=1.5 hold=18 rsi=30 ez=0.0 | 评分=0.0000 | 收益=-8.09% | 夏普=-2.84 | DD=-9.1% | 交易=38
  [300/2880] w=10 std=2.2 atr=2.5 hold=36 rsi=40 ez=0.0 | 评分=0.0000 | 收益=-13.00% | 夏普=-2.52 | DD=-14.9% | 交易=60
  [350/2880] w=10 std=2.5 atr=2.0 hold=18 rsi=30 ez=0.0 | 评分=0.0000 | 收益=-2.68% | 夏普=-1.50 | DD=-4.8% | 交易=14
  [400/2880] w=10 std=2.5 atr=3.0 hold=36 rsi=40 ez=0.0 | 评分=0.0000 | 收益=-9.37% | 夏普=-2.78 | DD=-11.4% | 交易=39
  [401/2880] w=10 std=3.0 atr=1.5 hold=8 rsi=25 ez=0.0 | 评分=0.2000 | 收益=0.00% | 夏普=0.00 | DD=0.0% | 交易=0
  [402/2880] w=10 std=3.0 atr=1.5 hold=8 rsi=30 ez=0.0 | 评分=0.2649 | 收益=-0.03% | 夏普=-0.16 | DD=-0.2% | 交易=1
  [450/2880] w=10 std=3.0 atr=2.5 hold=18 rsi=30 ez=0.0 | 评分=0.1634 | 收益=-0.19% | 夏普=-0.89 | DD=-0.3% | 交易=1
  [500/2880] w=12 std=1.5 atr=1.5 hold=36 rsi=40 ez=0.0 | 评分=0.0000 | 收益=-22.38% | 夏普=-2.50 | DD=-22.4% | 交易=128
  [550/2880] w=12 std=1.5 atr=3.0 hold=18 rsi=30 ez=0.0 | 评分=0.0000 | 收益=-18.04% | 夏普=-2.15 | DD=-18.2% | 交易=79
  [600/2880] w=12 std=1.8 atr=2.0 hold=36 rsi=40 ez=0.0 | 评分=0.0000 | 收益=-19.79% | 夏普=-2.51 | DD=-19.9% | 交易=94
  [650/2880] w=12 std=2.0 atr=1.5 hold=18 rsi=30 ez=0.0 | 评分=0.0000 | 收益=-12.62% | 夏普=-2.80 | DD=-13.6% | 交易=57
  [700/2880] w=12 std=2.0 atr=2.5 hold=36 rsi=40 ez=0.0 | 评分=0.0000 | 收益=-18.76% | 夏普=-2.45 | DD=-18.9% | 交易=81
  [750/2880] w=12 std=2.2 atr=2.0 hold=18 rsi=30 ez=0.0 | 评分=0.0000 | 收益=-9.83% | 夏普=-2.60 | DD=-10.7% | 交易=36
  [800/2880] w=12 std=2.2 atr=3.0 hold=36 rsi=40 ez=0.0 | 评分=0.0000 | 收益=-16.32% | 夏普=-2.69 | DD=-17.1% | 交易=66
  [850/2880] w=12 std=2.5 atr=2.5 hold=18 rsi=30 ez=0.0 | 评分=0.0000 | 收益=-4.98% | 夏普=-2.04 | DD=-5.8% | 交易=18
  [900/2880] w=12 std=3.0 atr=1.5 hold=36 rsi=40 ez=0.0 | 评分=0.0000 | 收益=-6.97% | 夏普=-4.30 | DD=-7.0% | 交易=39
  [950/2880] w=12 std=3.0 atr=3.0 hold=18 rsi=30 ez=0.0 | 评分=0.0000 | 收益=-0.72% | 夏普=-2.06 | DD=-0.7% | 交易=2
  [1000/2880] w=15 std=1.5 atr=2.0 hold=36 rsi=40 ez=0.0 | 评分=0.0000 | 收益=-20.21% | 夏普=-2.35 | DD=-20.4% | 交易=112
  [1050/2880] w=15 std=1.8 atr=1.5 hold=18 rsi=30 ez=0.0 | 评分=0.0000 | 收益=-12.14% | 夏普=-2.72 | DD=-12.7% | 交易=69
  [1100/2880] w=15 std=1.8 atr=2.5 hold=36 rsi=40 ez=0.0 | 评分=0.0000 | 收益=-13.86% | 夏普=-2.16 | DD=-14.9% | 交易=86
  [1150/2880] w=15 std=2.0 atr=2.0 hold=18 rsi=30 ez=0.0 | 评分=0.0000 | 收益=-8.96% | 夏普=-2.14 | DD=-10.7% | 交易=51
  [1200/2880] w=15 std=2.0 atr=3.0 hold=36 rsi=40 ez=0.0 | 评分=0.0000 | 收益=-15.88% | 夏普=-2.34 | DD=-16.7% | 交易=77
  [1250/2880] w=15 std=2.2 atr=2.5 hold=18 rsi=30 ez=0.0 | 评分=0.0000 | 收益=-11.01% | 夏普=-2.51 | DD=-11.7% | 交易=43
  [1300/2880] w=15 std=2.5 atr=1.5 hold=36 rsi=40 ez=0.0 | 评分=0.0000 | 收益=-11.65% | 夏普=-3.36 | DD=-11.6% | 交易=64
  [1350/2880] w=15 std=2.5 atr=3.0 hold=18 rsi=30 ez=0.0 | 评分=0.0000 | 收益=-3.91% | 夏普=-1.73 | DD=-4.5% | 交易=21
  [1361/2880] w=15 std=3.0 atr=1.5 hold=8 rsi=25 ez=0.0 | 评分=0.3255 | 收益=0.16% | 夏普=0.20 | DD=-0.8% | 交易=6
  [1362/2880] w=15 std=3.0 atr=1.5 hold=8 rsi=30 ez=0.0 | 评分=0.3552 | 收益=0.07% | 夏普=0.09 | DD=-0.8% | 交易=9
  [1400/2880] w=15 std=3.0 atr=2.0 hold=36 rsi=40 ez=0.0 | 评分=0.0000 | 收益=-6.79% | 夏普=-2.77 | DD=-6.9% | 交易=48
  [1425/2880] w=15 std=3.0 atr=3.0 hold=12 rsi=25 ez=0.0 | 评分=0.3814 | 收益=0.40% | 夏普=0.36 | DD=-0.8% | 交易=6
  [1450/2880] w=20 std=1.5 atr=1.5 hold=18 rsi=30 ez=0.0 | 评分=0.0000 | 收益=-14.33% | 夏普=-2.58 | DD=-14.5% | 交易=86
  [1500/2880] w=20 std=1.5 atr=2.5 hold=36 rsi=40 ez=0.0 | 评分=0.0000 | 收益=-15.34% | 夏普=-2.10 | DD=-16.1% | 交易=100
  [1550/2880] w=20 std=1.8 atr=2.0 hold=18 rsi=30 ez=0.0 | 评分=0.0000 | 收益=-8.30% | 夏普=-2.02 | DD=-8.8% | 交易=57
  [1600/2880] w=20 std=1.8 atr=3.0 hold=36 rsi=40 ez=0.0 | 评分=0.0000 | 收益=-15.40% | 夏普=-2.19 | DD=-16.4% | 交易=87
  [1650/2880] w=20 std=2.0 atr=2.5 hold=18 rsi=30 ez=0.0 | 评分=0.0000 | 收益=-5.53% | 夏普=-1.55 | DD=-6.7% | 交易=44
  [1700/2880] w=20 std=2.2 atr=1.5 hold=36 rsi=40 ez=0.0 | 评分=0.0000 | 收益=-14.81% | 夏普=-2.74 | DD=-15.1% | 交易=97
  [1750/2880] w=20 std=2.2 atr=3.0 hold=18 rsi=30 ez=0.0 | 评分=0.0000 | 收益=-4.75% | 夏普=-1.46 | DD=-6.5% | 交易=38
  [1800/2880] w=20 std=2.5 atr=2.0 hold=36 rsi=40 ez=0.0 | 评分=0.0000 | 收益=-10.32% | 夏普=-2.28 | DD=-11.6% | 交易=75
  [1850/2880] w=20 std=3.0 atr=1.5 hold=18 rsi=30 ez=0.0 | 评分=0.0000 | 收益=-2.32% | 夏普=-1.62 | DD=-3.2% | 交易=18
  [1893/2880] w=20 std=3.0 atr=2.5 hold=24 rsi=25 ez=0.0 | 评分=0.4004 | 收益=0.27% | 夏普=0.17 | DD=-2.0% | 交易=12
  [1900/2880] w=20 std=3.0 atr=2.5 hold=36 rsi=40 ez=0.0 | 评分=0.0000 | 收益=-5.98% | 夏普=-1.91 | DD=-7.8% | 交易=57
  [1905/2880] w=20 std=3.0 atr=3.0 hold=12 rsi=25 ez=0.0 | 评分=0.4087 | 收益=0.29% | 夏普=0.19 | DD=-1.6% | 交易=12
  [1950/2880] w=25 std=1.5 atr=2.0 hold=18 rsi=30 ez=0.0 | 评分=0.0000 | 收益=-15.67% | 夏普=-2.45 | DD=-15.8% | 交易=75
  [2000/2880] w=25 std=1.5 atr=3.0 hold=36 rsi=40 ez=0.0 | 评分=0.0000 | 收益=-16.94% | 夏普=-2.01 | DD=-17.0% | 交易=96
  [2050/2880] w=25 std=1.8 atr=2.5 hold=18 rsi=30 ez=0.0 | 评分=0.0000 | 收益=-8.53% | 夏普=-1.91 | DD=-9.2% | 交易=49
  [2100/2880] w=25 std=2.0 atr=1.5 hold=36 rsi=40 ez=0.0 | 评分=0.0000 | 收益=-16.15% | 夏普=-2.53 | DD=-16.4% | 交易=110
  [2150/2880] w=25 std=2.0 atr=3.0 hold=18 rsi=30 ez=0.0 | 评分=0.0000 | 收益=-8.32% | 夏普=-1.98 | DD=-9.0% | 交易=43
  [2200/2880] w=25 std=2.2 atr=2.0 hold=36 rsi=40 ez=0.0 | 评分=0.0000 | 收益=-8.31% | 夏普=-1.74 | DD=-9.6% | 交易=88
  [2250/2880] w=25 std=2.5 atr=1.5 hold=18 rsi=30 ez=0.0 | 评分=0.0000 | 收益=-4.29% | 夏普=-1.66 | DD=-6.2% | 交易=35
  [2285/2880] w=25 std=2.5 atr=2.5 hold=12 rsi=25 ez=0.0 | 评分=0.4189 | 收益=-0.12% | 夏普=-0.05 | DD=-2.6% | 交易=24
  [2300/2880] w=25 std=2.5 atr=2.5 hold=36 rsi=40 ez=0.0 | 评分=0.0000 | 收益=-3.92% | 夏普=-1.08 | DD=-6.5% | 交易=70
  [2350/2880] w=25 std=3.0 atr=2.0 hold=18 rsi=30 ez=0.0 | 评分=0.0000 | 收益=-3.37% | 夏普=-1.86 | DD=-3.6% | 交易=20
  [2400/2880] w=25 std=3.0 atr=3.0 hold=36 rsi=40 ez=0.0 | 评分=0.0000 | 收益=-5.31% | 夏普=-1.57 | DD=-7.2% | 交易=57
  [2450/2880] w=30 std=1.5 atr=2.5 hold=18 rsi=30 ez=0.0 | 评分=0.0000 | 收益=-8.64% | 夏普=-1.78 | DD=-9.8% | 交易=59
  [2500/2880] w=30 std=1.8 atr=1.5 hold=36 rsi=40 ez=0.0 | 评分=0.0000 | 收益=-12.85% | 夏普=-2.21 | DD=-13.3% | 交易=113
  [2550/2880] w=30 std=1.8 atr=3.0 hold=18 rsi=30 ez=0.0 | 评分=0.0000 | 收益=-7.53% | 夏普=-1.75 | DD=-8.1% | 交易=48
  [2600/2880] w=30 std=2.0 atr=2.0 hold=36 rsi=40 ez=0.0 | 评分=0.0000 | 收益=-8.51% | 夏普=-1.71 | DD=-8.8% | 交易=88
  [2650/2880] w=30 std=2.2 atr=1.5 hold=18 rsi=30 ez=0.0 | 评分=0.0000 | 收益=-7.71% | 夏普=-2.35 | DD=-8.1% | 交易=47
  [2700/2880] w=30 std=2.2 atr=2.5 hold=36 rsi=40 ez=0.0 | 评分=0.0000 | 收益=-4.41% | 夏普=-1.16 | DD=-5.5% | 交易=68
  [2750/2880] w=30 std=2.5 atr=2.0 hold=18 rsi=30 ez=0.0 | 评分=0.0000 | 收益=-2.63% | 夏普=-0.99 | DD=-3.4% | 交易=33
Stage 1 时间预算即将耗尽，提前结束
Stage 1 时间预算即将耗尽，提前结束
Stage 1 时间预算即将耗尽，提前结束
Stage 1 时间预算即将耗尽，提前结束
Stage 1 时间预算即将耗尽，提前结束
Stage 1 时间预算即将耗尽，提前结束
Stage 1 时间预算即将耗尽，提前结束
Stage 1 时间预算即将耗尽，提前结束
Stage 1 时间预算即将耗尽，提前结束
Stage 1 时间预算即将耗尽，提前结束
Stage 1 时间预算即将耗尽，提前结束
Stage 1 时间预算即将耗尽，提前结束
Stage 1 时间预算即将耗尽，提前结束
Stage 1 时间预算即将耗尽，提前结束
Stage 1 时间预算即将耗尽，提前结束
Stage 1 时间预算即将耗尽，提前结束
Stage 1 时间预算即将耗尽，提前结束
Stage 1 时间预算即将耗尽，提前结束
Stage 1 时间预算即将耗尽，提前结束
Stage 1 时间预算即将耗尽，提前结束
Stage 1 时间预算即将耗尽，提前结束
Stage 1 时间预算即将耗尽，提前结束
Stage 1 时间预算即将耗尽，提前结束
Stage 1 时间预算即将耗尽，提前结束
Stage 1 时间预算即将耗尽，提前结束
Stage 1 时间预算即将耗尽，提前结束
Stage 1 时间预算即将耗尽，提前结束
Stage 1 时间预算即将耗尽，提前结束
Stage 1 时间预算即将耗尽，提前结束
Stage 1 时间预算即将耗尽，提前结束
Stage 1 时间预算即将耗尽，提前结束
Stage 1 时间预算即将耗尽，提前结束
Stage 1 时间预算即将耗尽，提前结束
Stage 1 时间预算即将耗尽，提前结束
Stage 1 时间预算即将耗尽，提前结束
Stage 1 时间预算即将耗尽，提前结束
Stage 1 时间预算即将耗尽，提前结束
Stage 1 时间预算即将耗尽，提前结束
Stage 1 时间预算即将耗尽，提前结束
Stage 1 时间预算即将耗尽，提前结束
Stage 1 时间预算即将耗尽，提前结束
Stage 1 时间预算即将耗尽，提前结束
Stage 1 时间预算即将耗尽，提前结束
Stage 1 时间预算即将耗尽，提前结束
Stage 1 时间预算即将耗尽，提前结束
Stage 1 时间预算即将耗尽，提前结束
Stage 1 时间预算即将耗尽，提前结束
Stage 1 时间预算即将耗尽，提前结束
Stage 1 时间预算即将耗尽，提前结束
Stage 1 时间预算即将耗尽，提前结束
Stage 1 时间预算即将耗尽，提前结束
Stage 1 时间预算即将耗尽，提前结束
Stage 1 时间预算即将耗尽，提前结束
Stage 1 时间预算即将耗尽，提前结束
Stage 1 时间预算即将耗尽，提前结束
Stage 1 时间预算即将耗尽，提前结束
Stage 1 时间预算即将耗尽，提前结束
Stage 1 时间预算即将耗尽，提前结束
Stage 1 时间预算即将耗尽，提前结束
Stage 1 时间预算即将耗尽，提前结束
Stage 1 时间预算即将耗尽，提前结束
Stage 1 时间预算即将耗尽，提前结束
Stage 1 时间预算即将耗尽，提前结束
Stage 1 时间预算即将耗尽，提前结束
Stage 1 时间预算即将耗尽，提前结束
Stage 1 时间预算即将耗尽，提前结束
Stage 1 时间预算即将耗尽，提前结束
Stage 1 时间预算即将耗尽，提前结束
Stage 1 时间预算即将耗尽，提前结束
Stage 1 时间预算即将耗尽，提前结束
Stage 1 时间预算即将耗尽，提前结束
Stage 1 时间预算即将耗尽，提前结束
Stage 1 时间预算即将耗尽，提前结束
Stage 1 时间预算即将耗尽，提前结束
Stage 1 时间预算即将耗尽，提前结束
Stage 1 时间预算即将耗尽，提前结束
Stage 1 时间预算即将耗尽，提前结束
Stage 1 时间预算即将耗尽，提前结束
Stage 1 时间预算即将耗尽，提前结束
Stage 1 时间预算即将耗尽，提前结束
Stage 1 时间预算即将耗尽，提前结束
Stage 1 时间预算即将耗尽，提前结束
Stage 1 时间预算即将耗尽，提前结束
Stage 1 时间预算即将耗尽，提前结束
Stage 1 时间预算即将耗尽，提前结束
Stage 1 时间预算即将耗尽，提前结束
Stage 1 时间预算即将耗尽，提前结束
Stage 1 时间预算即将耗尽，提前结束
Stage 1 时间预算即将耗尽，提前结束
Stage 1 时间预算即将耗尽，提前结束
Stage 1 时间预算即将耗尽，提前结束
Stage 1 时间预算即将耗尽，提前结束
Stage 1 时间预算即将耗尽，提前结束
Stage 1 时间预算即将耗尽，提前结束
Stage 1 时间预算即将耗尽，提前结束
Stage 1 时间预算即将耗尽，提前结束
Stage 1 时间预算即将耗尽，提前结束
Stage 1 时间预算即将耗尽，提前结束
Stage 1 时间预算即将耗尽，提前结束
Stage 1 时间预算即将耗尽，提前结束
Stage 1 时间预算即将耗尽，提前结束
Stage 1 时间预算即将耗尽，提前结束
Stage 1 时间预算即将耗尽，提前结束
Stage 1 时间预算即将耗尽，提前结束
Stage 1 时间预算即将耗尽，提前结束
Stage 1 时间预算即将耗尽，提前结束
Stage 1 时间预算即将耗尽，提前结束

Stage 1 完成: 2773/2880 组合, 耗时 135.0s
  最优核心参数: w=25 std=2.5 atr=2.5 hold=12 rsi=25 ez=0.0
  评分=0.4189 收益=-0.12%

Stage 2: 指标组合搜索 (35 种组合)
  时间预算: 165s

  [6/35] use_volume                               | 评分=0.5353 | 收益=0.92% | 夏普=0.47 | DD=-2.2% | 交易=23 <<< NEW BEST
  [10/35] use_adx+use_volume                       | 评分=0.0000 | 收益=-3.66% | 交易=30
  [19/35] use_mfi                                  | 评分=0.6159 | 收益=0.89% | 夏普=0.39 | DD=-2.9% | 交易=41 <<< NEW BEST
  [20/35] use_mfi                                  | 评分=0.0000 | 收益=-3.43% | 交易=52
  [22/35] use_stochastic                           | 评分=0.6680 | 收益=1.44% | 夏普=0.66 | DD=-2.7% | 交易=37 <<< NEW BEST
  [30/35] use_macd_divergence                      | 评分=0.6680 | 收益=1.44% | 交易=37

Stage 2 完成: 35/35 组合, 耗时 2.3s
  活跃指标: use_volume=True, volume_threshold=1.2, use_mfi=True, mfi_threshold=20, use_stochastic=True, stoch_threshold=20


============================================================
训练币种: SOLUSDT
============================================================
数据量: 58700 条K线, 价格范围: 75.87 - 97.63
Stage 1: 核心参数搜索 (训练集 52830 条, 验证集 5870 条)
  参数组合: 2880, 时间预算: 150s

  [1/2880] w=10 std=1.5 atr=1.5 hold=8 rsi=25 ez=0.0 | 评分=0.0000 | 收益=-48.48% | 夏普=-4.43 | DD=-48.5% | 交易=383
  [50/2880] w=10 std=1.5 atr=2.5 hold=18 rsi=30 ez=0.0 | 评分=0.0000 | 收益=-39.53% | 夏普=-3.70 | DD=-39.6% | 交易=287
  [100/2880] w=10 std=1.8 atr=1.5 hold=36 rsi=40 ez=0.0 | 评分=0.0000 | 收益=-44.05% | 夏普=-4.42 | DD=-44.1% | 交易=335
  [150/2880] w=10 std=1.8 atr=3.0 hold=18 rsi=30 ez=0.0 | 评分=0.0000 | 收益=-31.97% | 夏普=-3.64 | DD=-32.0% | 交易=218
  [200/2880] w=10 std=2.0 atr=2.0 hold=36 rsi=40 ez=0.0 | 评分=0.0000 | 收益=-37.25% | 夏普=-4.25 | DD=-37.3% | 交易=258
  [250/2880] w=10 std=2.2 atr=1.5 hold=18 rsi=30 ez=0.0 | 评分=0.0000 | 收益=-17.21% | 夏普=-4.01 | DD=-17.3% | 交易=113
  [300/2880] w=10 std=2.2 atr=2.5 hold=36 rsi=40 ez=0.0 | 评分=0.0000 | 收益=-28.42% | 夏普=-4.04 | DD=-28.6% | 交易=182
  [350/2880] w=10 std=2.5 atr=2.0 hold=18 rsi=30 ez=0.0 | 评分=0.0000 | 收益=-6.79% | 夏普=-2.59 | DD=-6.8% | 交易=35
  [400/2880] w=10 std=2.5 atr=3.0 hold=36 rsi=40 ez=0.0 | 评分=0.0000 | 收益=-19.36% | 夏普=-3.94 | DD=-19.4% | 交易=114
  [401/2880] w=10 std=3.0 atr=1.5 hold=8 rsi=25 ez=0.0 | 评分=0.2000 | 收益=0.00% | 夏普=0.00 | DD=0.0% | 交易=0
  [450/2880] w=10 std=3.0 atr=2.5 hold=18 rsi=30 ez=0.0 | 评分=0.0000 | 收益=-0.99% | 夏普=-1.79 | DD=-1.0% | 交易=4
  [500/2880] w=12 std=1.5 atr=1.5 hold=36 rsi=40 ez=0.0 | 评分=0.0000 | 收益=-54.24% | 夏普=-4.19 | DD=-54.2% | 交易=430
  [550/2880] w=12 std=1.5 atr=3.0 hold=18 rsi=30 ez=0.0 | 评分=0.0000 | 收益=-36.10% | 夏普=-3.57 | DD=-36.2% | 交易=256
  [600/2880] w=12 std=1.8 atr=2.0 hold=36 rsi=40 ez=0.0 | 评分=0.0000 | 收益=-46.47% | 夏普=-4.11 | DD=-46.5% | 交易=327
  [650/2880] w=12 std=2.0 atr=1.5 hold=18 rsi=30 ez=0.0 | 评分=0.0000 | 收益=-29.34% | 夏普=-4.38 | DD=-29.3% | 交易=196
  [700/2880] w=12 std=2.0 atr=2.5 hold=36 rsi=40 ez=0.0 | 评分=0.0000 | 收益=-38.33% | 夏普=-3.92 | DD=-38.5% | 交易=255
  [750/2880] w=12 std=2.2 atr=2.0 hold=18 rsi=30 ez=0.0 | 评分=0.0000 | 收益=-19.56% | 夏普=-3.51 | DD=-19.7% | 交易=129
  [800/2880] w=12 std=2.2 atr=3.0 hold=36 rsi=40 ez=0.0 | 评分=0.0000 | 收益=-31.21% | 夏普=-3.78 | DD=-31.3% | 交易=200
Stage 1 时间预算即将耗尽，提前结束
Stage 1 时间预算即将耗尽，提前结束
Stage 1 时间预算即将耗尽，提前结束
Stage 1 时间预算即将耗尽，提前结束
Stage 1 时间预算即将耗尽，提前结束
Stage 1 时间预算即将耗尽，提前结束
Stage 1 时间预算即将耗尽，提前结束
Stage 1 时间预算即将耗尽，提前结束
Stage 1 时间预算即将耗尽，提前结束
Stage 1 时间预算即将耗尽，提前结束
Stage 1 时间预算即将耗尽，提前结束
Stage 1 时间预算即将耗尽，提前结束
Stage 1 时间预算即将耗尽，提前结束
Stage 1 时间预算即将耗尽，提前结束
Stage 1 时间预算即将耗尽，提前结束
Stage 1 时间预算即将耗尽，提前结束
Stage 1 时间预算即将耗尽，提前结束
Stage 1 时间预算即将耗尽，提前结束
Stage 1 时间预算即将耗尽，提前结束
Stage 1 时间预算即将耗尽，提前结束
Stage 1 时间预算即将耗尽，提前结束
Stage 1 时间预算即将耗尽，提前结束
Stage 1 时间预算即将耗尽，提前结束
Stage 1 时间预算即将耗尽，提前结束
Stage 1 时间预算即将耗尽，提前结束
Stage 1 时间预算即将耗尽，提前结束
Stage 1 时间预算即将耗尽，提前结束
Stage 1 时间预算即将耗尽，提前结束
Stage 1 时间预算即将耗尽，提前结束
Stage 1 时间预算即将耗尽，提前结束
Stage 1 时间预算即将耗尽，提前结束
Stage 1 时间预算即将耗尽，提前结束
Stage 1 时间预算即将耗尽，提前结束
Stage 1 时间预算即将耗尽，提前结束
Stage 1 时间预算即将耗尽，提前结束
Stage 1 时间预算即将耗尽，提前结束
Stage 1 时间预算即将耗尽，提前结束
Stage 1 时间预算即将耗尽，提前结束
Stage 1 时间预算即将耗尽，提前结束
Stage 1 时间预算即将耗尽，提前结束
Stage 1 时间预算即将耗尽，提前结束
Stage 1 时间预算即将耗尽，提前结束
Stage 1 时间预算即将耗尽，提前结束
Stage 1 时间预算即将耗尽，提前结束
Stage 1 时间预算即将耗尽，提前结束
Stage 1 时间预算即将耗尽，提前结束
Stage 1 时间预算即将耗尽，提前结束
Stage 1 时间预算即将耗尽，提前结束
Stage 1 时间预算即将耗尽，提前结束
Stage 1 时间预算即将耗尽，提前结束
Stage 1 时间预算即将耗尽，提前结束
Stage 1 时间预算即将耗尽，提前结束
Stage 1 时间预算即将耗尽，提前结束
Stage 1 时间预算即将耗尽，提前结束
Stage 1 时间预算即将耗尽，提前结束
Stage 1 时间预算即将耗尽，提前结束
Stage 1 时间预算即将耗尽，提前结束
Stage 1 时间预算即将耗尽，提前结束
Stage 1 时间预算即将耗尽，提前结束
Stage 1 时间预算即将耗尽，提前结束
Stage 1 时间预算即将耗尽，提前结束
Stage 1 时间预算即将耗尽，提前结束
Stage 1 时间预算即将耗尽，提前结束
Stage 1 时间预算即将耗尽，提前结束
Stage 1 时间预算即将耗尽，提前结束
Stage 1 时间预算即将耗尽，提前结束
Stage 1 时间预算即将耗尽，提前结束
Stage 1 时间预算即将耗尽，提前结束
Stage 1 时间预算即将耗尽，提前结束
Stage 1 时间预算即将耗尽，提前结束
Stage 1 时间预算即将耗尽，提前结束
Stage 1 时间预算即将耗尽，提前结束
Stage 1 时间预算即将耗尽，提前结束
Stage 1 时间预算即将耗尽，提前结束
Stage 1 时间预算即将耗尽，提前结束
Stage 1 时间预算即将耗尽，提前结束
Stage 1 时间预算即将耗尽，提前结束
Stage 1 时间预算即将耗尽，提前结束
Stage 1 时间预算即将耗尽，提前结束
Stage 1 时间预算即将耗尽，提前结束
Stage 1 时间预算即将耗尽，提前结束
Stage 1 时间预算即将耗尽，提前结束
Stage 1 时间预算即将耗尽，提前结束
Stage 1 时间预算即将耗尽，提前结束
Stage 1 时间预算即将耗尽，提前结束
Stage 1 时间预算即将耗尽，提前结束
Stage 1 时间预算即将耗尽，提前结束
Stage 1 时间预算即将耗尽，提前结束
Stage 1 时间预算即将耗尽，提前结束
Stage 1 时间预算即将耗尽，提前结束
Stage 1 时间预算即将耗尽，提前结束
Stage 1 时间预算即将耗尽，提前结束
Stage 1 时间预算即将耗尽，提前结束
Stage 1 时间预算即将耗尽，提前结束
Stage 1 时间预算即将耗尽，提前结束
Stage 1 时间预算即将耗尽，提前结束
Stage 1 时间预算即将耗尽，提前结束
Stage 1 时间预算即将耗尽，提前结束
Stage 1 时间预算即将耗尽，提前结束
Stage 1 时间预算即将耗尽，提前结束
Stage 1 时间预算即将耗尽，提前结束
Stage 1 时间预算即将耗尽，提前结束
Stage 1 时间预算即将耗尽，提前结束
Stage 1 时间预算即将耗尽，提前结束
Stage 1 时间预算即将耗尽，提前结束
Stage 1 时间预算即将耗尽，提前结束
Stage 1 时间预算即将耗尽，提前结束
Stage 1 时间预算即将耗尽，提前结束
Stage 1 时间预算即将耗尽，提前结束
Stage 1 时间预算即将耗尽，提前结束
Stage 1 时间预算即将耗尽，提前结束
Stage 1 时间预算即将耗尽，提前结束
Stage 1 时间预算即将耗尽，提前结束
Stage 1 时间预算即将耗尽，提前结束
Stage 1 时间预算即将耗尽，提前结束
Stage 1 时间预算即将耗尽，提前结束
Stage 1 时间预算即将耗尽，提前结束
Stage 1 时间预算即将耗尽，提前结束
Stage 1 时间预算即将耗尽，提前结束
Stage 1 时间预算即将耗尽，提前结束
Stage 1 时间预算即将耗尽，提前结束
Stage 1 时间预算即将耗尽，提前结束
Stage 1 时间预算即将耗尽，提前结束
Stage 1 时间预算即将耗尽，提前结束
Stage 1 时间预算即将耗尽，提前结束
Stage 1 时间预算即将耗尽，提前结束
Stage 1 时间预算即将耗尽，提前结束
Stage 1 时间预算即将耗尽，提前结束
Stage 1 时间预算即将耗尽，提前结束
Stage 1 时间预算即将耗尽，提前结束
Stage 1 时间预算即将耗尽，提前结束
Stage 1 时间预算即将耗尽，提前结束
Stage 1 时间预算即将耗尽，提前结束
Stage 1 时间预算即将耗尽，提前结束
Stage 1 时间预算即将耗尽，提前结束
Stage 1 时间预算即将耗尽，提前结束
Stage 1 时间预算即将耗尽，提前结束
Stage 1 时间预算即将耗尽，提前结束
Stage 1 时间预算即将耗尽，提前结束
Stage 1 时间预算即将耗尽，提前结束
Stage 1 时间预算即将耗尽，提前结束
Stage 1 时间预算即将耗尽，提前结束
Stage 1 时间预算即将耗尽，提前结束
Stage 1 时间预算即将耗尽，提前结束
Stage 1 时间预算即将耗尽，提前结束
Stage 1 时间预算即将耗尽，提前结束
Stage 1 时间预算即将耗尽，提前结束
Stage 1 时间预算即将耗尽，提前结束
Stage 1 时间预算即将耗尽，提前结束
Stage 1 时间预算即将耗尽，提前结束
Stage 1 时间预算即将耗尽，提前结束
Stage 1 时间预算即将耗尽，提前结束
Stage 1 时间预算即将耗尽，提前结束
Stage 1 时间预算即将耗尽，提前结束
Stage 1 时间预算即将耗尽，提前结束
Stage 1 时间预算即将耗尽，提前结束
Stage 1 时间预算即将耗尽，提前结束
Stage 1 时间预算即将耗尽，提前结束
Stage 1 时间预算即将耗尽，提前结束
Stage 1 时间预算即将耗尽，提前结束
Stage 1 时间预算即将耗尽，提前结束
Stage 1 时间预算即将耗尽，提前结束
Stage 1 时间预算即将耗尽，提前结束
Stage 1 时间预算即将耗尽，提前结束
Stage 1 时间预算即将耗尽，提前结束
Stage 1 时间预算即将耗尽，提前结束
Stage 1 时间预算即将耗尽，提前结束
Stage 1 时间预算即将耗尽，提前结束
Stage 1 时间预算即将耗尽，提前结束
Stage 1 时间预算即将耗尽，提前结束
Stage 1 时间预算即将耗尽，提前结束
Stage 1 时间预算即将耗尽，提前结束
Stage 1 时间预算即将耗尽，提前结束
Stage 1 时间预算即将耗尽，提前结束
Stage 1 时间预算即将耗尽，提前结束
Stage 1 时间预算即将耗尽，提前结束
Stage 1 时间预算即将耗尽，提前结束
Stage 1 时间预算即将耗尽，提前结束
Stage 1 时间预算即将耗尽，提前结束
Stage 1 时间预算即将耗尽，提前结束
Stage 1 时间预算即将耗尽，提前结束
Stage 1 时间预算即将耗尽，提前结束
Stage 1 时间预算即将耗尽，提前结束
Stage 1 时间预算即将耗尽，提前结束
Stage 1 时间预算即将耗尽，提前结束
Stage 1 时间预算即将耗尽，提前结束
Stage 1 时间预算即将耗尽，提前结束
Stage 1 时间预算即将耗尽，提前结束
Stage 1 时间预算即将耗尽，提前结束
Stage 1 时间预算即将耗尽，提前结束
Stage 1 时间预算即将耗尽，提前结束
Stage 1 时间预算即将耗尽，提前结束
Stage 1 时间预算即将耗尽，提前结束
Stage 1 时间预算即将耗尽，提前结束
Stage 1 时间预算即将耗尽，提前结束
Stage 1 时间预算即将耗尽，提前结束
Stage 1 时间预算即将耗尽，提前结束
Stage 1 时间预算即将耗尽，提前结束
Stage 1 时间预算即将耗尽，提前结束
Stage 1 时间预算即将耗尽，提前结束
Stage 1 时间预算即将耗尽，提前结束
Stage 1 时间预算即将耗尽，提前结束
Stage 1 时间预算即将耗尽，提前结束
Stage 1 时间预算即将耗尽，提前结束
Stage 1 时间预算即将耗尽，提前结束
Stage 1 时间预算即将耗尽，提前结束
Stage 1 时间预算即将耗尽，提前结束
Stage 1 时间预算即将耗尽，提前结束
Stage 1 时间预算即将耗尽，提前结束
Stage 1 时间预算即将耗尽，提前结束
Stage 1 时间预算即将耗尽，提前结束
Stage 1 时间预算即将耗尽，提前结束
Stage 1 时间预算即将耗尽，提前结束
Stage 1 时间预算即将耗尽，提前结束
Stage 1 时间预算即将耗尽，提前结束
Stage 1 时间预算即将耗尽，提前结束
Stage 1 时间预算即将耗尽，提前结束
Stage 1 时间预算即将耗尽，提前结束
Stage 1 时间预算即将耗尽，提前结束
Stage 1 时间预算即将耗尽，提前结束
Stage 1 时间预算即将耗尽，提前结束
Stage 1 时间预算即将耗尽，提前结束
Stage 1 时间预算即将耗尽，提前结束
Stage 1 时间预算即将耗尽，提前结束
Stage 1 时间预算即将耗尽，提前结束
Stage 1 时间预算即将耗尽，提前结束
Stage 1 时间预算即将耗尽，提前结束
Stage 1 时间预算即将耗尽，提前结束
Stage 1 时间预算即将耗尽，提前结束
Stage 1 时间预算即将耗尽，提前结束
Stage 1 时间预算即将耗尽，提前结束
Stage 1 时间预算即将耗尽，提前结束
Stage 1 时间预算即将耗尽，提前结束
Stage 1 时间预算即将耗尽，提前结束
Stage 1 时间预算即将耗尽，提前结束
Stage 1 时间预算即将耗尽，提前结束
Stage 1 时间预算即将耗尽，提前结束
Stage 1 时间预算即将耗尽，提前结束
Stage 1 时间预算即将耗尽，提前结束
Stage 1 时间预算即将耗尽，提前结束
Stage 1 时间预算即将耗尽，提前结束
Stage 1 时间预算即将耗尽，提前结束
Stage 1 时间预算即将耗尽，提前结束
Stage 1 时间预算即将耗尽，提前结束
Stage 1 时间预算即将耗尽，提前结束
Stage 1 时间预算即将耗尽，提前结束
Stage 1 时间预算即将耗尽，提前结束
Stage 1 时间预算即将耗尽，提前结束
Stage 1 时间预算即将耗尽，提前结束
Stage 1 时间预算即将耗尽，提前结束
Stage 1 时间预算即将耗尽，提前结束
Stage 1 时间预算即将耗尽，提前结束
Stage 1 时间预算即将耗尽，提前结束
Stage 1 时间预算即将耗尽，提前结束
Stage 1 时间预算即将耗尽，提前结束
Stage 1 时间预算即将耗尽，提前结束
Stage 1 时间预算即将耗尽，提前结束
Stage 1 时间预算即将耗尽，提前结束
Stage 1 时间预算即将耗尽，提前结束
Stage 1 时间预算即将耗尽，提前结束
Stage 1 时间预算即将耗尽，提前结束
Stage 1 时间预算即将耗尽，提前结束
Stage 1 时间预算即将耗尽，提前结束
Stage 1 时间预算即将耗尽，提前结束
Stage 1 时间预算即将耗尽，提前结束
Stage 1 时间预算即将耗尽，提前结束
Stage 1 时间预算即将耗尽，提前结束
Stage 1 时间预算即将耗尽，提前结束
Stage 1 时间预算即将耗尽，提前结束
Stage 1 时间预算即将耗尽，提前结束
Stage 1 时间预算即将耗尽，提前结束
Stage 1 时间预算即将耗尽，提前结束
Stage 1 时间预算即将耗尽，提前结束
Stage 1 时间预算即将耗尽，提前结束
Stage 1 时间预算即将耗尽，提前结束
Stage 1 时间预算即将耗尽，提前结束
Stage 1 时间预算即将耗尽，提前结束
Stage 1 时间预算即将耗尽，提前结束
Stage 1 时间预算即将耗尽，提前结束
Stage 1 时间预算即将耗尽，提前结束
Stage 1 时间预算即将耗尽，提前结束
Stage 1 时间预算即将耗尽，提前结束
Stage 1 时间预算即将耗尽，提前结束
Stage 1 时间预算即将耗尽，提前结束
Stage 1 时间预算即将耗尽，提前结束
Stage 1 时间预算即将耗尽，提前结束
Stage 1 时间预算即将耗尽，提前结束
Stage 1 时间预算即将耗尽，提前结束
Stage 1 时间预算即将耗尽，提前结束
Stage 1 时间预算即将耗尽，提前结束
Stage 1 时间预算即将耗尽，提前结束
Stage 1 时间预算即将耗尽，提前结束
Stage 1 时间预算即将耗尽，提前结束
Stage 1 时间预算即将耗尽，提前结束
Stage 1 时间预算即将耗尽，提前结束
Stage 1 时间预算即将耗尽，提前结束
Stage 1 时间预算即将耗尽，提前结束
Stage 1 时间预算即将耗尽，提前结束
Stage 1 时间预算即将耗尽，提前结束
Stage 1 时间预算即将耗尽，提前结束
Stage 1 时间预算即将耗尽，提前结束
Stage 1 时间预算即将耗尽，提前结束
Stage 1 时间预算即将耗尽，提前结束
Stage 1 时间预算即将耗尽，提前结束
Stage 1 时间预算即将耗尽，提前结束
Stage 1 时间预算即将耗尽，提前结束
Stage 1 时间预算即将耗尽，提前结束
Stage 1 时间预算即将耗尽，提前结束
Stage 1 时间预算即将耗尽，提前结束
Stage 1 时间预算即将耗尽，提前结束
Stage 1 时间预算即将耗尽，提前结束
Stage 1 时间预算即将耗尽，提前结束
Stage 1 时间预算即将耗尽，提前结束
Stage 1 时间预算即将耗尽，提前结束
Stage 1 时间预算即将耗尽，提前结束
Stage 1 时间预算即将耗尽，提前结束
Stage 1 时间预算即将耗尽，提前结束
Stage 1 时间预算即将耗尽，提前结束
Stage 1 时间预算即将耗尽，提前结束
Stage 1 时间预算即将耗尽，提前结束
Stage 1 时间预算即将耗尽，提前结束
Stage 1 时间预算即将耗尽，提前结束
Stage 1 时间预算即将耗尽，提前结束
Stage 1 时间预算即将耗尽，提前结束
Stage 1 时间预算即将耗尽，提前结束
Stage 1 时间预算即将耗尽，提前结束
Stage 1 时间预算即将耗尽，提前结束
Stage 1 时间预算即将耗尽，提前结束
Stage 1 时间预算即将耗尽，提前结束
Stage 1 时间预算即将耗尽，提前结束
Stage 1 时间预算即将耗尽，提前结束
Stage 1 时间预算即将耗尽，提前结束
Stage 1 时间预算即将耗尽，提前结束
Stage 1 时间预算即将耗尽，提前结束
Stage 1 时间预算即将耗尽，提前结束
Stage 1 时间预算即将耗尽，提前结束
Stage 1 时间预算即将耗尽，提前结束
Stage 1 时间预算即将耗尽，提前结束
Stage 1 时间预算即将耗尽，提前结束
Stage 1 时间预算即将耗尽，提前结束
Stage 1 时间预算即将耗尽，提前结束
Stage 1 时间预算即将耗尽，提前结束
Stage 1 时间预算即将耗尽，提前结束
Stage 1 时间预算即将耗尽，提前结束
Stage 1 时间预算即将耗尽，提前结束
Stage 1 时间预算即将耗尽，提前结束
Stage 1 时间预算即将耗尽，提前结束
Stage 1 时间预算即将耗尽，提前结束
Stage 1 时间预算即将耗尽，提前结束
Stage 1 时间预算即将耗尽，提前结束
Stage 1 时间预算即将耗尽，提前结束
Stage 1 时间预算即将耗尽，提前结束
Stage 1 时间预算即将耗尽，提前结束
Stage 1 时间预算即将耗尽，提前结束
Stage 1 时间预算即将耗尽，提前结束
Stage 1 时间预算即将耗尽，提前结束
Stage 1 时间预算即将耗尽，提前结束
Stage 1 时间预算即将耗尽，提前结束
Stage 1 时间预算即将耗尽，提前结束
Stage 1 时间预算即将耗尽，提前结束
Stage 1 时间预算即将耗尽，提前结束
Stage 1 时间预算即将耗尽，提前结束
Stage 1 时间预算即将耗尽，提前结束
Stage 1 时间预算即将耗尽，提前结束
Stage 1 时间预算即将耗尽，提前结束
Stage 1 时间预算即将耗尽，提前结束
Stage 1 时间预算即将耗尽，提前结束
Stage 1 时间预算即将耗尽，提前结束
Stage 1 时间预算即将耗尽，提前结束
Stage 1 时间预算即将耗尽，提前结束
Stage 1 时间预算即将耗尽，提前结束
Stage 1 时间预算即将耗尽，提前结束
Stage 1 时间预算即将耗尽，提前结束
Stage 1 时间预算即将耗尽，提前结束
Stage 1 时间预算即将耗尽，提前结束
Stage 1 时间预算即将耗尽，提前结束
Stage 1 时间预算即将耗尽，提前结束
Stage 1 时间预算即将耗尽，提前结束
Stage 1 时间预算即将耗尽，提前结束
Stage 1 时间预算即将耗尽，提前结束
Stage 1 时间预算即将耗尽，提前结束
Stage 1 时间预算即将耗尽，提前结束
Stage 1 时间预算即将耗尽，提前结束
Stage 1 时间预算即将耗尽，提前结束
Stage 1 时间预算即将耗尽，提前结束
Stage 1 时间预算即将耗尽，提前结束
Stage 1 时间预算即将耗尽，提前结束
Stage 1 时间预算即将耗尽，提前结束
Stage 1 时间预算即将耗尽，提前结束
Stage 1 时间预算即将耗尽，提前结束
Stage 1 时间预算即将耗尽，提前结束
Stage 1 时间预算即将耗尽，提前结束
Stage 1 时间预算即将耗尽，提前结束
Stage 1 时间预算即将耗尽，提前结束
Stage 1 时间预算即将耗尽，提前结束
Stage 1 时间预算即将耗尽，提前结束
Stage 1 时间预算即将耗尽，提前结束
Stage 1 时间预算即将耗尽，提前结束
Stage 1 时间预算即将耗尽，提前结束
Stage 1 时间预算即将耗尽，提前结束
Stage 1 时间预算即将耗尽，提前结束
Stage 1 时间预算即将耗尽，提前结束
Stage 1 时间预算即将耗尽，提前结束
Stage 1 时间预算即将耗尽，提前结束
Stage 1 时间预算即将耗尽，提前结束
Stage 1 时间预算即将耗尽，提前结束
Stage 1 时间预算即将耗尽，提前结束
Stage 1 时间预算即将耗尽，提前结束
Stage 1 时间预算即将耗尽，提前结束
Stage 1 时间预算即将耗尽，提前结束
Stage 1 时间预算即将耗尽，提前结束
Stage 1 时间预算即将耗尽，提前结束
Stage 1 时间预算即将耗尽，提前结束
Stage 1 时间预算即将耗尽，提前结束
Stage 1 时间预算即将耗尽，提前结束
Stage 1 时间预算即将耗尽，提前结束
Stage 1 时间预算即将耗尽，提前结束
Stage 1 时间预算即将耗尽，提前结束
Stage 1 时间预算即将耗尽，提前结束
Stage 1 时间预算即将耗尽，提前结束
Stage 1 时间预算即将耗尽，提前结束
Stage 1 时间预算即将耗尽，提前结束
Stage 1 时间预算即将耗尽，提前结束
Stage 1 时间预算即将耗尽，提前结束
Stage 1 时间预算即将耗尽，提前结束
Stage 1 时间预算即将耗尽，提前结束
Stage 1 时间预算即将耗尽，提前结束
Stage 1 时间预算即将耗尽，提前结束
Stage 1 时间预算即将耗尽，提前结束
Stage 1 时间预算即将耗尽，提前结束
Stage 1 时间预算即将耗尽，提前结束
Stage 1 时间预算即将耗尽，提前结束
Stage 1 时间预算即将耗尽，提前结束
Stage 1 时间预算即将耗尽，提前结束
Stage 1 时间预算即将耗尽，提前结束
Stage 1 时间预算即将耗尽，提前结束
Stage 1 时间预算即将耗尽，提前结束
Stage 1 时间预算即将耗尽，提前结束
Stage 1 时间预算即将耗尽，提前结束
Stage 1 时间预算即将耗尽，提前结束
Stage 1 时间预算即将耗尽，提前结束
Stage 1 时间预算即将耗尽，提前结束
Stage 1 时间预算即将耗尽，提前结束
Stage 1 时间预算即将耗尽，提前结束
Stage 1 时间预算即将耗尽，提前结束
Stage 1 时间预算即将耗尽，提前结束
Stage 1 时间预算即将耗尽，提前结束
Stage 1 时间预算即将耗尽，提前结束
Stage 1 时间预算即将耗尽，提前结束
Stage 1 时间预算即将耗尽，提前结束
Stage 1 时间预算即将耗尽，提前结束
Stage 1 时间预算即将耗尽，提前结束
Stage 1 时间预算即将耗尽，提前结束
Stage 1 时间预算即将耗尽，提前结束
Stage 1 时间预算即将耗尽，提前结束
Stage 1 时间预算即将耗尽，提前结束
Stage 1 时间预算即将耗尽，提前结束
Stage 1 时间预算即将耗尽，提前结束
Stage 1 时间预算即将耗尽，提前结束
Stage 1 时间预算即将耗尽，提前结束
Stage 1 时间预算即将耗尽，提前结束
Stage 1 时间预算即将耗尽，提前结束
Stage 1 时间预算即将耗尽，提前结束
Stage 1 时间预算即将耗尽，提前结束
Stage 1 时间预算即将耗尽，提前结束
Stage 1 时间预算即将耗尽，提前结束
Stage 1 时间预算即将耗尽，提前结束
Stage 1 时间预算即将耗尽，提前结束
Stage 1 时间预算即将耗尽，提前结束
Stage 1 时间预算即将耗尽，提前结束
Stage 1 时间预算即将耗尽，提前结束
Stage 1 时间预算即将耗尽，提前结束
Stage 1 时间预算即将耗尽，提前结束
Stage 1 时间预算即将耗尽，提前结束
Stage 1 时间预算即将耗尽，提前结束
Stage 1 时间预算即将耗尽，提前结束
Stage 1 时间预算即将耗尽，提前结束
Stage 1 时间预算即将耗尽，提前结束
Stage 1 时间预算即将耗尽，提前结束
Stage 1 时间预算即将耗尽，提前结束
Stage 1 时间预算即将耗尽，提前结束
Stage 1 时间预算即将耗尽，提前结束
Stage 1 时间预算即将耗尽，提前结束
Stage 1 时间预算即将耗尽，提前结束
Stage 1 时间预算即将耗尽，提前结束
Stage 1 时间预算即将耗尽，提前结束
Stage 1 时间预算即将耗尽，提前结束
Stage 1 时间预算即将耗尽，提前结束
Stage 1 时间预算即将耗尽，提前结束
Stage 1 时间预算即将耗尽，提前结束
Stage 1 时间预算即将耗尽，提前结束
Stage 1 时间预算即将耗尽，提前结束
Stage 1 时间预算即将耗尽，提前结束
Stage 1 时间预算即将耗尽，提前结束
Stage 1 时间预算即将耗尽，提前结束
Stage 1 时间预算即将耗尽，提前结束
Stage 1 时间预算即将耗尽，提前结束
Stage 1 时间预算即将耗尽，提前结束
Stage 1 时间预算即将耗尽，提前结束
Stage 1 时间预算即将耗尽，提前结束
Stage 1 时间预算即将耗尽，提前结束
Stage 1 时间预算即将耗尽，提前结束
Stage 1 时间预算即将耗尽，提前结束
Stage 1 时间预算即将耗尽，提前结束
Stage 1 时间预算即将耗尽，提前结束
Stage 1 时间预算即将耗尽，提前结束
Stage 1 时间预算即将耗尽，提前结束
Stage 1 时间预算即将耗尽，提前结束
Stage 1 时间预算即将耗尽，提前结束
Stage 1 时间预算即将耗尽，提前结束
Stage 1 时间预算即将耗尽，提前结束
Stage 1 时间预算即将耗尽，提前结束
Stage 1 时间预算即将耗尽，提前结束
Stage 1 时间预算即将耗尽，提前结束
Stage 1 时间预算即将耗尽，提前结束
Stage 1 时间预算即将耗尽，提前结束
Stage 1 时间预算即将耗尽，提前结束
Stage 1 时间预算即将耗尽，提前结束
Stage 1 时间预算即将耗尽，提前结束
Stage 1 时间预算即将耗尽，提前结束
Stage 1 时间预算即将耗尽，提前结束
Stage 1 时间预算即将耗尽，提前结束
Stage 1 时间预算即将耗尽，提前结束
Stage 1 时间预算即将耗尽，提前结束
Stage 1 时间预算即将耗尽，提前结束
Stage 1 时间预算即将耗尽，提前结束
Stage 1 时间预算即将耗尽，提前结束
Stage 1 时间预算即将耗尽，提前结束
Stage 1 时间预算即将耗尽，提前结束
Stage 1 时间预算即将耗尽，提前结束
Stage 1 时间预算即将耗尽，提前结束
Stage 1 时间预算即将耗尽，提前结束
Stage 1 时间预算即将耗尽，提前结束
Stage 1 时间预算即将耗尽，提前结束
Stage 1 时间预算即将耗尽，提前结束
Stage 1 时间预算即将耗尽，提前结束
Stage 1 时间预算即将耗尽，提前结束
Stage 1 时间预算即将耗尽，提前结束
Stage 1 时间预算即将耗尽，提前结束
Stage 1 时间预算即将耗尽，提前结束
Stage 1 时间预算即将耗尽，提前结束
Stage 1 时间预算即将耗尽，提前结束
Stage 1 时间预算即将耗尽，提前结束
Stage 1 时间预算即将耗尽，提前结束
Stage 1 时间预算即将耗尽，提前结束
Stage 1 时间预算即将耗尽，提前结束
Stage 1 时间预算即将耗尽，提前结束
Stage 1 时间预算即将耗尽，提前结束
Stage 1 时间预算即将耗尽，提前结束
Stage 1 时间预算即将耗尽，提前结束
Stage 1 时间预算即将耗尽，提前结束
Stage 1 时间预算即将耗尽，提前结束
Stage 1 时间预算即将耗尽，提前结束
Stage 1 时间预算即将耗尽，提前结束
Stage 1 时间预算即将耗尽，提前结束
Stage 1 时间预算即将耗尽，提前结束
Stage 1 时间预算即将耗尽，提前结束
Stage 1 时间预算即将耗尽，提前结束
Stage 1 时间预算即将耗尽，提前结束
Stage 1 时间预算即将耗尽，提前结束
Stage 1 时间预算即将耗尽，提前结束
Stage 1 时间预算即将耗尽，提前结束
Stage 1 时间预算即将耗尽，提前结束
Stage 1 时间预算即将耗尽，提前结束
Stage 1 时间预算即将耗尽，提前结束
Stage 1 时间预算即将耗尽，提前结束
Stage 1 时间预算即将耗尽，提前结束
Stage 1 时间预算即将耗尽，提前结束
Stage 1 时间预算即将耗尽，提前结束
Stage 1 时间预算即将耗尽，提前结束
Stage 1 时间预算即将耗尽，提前结束
Stage 1 时间预算即将耗尽，提前结束
Stage 1 时间预算即将耗尽，提前结束
Stage 1 时间预算即将耗尽，提前结束
Stage 1 时间预算即将耗尽，提前结束
Stage 1 时间预算即将耗尽，提前结束
Stage 1 时间预算即将耗尽，提前结束
Stage 1 时间预算即将耗尽，提前结束
Stage 1 时间预算即将耗尽，提前结束
Stage 1 时间预算即将耗尽，提前结束
Stage 1 时间预算即将耗尽，提前结束
Stage 1 时间预算即将耗尽，提前结束
Stage 1 时间预算即将耗尽，提前结束
Stage 1 时间预算即将耗尽，提前结束
Stage 1 时间预算即将耗尽，提前结束
Stage 1 时间预算即将耗尽，提前结束
Stage 1 时间预算即将耗尽，提前结束
Stage 1 时间预算即将耗尽，提前结束
Stage 1 时间预算即将耗尽，提前结束
Stage 1 时间预算即将耗尽，提前结束
Stage 1 时间预算即将耗尽，提前结束
Stage 1 时间预算即将耗尽，提前结束
Stage 1 时间预算即将耗尽，提前结束
Stage 1 时间预算即将耗尽，提前结束
Stage 1 时间预算即将耗尽，提前结束
Stage 1 时间预算即将耗尽，提前结束
Stage 1 时间预算即将耗尽，提前结束
Stage 1 时间预算即将耗尽，提前结束
Stage 1 时间预算即将耗尽，提前结束
Stage 1 时间预算即将耗尽，提前结束
Stage 1 时间预算即将耗尽，提前结束
Stage 1 时间预算即将耗尽，提前结束
Stage 1 时间预算即将耗尽，提前结束
Stage 1 时间预算即将耗尽，提前结束
Stage 1 时间预算即将耗尽，提前结束
Stage 1 时间预算即将耗尽，提前结束
Stage 1 时间预算即将耗尽，提前结束
Stage 1 时间预算即将耗尽，提前结束
Stage 1 时间预算即将耗尽，提前结束
Stage 1 时间预算即将耗尽，提前结束
Stage 1 时间预算即将耗尽，提前结束
Stage 1 时间预算即将耗尽，提前结束
Stage 1 时间预算即将耗尽，提前结束
Stage 1 时间预算即将耗尽，提前结束
Stage 1 时间预算即将耗尽，提前结束
Stage 1 时间预算即将耗尽，提前结束
Stage 1 时间预算即将耗尽，提前结束
Stage 1 时间预算即将耗尽，提前结束
Stage 1 时间预算即将耗尽，提前结束
Stage 1 时间预算即将耗尽，提前结束
Stage 1 时间预算即将耗尽，提前结束
Stage 1 时间预算即将耗尽，提前结束
Stage 1 时间预算即将耗尽，提前结束
Stage 1 时间预算即将耗尽，提前结束
Stage 1 时间预算即将耗尽，提前结束
Stage 1 时间预算即将耗尽，提前结束
Stage 1 时间预算即将耗尽，提前结束
Stage 1 时间预算即将耗尽，提前结束
Stage 1 时间预算即将耗尽，提前结束
Stage 1 时间预算即将耗尽，提前结束
Stage 1 时间预算即将耗尽，提前结束
Stage 1 时间预算即将耗尽，提前结束
Stage 1 时间预算即将耗尽，提前结束
Stage 1 时间预算即将耗尽，提前结束
Stage 1 时间预算即将耗尽，提前结束
Stage 1 时间预算即将耗尽，提前结束
Stage 1 时间预算即将耗尽，提前结束
Stage 1 时间预算即将耗尽，提前结束
Stage 1 时间预算即将耗尽，提前结束
Stage 1 时间预算即将耗尽，提前结束
Stage 1 时间预算即将耗尽，提前结束
Stage 1 时间预算即将耗尽，提前结束
Stage 1 时间预算即将耗尽，提前结束
Stage 1 时间预算即将耗尽，提前结束
Stage 1 时间预算即将耗尽，提前结束
Stage 1 时间预算即将耗尽，提前结束
Stage 1 时间预算即将耗尽，提前结束
Stage 1 时间预算即将耗尽，提前结束
Stage 1 时间预算即将耗尽，提前结束
Stage 1 时间预算即将耗尽，提前结束
Stage 1 时间预算即将耗尽，提前结束
Stage 1 时间预算即将耗尽，提前结束
Stage 1 时间预算即将耗尽，提前结束
Stage 1 时间预算即将耗尽，提前结束
Stage 1 时间预算即将耗尽，提前结束
Stage 1 时间预算即将耗尽，提前结束
Stage 1 时间预算即将耗尽，提前结束
Stage 1 时间预算即将耗尽，提前结束
Stage 1 时间预算即将耗尽，提前结束
Stage 1 时间预算即将耗尽，提前结束
Stage 1 时间预算即将耗尽，提前结束
Stage 1 时间预算即将耗尽，提前结束
Stage 1 时间预算即将耗尽，提前结束
Stage 1 时间预算即将耗尽，提前结束
Stage 1 时间预算即将耗尽，提前结束
Stage 1 时间预算即将耗尽，提前结束
Stage 1 时间预算即将耗尽，提前结束
Stage 1 时间预算即将耗尽，提前结束
Stage 1 时间预算即将耗尽，提前结束
Stage 1 时间预算即将耗尽，提前结束
Stage 1 时间预算即将耗尽，提前结束
Stage 1 时间预算即将耗尽，提前结束
Stage 1 时间预算即将耗尽，提前结束
Stage 1 时间预算即将耗尽，提前结束
Stage 1 时间预算即将耗尽，提前结束
Stage 1 时间预算即将耗尽，提前结束
Stage 1 时间预算即将耗尽，提前结束
Stage 1 时间预算即将耗尽，提前结束
Stage 1 时间预算即将耗尽，提前结束
Stage 1 时间预算即将耗尽，提前结束
Stage 1 时间预算即将耗尽，提前结束
Stage 1 时间预算即将耗尽，提前结束
Stage 1 时间预算即将耗尽，提前结束
Stage 1 时间预算即将耗尽，提前结束
Stage 1 时间预算即将耗尽，提前结束
Stage 1 时间预算即将耗尽，提前结束
Stage 1 时间预算即将耗尽，提前结束
Stage 1 时间预算即将耗尽，提前结束
Stage 1 时间预算即将耗尽，提前结束
Stage 1 时间预算即将耗尽，提前结束
Stage 1 时间预算即将耗尽，提前结束
Stage 1 时间预算即将耗尽，提前结束
Stage 1 时间预算即将耗尽，提前结束
Stage 1 时间预算即将耗尽，提前结束
Stage 1 时间预算即将耗尽，提前结束
Stage 1 时间预算即将耗尽，提前结束
Stage 1 时间预算即将耗尽，提前结束
Stage 1 时间预算即将耗尽，提前结束
Stage 1 时间预算即将耗尽，提前结束
Stage 1 时间预算即将耗尽，提前结束
Stage 1 时间预算即将耗尽，提前结束
Stage 1 时间预算即将耗尽，提前结束
Stage 1 时间预算即将耗尽，提前结束
Stage 1 时间预算即将耗尽，提前结束
Stage 1 时间预算即将耗尽，提前结束
Stage 1 时间预算即将耗尽，提前结束
Stage 1 时间预算即将耗尽，提前结束
Stage 1 时间预算即将耗尽，提前结束
Stage 1 时间预算即将耗尽，提前结束
Stage 1 时间预算即将耗尽，提前结束
Stage 1 时间预算即将耗尽，提前结束
Stage 1 时间预算即将耗尽，提前结束
Stage 1 时间预算即将耗尽，提前结束
Stage 1 时间预算即将耗尽，提前结束
Stage 1 时间预算即将耗尽，提前结束
Stage 1 时间预算即将耗尽，提前结束
Stage 1 时间预算即将耗尽，提前结束
Stage 1 时间预算即将耗尽，提前结束
Stage 1 时间预算即将耗尽，提前结束
Stage 1 时间预算即将耗尽，提前结束
Stage 1 时间预算即将耗尽，提前结束
Stage 1 时间预算即将耗尽，提前结束
Stage 1 时间预算即将耗尽，提前结束
Stage 1 时间预算即将耗尽，提前结束
Stage 1 时间预算即将耗尽，提前结束
Stage 1 时间预算即将耗尽，提前结束
Stage 1 时间预算即将耗尽，提前结束
Stage 1 时间预算即将耗尽，提前结束
Stage 1 时间预算即将耗尽，提前结束
Stage 1 时间预算即将耗尽，提前结束
Stage 1 时间预算即将耗尽，提前结束
Stage 1 时间预算即将耗尽，提前结束
Stage 1 时间预算即将耗尽，提前结束
Stage 1 时间预算即将耗尽，提前结束
Stage 1 时间预算即将耗尽，提前结束
Stage 1 时间预算即将耗尽，提前结束
Stage 1 时间预算即将耗尽，提前结束
Stage 1 时间预算即将耗尽，提前结束
Stage 1 时间预算即将耗尽，提前结束
Stage 1 时间预算即将耗尽，提前结束
Stage 1 时间预算即将耗尽，提前结束
Stage 1 时间预算即将耗尽，提前结束
Stage 1 时间预算即将耗尽，提前结束
Stage 1 时间预算即将耗尽，提前结束
Stage 1 时间预算即将耗尽，提前结束
Stage 1 时间预算即将耗尽，提前结束
Stage 1 时间预算即将耗尽，提前结束
Stage 1 时间预算即将耗尽，提前结束
Stage 1 时间预算即将耗尽，提前结束
Stage 1 时间预算即将耗尽，提前结束
Stage 1 时间预算即将耗尽，提前结束
Stage 1 时间预算即将耗尽，提前结束
Stage 1 时间预算即将耗尽，提前结束
Stage 1 时间预算即将耗尽，提前结束
Stage 1 时间预算即将耗尽，提前结束
Stage 1 时间预算即将耗尽，提前结束
Stage 1 时间预算即将耗尽，提前结束
Stage 1 时间预算即将耗尽，提前结束
Stage 1 时间预算即将耗尽，提前结束
Stage 1 时间预算即将耗尽，提前结束
Stage 1 时间预算即将耗尽，提前结束
Stage 1 时间预算即将耗尽，提前结束
Stage 1 时间预算即将耗尽，提前结束
Stage 1 时间预算即将耗尽，提前结束
Stage 1 时间预算即将耗尽，提前结束
Stage 1 时间预算即将耗尽，提前结束
Stage 1 时间预算即将耗尽，提前结束
Stage 1 时间预算即将耗尽，提前结束
Stage 1 时间预算即将耗尽，提前结束
Stage 1 时间预算即将耗尽，提前结束
Stage 1 时间预算即将耗尽，提前结束
Stage 1 时间预算即将耗尽，提前结束
Stage 1 时间预算即将耗尽，提前结束
Stage 1 时间预算即将耗尽，提前结束
Stage 1 时间预算即将耗尽，提前结束
Stage 1 时间预算即将耗尽，提前结束
Stage 1 时间预算即将耗尽，提前结束
Stage 1 时间预算即将耗尽，提前结束
Stage 1 时间预算即将耗尽，提前结束
Stage 1 时间预算即将耗尽，提前结束
Stage 1 时间预算即将耗尽，提前结束
Stage 1 时间预算即将耗尽，提前结束
Stage 1 时间预算即将耗尽，提前结束
Stage 1 时间预算即将耗尽，提前结束
Stage 1 时间预算即将耗尽，提前结束
Stage 1 时间预算即将耗尽，提前结束
Stage 1 时间预算即将耗尽，提前结束
Stage 1 时间预算即将耗尽，提前结束
Stage 1 时间预算即将耗尽，提前结束
Stage 1 时间预算即将耗尽，提前结束
Stage 1 时间预算即将耗尽，提前结束
Stage 1 时间预算即将耗尽，提前结束
Stage 1 时间预算即将耗尽，提前结束
Stage 1 时间预算即将耗尽，提前结束
Stage 1 时间预算即将耗尽，提前结束
Stage 1 时间预算即将耗尽，提前结束
Stage 1 时间预算即将耗尽，提前结束
Stage 1 时间预算即将耗尽，提前结束
Stage 1 时间预算即将耗尽，提前结束
Stage 1 时间预算即将耗尽，提前结束
Stage 1 时间预算即将耗尽，提前结束
Stage 1 时间预算即将耗尽，提前结束
Stage 1 时间预算即将耗尽，提前结束
Stage 1 时间预算即将耗尽，提前结束
Stage 1 时间预算即将耗尽，提前结束
Stage 1 时间预算即将耗尽，提前结束
Stage 1 时间预算即将耗尽，提前结束
Stage 1 时间预算即将耗尽，提前结束
Stage 1 时间预算即将耗尽，提前结束
Stage 1 时间预算即将耗尽，提前结束
Stage 1 时间预算即将耗尽，提前结束
Stage 1 时间预算即将耗尽，提前结束
Stage 1 时间预算即将耗尽，提前结束
Stage 1 时间预算即将耗尽，提前结束
Stage 1 时间预算即将耗尽，提前结束
Stage 1 时间预算即将耗尽，提前结束
Stage 1 时间预算即将耗尽，提前结束
Stage 1 时间预算即将耗尽，提前结束
Stage 1 时间预算即将耗尽，提前结束
Stage 1 时间预算即将耗尽，提前结束
Stage 1 时间预算即将耗尽，提前结束
Stage 1 时间预算即将耗尽，提前结束
Stage 1 时间预算即将耗尽，提前结束
Stage 1 时间预算即将耗尽，提前结束
Stage 1 时间预算即将耗尽，提前结束
Stage 1 时间预算即将耗尽，提前结束
Stage 1 时间预算即将耗尽，提前结束
Stage 1 时间预算即将耗尽，提前结束
Stage 1 时间预算即将耗尽，提前结束
Stage 1 时间预算即将耗尽，提前结束
Stage 1 时间预算即将耗尽，提前结束
Stage 1 时间预算即将耗尽，提前结束
Stage 1 时间预算即将耗尽，提前结束
Stage 1 时间预算即将耗尽，提前结束
Stage 1 时间预算即将耗尽，提前结束
Stage 1 时间预算即将耗尽，提前结束
Stage 1 时间预算即将耗尽，提前结束
Stage 1 时间预算即将耗尽，提前结束
Stage 1 时间预算即将耗尽，提前结束
Stage 1 时间预算即将耗尽，提前结束
Stage 1 时间预算即将耗尽，提前结束
Stage 1 时间预算即将耗尽，提前结束
Stage 1 时间预算即将耗尽，提前结束
Stage 1 时间预算即将耗尽，提前结束
Stage 1 时间预算即将耗尽，提前结束
Stage 1 时间预算即将耗尽，提前结束
Stage 1 时间预算即将耗尽，提前结束
Stage 1 时间预算即将耗尽，提前结束
Stage 1 时间预算即将耗尽，提前结束
Stage 1 时间预算即将耗尽，提前结束
Stage 1 时间预算即将耗尽，提前结束
Stage 1 时间预算即将耗尽，提前结束
Stage 1 时间预算即将耗尽，提前结束
Stage 1 时间预算即将耗尽，提前结束
Stage 1 时间预算即将耗尽，提前结束
Stage 1 时间预算即将耗尽，提前结束
Stage 1 时间预算即将耗尽，提前结束
Stage 1 时间预算即将耗尽，提前结束
Stage 1 时间预算即将耗尽，提前结束
Stage 1 时间预算即将耗尽，提前结束
Stage 1 时间预算即将耗尽，提前结束
Stage 1 时间预算即将耗尽，提前结束
Stage 1 时间预算即将耗尽，提前结束
Stage 1 时间预算即将耗尽，提前结束
Stage 1 时间预算即将耗尽，提前结束
Stage 1 时间预算即将耗尽，提前结束
Stage 1 时间预算即将耗尽，提前结束
Stage 1 时间预算即将耗尽，提前结束
Stage 1 时间预算即将耗尽，提前结束
Stage 1 时间预算即将耗尽，提前结束
Stage 1 时间预算即将耗尽，提前结束
Stage 1 时间预算即将耗尽，提前结束
Stage 1 时间预算即将耗尽，提前结束
Stage 1 时间预算即将耗尽，提前结束
Stage 1 时间预算即将耗尽，提前结束
Stage 1 时间预算即将耗尽，提前结束
Stage 1 时间预算即将耗尽，提前结束
Stage 1 时间预算即将耗尽，提前结束
Stage 1 时间预算即将耗尽，提前结束
Stage 1 时间预算即将耗尽，提前结束
Stage 1 时间预算即将耗尽，提前结束
Stage 1 时间预算即将耗尽，提前结束
Stage 1 时间预算即将耗尽，提前结束
Stage 1 时间预算即将耗尽，提前结束
Stage 1 时间预算即将耗尽，提前结束
Stage 1 时间预算即将耗尽，提前结束
Stage 1 时间预算即将耗尽，提前结束
Stage 1 时间预算即将耗尽，提前结束
Stage 1 时间预算即将耗尽，提前结束
Stage 1 时间预算即将耗尽，提前结束
Stage 1 时间预算即将耗尽，提前结束
Stage 1 时间预算即将耗尽，提前结束
Stage 1 时间预算即将耗尽，提前结束
Stage 1 时间预算即将耗尽，提前结束
Stage 1 时间预算即将耗尽，提前结束
Stage 1 时间预算即将耗尽，提前结束
Stage 1 时间预算即将耗尽，提前结束
Stage 1 时间预算即将耗尽，提前结束
Stage 1 时间预算即将耗尽，提前结束
Stage 1 时间预算即将耗尽，提前结束
Stage 1 时间预算即将耗尽，提前结束
Stage 1 时间预算即将耗尽，提前结束
Stage 1 时间预算即将耗尽，提前结束
Stage 1 时间预算即将耗尽，提前结束
Stage 1 时间预算即将耗尽，提前结束
Stage 1 时间预算即将耗尽，提前结束
Stage 1 时间预算即将耗尽，提前结束
Stage 1 时间预算即将耗尽，提前结束
Stage 1 时间预算即将耗尽，提前结束
Stage 1 时间预算即将耗尽，提前结束
Stage 1 时间预算即将耗尽，提前结束
Stage 1 时间预算即将耗尽，提前结束
Stage 1 时间预算即将耗尽，提前结束
Stage 1 时间预算即将耗尽，提前结束
Stage 1 时间预算即将耗尽，提前结束
Stage 1 时间预算即将耗尽，提前结束
Stage 1 时间预算即将耗尽，提前结束
Stage 1 时间预算即将耗尽，提前结束
Stage 1 时间预算即将耗尽，提前结束
Stage 1 时间预算即将耗尽，提前结束
Stage 1 时间预算即将耗尽，提前结束
Stage 1 时间预算即将耗尽，提前结束
Stage 1 时间预算即将耗尽，提前结束
Stage 1 时间预算即将耗尽，提前结束
Stage 1 时间预算即将耗尽，提前结束
Stage 1 时间预算即将耗尽，提前结束
Stage 1 时间预算即将耗尽，提前结束
Stage 1 时间预算即将耗尽，提前结束
Stage 1 时间预算即将耗尽，提前结束
Stage 1 时间预算即将耗尽，提前结束
Stage 1 时间预算即将耗尽，提前结束
Stage 1 时间预算即将耗尽，提前结束
Stage 1 时间预算即将耗尽，提前结束
Stage 1 时间预算即将耗尽，提前结束
Stage 1 时间预算即将耗尽，提前结束
Stage 1 时间预算即将耗尽，提前结束
Stage 1 时间预算即将耗尽，提前结束
Stage 1 时间预算即将耗尽，提前结束
Stage 1 时间预算即将耗尽，提前结束
Stage 1 时间预算即将耗尽，提前结束
Stage 1 时间预算即将耗尽，提前结束
Stage 1 时间预算即将耗尽，提前结束
Stage 1 时间预算即将耗尽，提前结束
Stage 1 时间预算即将耗尽，提前结束
Stage 1 时间预算即将耗尽，提前结束
Stage 1 时间预算即将耗尽，提前结束
Stage 1 时间预算即将耗尽，提前结束
Stage 1 时间预算即将耗尽，提前结束
Stage 1 时间预算即将耗尽，提前结束
Stage 1 时间预算即将耗尽，提前结束
Stage 1 时间预算即将耗尽，提前结束
Stage 1 时间预算即将耗尽，提前结束
Stage 1 时间预算即将耗尽，提前结束
Stage 1 时间预算即将耗尽，提前结束
Stage 1 时间预算即将耗尽，提前结束
Stage 1 时间预算即将耗尽，提前结束
Stage 1 时间预算即将耗尽，提前结束
Stage 1 时间预算即将耗尽，提前结束
Stage 1 时间预算即将耗尽，提前结束
Stage 1 时间预算即将耗尽，提前结束
Stage 1 时间预算即将耗尽，提前结束
Stage 1 时间预算即将耗尽，提前结束
Stage 1 时间预算即将耗尽，提前结束
Stage 1 时间预算即将耗尽，提前结束
Stage 1 时间预算即将耗尽，提前结束
Stage 1 时间预算即将耗尽，提前结束
Stage 1 时间预算即将耗尽，提前结束
Stage 1 时间预算即将耗尽，提前结束
Stage 1 时间预算即将耗尽，提前结束
Stage 1 时间预算即将耗尽，提前结束
Stage 1 时间预算即将耗尽，提前结束
Stage 1 时间预算即将耗尽，提前结束
Stage 1 时间预算即将耗尽，提前结束
Stage 1 时间预算即将耗尽，提前结束
Stage 1 时间预算即将耗尽，提前结束
Stage 1 时间预算即将耗尽，提前结束
Stage 1 时间预算即将耗尽，提前结束
Stage 1 时间预算即将耗尽，提前结束
Stage 1 时间预算即将耗尽，提前结束
Stage 1 时间预算即将耗尽，提前结束
Stage 1 时间预算即将耗尽，提前结束
Stage 1 时间预算即将耗尽，提前结束
Stage 1 时间预算即将耗尽，提前结束
Stage 1 时间预算即将耗尽，提前结束
Stage 1 时间预算即将耗尽，提前结束
Stage 1 时间预算即将耗尽，提前结束
Stage 1 时间预算即将耗尽，提前结束
Stage 1 时间预算即将耗尽，提前结束
Stage 1 时间预算即将耗尽，提前结束
Stage 1 时间预算即将耗尽，提前结束
Stage 1 时间预算即将耗尽，提前结束
Stage 1 时间预算即将耗尽，提前结束
Stage 1 时间预算即将耗尽，提前结束
Stage 1 时间预算即将耗尽，提前结束
Stage 1 时间预算即将耗尽，提前结束
Stage 1 时间预算即将耗尽，提前结束
Stage 1 时间预算即将耗尽，提前结束
Stage 1 时间预算即将耗尽，提前结束
Stage 1 时间预算即将耗尽，提前结束
Stage 1 时间预算即将耗尽，提前结束
Stage 1 时间预算即将耗尽，提前结束
Stage 1 时间预算即将耗尽，提前结束
Stage 1 时间预算即将耗尽，提前结束
Stage 1 时间预算即将耗尽，提前结束
Stage 1 时间预算即将耗尽，提前结束
Stage 1 时间预算即将耗尽，提前结束
Stage 1 时间预算即将耗尽，提前结束
Stage 1 时间预算即将耗尽，提前结束
Stage 1 时间预算即将耗尽，提前结束
Stage 1 时间预算即将耗尽，提前结束
Stage 1 时间预算即将耗尽，提前结束
Stage 1 时间预算即将耗尽，提前结束
Stage 1 时间预算即将耗尽，提前结束
Stage 1 时间预算即将耗尽，提前结束
Stage 1 时间预算即将耗尽，提前结束
Stage 1 时间预算即将耗尽，提前结束
Stage 1 时间预算即将耗尽，提前结束
Stage 1 时间预算即将耗尽，提前结束
Stage 1 时间预算即将耗尽，提前结束
Stage 1 时间预算即将耗尽，提前结束
Stage 1 时间预算即将耗尽，提前结束
Stage 1 时间预算即将耗尽，提前结束
Stage 1 时间预算即将耗尽，提前结束
Stage 1 时间预算即将耗尽，提前结束
Stage 1 时间预算即将耗尽，提前结束
Stage 1 时间预算即将耗尽，提前结束
Stage 1 时间预算即将耗尽，提前结束
Stage 1 时间预算即将耗尽，提前结束
Stage 1 时间预算即将耗尽，提前结束
Stage 1 时间预算即将耗尽，提前结束
Stage 1 时间预算即将耗尽，提前结束
Stage 1 时间预算即将耗尽，提前结束
Stage 1 时间预算即将耗尽，提前结束
Stage 1 时间预算即将耗尽，提前结束
Stage 1 时间预算即将耗尽，提前结束
Stage 1 时间预算即将耗尽，提前结束
Stage 1 时间预算即将耗尽，提前结束
Stage 1 时间预算即将耗尽，提前结束
Stage 1 时间预算即将耗尽，提前结束
Stage 1 时间预算即将耗尽，提前结束
Stage 1 时间预算即将耗尽，提前结束
Stage 1 时间预算即将耗尽，提前结束
Stage 1 时间预算即将耗尽，提前结束
Stage 1 时间预算即将耗尽，提前结束
Stage 1 时间预算即将耗尽，提前结束
Stage 1 时间预算即将耗尽，提前结束
Stage 1 时间预算即将耗尽，提前结束
Stage 1 时间预算即将耗尽，提前结束
Stage 1 时间预算即将耗尽，提前结束
Stage 1 时间预算即将耗尽，提前结束
Stage 1 时间预算即将耗尽，提前结束
Stage 1 时间预算即将耗尽，提前结束
Stage 1 时间预算即将耗尽，提前结束
Stage 1 时间预算即将耗尽，提前结束
Stage 1 时间预算即将耗尽，提前结束
Stage 1 时间预算即将耗尽，提前结束
Stage 1 时间预算即将耗尽，提前结束
Stage 1 时间预算即将耗尽，提前结束
Stage 1 时间预算即将耗尽，提前结束
Stage 1 时间预算即将耗尽，提前结束
Stage 1 时间预算即将耗尽，提前结束
Stage 1 时间预算即将耗尽，提前结束
Stage 1 时间预算即将耗尽，提前结束
Stage 1 时间预算即将耗尽，提前结束
Stage 1 时间预算即将耗尽，提前结束
Stage 1 时间预算即将耗尽，提前结束
Stage 1 时间预算即将耗尽，提前结束
Stage 1 时间预算即将耗尽，提前结束
Stage 1 时间预算即将耗尽，提前结束
Stage 1 时间预算即将耗尽，提前结束
Stage 1 时间预算即将耗尽，提前结束
Stage 1 时间预算即将耗尽，提前结束
Stage 1 时间预算即将耗尽，提前结束
Stage 1 时间预算即将耗尽，提前结束
Stage 1 时间预算即将耗尽，提前结束
Stage 1 时间预算即将耗尽，提前结束
Stage 1 时间预算即将耗尽，提前结束
Stage 1 时间预算即将耗尽，提前结束
Stage 1 时间预算即将耗尽，提前结束
Stage 1 时间预算即将耗尽，提前结束
Stage 1 时间预算即将耗尽，提前结束
Stage 1 时间预算即将耗尽，提前结束
Stage 1 时间预算即将耗尽，提前结束
Stage 1 时间预算即将耗尽，提前结束
Stage 1 时间预算即将耗尽，提前结束
Stage 1 时间预算即将耗尽，提前结束
Stage 1 时间预算即将耗尽，提前结束
Stage 1 时间预算即将耗尽，提前结束
Stage 1 时间预算即将耗尽，提前结束
Stage 1 时间预算即将耗尽，提前结束
Stage 1 时间预算即将耗尽，提前结束
Stage 1 时间预算即将耗尽，提前结束
Stage 1 时间预算即将耗尽，提前结束
Stage 1 时间预算即将耗尽，提前结束
Stage 1 时间预算即将耗尽，提前结束
Stage 1 时间预算即将耗尽，提前结束
Stage 1 时间预算即将耗尽，提前结束
Stage 1 时间预算即将耗尽，提前结束
Stage 1 时间预算即将耗尽，提前结束
Stage 1 时间预算即将耗尽，提前结束
Stage 1 时间预算即将耗尽，提前结束
Stage 1 时间预算即将耗尽，提前结束
Stage 1 时间预算即将耗尽，提前结束
Stage 1 时间预算即将耗尽，提前结束
Stage 1 时间预算即将耗尽，提前结束
Stage 1 时间预算即将耗尽，提前结束
Stage 1 时间预算即将耗尽，提前结束
Stage 1 时间预算即将耗尽，提前结束
Stage 1 时间预算即将耗尽，提前结束
Stage 1 时间预算即将耗尽，提前结束
Stage 1 时间预算即将耗尽，提前结束
Stage 1 时间预算即将耗尽，提前结束
Stage 1 时间预算即将耗尽，提前结束
Stage 1 时间预算即将耗尽，提前结束
Stage 1 时间预算即将耗尽，提前结束
Stage 1 时间预算即将耗尽，提前结束
Stage 1 时间预算即将耗尽，提前结束
Stage 1 时间预算即将耗尽，提前结束
Stage 1 时间预算即将耗尽，提前结束
Stage 1 时间预算即将耗尽，提前结束
Stage 1 时间预算即将耗尽，提前结束
Stage 1 时间预算即将耗尽，提前结束
Stage 1 时间预算即将耗尽，提前结束
Stage 1 时间预算即将耗尽，提前结束
Stage 1 时间预算即将耗尽，提前结束
Stage 1 时间预算即将耗尽，提前结束
Stage 1 时间预算即将耗尽，提前结束
Stage 1 时间预算即将耗尽，提前结束
Stage 1 时间预算即将耗尽，提前结束
Stage 1 时间预算即将耗尽，提前结束
Stage 1 时间预算即将耗尽，提前结束
Stage 1 时间预算即将耗尽，提前结束
Stage 1 时间预算即将耗尽，提前结束
Stage 1 时间预算即将耗尽，提前结束
Stage 1 时间预算即将耗尽，提前结束
Stage 1 时间预算即将耗尽，提前结束
Stage 1 时间预算即将耗尽，提前结束
Stage 1 时间预算即将耗尽，提前结束
Stage 1 时间预算即将耗尽，提前结束
Stage 1 时间预算即将耗尽，提前结束
Stage 1 时间预算即将耗尽，提前结束
Stage 1 时间预算即将耗尽，提前结束
Stage 1 时间预算即将耗尽，提前结束
Stage 1 时间预算即将耗尽，提前结束
Stage 1 时间预算即将耗尽，提前结束
Stage 1 时间预算即将耗尽，提前结束
Stage 1 时间预算即将耗尽，提前结束
Stage 1 时间预算即将耗尽，提前结束
Stage 1 时间预算即将耗尽，提前结束
Stage 1 时间预算即将耗尽，提前结束
Stage 1 时间预算即将耗尽，提前结束
Stage 1 时间预算即将耗尽，提前结束
Stage 1 时间预算即将耗尽，提前结束
Stage 1 时间预算即将耗尽，提前结束
Stage 1 时间预算即将耗尽，提前结束
Stage 1 时间预算即将耗尽，提前结束
Stage 1 时间预算即将耗尽，提前结束
Stage 1 时间预算即将耗尽，提前结束
Stage 1 时间预算即将耗尽，提前结束
Stage 1 时间预算即将耗尽，提前结束
Stage 1 时间预算即将耗尽，提前结束
Stage 1 时间预算即将耗尽，提前结束
Stage 1 时间预算即将耗尽，提前结束
Stage 1 时间预算即将耗尽，提前结束
Stage 1 时间预算即将耗尽，提前结束
Stage 1 时间预算即将耗尽，提前结束
Stage 1 时间预算即将耗尽，提前结束
Stage 1 时间预算即将耗尽，提前结束
Stage 1 时间预算即将耗尽，提前结束
Stage 1 时间预算即将耗尽，提前结束
Stage 1 时间预算即将耗尽，提前结束
Stage 1 时间预算即将耗尽，提前结束
Stage 1 时间预算即将耗尽，提前结束
Stage 1 时间预算即将耗尽，提前结束
Stage 1 时间预算即将耗尽，提前结束
Stage 1 时间预算即将耗尽，提前结束
Stage 1 时间预算即将耗尽，提前结束
Stage 1 时间预算即将耗尽，提前结束
Stage 1 时间预算即将耗尽，提前结束
Stage 1 时间预算即将耗尽，提前结束
Stage 1 时间预算即将耗尽，提前结束
Stage 1 时间预算即将耗尽，提前结束
Stage 1 时间预算即将耗尽，提前结束
Stage 1 时间预算即将耗尽，提前结束
Stage 1 时间预算即将耗尽，提前结束
Stage 1 时间预算即将耗尽，提前结束
Stage 1 时间预算即将耗尽，提前结束
Stage 1 时间预算即将耗尽，提前结束
Stage 1 时间预算即将耗尽，提前结束
Stage 1 时间预算即将耗尽，提前结束
Stage 1 时间预算即将耗尽，提前结束
Stage 1 时间预算即将耗尽，提前结束
Stage 1 时间预算即将耗尽，提前结束
Stage 1 时间预算即将耗尽，提前结束
Stage 1 时间预算即将耗尽，提前结束
Stage 1 时间预算即将耗尽，提前结束
Stage 1 时间预算即将耗尽，提前结束
Stage 1 时间预算即将耗尽，提前结束
Stage 1 时间预算即将耗尽，提前结束
Stage 1 时间预算即将耗尽，提前结束
Stage 1 时间预算即将耗尽，提前结束
Stage 1 时间预算即将耗尽，提前结束
Stage 1 时间预算即将耗尽，提前结束
Stage 1 时间预算即将耗尽，提前结束
Stage 1 时间预算即将耗尽，提前结束
Stage 1 时间预算即将耗尽，提前结束
Stage 1 时间预算即将耗尽，提前结束
Stage 1 时间预算即将耗尽，提前结束
Stage 1 时间预算即将耗尽，提前结束
Stage 1 时间预算即将耗尽，提前结束
Stage 1 时间预算即将耗尽，提前结束
Stage 1 时间预算即将耗尽，提前结束
Stage 1 时间预算即将耗尽，提前结束
Stage 1 时间预算即将耗尽，提前结束
Stage 1 时间预算即将耗尽，提前结束
Stage 1 时间预算即将耗尽，提前结束
Stage 1 时间预算即将耗尽，提前结束
Stage 1 时间预算即将耗尽，提前结束
Stage 1 时间预算即将耗尽，提前结束
Stage 1 时间预算即将耗尽，提前结束
Stage 1 时间预算即将耗尽，提前结束
Stage 1 时间预算即将耗尽，提前结束
Stage 1 时间预算即将耗尽，提前结束
Stage 1 时间预算即将耗尽，提前结束
Stage 1 时间预算即将耗尽，提前结束
Stage 1 时间预算即将耗尽，提前结束
Stage 1 时间预算即将耗尽，提前结束
Stage 1 时间预算即将耗尽，提前结束
Stage 1 时间预算即将耗尽，提前结束
Stage 1 时间预算即将耗尽，提前结束
Stage 1 时间预算即将耗尽，提前结束
Stage 1 时间预算即将耗尽，提前结束
Stage 1 时间预算即将耗尽，提前结束
Stage 1 时间预算即将耗尽，提前结束
Stage 1 时间预算即将耗尽，提前结束
Stage 1 时间预算即将耗尽，提前结束
Stage 1 时间预算即将耗尽，提前结束
Stage 1 时间预算即将耗尽，提前结束
Stage 1 时间预算即将耗尽，提前结束
Stage 1 时间预算即将耗尽，提前结束
Stage 1 时间预算即将耗尽，提前结束
Stage 1 时间预算即将耗尽，提前结束
Stage 1 时间预算即将耗尽，提前结束
Stage 1 时间预算即将耗尽，提前结束
Stage 1 时间预算即将耗尽，提前结束
Stage 1 时间预算即将耗尽，提前结束
Stage 1 时间预算即将耗尽，提前结束
Stage 1 时间预算即将耗尽，提前结束
Stage 1 时间预算即将耗尽，提前结束
Stage 1 时间预算即将耗尽，提前结束
Stage 1 时间预算即将耗尽，提前结束
Stage 1 时间预算即将耗尽，提前结束
Stage 1 时间预算即将耗尽，提前结束
Stage 1 时间预算即将耗尽，提前结束
Stage 1 时间预算即将耗尽，提前结束
Stage 1 时间预算即将耗尽，提前结束
Stage 1 时间预算即将耗尽，提前结束
Stage 1 时间预算即将耗尽，提前结束
Stage 1 时间预算即将耗尽，提前结束
Stage 1 时间预算即将耗尽，提前结束
Stage 1 时间预算即将耗尽，提前结束
Stage 1 时间预算即将耗尽，提前结束
Stage 1 时间预算即将耗尽，提前结束
Stage 1 时间预算即将耗尽，提前结束
Stage 1 时间预算即将耗尽，提前结束
Stage 1 时间预算即将耗尽，提前结束
Stage 1 时间预算即将耗尽，提前结束
Stage 1 时间预算即将耗尽，提前结束
Stage 1 时间预算即将耗尽，提前结束
Stage 1 时间预算即将耗尽，提前结束
Stage 1 时间预算即将耗尽，提前结束
Stage 1 时间预算即将耗尽，提前结束
Stage 1 时间预算即将耗尽，提前结束
Stage 1 时间预算即将耗尽，提前结束
Stage 1 时间预算即将耗尽，提前结束
Stage 1 时间预算即将耗尽，提前结束
Stage 1 时间预算即将耗尽，提前结束
Stage 1 时间预算即将耗尽，提前结束
Stage 1 时间预算即将耗尽，提前结束
Stage 1 时间预算即将耗尽，提前结束
Stage 1 时间预算即将耗尽，提前结束
Stage 1 时间预算即将耗尽，提前结束
Stage 1 时间预算即将耗尽，提前结束
Stage 1 时间预算即将耗尽，提前结束
Stage 1 时间预算即将耗尽，提前结束
Stage 1 时间预算即将耗尽，提前结束
Stage 1 时间预算即将耗尽，提前结束
Stage 1 时间预算即将耗尽，提前结束
Stage 1 时间预算即将耗尽，提前结束
Stage 1 时间预算即将耗尽，提前结束
Stage 1 时间预算即将耗尽，提前结束
Stage 1 时间预算即将耗尽，提前结束
Stage 1 时间预算即将耗尽，提前结束
Stage 1 时间预算即将耗尽，提前结束
Stage 1 时间预算即将耗尽，提前结束
Stage 1 时间预算即将耗尽，提前结束
Stage 1 时间预算即将耗尽，提前结束
Stage 1 时间预算即将耗尽，提前结束
Stage 1 时间预算即将耗尽，提前结束
Stage 1 时间预算即将耗尽，提前结束
Stage 1 时间预算即将耗尽，提前结束
Stage 1 时间预算即将耗尽，提前结束
Stage 1 时间预算即将耗尽，提前结束
Stage 1 时间预算即将耗尽，提前结束
Stage 1 时间预算即将耗尽，提前结束
Stage 1 时间预算即将耗尽，提前结束
Stage 1 时间预算即将耗尽，提前结束
Stage 1 时间预算即将耗尽，提前结束
Stage 1 时间预算即将耗尽，提前结束
Stage 1 时间预算即将耗尽，提前结束
Stage 1 时间预算即将耗尽，提前结束
Stage 1 时间预算即将耗尽，提前结束
Stage 1 时间预算即将耗尽，提前结束
Stage 1 时间预算即将耗尽，提前结束
Stage 1 时间预算即将耗尽，提前结束
Stage 1 时间预算即将耗尽，提前结束
Stage 1 时间预算即将耗尽，提前结束
Stage 1 时间预算即将耗尽，提前结束
Stage 1 时间预算即将耗尽，提前结束
Stage 1 时间预算即将耗尽，提前结束
Stage 1 时间预算即将耗尽，提前结束
Stage 1 时间预算即将耗尽，提前结束
Stage 1 时间预算即将耗尽，提前结束
Stage 1 时间预算即将耗尽，提前结束
Stage 1 时间预算即将耗尽，提前结束
Stage 1 时间预算即将耗尽，提前结束
Stage 1 时间预算即将耗尽，提前结束
Stage 1 时间预算即将耗尽，提前结束
Stage 1 时间预算即将耗尽，提前结束
Stage 1 时间预算即将耗尽，提前结束
Stage 1 时间预算即将耗尽，提前结束
Stage 1 时间预算即将耗尽，提前结束
Stage 1 时间预算即将耗尽，提前结束
Stage 1 时间预算即将耗尽，提前结束
Stage 1 时间预算即将耗尽，提前结束
Stage 1 时间预算即将耗尽，提前结束
Stage 1 时间预算即将耗尽，提前结束
Stage 1 时间预算即将耗尽，提前结束
Stage 1 时间预算即将耗尽，提前结束
Stage 1 时间预算即将耗尽，提前结束
Stage 1 时间预算即将耗尽，提前结束
Stage 1 时间预算即将耗尽，提前结束
Stage 1 时间预算即将耗尽，提前结束
Stage 1 时间预算即将耗尽，提前结束
Stage 1 时间预算即将耗尽，提前结束
Stage 1 时间预算即将耗尽，提前结束
Stage 1 时间预算即将耗尽，提前结束
Stage 1 时间预算即将耗尽，提前结束
Stage 1 时间预算即将耗尽，提前结束
Stage 1 时间预算即将耗尽，提前结束
Stage 1 时间预算即将耗尽，提前结束
Stage 1 时间预算即将耗尽，提前结束
Stage 1 时间预算即将耗尽，提前结束
Stage 1 时间预算即将耗尽，提前结束
Stage 1 时间预算即将耗尽，提前结束
Stage 1 时间预算即将耗尽，提前结束
Stage 1 时间预算即将耗尽，提前结束
Stage 1 时间预算即将耗尽，提前结束
Stage 1 时间预算即将耗尽，提前结束
Stage 1 时间预算即将耗尽，提前结束
Stage 1 时间预算即将耗尽，提前结束
Stage 1 时间预算即将耗尽，提前结束
Stage 1 时间预算即将耗尽，提前结束
Stage 1 时间预算即将耗尽，提前结束
Stage 1 时间预算即将耗尽，提前结束
Stage 1 时间预算即将耗尽，提前结束
Stage 1 时间预算即将耗尽，提前结束
Stage 1 时间预算即将耗尽，提前结束
Stage 1 时间预算即将耗尽，提前结束
Stage 1 时间预算即将耗尽，提前结束
Stage 1 时间预算即将耗尽，提前结束
Stage 1 时间预算即将耗尽，提前结束
Stage 1 时间预算即将耗尽，提前结束
Stage 1 时间预算即将耗尽，提前结束
Stage 1 时间预算即将耗尽，提前结束
Stage 1 时间预算即将耗尽，提前结束
Stage 1 时间预算即将耗尽，提前结束
Stage 1 时间预算即将耗尽，提前结束
Stage 1 时间预算即将耗尽，提前结束
Stage 1 时间预算即将耗尽，提前结束
Stage 1 时间预算即将耗尽，提前结束
Stage 1 时间预算即将耗尽，提前结束
Stage 1 时间预算即将耗尽，提前结束
Stage 1 时间预算即将耗尽，提前结束
Stage 1 时间预算即将耗尽，提前结束
Stage 1 时间预算即将耗尽，提前结束
Stage 1 时间预算即将耗尽，提前结束
Stage 1 时间预算即将耗尽，提前结束
Stage 1 时间预算即将耗尽，提前结束
Stage 1 时间预算即将耗尽，提前结束
Stage 1 时间预算即将耗尽，提前结束
Stage 1 时间预算即将耗尽，提前结束
Stage 1 时间预算即将耗尽，提前结束
Stage 1 时间预算即将耗尽，提前结束
Stage 1 时间预算即将耗尽，提前结束
Stage 1 时间预算即将耗尽，提前结束
Stage 1 时间预算即将耗尽，提前结束
Stage 1 时间预算即将耗尽，提前结束
Stage 1 时间预算即将耗尽，提前结束
Stage 1 时间预算即将耗尽，提前结束
Stage 1 时间预算即将耗尽，提前结束
Stage 1 时间预算即将耗尽，提前结束
Stage 1 时间预算即将耗尽，提前结束
Stage 1 时间预算即将耗尽，提前结束
Stage 1 时间预算即将耗尽，提前结束
Stage 1 时间预算即将耗尽，提前结束
Stage 1 时间预算即将耗尽，提前结束
Stage 1 时间预算即将耗尽，提前结束
Stage 1 时间预算即将耗尽，提前结束
Stage 1 时间预算即将耗尽，提前结束
Stage 1 时间预算即将耗尽，提前结束
Stage 1 时间预算即将耗尽，提前结束
Stage 1 时间预算即将耗尽，提前结束
Stage 1 时间预算即将耗尽，提前结束
Stage 1 时间预算即将耗尽，提前结束
Stage 1 时间预算即将耗尽，提前结束
Stage 1 时间预算即将耗尽，提前结束
Stage 1 时间预算即将耗尽，提前结束
Stage 1 时间预算即将耗尽，提前结束
Stage 1 时间预算即将耗尽，提前结束
Stage 1 时间预算即将耗尽，提前结束
Stage 1 时间预算即将耗尽，提前结束
Stage 1 时间预算即将耗尽，提前结束
Stage 1 时间预算即将耗尽，提前结束
Stage 1 时间预算即将耗尽，提前结束
Stage 1 时间预算即将耗尽，提前结束
Stage 1 时间预算即将耗尽，提前结束
Stage 1 时间预算即将耗尽，提前结束
Stage 1 时间预算即将耗尽，提前结束
Stage 1 时间预算即将耗尽，提前结束
Stage 1 时间预算即将耗尽，提前结束
Stage 1 时间预算即将耗尽，提前结束
Stage 1 时间预算即将耗尽，提前结束
Stage 1 时间预算即将耗尽，提前结束
Stage 1 时间预算即将耗尽，提前结束
Stage 1 时间预算即将耗尽，提前结束
Stage 1 时间预算即将耗尽，提前结束
Stage 1 时间预算即将耗尽，提前结束
Stage 1 时间预算即将耗尽，提前结束
Stage 1 时间预算即将耗尽，提前结束
Stage 1 时间预算即将耗尽，提前结束
Stage 1 时间预算即将耗尽，提前结束
Stage 1 时间预算即将耗尽，提前结束
Stage 1 时间预算即将耗尽，提前结束
Stage 1 时间预算即将耗尽，提前结束
Stage 1 时间预算即将耗尽，提前结束
Stage 1 时间预算即将耗尽，提前结束
Stage 1 时间预算即将耗尽，提前结束
Stage 1 时间预算即将耗尽，提前结束
Stage 1 时间预算即将耗尽，提前结束
Stage 1 时间预算即将耗尽，提前结束
Stage 1 时间预算即将耗尽，提前结束
Stage 1 时间预算即将耗尽，提前结束
Stage 1 时间预算即将耗尽，提前结束
Stage 1 时间预算即将耗尽，提前结束
Stage 1 时间预算即将耗尽，提前结束
Stage 1 时间预算即将耗尽，提前结束
Stage 1 时间预算即将耗尽，提前结束
Stage 1 时间预算即将耗尽，提前结束
Stage 1 时间预算即将耗尽，提前结束
Stage 1 时间预算即将耗尽，提前结束
Stage 1 时间预算即将耗尽，提前结束
Stage 1 时间预算即将耗尽，提前结束
Stage 1 时间预算即将耗尽，提前结束
Stage 1 时间预算即将耗尽，提前结束
Stage 1 时间预算即将耗尽，提前结束
Stage 1 时间预算即将耗尽，提前结束
Stage 1 时间预算即将耗尽，提前结束
Stage 1 时间预算即将耗尽，提前结束
Stage 1 时间预算即将耗尽，提前结束
Stage 1 时间预算即将耗尽，提前结束
Stage 1 时间预算即将耗尽，提前结束
Stage 1 时间预算即将耗尽，提前结束
Stage 1 时间预算即将耗尽，提前结束
Stage 1 时间预算即将耗尽，提前结束
Stage 1 时间预算即将耗尽，提前结束
Stage 1 时间预算即将耗尽，提前结束
Stage 1 时间预算即将耗尽，提前结束
Stage 1 时间预算即将耗尽，提前结束
Stage 1 时间预算即将耗尽，提前结束
Stage 1 时间预算即将耗尽，提前结束
Stage 1 时间预算即将耗尽，提前结束
Stage 1 时间预算即将耗尽，提前结束
Stage 1 时间预算即将耗尽，提前结束
Stage 1 时间预算即将耗尽，提前结束
Stage 1 时间预算即将耗尽，提前结束
Stage 1 时间预算即将耗尽，提前结束
Stage 1 时间预算即将耗尽，提前结束
Stage 1 时间预算即将耗尽，提前结束
Stage 1 时间预算即将耗尽，提前结束
Stage 1 时间预算即将耗尽，提前结束
Stage 1 时间预算即将耗尽，提前结束
Stage 1 时间预算即将耗尽，提前结束
Stage 1 时间预算即将耗尽，提前结束
Stage 1 时间预算即将耗尽，提前结束
Stage 1 时间预算即将耗尽，提前结束
Stage 1 时间预算即将耗尽，提前结束
Stage 1 时间预算即将耗尽，提前结束
Stage 1 时间预算即将耗尽，提前结束
Stage 1 时间预算即将耗尽，提前结束
Stage 1 时间预算即将耗尽，提前结束
Stage 1 时间预算即将耗尽，提前结束
Stage 1 时间预算即将耗尽，提前结束
Stage 1 时间预算即将耗尽，提前结束
Stage 1 时间预算即将耗尽，提前结束
Stage 1 时间预算即将耗尽，提前结束
Stage 1 时间预算即将耗尽，提前结束
Stage 1 时间预算即将耗尽，提前结束
Stage 1 时间预算即将耗尽，提前结束
Stage 1 时间预算即将耗尽，提前结束
Stage 1 时间预算即将耗尽，提前结束
Stage 1 时间预算即将耗尽，提前结束
Stage 1 时间预算即将耗尽，提前结束
Stage 1 时间预算即将耗尽，提前结束
Stage 1 时间预算即将耗尽，提前结束
Stage 1 时间预算即将耗尽，提前结束
Stage 1 时间预算即将耗尽，提前结束
Stage 1 时间预算即将耗尽，提前结束
Stage 1 时间预算即将耗尽，提前结束
Stage 1 时间预算即将耗尽，提前结束
Stage 1 时间预算即将耗尽，提前结束
Stage 1 时间预算即将耗尽，提前结束
Stage 1 时间预算即将耗尽，提前结束
Stage 1 时间预算即将耗尽，提前结束
Stage 1 时间预算即将耗尽，提前结束
Stage 1 时间预算即将耗尽，提前结束
Stage 1 时间预算即将耗尽，提前结束
Stage 1 时间预算即将耗尽，提前结束
Stage 1 时间预算即将耗尽，提前结束
Stage 1 时间预算即将耗尽，提前结束
Stage 1 时间预算即将耗尽，提前结束
Stage 1 时间预算即将耗尽，提前结束
Stage 1 时间预算即将耗尽，提前结束
Stage 1 时间预算即将耗尽，提前结束
Stage 1 时间预算即将耗尽，提前结束
Stage 1 时间预算即将耗尽，提前结束
Stage 1 时间预算即将耗尽，提前结束
Stage 1 时间预算即将耗尽，提前结束
Stage 1 时间预算即将耗尽，提前结束
Stage 1 时间预算即将耗尽，提前结束
Stage 1 时间预算即将耗尽，提前结束
Stage 1 时间预算即将耗尽，提前结束
Stage 1 时间预算即将耗尽，提前结束
Stage 1 时间预算即将耗尽，提前结束
Stage 1 时间预算即将耗尽，提前结束
Stage 1 时间预算即将耗尽，提前结束
Stage 1 时间预算即将耗尽，提前结束
Stage 1 时间预算即将耗尽，提前结束
Stage 1 时间预算即将耗尽，提前结束
Stage 1 时间预算即将耗尽，提前结束
Stage 1 时间预算即将耗尽，提前结束
Stage 1 时间预算即将耗尽，提前结束
Stage 1 时间预算即将耗尽，提前结束
Stage 1 时间预算即将耗尽，提前结束
Stage 1 时间预算即将耗尽，提前结束
Stage 1 时间预算即将耗尽，提前结束
Stage 1 时间预算即将耗尽，提前结束
Stage 1 时间预算即将耗尽，提前结束
Stage 1 时间预算即将耗尽，提前结束
Stage 1 时间预算即将耗尽，提前结束
Stage 1 时间预算即将耗尽，提前结束
Stage 1 时间预算即将耗尽，提前结束
Stage 1 时间预算即将耗尽，提前结束
Stage 1 时间预算即将耗尽，提前结束
Stage 1 时间预算即将耗尽，提前结束
Stage 1 时间预算即将耗尽，提前结束
Stage 1 时间预算即将耗尽，提前结束
Stage 1 时间预算即将耗尽，提前结束
Stage 1 时间预算即将耗尽，提前结束
Stage 1 时间预算即将耗尽，提前结束
Stage 1 时间预算即将耗尽，提前结束
Stage 1 时间预算即将耗尽，提前结束
Stage 1 时间预算即将耗尽，提前结束
Stage 1 时间预算即将耗尽，提前结束
Stage 1 时间预算即将耗尽，提前结束
Stage 1 时间预算即将耗尽，提前结束
Stage 1 时间预算即将耗尽，提前结束
Stage 1 时间预算即将耗尽，提前结束
Stage 1 时间预算即将耗尽，提前结束
Stage 1 时间预算即将耗尽，提前结束
Stage 1 时间预算即将耗尽，提前结束
Stage 1 时间预算即将耗尽，提前结束
Stage 1 时间预算即将耗尽，提前结束
Stage 1 时间预算即将耗尽，提前结束
Stage 1 时间预算即将耗尽，提前结束
Stage 1 时间预算即将耗尽，提前结束
Stage 1 时间预算即将耗尽，提前结束
Stage 1 时间预算即将耗尽，提前结束
Stage 1 时间预算即将耗尽，提前结束
Stage 1 时间预算即将耗尽，提前结束
Stage 1 时间预算即将耗尽，提前结束
Stage 1 时间预算即将耗尽，提前结束
Stage 1 时间预算即将耗尽，提前结束
Stage 1 时间预算即将耗尽，提前结束
Stage 1 时间预算即将耗尽，提前结束
Stage 1 时间预算即将耗尽，提前结束
Stage 1 时间预算即将耗尽，提前结束
Stage 1 时间预算即将耗尽，提前结束
Stage 1 时间预算即将耗尽，提前结束
Stage 1 时间预算即将耗尽，提前结束
Stage 1 时间预算即将耗尽，提前结束
Stage 1 时间预算即将耗尽，提前结束
Stage 1 时间预算即将耗尽，提前结束
Stage 1 时间预算即将耗尽，提前结束
Stage 1 时间预算即将耗尽，提前结束
Stage 1 时间预算即将耗尽，提前结束
Stage 1 时间预算即将耗尽，提前结束
Stage 1 时间预算即将耗尽，提前结束
Stage 1 时间预算即将耗尽，提前结束
Stage 1 时间预算即将耗尽，提前结束
Stage 1 时间预算即将耗尽，提前结束
Stage 1 时间预算即将耗尽，提前结束
Stage 1 时间预算即将耗尽，提前结束
Stage 1 时间预算即将耗尽，提前结束
Stage 1 时间预算即将耗尽，提前结束
Stage 1 时间预算即将耗尽，提前结束
Stage 1 时间预算即将耗尽，提前结束
Stage 1 时间预算即将耗尽，提前结束
Stage 1 时间预算即将耗尽，提前结束
Stage 1 时间预算即将耗尽，提前结束
Stage 1 时间预算即将耗尽，提前结束
Stage 1 时间预算即将耗尽，提前结束
Stage 1 时间预算即将耗尽，提前结束
Stage 1 时间预算即将耗尽，提前结束
Stage 1 时间预算即将耗尽，提前结束
Stage 1 时间预算即将耗尽，提前结束
Stage 1 时间预算即将耗尽，提前结束
Stage 1 时间预算即将耗尽，提前结束
Stage 1 时间预算即将耗尽，提前结束
Stage 1 时间预算即将耗尽，提前结束
Stage 1 时间预算即将耗尽，提前结束
Stage 1 时间预算即将耗尽，提前结束
Stage 1 时间预算即将耗尽，提前结束
Stage 1 时间预算即将耗尽，提前结束
Stage 1 时间预算即将耗尽，提前结束
Stage 1 时间预算即将耗尽，提前结束
Stage 1 时间预算即将耗尽，提前结束
Stage 1 时间预算即将耗尽，提前结束
Stage 1 时间预算即将耗尽，提前结束
Stage 1 时间预算即将耗尽，提前结束
Stage 1 时间预算即将耗尽，提前结束
Stage 1 时间预算即将耗尽，提前结束
Stage 1 时间预算即将耗尽，提前结束
Stage 1 时间预算即将耗尽，提前结束
Stage 1 时间预算即将耗尽，提前结束
Stage 1 时间预算即将耗尽，提前结束
Stage 1 时间预算即将耗尽，提前结束
Stage 1 时间预算即将耗尽，提前结束
Stage 1 时间预算即将耗尽，提前结束
Stage 1 时间预算即将耗尽，提前结束
Stage 1 时间预算即将耗尽，提前结束
Stage 1 时间预算即将耗尽，提前结束
Stage 1 时间预算即将耗尽，提前结束
Stage 1 时间预算即将耗尽，提前结束
Stage 1 时间预算即将耗尽，提前结束
Stage 1 时间预算即将耗尽，提前结束
Stage 1 时间预算即将耗尽，提前结束
Stage 1 时间预算即将耗尽，提前结束
Stage 1 时间预算即将耗尽，提前结束
Stage 1 时间预算即将耗尽，提前结束
Stage 1 时间预算即将耗尽，提前结束
Stage 1 时间预算即将耗尽，提前结束
Stage 1 时间预算即将耗尽，提前结束
Stage 1 时间预算即将耗尽，提前结束
Stage 1 时间预算即将耗尽，提前结束
Stage 1 时间预算即将耗尽，提前结束
Stage 1 时间预算即将耗尽，提前结束
Stage 1 时间预算即将耗尽，提前结束
Stage 1 时间预算即将耗尽，提前结束
Stage 1 时间预算即将耗尽，提前结束
Stage 1 时间预算即将耗尽，提前结束
Stage 1 时间预算即将耗尽，提前结束
Stage 1 时间预算即将耗尽，提前结束
Stage 1 时间预算即将耗尽，提前结束
Stage 1 时间预算即将耗尽，提前结束
Stage 1 时间预算即将耗尽，提前结束
Stage 1 时间预算即将耗尽，提前结束
Stage 1 时间预算即将耗尽，提前结束
Stage 1 时间预算即将耗尽，提前结束
Stage 1 时间预算即将耗尽，提前结束
Stage 1 时间预算即将耗尽，提前结束
Stage 1 时间预算即将耗尽，提前结束
Stage 1 时间预算即将耗尽，提前结束
Stage 1 时间预算即将耗尽，提前结束
Stage 1 时间预算即将耗尽，提前结束
Stage 1 时间预算即将耗尽，提前结束
Stage 1 时间预算即将耗尽，提前结束
Stage 1 时间预算即将耗尽，提前结束
Stage 1 时间预算即将耗尽，提前结束
Stage 1 时间预算即将耗尽，提前结束
Stage 1 时间预算即将耗尽，提前结束
Stage 1 时间预算即将耗尽，提前结束
Stage 1 时间预算即将耗尽，提前结束
Stage 1 时间预算即将耗尽，提前结束
Stage 1 时间预算即将耗尽，提前结束
Stage 1 时间预算即将耗尽，提前结束
Stage 1 时间预算即将耗尽，提前结束
Stage 1 时间预算即将耗尽，提前结束
Stage 1 时间预算即将耗尽，提前结束
Stage 1 时间预算即将耗尽，提前结束
Stage 1 时间预算即将耗尽，提前结束
Stage 1 时间预算即将耗尽，提前结束
Stage 1 时间预算即将耗尽，提前结束
Stage 1 时间预算即将耗尽，提前结束
Stage 1 时间预算即将耗尽，提前结束
Stage 1 时间预算即将耗尽，提前结束
Stage 1 时间预算即将耗尽，提前结束
Stage 1 时间预算即将耗尽，提前结束
Stage 1 时间预算即将耗尽，提前结束
Stage 1 时间预算即将耗尽，提前结束
Stage 1 时间预算即将耗尽，提前结束
Stage 1 时间预算即将耗尽，提前结束
Stage 1 时间预算即将耗尽，提前结束
Stage 1 时间预算即将耗尽，提前结束
Stage 1 时间预算即将耗尽，提前结束
Stage 1 时间预算即将耗尽，提前结束
Stage 1 时间预算即将耗尽，提前结束
Stage 1 时间预算即将耗尽，提前结束
Stage 1 时间预算即将耗尽，提前结束
Stage 1 时间预算即将耗尽，提前结束
Stage 1 时间预算即将耗尽，提前结束
Stage 1 时间预算即将耗尽，提前结束
Stage 1 时间预算即将耗尽，提前结束
Stage 1 时间预算即将耗尽，提前结束
Stage 1 时间预算即将耗尽，提前结束
Stage 1 时间预算即将耗尽，提前结束
Stage 1 时间预算即将耗尽，提前结束
Stage 1 时间预算即将耗尽，提前结束
Stage 1 时间预算即将耗尽，提前结束
Stage 1 时间预算即将耗尽，提前结束
Stage 1 时间预算即将耗尽，提前结束
Stage 1 时间预算即将耗尽，提前结束
Stage 1 时间预算即将耗尽，提前结束
Stage 1 时间预算即将耗尽，提前结束
Stage 1 时间预算即将耗尽，提前结束
Stage 1 时间预算即将耗尽，提前结束
Stage 1 时间预算即将耗尽，提前结束
Stage 1 时间预算即将耗尽，提前结束
Stage 1 时间预算即将耗尽，提前结束
Stage 1 时间预算即将耗尽，提前结束
Stage 1 时间预算即将耗尽，提前结束
Stage 1 时间预算即将耗尽，提前结束
Stage 1 时间预算即将耗尽，提前结束
Stage 1 时间预算即将耗尽，提前结束
Stage 1 时间预算即将耗尽，提前结束
Stage 1 时间预算即将耗尽，提前结束
Stage 1 时间预算即将耗尽，提前结束
Stage 1 时间预算即将耗尽，提前结束
Stage 1 时间预算即将耗尽，提前结束
Stage 1 时间预算即将耗尽，提前结束
Stage 1 时间预算即将耗尽，提前结束
Stage 1 时间预算即将耗尽，提前结束
Stage 1 时间预算即将耗尽，提前结束
Stage 1 时间预算即将耗尽，提前结束
Stage 1 时间预算即将耗尽，提前结束
Stage 1 时间预算即将耗尽，提前结束
Stage 1 时间预算即将耗尽，提前结束
Stage 1 时间预算即将耗尽，提前结束
Stage 1 时间预算即将耗尽，提前结束
Stage 1 时间预算即将耗尽，提前结束
Stage 1 时间预算即将耗尽，提前结束
Stage 1 时间预算即将耗尽，提前结束
Stage 1 时间预算即将耗尽，提前结束
Stage 1 时间预算即将耗尽，提前结束
Stage 1 时间预算即将耗尽，提前结束
Stage 1 时间预算即将耗尽，提前结束
Stage 1 时间预算即将耗尽，提前结束
Stage 1 时间预算即将耗尽，提前结束
Stage 1 时间预算即将耗尽，提前结束
Stage 1 时间预算即将耗尽，提前结束
Stage 1 时间预算即将耗尽，提前结束
Stage 1 时间预算即将耗尽，提前结束
Stage 1 时间预算即将耗尽，提前结束
Stage 1 时间预算即将耗尽，提前结束
Stage 1 时间预算即将耗尽，提前结束
Stage 1 时间预算即将耗尽，提前结束
Stage 1 时间预算即将耗尽，提前结束
Stage 1 时间预算即将耗尽，提前结束
Stage 1 时间预算即将耗尽，提前结束
Stage 1 时间预算即将耗尽，提前结束
Stage 1 时间预算即将耗尽，提前结束
Stage 1 时间预算即将耗尽，提前结束
Stage 1 时间预算即将耗尽，提前结束
Stage 1 时间预算即将耗尽，提前结束
Stage 1 时间预算即将耗尽，提前结束
Stage 1 时间预算即将耗尽，提前结束
Stage 1 时间预算即将耗尽，提前结束
Stage 1 时间预算即将耗尽，提前结束
Stage 1 时间预算即将耗尽，提前结束
Stage 1 时间预算即将耗尽，提前结束
Stage 1 时间预算即将耗尽，提前结束
Stage 1 时间预算即将耗尽，提前结束
Stage 1 时间预算即将耗尽，提前结束
Stage 1 时间预算即将耗尽，提前结束
Stage 1 时间预算即将耗尽，提前结束
Stage 1 时间预算即将耗尽，提前结束
Stage 1 时间预算即将耗尽，提前结束
Stage 1 时间预算即将耗尽，提前结束
Stage 1 时间预算即将耗尽，提前结束
Stage 1 时间预算即将耗尽，提前结束
Stage 1 时间预算即将耗尽，提前结束
Stage 1 时间预算即将耗尽，提前结束
Stage 1 时间预算即将耗尽，提前结束
Stage 1 时间预算即将耗尽，提前结束
Stage 1 时间预算即将耗尽，提前结束
Stage 1 时间预算即将耗尽，提前结束
Stage 1 时间预算即将耗尽，提前结束
Stage 1 时间预算即将耗尽，提前结束
Stage 1 时间预算即将耗尽，提前结束
Stage 1 时间预算即将耗尽，提前结束
Stage 1 时间预算即将耗尽，提前结束
Stage 1 时间预算即将耗尽，提前结束
Stage 1 时间预算即将耗尽，提前结束
Stage 1 时间预算即将耗尽，提前结束
Stage 1 时间预算即将耗尽，提前结束
Stage 1 时间预算即将耗尽，提前结束
Stage 1 时间预算即将耗尽，提前结束
Stage 1 时间预算即将耗尽，提前结束
Stage 1 时间预算即将耗尽，提前结束
Stage 1 时间预算即将耗尽，提前结束
Stage 1 时间预算即将耗尽，提前结束
Stage 1 时间预算即将耗尽，提前结束
Stage 1 时间预算即将耗尽，提前结束
Stage 1 时间预算即将耗尽，提前结束
Stage 1 时间预算即将耗尽，提前结束
Stage 1 时间预算即将耗尽，提前结束
Stage 1 时间预算即将耗尽，提前结束
Stage 1 时间预算即将耗尽，提前结束
Stage 1 时间预算即将耗尽，提前结束
Stage 1 时间预算即将耗尽，提前结束
Stage 1 时间预算即将耗尽，提前结束
Stage 1 时间预算即将耗尽，提前结束
Stage 1 时间预算即将耗尽，提前结束
Stage 1 时间预算即将耗尽，提前结束
Stage 1 时间预算即将耗尽，提前结束
Stage 1 时间预算即将耗尽，提前结束
Stage 1 时间预算即将耗尽，提前结束
Stage 1 时间预算即将耗尽，提前结束
Stage 1 时间预算即将耗尽，提前结束
Stage 1 时间预算即将耗尽，提前结束
Stage 1 时间预算即将耗尽，提前结束
Stage 1 时间预算即将耗尽，提前结束
Stage 1 时间预算即将耗尽，提前结束
Stage 1 时间预算即将耗尽，提前结束
Stage 1 时间预算即将耗尽，提前结束
Stage 1 时间预算即将耗尽，提前结束
Stage 1 时间预算即将耗尽，提前结束
Stage 1 时间预算即将耗尽，提前结束
Stage 1 时间预算即将耗尽，提前结束
Stage 1 时间预算即将耗尽，提前结束
Stage 1 时间预算即将耗尽，提前结束
Stage 1 时间预算即将耗尽，提前结束
Stage 1 时间预算即将耗尽，提前结束
Stage 1 时间预算即将耗尽，提前结束
Stage 1 时间预算即将耗尽，提前结束
Stage 1 时间预算即将耗尽，提前结束
Stage 1 时间预算即将耗尽，提前结束
Stage 1 时间预算即将耗尽，提前结束
Stage 1 时间预算即将耗尽，提前结束
Stage 1 时间预算即将耗尽，提前结束
Stage 1 时间预算即将耗尽，提前结束
Stage 1 时间预算即将耗尽，提前结束
Stage 1 时间预算即将耗尽，提前结束
Stage 1 时间预算即将耗尽，提前结束
Stage 1 时间预算即将耗尽，提前结束
Stage 1 时间预算即将耗尽，提前结束
Stage 1 时间预算即将耗尽，提前结束
Stage 1 时间预算即将耗尽，提前结束
Stage 1 时间预算即将耗尽，提前结束
Stage 1 时间预算即将耗尽，提前结束
Stage 1 时间预算即将耗尽，提前结束
Stage 1 时间预算即将耗尽，提前结束
Stage 1 时间预算即将耗尽，提前结束
Stage 1 时间预算即将耗尽，提前结束
Stage 1 时间预算即将耗尽，提前结束
Stage 1 时间预算即将耗尽，提前结束
Stage 1 时间预算即将耗尽，提前结束
Stage 1 时间预算即将耗尽，提前结束
Stage 1 时间预算即将耗尽，提前结束
Stage 1 时间预算即将耗尽，提前结束
Stage 1 时间预算即将耗尽，提前结束
Stage 1 时间预算即将耗尽，提前结束
Stage 1 时间预算即将耗尽，提前结束
Stage 1 时间预算即将耗尽，提前结束
Stage 1 时间预算即将耗尽，提前结束
Stage 1 时间预算即将耗尽，提前结束
Stage 1 时间预算即将耗尽，提前结束
Stage 1 时间预算即将耗尽，提前结束
Stage 1 时间预算即将耗尽，提前结束
Stage 1 时间预算即将耗尽，提前结束
Stage 1 时间预算即将耗尽，提前结束
Stage 1 时间预算即将耗尽，提前结束
Stage 1 时间预算即将耗尽，提前结束
Stage 1 时间预算即将耗尽，提前结束
Stage 1 时间预算即将耗尽，提前结束
Stage 1 时间预算即将耗尽，提前结束
Stage 1 时间预算即将耗尽，提前结束
Stage 1 时间预算即将耗尽，提前结束
Stage 1 时间预算即将耗尽，提前结束
Stage 1 时间预算即将耗尽，提前结束
Stage 1 时间预算即将耗尽，提前结束
Stage 1 时间预算即将耗尽，提前结束
Stage 1 时间预算即将耗尽，提前结束
Stage 1 时间预算即将耗尽，提前结束
Stage 1 时间预算即将耗尽，提前结束
Stage 1 时间预算即将耗尽，提前结束
Stage 1 时间预算即将耗尽，提前结束
Stage 1 时间预算即将耗尽，提前结束
Stage 1 时间预算即将耗尽，提前结束
Stage 1 时间预算即将耗尽，提前结束
Stage 1 时间预算即将耗尽，提前结束
Stage 1 时间预算即将耗尽，提前结束
Stage 1 时间预算即将耗尽，提前结束
Stage 1 时间预算即将耗尽，提前结束
Stage 1 时间预算即将耗尽，提前结束
Stage 1 时间预算即将耗尽，提前结束
Stage 1 时间预算即将耗尽，提前结束
Stage 1 时间预算即将耗尽，提前结束
Stage 1 时间预算即将耗尽，提前结束
Stage 1 时间预算即将耗尽，提前结束
Stage 1 时间预算即将耗尽，提前结束
Stage 1 时间预算即将耗尽，提前结束
Stage 1 时间预算即将耗尽，提前结束
Stage 1 时间预算即将耗尽，提前结束
Stage 1 时间预算即将耗尽，提前结束
Stage 1 时间预算即将耗尽，提前结束
Stage 1 时间预算即将耗尽，提前结束
Stage 1 时间预算即将耗尽，提前结束
Stage 1 时间预算即将耗尽，提前结束
Stage 1 时间预算即将耗尽，提前结束
Stage 1 时间预算即将耗尽，提前结束
Stage 1 时间预算即将耗尽，提前结束
Stage 1 时间预算即将耗尽，提前结束
Stage 1 时间预算即将耗尽，提前结束
Stage 1 时间预算即将耗尽，提前结束
Stage 1 时间预算即将耗尽，提前结束
Stage 1 时间预算即将耗尽，提前结束
Stage 1 时间预算即将耗尽，提前结束
Stage 1 时间预算即将耗尽，提前结束
Stage 1 时间预算即将耗尽，提前结束
Stage 1 时间预算即将耗尽，提前结束
Stage 1 时间预算即将耗尽，提前结束
Stage 1 时间预算即将耗尽，提前结束
Stage 1 时间预算即将耗尽，提前结束
Stage 1 时间预算即将耗尽，提前结束
Stage 1 时间预算即将耗尽，提前结束
Stage 1 时间预算即将耗尽，提前结束
Stage 1 时间预算即将耗尽，提前结束
Stage 1 时间预算即将耗尽，提前结束
Stage 1 时间预算即将耗尽，提前结束
Stage 1 时间预算即将耗尽，提前结束
Stage 1 时间预算即将耗尽，提前结束
Stage 1 时间预算即将耗尽，提前结束
Stage 1 时间预算即将耗尽，提前结束
Stage 1 时间预算即将耗尽，提前结束
Stage 1 时间预算即将耗尽，提前结束
Stage 1 时间预算即将耗尽，提前结束
Stage 1 时间预算即将耗尽，提前结束
Stage 1 时间预算即将耗尽，提前结束
Stage 1 时间预算即将耗尽，提前结束
Stage 1 时间预算即将耗尽，提前结束
Stage 1 时间预算即将耗尽，提前结束
Stage 1 时间预算即将耗尽，提前结束
Stage 1 时间预算即将耗尽，提前结束
Stage 1 时间预算即将耗尽，提前结束
Stage 1 时间预算即将耗尽，提前结束
Stage 1 时间预算即将耗尽，提前结束
Stage 1 时间预算即将耗尽，提前结束
Stage 1 时间预算即将耗尽，提前结束
Stage 1 时间预算即将耗尽，提前结束
Stage 1 时间预算即将耗尽，提前结束
Stage 1 时间预算即将耗尽，提前结束
Stage 1 时间预算即将耗尽，提前结束
Stage 1 时间预算即将耗尽，提前结束
Stage 1 时间预算即将耗尽，提前结束
Stage 1 时间预算即将耗尽，提前结束
Stage 1 时间预算即将耗尽，提前结束
Stage 1 时间预算即将耗尽，提前结束
Stage 1 时间预算即将耗尽，提前结束
Stage 1 时间预算即将耗尽，提前结束
Stage 1 时间预算即将耗尽，提前结束
Stage 1 时间预算即将耗尽，提前结束
Stage 1 时间预算即将耗尽，提前结束
Stage 1 时间预算即将耗尽，提前结束
Stage 1 时间预算即将耗尽，提前结束
Stage 1 时间预算即将耗尽，提前结束
Stage 1 时间预算即将耗尽，提前结束
Stage 1 时间预算即将耗尽，提前结束
Stage 1 时间预算即将耗尽，提前结束
Stage 1 时间预算即将耗尽，提前结束
Stage 1 时间预算即将耗尽，提前结束
Stage 1 时间预算即将耗尽，提前结束
Stage 1 时间预算即将耗尽，提前结束
Stage 1 时间预算即将耗尽，提前结束
Stage 1 时间预算即将耗尽，提前结束
Stage 1 时间预算即将耗尽，提前结束
Stage 1 时间预算即将耗尽，提前结束
Stage 1 时间预算即将耗尽，提前结束
Stage 1 时间预算即将耗尽，提前结束
Stage 1 时间预算即将耗尽，提前结束
Stage 1 时间预算即将耗尽，提前结束
Stage 1 时间预算即将耗尽，提前结束
Stage 1 时间预算即将耗尽，提前结束
Stage 1 时间预算即将耗尽，提前结束
Stage 1 时间预算即将耗尽，提前结束
Stage 1 时间预算即将耗尽，提前结束
Stage 1 时间预算即将耗尽，提前结束
Stage 1 时间预算即将耗尽，提前结束
Stage 1 时间预算即将耗尽，提前结束
Stage 1 时间预算即将耗尽，提前结束
Stage 1 时间预算即将耗尽，提前结束
Stage 1 时间预算即将耗尽，提前结束
Stage 1 时间预算即将耗尽，提前结束
Stage 1 时间预算即将耗尽，提前结束
Stage 1 时间预算即将耗尽，提前结束
Stage 1 时间预算即将耗尽，提前结束
Stage 1 时间预算即将耗尽，提前结束
Stage 1 时间预算即将耗尽，提前结束
Stage 1 时间预算即将耗尽，提前结束
Stage 1 时间预算即将耗尽，提前结束
Stage 1 时间预算即将耗尽，提前结束
Stage 1 时间预算即将耗尽，提前结束
Stage 1 时间预算即将耗尽，提前结束
Stage 1 时间预算即将耗尽，提前结束
Stage 1 时间预算即将耗尽，提前结束
Stage 1 时间预算即将耗尽，提前结束
Stage 1 时间预算即将耗尽，提前结束
Stage 1 时间预算即将耗尽，提前结束
Stage 1 时间预算即将耗尽，提前结束
Stage 1 时间预算即将耗尽，提前结束
Stage 1 时间预算即将耗尽，提前结束
Stage 1 时间预算即将耗尽，提前结束
Stage 1 时间预算即将耗尽，提前结束
Stage 1 时间预算即将耗尽，提前结束
Stage 1 时间预算即将耗尽，提前结束
Stage 1 时间预算即将耗尽，提前结束
Stage 1 时间预算即将耗尽，提前结束
Stage 1 时间预算即将耗尽，提前结束
Stage 1 时间预算即将耗尽，提前结束
Stage 1 时间预算即将耗尽，提前结束
Stage 1 时间预算即将耗尽，提前结束
Stage 1 时间预算即将耗尽，提前结束
Stage 1 时间预算即将耗尽，提前结束
Stage 1 时间预算即将耗尽，提前结束
Stage 1 时间预算即将耗尽，提前结束
Stage 1 时间预算即将耗尽，提前结束
Stage 1 时间预算即将耗尽，提前结束
Stage 1 时间预算即将耗尽，提前结束
Stage 1 时间预算即将耗尽，提前结束
Stage 1 时间预算即将耗尽，提前结束
Stage 1 时间预算即将耗尽，提前结束

Stage 1 完成: 829/2880 组合, 耗时 135.2s
  最优核心参数: w=10 std=3.0 atr=1.5 hold=8 rsi=25 ez=0.0
  评分=0.2000 收益=0.00%

Stage 2: 指标组合搜索 (35 种组合)
  时间预算: 165s

  [10/35] use_adx+use_volume                       | 评分=0.2000 | 收益=0.00% | 交易=0
  [20/35] use_mfi                                  | 评分=0.0000 | 收益=-8.61% | 交易=51
  [30/35] use_macd_divergence                      | 评分=0.2000 | 收益=0.00% | 交易=0

Stage 2 完成: 35/35 组合, 耗时 7.9s
  无额外指标（纯布林带策略）


============================================================
训练币种: SOLUSDT
============================================================
数据量: 17280 条K线, 价格范围: 75.91 - 97.63
Stage 1: 核心参数搜索 (训练集 15552 条, 验证集 1728 条)
  参数组合: 2880, 时间预算: 150s

  [1/2880] w=10 std=1.5 atr=1.5 hold=8 rsi=25 ez=0.0 | 评分=0.0000 | 收益=-20.45% | 夏普=-2.56 | DD=-21.4% | 交易=105
  [50/2880] w=10 std=1.5 atr=2.5 hold=18 rsi=30 ez=0.0 | 评分=0.0000 | 收益=-17.87% | 夏普=-2.14 | DD=-19.0% | 交易=84
  [100/2880] w=10 std=1.8 atr=1.5 hold=36 rsi=40 ez=0.0 | 评分=0.0000 | 收益=-20.85% | 夏普=-2.71 | DD=-22.3% | 交易=104
  [150/2880] w=10 std=1.8 atr=3.0 hold=18 rsi=30 ez=0.0 | 评分=0.0000 | 收益=-17.48% | 夏普=-2.29 | DD=-19.0% | 交易=68
  [200/2880] w=10 std=2.0 atr=2.0 hold=36 rsi=40 ez=0.0 | 评分=0.0000 | 收益=-13.63% | 夏普=-2.36 | DD=-15.2% | 交易=80
  [250/2880] w=10 std=2.2 atr=1.5 hold=18 rsi=30 ez=0.0 | 评分=0.0000 | 收益=-7.89% | 夏普=-2.35 | DD=-8.5% | 交易=39
  [300/2880] w=10 std=2.2 atr=2.5 hold=36 rsi=40 ez=0.0 | 评分=0.0000 | 收益=-10.34% | 夏普=-2.17 | DD=-11.0% | 交易=61
  [350/2880] w=10 std=2.5 atr=2.0 hold=18 rsi=30 ez=0.0 | 评分=0.0000 | 收益=-1.65% | 夏普=-0.94 | DD=-2.2% | 交易=15
  [400/2880] w=10 std=2.5 atr=3.0 hold=36 rsi=40 ez=0.0 | 评分=0.0000 | 收益=-7.51% | 夏普=-2.62 | DD=-7.8% | 交易=41
  [401/2880] w=10 std=3.0 atr=1.5 hold=8 rsi=25 ez=0.0 | 评分=0.2000 | 收益=0.00% | 夏普=0.00 | DD=0.0% | 交易=0
  [402/2880] w=10 std=3.0 atr=1.5 hold=8 rsi=30 ez=0.0 | 评分=0.6158 | 收益=0.70% | 夏普=1.40 | DD=-0.1% | 交易=3
  [450/2880] w=10 std=3.0 atr=2.5 hold=18 rsi=30 ez=0.0 | 评分=0.4714 | 收益=0.50% | 夏普=0.84 | DD=-0.4% | 交易=3
  [500/2880] w=12 std=1.5 atr=1.5 hold=36 rsi=40 ez=0.0 | 评分=0.0000 | 收益=-25.26% | 夏普=-2.56 | DD=-25.8% | 交易=129
  [550/2880] w=12 std=1.5 atr=3.0 hold=18 rsi=30 ez=0.0 | 评分=0.0000 | 收益=-18.54% | 夏普=-2.12 | DD=-19.5% | 交易=85
  [600/2880] w=12 std=1.8 atr=2.0 hold=36 rsi=40 ez=0.0 | 评分=0.0000 | 收益=-17.60% | 夏普=-2.43 | DD=-18.7% | 交易=94
  [650/2880] w=12 std=2.0 atr=1.5 hold=18 rsi=30 ez=0.0 | 评分=0.0000 | 收益=-11.92% | 夏普=-2.55 | DD=-12.7% | 交易=61
  [700/2880] w=12 std=2.0 atr=2.5 hold=36 rsi=40 ez=0.0 | 评分=0.0000 | 收益=-14.15% | 夏普=-2.25 | DD=-15.1% | 交易=73
  [750/2880] w=12 std=2.2 atr=2.0 hold=18 rsi=30 ez=0.0 | 评分=0.0000 | 收益=-5.80% | 夏普=-1.69 | DD=-7.2% | 交易=44
  [800/2880] w=12 std=2.2 atr=3.0 hold=36 rsi=40 ez=0.0 | 评分=0.0000 | 收益=-9.75% | 夏普=-2.03 | DD=-10.7% | 交易=63
  [850/2880] w=12 std=2.5 atr=2.5 hold=18 rsi=30 ez=0.0 | 评分=0.0000 | 收益=-1.66% | 夏普=-0.77 | DD=-3.8% | 交易=22
  [882/2880] w=12 std=3.0 atr=1.5 hold=8 rsi=30 ez=0.0 | 评分=0.6412 | 收益=0.75% | 夏普=1.33 | DD=-0.4% | 交易=5
  [900/2880] w=12 std=3.0 atr=1.5 hold=36 rsi=40 ez=0.0 | 评分=0.0000 | 收益=-6.66% | 夏普=-4.17 | DD=-6.7% | 交易=35
  [950/2880] w=12 std=3.0 atr=3.0 hold=18 rsi=30 ez=0.0 | 评分=0.5196 | 收益=0.55% | 夏普=0.84 | DD=-0.4% | 交易=5
  [1000/2880] w=15 std=1.5 atr=2.0 hold=36 rsi=40 ez=0.0 | 评分=0.0000 | 收益=-18.65% | 夏普=-2.25 | DD=-20.1% | 交易=107
  [1050/2880] w=15 std=1.8 atr=1.5 hold=18 rsi=30 ez=0.0 | 评分=0.0000 | 收益=-13.16% | 夏普=-2.69 | DD=-13.6% | 交易=71
  [1100/2880] w=15 std=1.8 atr=2.5 hold=36 rsi=40 ez=0.0 | 评分=0.0000 | 收益=-14.53% | 夏普=-2.25 | DD=-14.9% | 交易=81
  [1150/2880] w=15 std=2.0 atr=2.0 hold=18 rsi=30 ez=0.0 | 评分=0.0000 | 收益=-7.25% | 夏普=-1.88 | DD=-8.6% | 交易=54
  [1200/2880] w=15 std=2.0 atr=3.0 hold=36 rsi=40 ez=0.0 | 评分=0.0000 | 收益=-7.22% | 夏普=-1.65 | DD=-8.0% | 交易=65
  [1250/2880] w=15 std=2.2 atr=2.5 hold=18 rsi=30 ez=0.0 | 评分=0.0000 | 收益=-6.53% | 夏普=-1.77 | DD=-7.9% | 交易=42
  [1300/2880] w=15 std=2.5 atr=1.5 hold=36 rsi=40 ez=0.0 | 评分=0.0000 | 收益=-11.42% | 夏普=-2.92 | DD=-11.8% | 交易=63
  [1350/2880] w=15 std=2.5 atr=3.0 hold=18 rsi=30 ez=0.0 | 评分=0.0000 | 收益=-4.84% | 夏普=-1.66 | DD=-5.8% | 交易=31
  [1361/2880] w=15 std=3.0 atr=1.5 hold=8 rsi=25 ez=0.0 | 评分=0.6466 | 收益=1.50% | 夏普=1.44 | DD=-1.5% | 交易=6
  [1362/2880] w=15 std=3.0 atr=1.5 hold=8 rsi=30 ez=0.0 | 评分=0.8980 | 收益=2.37% | 夏普=2.09 | DD=-1.5% | 交易=13
  [1382/2880] w=15 std=3.0 atr=2.0 hold=8 rsi=30 ez=0.0 | 评分=0.9479 | 收益=2.58% | 夏普=2.28 | DD=-1.4% | 交易=13
  [1386/2880] w=15 std=3.0 atr=2.0 hold=12 rsi=30 ez=0.0 | 评分=1.0333 | 收益=2.94% | 夏普=2.60 | DD=-1.5% | 交易=13
  [1400/2880] w=15 std=3.0 atr=2.0 hold=36 rsi=40 ez=0.0 | 评分=0.0000 | 收益=-5.98% | 夏普=-2.34 | DD=-7.0% | 交易=41
  [1450/2880] w=20 std=1.5 atr=1.5 hold=18 rsi=30 ez=0.0 | 评分=0.0000 | 收益=-13.84% | 夏普=-2.38 | DD=-14.4% | 交易=86
  [1500/2880] w=20 std=1.5 atr=2.5 hold=36 rsi=40 ez=0.0 | 评分=0.0000 | 收益=-13.20% | 夏普=-1.91 | DD=-14.2% | 交易=90
  [1550/2880] w=20 std=1.8 atr=2.0 hold=18 rsi=30 ez=0.0 | 评分=0.0000 | 收益=-6.26% | 夏普=-1.66 | DD=-7.2% | 交易=57
  [1600/2880] w=20 std=1.8 atr=3.0 hold=36 rsi=40 ez=0.0 | 评分=0.0000 | 收益=-7.21% | 夏普=-1.46 | DD=-7.9% | 交易=70
  [1650/2880] w=20 std=2.0 atr=2.5 hold=18 rsi=30 ez=0.0 | 评分=0.0000 | 收益=-6.20% | 夏普=-1.64 | DD=-7.9% | 交易=49
  [1700/2880] w=20 std=2.2 atr=1.5 hold=36 rsi=40 ez=0.0 | 评分=0.0000 | 收益=-15.83% | 夏普=-2.63 | DD=-16.6% | 交易=88
  [1750/2880] w=20 std=2.2 atr=3.0 hold=18 rsi=30 ez=0.0 | 评分=0.0000 | 收益=-6.96% | 夏普=-1.78 | DD=-8.1% | 交易=44
  [1800/2880] w=20 std=2.5 atr=2.0 hold=36 rsi=40 ez=0.0 | 评分=0.0000 | 收益=-10.43% | 夏普=-2.26 | DD=-12.5% | 交易=69
  [1850/2880] w=20 std=3.0 atr=1.5 hold=18 rsi=30 ez=0.0 | 评分=0.0000 | 收益=-0.84% | 夏普=-0.56 | DD=-2.5% | 交易=21
  [1900/2880] w=20 std=3.0 atr=2.5 hold=36 rsi=40 ez=0.0 | 评分=0.0000 | 收益=-7.73% | 夏普=-2.09 | DD=-8.8% | 交易=51
  [1950/2880] w=25 std=1.5 atr=2.0 hold=18 rsi=30 ez=0.0 | 评分=0.0000 | 收益=-11.94% | 夏普=-2.15 | DD=-12.1% | 交易=77
  [2000/2880] w=25 std=1.5 atr=3.0 hold=36 rsi=40 ez=0.0 | 评分=0.0000 | 收益=-7.88% | 夏普=-1.37 | DD=-8.7% | 交易=84
  [2050/2880] w=25 std=1.8 atr=2.5 hold=18 rsi=30 ez=0.0 | 评分=0.0000 | 收益=-11.91% | 夏普=-2.23 | DD=-13.1% | 交易=57
  [2100/2880] w=25 std=2.0 atr=1.5 hold=36 rsi=40 ez=0.0 | 评分=0.0000 | 收益=-13.69% | 夏普=-2.33 | DD=-14.0% | 交易=91
  [2150/2880] w=25 std=2.0 atr=3.0 hold=18 rsi=30 ez=0.0 | 评分=0.0000 | 收益=-8.13% | 夏普=-1.86 | DD=-9.7% | 交易=50
  [2200/2880] w=25 std=2.2 atr=2.0 hold=36 rsi=40 ez=0.0 | 评分=0.0000 | 收益=-7.82% | 夏普=-1.78 | DD=-9.1% | 交易=72
  [2250/2880] w=25 std=2.5 atr=1.5 hold=18 rsi=30 ez=0.0 | 评分=0.0000 | 收益=-7.29% | 夏普=-2.60 | DD=-8.4% | 交易=37
  [2300/2880] w=25 std=2.5 atr=2.5 hold=36 rsi=40 ez=0.0 | 评分=0.0000 | 收益=-9.06% | 夏普=-1.86 | DD=-9.8% | 交易=64
  [2350/2880] w=25 std=3.0 atr=2.0 hold=18 rsi=30 ez=0.0 | 评分=0.0000 | 收益=-3.86% | 夏普=-2.33 | DD=-5.0% | 交易=21
  [2400/2880] w=25 std=3.0 atr=3.0 hold=36 rsi=40 ez=0.0 | 评分=0.0000 | 收益=-5.03% | 夏普=-1.50 | DD=-6.8% | 交易=45
  [2450/2880] w=30 std=1.5 atr=2.5 hold=18 rsi=30 ez=0.0 | 评分=0.0000 | 收益=-11.26% | 夏普=-1.99 | DD=-12.5% | 交易=73
  [2500/2880] w=30 std=1.8 atr=1.5 hold=36 rsi=40 ez=0.0 | 评分=0.0000 | 收益=-13.74% | 夏普=-2.21 | DD=-14.6% | 交易=104
  [2550/2880] w=30 std=1.8 atr=3.0 hold=18 rsi=30 ez=0.0 | 评分=0.0000 | 收益=-4.17% | 夏普=-1.17 | DD=-5.5% | 交易=52
  [2600/2880] w=30 std=2.0 atr=2.0 hold=36 rsi=40 ez=0.0 | 评分=0.0000 | 收益=-9.01% | 夏普=-1.82 | DD=-10.4% | 交易=83
  [2650/2880] w=30 std=2.2 atr=1.5 hold=18 rsi=30 ez=0.0 | 评分=0.0000 | 收益=-6.59% | 夏普=-2.22 | DD=-7.7% | 交易=45
  [2700/2880] w=30 std=2.2 atr=2.5 hold=36 rsi=40 ez=0.0 | 评分=0.0000 | 收益=-7.10% | 夏普=-1.55 | DD=-8.4% | 交易=65
  [2750/2880] w=30 std=2.5 atr=2.0 hold=18 rsi=30 ez=0.0 | 评分=0.0000 | 收益=-2.86% | 夏普=-1.30 | DD=-4.0% | 交易=32
  [2800/2880] w=30 std=2.5 atr=3.0 hold=36 rsi=40 ez=0.0 | 评分=0.0000 | 收益=-4.54% | 夏普=-1.25 | DD=-6.8% | 交易=52
Stage 1 时间预算即将耗尽，提前结束
Stage 1 时间预算即将耗尽，提前结束
Stage 1 时间预算即将耗尽，提前结束
Stage 1 时间预算即将耗尽，提前结束
Stage 1 时间预算即将耗尽，提前结束
Stage 1 时间预算即将耗尽，提前结束
Stage 1 时间预算即将耗尽，提前结束
Stage 1 时间预算即将耗尽，提前结束
Stage 1 时间预算即将耗尽，提前结束
Stage 1 时间预算即将耗尽，提前结束
Stage 1 时间预算即将耗尽，提前结束
Stage 1 时间预算即将耗尽，提前结束
Stage 1 时间预算即将耗尽，提前结束
Stage 1 时间预算即将耗尽，提前结束
Stage 1 时间预算即将耗尽，提前结束
Stage 1 时间预算即将耗尽，提前结束
Stage 1 时间预算即将耗尽，提前结束
Stage 1 时间预算即将耗尽，提前结束
Stage 1 时间预算即将耗尽，提前结束
Stage 1 时间预算即将耗尽，提前结束
Stage 1 时间预算即将耗尽，提前结束
Stage 1 时间预算即将耗尽，提前结束
Stage 1 时间预算即将耗尽，提前结束
Stage 1 时间预算即将耗尽，提前结束
Stage 1 时间预算即将耗尽，提前结束
Stage 1 时间预算即将耗尽，提前结束
Stage 1 时间预算即将耗尽，提前结束
Stage 1 时间预算即将耗尽，提前结束
Stage 1 时间预算即将耗尽，提前结束
Stage 1 时间预算即将耗尽，提前结束
Stage 1 时间预算即将耗尽，提前结束
Stage 1 时间预算即将耗尽，提前结束
Stage 1 时间预算即将耗尽，提前结束
Stage 1 时间预算即将耗尽，提前结束
Stage 1 时间预算即将耗尽，提前结束
Stage 1 时间预算即将耗尽，提前结束
Stage 1 时间预算即将耗尽，提前结束
Stage 1 时间预算即将耗尽，提前结束
Stage 1 时间预算即将耗尽，提前结束
Stage 1 时间预算即将耗尽，提前结束
Stage 1 时间预算即将耗尽，提前结束
Stage 1 时间预算即将耗尽，提前结束
Stage 1 时间预算即将耗尽，提前结束
Stage 1 时间预算即将耗尽，提前结束
Stage 1 时间预算即将耗尽，提前结束
Stage 1 时间预算即将耗尽，提前结束
Stage 1 时间预算即将耗尽，提前结束
Stage 1 时间预算即将耗尽，提前结束
Stage 1 时间预算即将耗尽，提前结束
Stage 1 时间预算即将耗尽，提前结束
Stage 1 时间预算即将耗尽，提前结束
Stage 1 时间预算即将耗尽，提前结束
Stage 1 时间预算即将耗尽，提前结束
Stage 1 时间预算即将耗尽，提前结束
Stage 1 时间预算即将耗尽，提前结束
Stage 1 时间预算即将耗尽，提前结束
Stage 1 时间预算即将耗尽，提前结束
Stage 1 时间预算即将耗尽，提前结束
Stage 1 时间预算即将耗尽，提前结束
Stage 1 时间预算即将耗尽，提前结束
Stage 1 时间预算即将耗尽，提前结束
Stage 1 时间预算即将耗尽，提前结束
Stage 1 时间预算即将耗尽，提前结束
Stage 1 时间预算即将耗尽，提前结束
Stage 1 时间预算即将耗尽，提前结束
Stage 1 时间预算即将耗尽，提前结束
Stage 1 时间预算即将耗尽，提前结束
Stage 1 时间预算即将耗尽，提前结束
Stage 1 时间预算即将耗尽，提前结束
Stage 1 时间预算即将耗尽，提前结束
Stage 1 时间预算即将耗尽，提前结束
Stage 1 时间预算即将耗尽，提前结束
Stage 1 时间预算即将耗尽，提前结束
Stage 1 时间预算即将耗尽，提前结束
Stage 1 时间预算即将耗尽，提前结束
Stage 1 时间预算即将耗尽，提前结束
Stage 1 时间预算即将耗尽，提前结束
Stage 1 时间预算即将耗尽，提前结束
Stage 1 时间预算即将耗尽，提前结束

Stage 1 完成: 2801/2880 组合, 耗时 135.0s
  最优核心参数: w=15 std=3.0 atr=2.0 hold=12 rsi=30 ez=0.0
  评分=1.0333 收益=2.94%

Stage 2: 指标组合搜索 (35 种组合)
  时间预算: 165s

  [10/35] use_adx+use_volume                       | 评分=0.2643 | 收益=0.17% | 交易=3
  [20/35] use_mfi                                  | 评分=0.4484 | 收益=0.31% | 交易=20
  [30/35] use_macd_divergence                      | 评分=1.0333 | 收益=2.94% | 交易=13

Stage 2 完成: 35/35 组合, 耗时 2.3s
  无额外指标（纯布林带策略）


最优参数已保存: d:\10_skill\autoresearch\checkpoints\quant_model.pt

============================================================
最优参数与回测结果
============================================================
来源币种:       SOLUSDT
布林带周期:     15
标准差倍数:     3.0
ATR止损倍数:    2.0
最大持仓K线:   12
RSI阈值:        30
入场提前量:     0.0
活跃指标:       无（纯布林带策略）
综合评分:       1.033253
夏普比率:       2.5965
总收益率:       2.94%
年化收益率:     43.10%
年化波动率:     16.60%
最大回撤:       -1.47%
胜率:           61.5%
总耗时:         557.6s
