step,timestamp,equity
0,1776432300000,10000.0
1,1776432600000,10000.0
2,1776432900000,10000.0
3,1776433200000,10000.0
4,1776433500000,10000.0
5,1776433800000,10000.0
6,1776434100000,10000.0
7,1776434400000,10000.0
8,1776434700000,10000.0
9,1776435000000,10000.0
10,1776435300000,10000.0
11,1776435600000,10000.0
12,1776435900000,10000.0
13,1776436200000,10000.0
14,1776436500000,10000.0
15,1776436800000,10000.0
16,1776437100000,10000.0
17,1776437400000,10000.0
18,1776437700000,10000.0
19,1776438000000,10000.0
20,1776438300000,10000.0
21,1776438600000,10000.0
22,1776438900000,10000.0
23,1776439200000,10000.0
24,1776439500000,10000.0
25,1776439800000,10000.0
26,1776440100000,10000.0
27,1776440400000,10000.0
28,1776440700000,10000.0
29,1776441000000,10000.0
30,1776441300000,10000.0
31,1776441600000,10000.0
32,1776441900000,10000.0
33,1776442200000,10000.0
34,1776442500000,10000.0
35,1776442800000,10000.0
36,1776443100000,10000.0
37,1776443400000,10000.0
38,1776443700000,10000.0
39,1776444000000,10000.0
40,1776444300000,10000.0
41,1776444600000,10000.0
42,1776444900000,10000.0
43,1776445200000,10000.0
44,1776445500000,10000.0
45,1776445800000,10000.0
46,1776446100000,10000.0
47,1776446400000,10000.0
48,1776446700000,10000.0
49,1776447000000,10000.0
50,1776447300000,10000.0
51,1776447600000,10000.0
52,1776447900000,10000.0
53,1776448200000,10000.0
54,1776448500000,10000.0
55,1776448800000,10000.0
56,1776449100000,10000.0
57,1776449400000,10000.0
58,1776449700000,10000.0
59,1776450000000,10000.0
60,1776450300000,10000.0
61,1776450600000,10000.0
62,1776450900000,10000.0
63,1776451200000,10000.0
64,1776451500000,10000.0
65,1776451800000,10000.0
66,1776452100000,10000.0
67,1776452400000,10000.0
68,1776452700000,10000.0
69,1776453000000,10000.0
70,1776453300000,10000.0
71,1776453600000,10000.0
72,1776453900000,10000.0
73,1776454200000,10000.0
74,1776454500000,10000.0
75,1776454800000,10000.0
76,1776455100000,10000.0
77,1776455400000,10000.0
78,1776455700000,10000.0
79,1776456000000,10000.0
80,1776456300000,10000.0
81,1776456600000,10000.0
82,1776456900000,10000.0
83,1776457200000,10000.0
84,1776457500000,10000.0
85,1776457800000,10000.0
86,1776458100000,10000.0
87,1776458400000,10000.0
88,1776458700000,10000.0
89,1776459000000,10000.0
90,1776459300000,10000.0
91,1776459600000,10000.0
92,1776459900000,10000.0
93,1776460200000,10000.0
94,1776460500000,10000.0
95,1776460800000,10000.0
96,1776461100000,10000.0
97,1776461400000,10000.0
98,1776461700000,10000.0
99,1776462000000,10000.0
100,1776462300000,10000.0
101,1776462600000,10000.0
102,1776462900000,10000.0
103,1776463200000,10000.0
104,1776463500000,10000.0
105,1776463800000,10000.0
106,1776464100000,10000.0
107,1776464400000,10000.0
108,1776464700000,10000.0
109,1776465000000,10000.0
110,1776465300000,10000.0
111,1776465600000,10000.0
112,1776465900000,10000.0
113,1776466200000,10000.0
114,1776466500000,10000.0
115,1776466800000,10000.0
116,1776467100000,10000.0
117,1776467400000,10000.0
118,1776467700000,10000.0
119,1776468000000,10000.0
120,1776468300000,10000.0
121,1776468600000,10000.0
122,1776468900000,10000.0
123,1776469200000,10000.0
124,1776469500000,10000.0
125,1776469800000,10000.0
126,1776470100000,10000.0
127,1776470400000,10000.0
128,1776470700000,10000.0
129,1776471000000,10000.0
130,1776471300000,10000.0
131,1776471600000,10000.0
132,1776471900000,10000.0
133,1776472200000,10000.0
134,1776472500000,10000.0
135,1776472800000,10000.0
136,1776473100000,10000.0
137,1776473400000,10000.0
138,1776473700000,10000.0
139,1776474000000,10000.0
140,1776474300000,10000.0
141,1776474600000,10000.0
142,1776474900000,10000.0
143,1776475200000,10000.0
144,1776475500000,10000.0
145,1776475800000,10000.0
146,1776476100000,10000.0
147,1776476400000,10000.0
148,1776476700000,10000.0
149,1776477000000,10000.0
150,1776477300000,10000.0
151,1776477600000,10000.0
152,1776477900000,10000.0
153,1776478200000,10000.0
154,1776478500000,10000.0
155,1776478800000,10000.0
156,1776479100000,10000.0
157,1776479400000,10000.0
158,1776479700000,10000.0
159,1776480000000,10000.0
160,1776480300000,10000.0
161,1776480600000,10000.0
162,1776480900000,10000.0
163,1776481200000,10000.0
164,1776481500000,10000.0
165,1776481800000,10000.0
166,1776482100000,10000.0
167,1776482400000,10000.0
168,1776482700000,10000.0
169,1776483000000,10000.0
170,1776483300000,10000.0
171,1776483600000,10000.0
172,1776483900000,10000.0
173,1776484200000,10000.0
174,1776484500000,10000.0
175,1776484800000,10000.0
176,1776485100000,10000.0
177,1776485400000,10000.0
178,1776485700000,10000.0
179,1776486000000,10000.0
180,1776486300000,10000.0
181,1776486600000,10000.0
182,1776486900000,10000.0
183,1776487200000,10000.0
184,1776487500000,10000.0
185,1776487800000,10000.0
186,1776488100000,10000.0
187,1776488400000,10000.0
188,1776488700000,10000.0
189,1776489000000,10000.0
190,1776489300000,10000.0
191,1776489600000,10000.0
192,1776489900000,10000.0
193,1776490200000,10000.0
194,1776490500000,10000.0
195,1776490800000,10000.0
196,1776491100000,10000.0
197,1776491400000,10000.0
198,1776491700000,10000.0
199,1776492000000,10000.0
200,1776492300000,10000.0
201,1776492600000,10000.0
202,1776492900000,10000.0
203,1776493200000,10000.0
204,1776493500000,10000.0
205,1776493800000,10000.0
206,1776494100000,10000.0
207,1776494400000,10000.0
208,1776494700000,10000.0
209,1776495000000,10000.0
210,1776495300000,10000.0
211,1776495600000,10000.0
212,1776495900000,10000.0
213,1776496200000,10000.0
214,1776496500000,10000.0
215,1776496800000,10000.0
216,1776497100000,10000.0
217,1776497400000,10000.0
218,1776497700000,10000.0
219,1776498000000,10000.0
220,1776498300000,10000.0
221,1776498600000,10000.0
222,1776498900000,10000.0
223,1776499200000,10000.0
224,1776499500000,10000.0
225,1776499800000,10000.0
226,1776500100000,10000.0
227,1776500400000,10000.0
228,1776500700000,10000.0
229,1776501000000,10000.0
230,1776501300000,10000.0
231,1776501600000,10000.0
232,1776501900000,10000.0
233,1776502200000,10000.0
234,1776502500000,10000.0
235,1776502800000,10000.0
236,1776503100000,10000.0
237,1776503400000,10000.0
238,1776503700000,10000.0
239,1776504000000,10000.0
240,1776504300000,10000.0
241,1776504600000,10000.0
242,1776504900000,10000.0
243,1776505200000,10000.0
244,1776505500000,10000.0
245,1776505800000,10000.0
246,1776506100000,10000.0
247,1776506400000,10000.0
248,1776506700000,10000.0
249,1776507000000,10000.0
250,1776507300000,10000.0
251,1776507600000,10000.0
252,1776507900000,10000.0
253,1776508200000,10000.0
254,1776508500000,10000.0
255,1776508800000,10000.0
256,1776509100000,10000.0
257,1776509400000,10000.0
258,1776509700000,10000.0
259,1776510000000,10000.0
260,1776510300000,10000.0
261,1776510600000,10000.0
262,1776510900000,10000.0
263,1776511200000,10000.0
264,1776511500000,10000.0
265,1776511800000,10000.0
266,1776512100000,10000.0
267,1776512400000,10000.0
268,1776512700000,10000.0
269,1776513000000,10000.0
270,1776513300000,10000.0
271,1776513600000,10000.0
272,1776513900000,10000.0
273,1776514200000,10000.0
274,1776514500000,10000.0
275,1776514800000,10000.0
276,1776515100000,10000.0
277,1776515400000,10000.0
278,1776515700000,10000.0
279,1776516000000,10000.0
280,1776516300000,10000.0
281,1776516600000,10000.0
282,1776516900000,10000.0
283,1776517200000,10000.0
284,1776517500000,10000.0
285,1776517800000,10000.0
286,1776518100000,10000.0
287,1776518400000,10000.0
288,1776518700000,10000.0
289,1776519000000,10000.0
290,1776519300000,10000.0
291,1776519600000,10000.0
292,1776519900000,10000.0
293,1776520200000,10000.0
294,1776520500000,10000.0
295,1776520800000,10000.0
296,1776521100000,10000.0
297,1776521400000,10000.0
298,1776521700000,10000.0
299,1776522000000,9996.0
300,1776522300000,9977.327967187022
301,1776522600000,9977.327967187022
302,1776522900000,9977.327967187022
303,1776523200000,9977.327967187022
304,1776523500000,9977.327967187022
305,1776523800000,9977.327967187022
306,1776524100000,9977.327967187022
307,1776524400000,9977.327967187022
308,1776524700000,9977.327967187022
309,1776525000000,9977.327967187022
310,1776525300000,9977.327967187022
311,1776525600000,9977.327967187022
312,1776525900000,9977.327967187022
313,1776526200000,9977.327967187022
314,1776526500000,9977.327967187022
315,1776526800000,9977.327967187022
316,1776527100000,9977.327967187022
317,1776527400000,9977.327967187022
318,1776527700000,9977.327967187022
319,1776528000000,9977.327967187022
320,1776528300000,9977.327967187022
321,1776528600000,9977.327967187022
322,1776528900000,9977.327967187022
323,1776529200000,9977.327967187022
324,1776529500000,9977.327967187022
325,1776529800000,9977.327967187022
326,1776530100000,9977.327967187022
327,1776530400000,9977.327967187022
328,1776530700000,9977.327967187022
329,1776531000000,9977.327967187022
330,1776531300000,9977.327967187022
331,1776531600000,9977.327967187022
332,1776531900000,9977.327967187022
333,1776532200000,9977.327967187022
334,1776532500000,9977.327967187022
335,1776532800000,9977.327967187022
336,1776533100000,9977.327967187022
337,1776533400000,9977.327967187022
338,1776533700000,9977.327967187022
339,1776534000000,9977.327967187022
340,1776534300000,9977.327967187022
341,1776534600000,9977.327967187022
342,1776534900000,9977.327967187022
343,1776535200000,9977.327967187022
344,1776535500000,9977.327967187022
345,1776535800000,9977.327967187022
346,1776536100000,9977.327967187022
347,1776536400000,9977.327967187022
348,1776536700000,9977.327967187022
349,1776537000000,9977.327967187022
350,1776537300000,9977.327967187022
351,1776537600000,9977.327967187022
352,1776537900000,9977.327967187022
353,1776538200000,9977.327967187022
354,1776538500000,9977.327967187022
355,1776538800000,9977.327967187022
356,1776539100000,9977.327967187022
357,1776539400000,9977.327967187022
358,1776539700000,9977.327967187022
359,1776540000000,9977.327967187022
360,1776540300000,9977.327967187022
361,1776540600000,9977.327967187022
362,1776540900000,9977.327967187022
363,1776541200000,9977.327967187022
364,1776541500000,9977.327967187022
365,1776541800000,9977.327967187022
366,1776542100000,9977.327967187022
367,1776542400000,9977.327967187022
368,1776542700000,9977.327967187022
369,1776543000000,9977.327967187022
370,1776543300000,9977.327967187022
371,1776543600000,9977.327967187022
372,1776543900000,9977.327967187022
373,1776544200000,9977.327967187022
374,1776544500000,9977.327967187022
375,1776544800000,9977.327967187022
376,1776545100000,9977.327967187022
377,1776545400000,9977.327967187022
378,1776545700000,9977.327967187022
379,1776546000000,9977.327967187022
380,1776546300000,9977.327967187022
381,1776546600000,9977.327967187022
382,1776546900000,9977.327967187022
383,1776547200000,9977.327967187022
384,1776547500000,9977.327967187022
385,1776547800000,9977.327967187022
386,1776548100000,9977.327967187022
387,1776548400000,9977.327967187022
388,1776548700000,9977.327967187022
389,1776549000000,9977.327967187022
390,1776549300000,9977.327967187022
391,1776549600000,9977.327967187022
392,1776549900000,9977.327967187022
393,1776550200000,9977.327967187022
394,1776550500000,9977.327967187022
395,1776550800000,9977.327967187022
396,1776551100000,9977.327967187022
397,1776551400000,9977.327967187022
398,1776551700000,9977.327967187022
399,1776552000000,9977.327967187022
400,1776552300000,9977.327967187022
401,1776552600000,9977.327967187022
402,1776552900000,9977.327967187022
403,1776553200000,9977.327967187022
404,1776553500000,9977.327967187022
405,1776553800000,9977.327967187022
406,1776554100000,9977.327967187022
407,1776554400000,9977.327967187022
408,1776554700000,9977.327967187022
409,1776555000000,9977.327967187022
410,1776555300000,9977.327967187022
411,1776555600000,9977.327967187022
412,1776555900000,9977.327967187022
413,1776556200000,9977.327967187022
414,1776556500000,9977.327967187022
415,1776556800000,9977.327967187022
416,1776557100000,9977.327967187022
417,1776557400000,9973.337036000146
418,1776557700000,9978.597191901214
419,1776558000000,9989.923495333353
420,1776558300000,9990.602225127039
421,1776558600000,9998.280355918114
422,1776558900000,10002.310314068125
423,1776559200000,9999.552974281274
424,1776559500000,9983.563194943143
425,1776559800000,9983.563194943143
426,1776560100000,9983.563194943143
427,1776560400000,9983.563194943143
428,1776560700000,9983.563194943143
429,1776561000000,9983.563194943143
430,1776561300000,9983.563194943143
431,1776561600000,9983.563194943143
432,1776561900000,9983.563194943143
433,1776562200000,9983.563194943143
434,1776562500000,9983.563194943143
435,1776562800000,9983.563194943143
436,1776563100000,9983.563194943143
437,1776563400000,9983.563194943143
438,1776563700000,9983.563194943143
439,1776564000000,9983.563194943143
440,1776564300000,9983.563194943143
441,1776564600000,9983.563194943143
442,1776564900000,9983.563194943143
443,1776565200000,9983.563194943143
444,1776565500000,9983.563194943143
445,1776565800000,9983.563194943143
446,1776566100000,9983.563194943143
447,1776566400000,9983.563194943143
448,1776566700000,9983.563194943143
449,1776567000000,9983.563194943143
450,1776567300000,9983.563194943143
451,1776567600000,9983.563194943143
452,1776567900000,9983.563194943143
453,1776568200000,9983.563194943143
454,1776568500000,9983.563194943143
455,1776568800000,9983.563194943143
456,1776569100000,9983.563194943143
457,1776569400000,9983.563194943143
458,1776569700000,9983.563194943143
459,1776570000000,9983.563194943143
460,1776570300000,9983.563194943143
461,1776570600000,9983.563194943143
462,1776570900000,9983.563194943143
463,1776571200000,9983.563194943143
464,1776571500000,9983.563194943143
465,1776571800000,9983.563194943143
466,1776572100000,9983.563194943143
467,1776572400000,9983.563194943143
468,1776572700000,9983.563194943143
469,1776573000000,9983.563194943143
470,1776573300000,9983.563194943143
471,1776573600000,9983.563194943143
472,1776573900000,9983.563194943143
473,1776574200000,9983.563194943143
474,1776574500000,9983.563194943143
475,1776574800000,9983.563194943143
476,1776575100000,9983.563194943143
477,1776575400000,9983.563194943143
478,1776575700000,9983.563194943143
479,1776576000000,9983.563194943143
480,1776576300000,9983.563194943143
481,1776576600000,9983.563194943143
482,1776576900000,9983.563194943143
483,1776577200000,9983.563194943143
484,1776577500000,9983.563194943143
485,1776577800000,9983.563194943143
486,1776578100000,9983.563194943143
487,1776578400000,9983.563194943143
488,1776578700000,9983.563194943143
489,1776579000000,9983.563194943143
490,1776579300000,9983.563194943143
491,1776579600000,9983.563194943143
492,1776579900000,9983.563194943143
493,1776580200000,9983.563194943143
494,1776580500000,9983.563194943143
495,1776580800000,9983.563194943143
496,1776581100000,9983.563194943143
497,1776581400000,9983.563194943143
498,1776581700000,9983.563194943143
499,1776582000000,9983.563194943143
500,1776582300000,9983.563194943143
501,1776582600000,9983.563194943143
502,1776582900000,9983.563194943143
503,1776583200000,9983.563194943143
504,1776583500000,9983.563194943143
505,1776583800000,9983.563194943143
506,1776584100000,9983.563194943143
507,1776584400000,9983.563194943143
508,1776584700000,9983.563194943143
509,1776585000000,9983.563194943143
510,1776585300000,9983.563194943143
511,1776585600000,9983.563194943143
512,1776585900000,9983.563194943143
513,1776586200000,9983.563194943143
514,1776586500000,9983.563194943143
515,1776586800000,9983.563194943143
516,1776587100000,9983.563194943143
517,1776587400000,9983.563194943143
518,1776587700000,9983.563194943143
519,1776588000000,9983.563194943143
520,1776588300000,9983.563194943143
521,1776588600000,9983.563194943143
522,1776588900000,9983.563194943143
523,1776589200000,9983.563194943143
524,1776589500000,9983.563194943143
525,1776589800000,9983.563194943143
526,1776590100000,9983.563194943143
527,1776590400000,9983.563194943143
528,1776590700000,9983.563194943143
529,1776591000000,9983.563194943143
530,1776591300000,9983.563194943143
531,1776591600000,9983.563194943143
532,1776591900000,9983.563194943143
533,1776592200000,9983.563194943143
534,1776592500000,9983.563194943143
535,1776592800000,9983.563194943143
536,1776593100000,9983.563194943143
537,1776593400000,9983.563194943143
538,1776593700000,9983.563194943143
539,1776594000000,9983.563194943143
540,1776594300000,9983.563194943143
541,1776594600000,9983.563194943143
542,1776594900000,9983.563194943143
543,1776595200000,9983.563194943143
544,1776595500000,9983.563194943143
545,1776595800000,9983.563194943143
546,1776596100000,9983.563194943143
547,1776596400000,9983.563194943143
548,1776596700000,9983.563194943143
549,1776597000000,9983.563194943143
550,1776597300000,9983.563194943143
551,1776597600000,9983.563194943143
552,1776597900000,9983.563194943143
553,1776598200000,9983.563194943143
554,1776598500000,9983.563194943143
555,1776598800000,9983.563194943143
556,1776599100000,9983.563194943143
557,1776599400000,9983.563194943143
558,1776599700000,9983.563194943143
559,1776600000000,9983.563194943143
560,1776600300000,9983.563194943143
561,1776600600000,9983.563194943143
562,1776600900000,9983.563194943143
563,1776601200000,9983.563194943143
564,1776601500000,9983.563194943143
565,1776601800000,9983.563194943143
566,1776602100000,9983.563194943143
567,1776602400000,9983.563194943143
568,1776602700000,9983.563194943143
569,1776603000000,9983.563194943143
570,1776603300000,9983.563194943143
571,1776603600000,9983.563194943143
572,1776603900000,9983.563194943143
573,1776604200000,9983.563194943143
574,1776604500000,9983.563194943143
575,1776604800000,9983.563194943143
576,1776605100000,9983.563194943143
577,1776605400000,9983.563194943143
578,1776605700000,9983.563194943143
579,1776606000000,9983.563194943143
580,1776606300000,9983.563194943143
581,1776606600000,9983.563194943143
582,1776606900000,9983.563194943143
583,1776607200000,9983.563194943143
584,1776607500000,9983.563194943143
585,1776607800000,9983.563194943143
586,1776608100000,9983.563194943143
587,1776608400000,9983.563194943143
588,1776608700000,9983.563194943143
589,1776609000000,9983.563194943143
590,1776609300000,9983.563194943143
591,1776609600000,9983.563194943143
592,1776609900000,9983.563194943143
593,1776610200000,9983.563194943143
594,1776610500000,9983.563194943143
595,1776610800000,9983.563194943143
596,1776611100000,9983.563194943143
597,1776611400000,9983.563194943143
598,1776611700000,9983.563194943143
599,1776612000000,9983.563194943143
600,1776612300000,9983.563194943143
601,1776612600000,9983.563194943143
602,1776612900000,9983.563194943143
603,1776613200000,9983.563194943143
604,1776613500000,9983.563194943143
605,1776613800000,9983.563194943143
606,1776614100000,9983.563194943143
607,1776614400000,9983.563194943143
608,1776614700000,9983.563194943143
609,1776615000000,9983.563194943143
610,1776615300000,9983.563194943143
611,1776615600000,9983.563194943143
612,1776615900000,9983.563194943143
613,1776616200000,9983.563194943143
614,1776616500000,9983.563194943143
615,1776616800000,9983.563194943143
616,1776617100000,9983.563194943143
617,1776617400000,9983.563194943143
618,1776617700000,9983.563194943143
619,1776618000000,9983.563194943143
620,1776618300000,9983.563194943143
621,1776618600000,9983.563194943143
622,1776618900000,9983.563194943143
623,1776619200000,9983.563194943143
624,1776619500000,9983.563194943143
625,1776619800000,9983.563194943143
626,1776620100000,9983.563194943143
627,1776620400000,9983.563194943143
628,1776620700000,9983.563194943143
629,1776621000000,9983.563194943143
630,1776621300000,9983.563194943143
631,1776621600000,9983.563194943143
632,1776621900000,9983.563194943143
633,1776622200000,9983.563194943143
634,1776622500000,9983.563194943143
635,1776622800000,9983.563194943143
636,1776623100000,9983.563194943143
637,1776623400000,9983.563194943143
638,1776623700000,9983.563194943143
639,1776624000000,9983.563194943143
640,1776624300000,9983.563194943143
641,1776624600000,9983.563194943143
642,1776624900000,9983.563194943143
643,1776625200000,9983.563194943143
644,1776625500000,9983.563194943143
645,1776625800000,9983.563194943143
646,1776626100000,9983.563194943143
647,1776626400000,9979.569769665166
648,1776626700000,9962.738041871298
649,1776627000000,9970.610245309772
650,1776627300000,9967.391775395701
651,1776627600000,9972.045508920104
652,1776627900000,9965.695554765312
653,1776628200000,9966.130483132078
654,1776628500000,9961.302778260968
655,1776628800000,9989.399150754089
656,1776629100000,9985.180345596455
657,1776629400000,9982.179339865765
658,1776629700000,10001.88159488029
659,1776630000000,9999.110224281416
660,1776630300000,9999.110224281416
661,1776630600000,9999.110224281416
662,1776630900000,9999.110224281416
663,1776631200000,9999.110224281416
664,1776631500000,9999.110224281416
665,1776631800000,9999.110224281416
666,1776632100000,9999.110224281416
667,1776632400000,9999.110224281416
668,1776632700000,9999.110224281416
669,1776633000000,9999.110224281416
670,1776633300000,9999.110224281416
671,1776633600000,9999.110224281416
672,1776633900000,9999.110224281416
673,1776634200000,9999.110224281416
674,1776634500000,9999.110224281416
675,1776634800000,9999.110224281416
676,1776635100000,9999.110224281416
677,1776635400000,9999.110224281416
678,1776635700000,9999.110224281416
679,1776636000000,9999.110224281416
680,1776636300000,9999.110224281416
681,1776636600000,9999.110224281416
682,1776636900000,9999.110224281416
683,1776637200000,9999.110224281416
684,1776637500000,9999.110224281416
685,1776637800000,9999.110224281416
686,1776638100000,9999.110224281416
687,1776638400000,9999.110224281416
688,1776638700000,9999.110224281416
689,1776639000000,9999.110224281416
690,1776639300000,9999.110224281416
691,1776639600000,9999.110224281416
692,1776639900000,9999.110224281416
693,1776640200000,9999.110224281416
694,1776640500000,9999.110224281416
695,1776640800000,9999.110224281416
696,1776641100000,9999.110224281416
697,1776641400000,9999.110224281416
698,1776641700000,9999.110224281416
699,1776642000000,9999.110224281416
700,1776642300000,9999.110224281416
701,1776642600000,9999.110224281416
702,1776642900000,9999.110224281416
703,1776643200000,9999.110224281416
704,1776643500000,9999.110224281416
705,1776643800000,9999.110224281416
706,1776644100000,9999.110224281416
707,1776644400000,9999.110224281416
708,1776644700000,9999.110224281416
709,1776645000000,9999.110224281416
710,1776645300000,9999.110224281416
711,1776645600000,9999.110224281416
712,1776645900000,9999.110224281416
713,1776646200000,9999.110224281416
714,1776646500000,9999.110224281416
715,1776646800000,9999.110224281416
716,1776647100000,9999.110224281416
717,1776647400000,9999.110224281416
718,1776647700000,9999.110224281416
719,1776648000000,9999.110224281416
720,1776648300000,9999.110224281416
721,1776648600000,9999.110224281416
722,1776648900000,9999.110224281416
723,1776649200000,9999.110224281416
724,1776649500000,9999.110224281416
725,1776649800000,9999.110224281416
726,1776650100000,9999.110224281416
727,1776650400000,9999.110224281416
728,1776650700000,9999.110224281416
729,1776651000000,9999.110224281416
730,1776651300000,9999.110224281416
731,1776651600000,9999.110224281416
732,1776651900000,9999.110224281416
733,1776652200000,9999.110224281416
734,1776652500000,9999.110224281416
735,1776652800000,9999.110224281416
736,1776653100000,9999.110224281416
737,1776653400000,9999.110224281416
738,1776653700000,9999.110224281416
739,1776654000000,9999.110224281416
740,1776654300000,9999.110224281416
741,1776654600000,9999.110224281416
742,1776654900000,9999.110224281416
743,1776655200000,9999.110224281416
744,1776655500000,9999.110224281416
745,1776655800000,9999.110224281416
746,1776656100000,9999.110224281416
747,1776656400000,9999.110224281416
748,1776656700000,9999.110224281416
749,1776657000000,9999.110224281416
750,1776657300000,9999.110224281416
751,1776657600000,9999.110224281416
752,1776657900000,9999.110224281416
753,1776658200000,9999.110224281416
754,1776658500000,9999.110224281416
755,1776658800000,9999.110224281416
756,1776659100000,9999.110224281416
757,1776659400000,9999.110224281416
758,1776659700000,9999.110224281416
759,1776660000000,9999.110224281416
760,1776660300000,9999.110224281416
761,1776660600000,9999.110224281416
762,1776660900000,9999.110224281416
763,1776661200000,9999.110224281416
764,1776661500000,9999.110224281416
765,1776661800000,9999.110224281416
766,1776662100000,9999.110224281416
767,1776662400000,9999.110224281416
768,1776662700000,9999.110224281416
769,1776663000000,9999.110224281416
770,1776663300000,9999.110224281416
771,1776663600000,9999.110224281416
772,1776663900000,9999.110224281416
773,1776664200000,9999.110224281416
774,1776664500000,9999.110224281416
775,1776664800000,9999.110224281416
776,1776665100000,9999.110224281416
777,1776665400000,9999.110224281416
778,1776665700000,9999.110224281416
779,1776666000000,9999.110224281416
780,1776666300000,9999.110224281416
781,1776666600000,9999.110224281416
782,1776666900000,9999.110224281416
783,1776667200000,9999.110224281416
784,1776667500000,9999.110224281416
785,1776667800000,9999.110224281416
786,1776668100000,9999.110224281416
787,1776668400000,9999.110224281416
788,1776668700000,9999.110224281416
789,1776669000000,9999.110224281416
790,1776669300000,9999.110224281416
791,1776669600000,9999.110224281416
792,1776669900000,9999.110224281416
793,1776670200000,9999.110224281416
794,1776670500000,9999.110224281416
795,1776670800000,9999.110224281416
796,1776671100000,9999.110224281416
797,1776671400000,9999.110224281416
798,1776671700000,9995.11137996057
799,1776672000000,9967.762654286325
800,1776672300000,9971.154070188695
801,1776672600000,10001.807252383198
802,1776672900000,10037.5040787402
803,1776673200000,10010.111873374899
804,1776673500000,9998.850633391387
805,1776673800000,9989.676418578565
806,1776674100000,9974.815372368492
807,1776674400000,9974.815372368492
808,1776674700000,9974.815372368492
809,1776675000000,9974.815372368492
810,1776675300000,9974.815372368492
811,1776675600000,9974.815372368492
812,1776675900000,9974.815372368492
813,1776676200000,9974.815372368492
814,1776676500000,9974.815372368492
815,1776676800000,9974.815372368492
816,1776677100000,9974.815372368492
817,1776677400000,9974.815372368492
818,1776677700000,9974.815372368492
819,1776678000000,9974.815372368492
820,1776678300000,9974.815372368492
821,1776678600000,9974.815372368492
822,1776678900000,9974.815372368492
823,1776679200000,9974.815372368492
824,1776679500000,9974.815372368492
825,1776679800000,9974.815372368492
826,1776680100000,9974.815372368492
827,1776680400000,9974.815372368492
828,1776680700000,9974.815372368492
829,1776681000000,9974.815372368492
830,1776681300000,9974.815372368492
831,1776681600000,9974.815372368492
832,1776681900000,9974.815372368492
833,1776682200000,9974.815372368492
834,1776682500000,9974.815372368492
835,1776682800000,9974.815372368492
836,1776683100000,9974.815372368492
837,1776683400000,9974.815372368492
838,1776683700000,9974.815372368492
839,1776684000000,9974.815372368492
840,1776684300000,9974.815372368492
841,1776684600000,9974.815372368492
842,1776684900000,9970.826244045209
843,1776685200000,9970.394283042206
844,1776685500000,9979.292679704091
845,1776685800000,9972.294911455425
846,1776686100000,9971.474185549716
847,1776686400000,9970.826244045209
848,1776686700000,9985.210545445248
849,1776687000000,9988.277468566579
850,1776687300000,10006.463026793057
851,1776687600000,10009.313969412884
852,1776687900000,9998.488390070752
853,1776688200000,9998.488390070752
854,1776688500000,9998.488390070752
855,1776688800000,9998.488390070752
856,1776689100000,9998.488390070752
857,1776689400000,9998.488390070752
858,1776689700000,9998.488390070752
859,1776690000000,9998.488390070752
860,1776690300000,9998.488390070752
861,1776690600000,9998.488390070752
862,1776690900000,9998.488390070752
863,1776691200000,9998.488390070752
864,1776691500000,9994.48979443385
865,1776691800000,9993.88574395435
866,1776692100000,9980.769219256616
867,1776692400000,9977.964699173219
868,1776692700000,9947.147546303635
869,1776693000000,9947.147546303635
870,1776693300000,9947.147546303635
871,1776693600000,9947.147546303635
872,1776693900000,9947.147546303635
873,1776694200000,9947.147546303635
874,1776694500000,9947.147546303635
875,1776694800000,9947.147546303635
876,1776695100000,9947.147546303635
877,1776695400000,9947.147546303635
878,1776695700000,9947.147546303635
879,1776696000000,9947.147546303635
880,1776696300000,9947.147546303635
881,1776696600000,9947.147546303635
882,1776696900000,9947.147546303635
883,1776697200000,9947.147546303635
884,1776697500000,9947.147546303635
885,1776697800000,9947.147546303635
886,1776698100000,9947.147546303635
887,1776698400000,9947.147546303635
888,1776698700000,9947.147546303635
889,1776699000000,9947.147546303635
890,1776699300000,9947.147546303635
891,1776699600000,9947.147546303635
892,1776699900000,9947.147546303635
893,1776700200000,9947.147546303635
894,1776700500000,9947.147546303635
895,1776700800000,9947.147546303635
896,1776701100000,9947.147546303635
897,1776701400000,9947.147546303635
898,1776701700000,9947.147546303635
899,1776702000000,9947.147546303635
900,1776702300000,9947.147546303635
901,1776702600000,9947.147546303635
902,1776702900000,9947.147546303635
903,1776703200000,9947.147546303635
904,1776703500000,9943.168687285115
905,1776703800000,9941.785373849212
906,1776704100000,9947.448313227436
907,1776704400000,9924.018441906845
908,1776704700000,9899.749347067715
909,1776705000000,9899.749347067715
910,1776705300000,9899.749347067715
911,1776705600000,9899.749347067715
912,1776705900000,9899.749347067715
913,1776706200000,9899.749347067715
914,1776706500000,9899.749347067715
915,1776706800000,9899.749347067715
916,1776707100000,9899.749347067715
917,1776707400000,9899.749347067715
918,1776707700000,9899.749347067715
919,1776708000000,9899.749347067715
920,1776708300000,9899.749347067715
921,1776708600000,9899.749347067715
922,1776708900000,9899.749347067715
923,1776709200000,9899.749347067715
924,1776709500000,9899.749347067715
925,1776709800000,9899.749347067715
926,1776710100000,9899.749347067715
927,1776710400000,9899.749347067715
928,1776710700000,9899.749347067715
929,1776711000000,9899.749347067715
930,1776711300000,9899.749347067715
931,1776711600000,9899.749347067715
932,1776711900000,9899.749347067715
933,1776712200000,9899.749347067715
934,1776712500000,9899.749347067715
935,1776712800000,9899.749347067715
936,1776713100000,9899.749347067715
937,1776713400000,9899.749347067715
938,1776713700000,9899.749347067715
939,1776714000000,9899.749347067715
940,1776714300000,9899.749347067715
941,1776714600000,9899.749347067715
942,1776714900000,9899.749347067715
943,1776715200000,9899.749347067715
944,1776715500000,9899.749347067715
945,1776715800000,9899.749347067715
946,1776716100000,9899.749347067715
947,1776716400000,9899.749347067715
948,1776716700000,9899.749347067715
949,1776717000000,9899.749347067715
950,1776717300000,9899.749347067715
951,1776717600000,9899.749347067715
952,1776717900000,9895.790239150472
953,1776718200000,9891.979019205915
954,1776718500000,9898.966255770934
955,1776718800000,9918.826946370897
956,1776719100000,9878.794693913307
957,1776719400000,9878.794693913307
958,1776719700000,9878.794693913307
959,1776720000000,9878.794693913307
960,1776720300000,9878.794693913307
961,1776720600000,9878.794693913307
962,1776720900000,9878.794693913307
963,1776721200000,9878.794693913307
964,1776721500000,9878.794693913307
965,1776721800000,9878.794693913307
966,1776722100000,9878.794693913307
967,1776722400000,9878.794693913307
968,1776722700000,9878.794693913307
969,1776723000000,9878.794693913307
970,1776723300000,9878.794693913307
971,1776723600000,9878.794693913307
972,1776723900000,9878.794693913307
973,1776724200000,9878.794693913307
974,1776724500000,9878.794693913307
975,1776724800000,9878.794693913307
976,1776725100000,9878.794693913307
977,1776725400000,9878.794693913307
978,1776725700000,9878.794693913307
979,1776726000000,9878.794693913307
980,1776726300000,9878.794693913307
981,1776726600000,9878.794693913307
982,1776726900000,9878.794693913307
983,1776727200000,9878.794693913307
984,1776727500000,9878.794693913307
985,1776727800000,9878.794693913307
986,1776728100000,9878.794693913307
987,1776728400000,9878.794693913307
988,1776728700000,9878.794693913307
989,1776729000000,9878.794693913307
990,1776729300000,9878.794693913307
991,1776729600000,9878.794693913307
992,1776729900000,9878.794693913307
993,1776730200000,9878.794693913307
994,1776730500000,9878.794693913307
995,1776730800000,9878.794693913307
996,1776731100000,9878.794693913307
997,1776731400000,9878.794693913307
998,1776731700000,9878.794693913307
999,1776732000000,9878.794693913307
1000,1776732300000,9878.794693913307
1001,1776732600000,9878.794693913307
1002,1776732900000,9878.794693913307
1003,1776733200000,9878.794693913307
1004,1776733500000,9878.794693913307
1005,1776733800000,9878.794693913307
1006,1776734100000,9878.794693913307
1007,1776734400000,9878.794693913307
1008,1776734700000,9878.794693913307
1009,1776735000000,9878.794693913307
1010,1776735300000,9878.794693913307
1011,1776735600000,9878.794693913307
1012,1776735900000,9878.794693913307
1013,1776736200000,9878.794693913307
1014,1776736500000,9878.794693913307
1015,1776736800000,9878.794693913307
1016,1776737100000,9878.794693913307
1017,1776737400000,9878.794693913307
1018,1776737700000,9878.794693913307
1019,1776738000000,9878.794693913307
1020,1776738300000,9878.794693913307
1021,1776738600000,9878.794693913307
1022,1776738900000,9878.794693913307
1023,1776739200000,9878.794693913307
1024,1776739500000,9878.794693913307
1025,1776739800000,9878.794693913307
1026,1776740100000,9878.794693913307
1027,1776740400000,9878.794693913307
1028,1776740700000,9878.794693913307
1029,1776741000000,9878.794693913307
1030,1776741300000,9878.794693913307
1031,1776741600000,9878.794693913307
1032,1776741900000,9878.794693913307
1033,1776742200000,9878.794693913307
1034,1776742500000,9878.794693913307
1035,1776742800000,9878.794693913307
1036,1776743100000,9878.794693913307
1037,1776743400000,9878.794693913307
1038,1776743700000,9878.794693913307
1039,1776744000000,9878.794693913307
1040,1776744300000,9874.843176035742
1041,1776744600000,9885.198934722735
1042,1776744900000,9889.948890153544
1043,1776745200000,9884.557048853707
1044,1776745500000,9876.298117338874
1045,1776745800000,9888.579533632952
1046,1776746100000,9872.660764081045
1047,1776746400000,9868.714499481304
1048,1776746700000,9868.714499481304
1049,1776747000000,9868.714499481304
1050,1776747300000,9868.714499481304
1051,1776747600000,9868.714499481304
1052,1776747900000,9868.714499481304
1053,1776748200000,9868.714499481304
1054,1776748500000,9868.714499481304
1055,1776748800000,9868.714499481304
1056,1776749100000,9868.714499481304
1057,1776749400000,9868.714499481304
1058,1776749700000,9868.714499481304
1059,1776750000000,9868.714499481304
1060,1776750300000,9868.714499481304
1061,1776750600000,9868.714499481304
1062,1776750900000,9868.714499481304
1063,1776751200000,9868.714499481304
1064,1776751500000,9868.714499481304
1065,1776751800000,9868.714499481304
1066,1776752100000,9868.714499481304
1067,1776752400000,9868.714499481304
1068,1776752700000,9868.714499481304
1069,1776753000000,9864.767803020804
1070,1776753300000,9860.907289152428
1071,1776753600000,9860.907289152428
1072,1776753900000,9860.907289152428
1073,1776754200000,9860.907289152428
1074,1776754500000,9860.907289152428
1075,1776754800000,9860.907289152428
1076,1776755100000,9860.907289152428
1077,1776755400000,9860.907289152428
1078,1776755700000,9856.96371495161
1079,1776756000000,9864.622087536874
1080,1776756300000,9877.258402302561
1081,1776756600000,9855.998388566286
1082,1776756900000,9855.998388566286
1083,1776757200000,9855.998388566286
1084,1776757500000,9855.998388566286
1085,1776757800000,9855.998388566286
1086,1776758100000,9855.998388566286
1087,1776758400000,9855.998388566286
1088,1776758700000,9855.998388566286
1089,1776759000000,9855.998388566286
1090,1776759300000,9855.998388566286
1091,1776759600000,9855.998388566286
1092,1776759900000,9855.998388566286
1093,1776760200000,9855.998388566286
1094,1776760500000,9855.998388566286
1095,1776760800000,9855.998388566286
1096,1776761100000,9855.998388566286
1097,1776761400000,9855.998388566286
1098,1776761700000,9855.998388566286
1099,1776762000000,9855.998388566286
1100,1776762300000,9855.998388566286
1101,1776762600000,9855.998388566286
1102,1776762900000,9855.998388566286
1103,1776763200000,9855.998388566286
1104,1776763500000,9855.998388566286
1105,1776763800000,9855.998388566286
1106,1776764100000,9855.998388566286
1107,1776764400000,9855.998388566286
1108,1776764700000,9855.998388566286
1109,1776765000000,9855.998388566286
1110,1776765300000,9855.998388566286
1111,1776765600000,9855.998388566286
1112,1776765900000,9855.998388566286
1113,1776766200000,9855.998388566286
1114,1776766500000,9855.998388566286
1115,1776766800000,9855.998388566286
1116,1776767100000,9855.998388566286
1117,1776767400000,9855.998388566286
1118,1776767700000,9855.998388566286
1119,1776768000000,9855.998388566286
1120,1776768300000,9855.998388566286
1121,1776768600000,9855.998388566286
1122,1776768900000,9855.998388566286
1123,1776769200000,9855.998388566286
1124,1776769500000,9855.998388566286
1125,1776769800000,9855.998388566286
1126,1776770100000,9855.998388566286
1127,1776770400000,9852.056777533066
1128,1776770700000,9844.905985381327
1129,1776771000000,9841.224808356466
1130,1776771300000,9838.855315099087
1131,1776771600000,9823.711870598021
1132,1776771900000,9823.711870598021
1133,1776772200000,9823.711870598021
1134,1776772500000,9823.711870598021
1135,1776772800000,9823.711870598021
1136,1776773100000,9823.711870598021
1137,1776773400000,9823.711870598021
1138,1776773700000,9823.711870598021
1139,1776774000000,9823.711870598021
1140,1776774300000,9823.711870598021
1141,1776774600000,9823.711870598021
1142,1776774900000,9823.711870598021
1143,1776775200000,9823.711870598021
1144,1776775500000,9823.711870598021
1145,1776775800000,9823.711870598021
1146,1776776100000,9823.711870598021
1147,1776776400000,9823.711870598021
1148,1776776700000,9823.711870598021
1149,1776777000000,9823.711870598021
1150,1776777300000,9823.711870598021
1151,1776777600000,9823.711870598021
1152,1776777900000,9823.711870598021
1153,1776778200000,9823.711870598021
1154,1776778500000,9823.711870598021
1155,1776778800000,9823.711870598021
1156,1776779100000,9823.711870598021
1157,1776779400000,9823.711870598021
1158,1776779700000,9823.711870598021
1159,1776780000000,9819.782385849783
1160,1776780300000,9818.463492691695
1161,1776780600000,9831.694969213147
1162,1776780900000,9794.2979664403
1163,1776781200000,9798.339735795727
1164,1776781500000,9797.659016746393
1165,1776781800000,9782.150327828072
1166,1776782100000,9782.150327828072
1167,1776782400000,9782.150327828072
1168,1776782700000,9782.150327828072
1169,1776783000000,9778.237467696941
1170,1776783300000,9833.148449803824
1171,1776783600000,9833.613797109816
1172,1776783900000,9827.352760629215
1173,1776784200000,9806.244072906908
1174,1776784500000,9806.244072906908
1175,1776784800000,9802.321575277745
1176,1776785100000,9807.175455971894
1177,1776785400000,9810.411376434658
1178,1776785700000,9783.289253608586
1179,1776786000000,9797.85089569103
1180,1776786300000,9780.936644451074
1181,1776786600000,9780.936644451074
1182,1776786900000,9780.936644451074
1183,1776787200000,9780.936644451074
1184,1776787500000,9780.936644451074
1185,1776787800000,9780.936644451074
1186,1776788100000,9780.936644451074
1187,1776788400000,9780.936644451074
1188,1776788700000,9780.936644451074
1189,1776789000000,9780.936644451074
1190,1776789300000,9780.936644451074
1191,1776789600000,9780.936644451074
1192,1776789900000,9780.936644451074
1193,1776790200000,9780.936644451074
1194,1776790500000,9780.936644451074
1195,1776790800000,9780.936644451074
1196,1776791100000,9780.936644451074
1197,1776791400000,9780.936644451074
1198,1776791700000,9780.936644451074
1199,1776792000000,9780.936644451074
1200,1776792300000,9780.936644451074
1201,1776792600000,9780.936644451074
1202,1776792900000,9780.936644451074
1203,1776793200000,9780.936644451074
1204,1776793500000,9780.936644451074
1205,1776793800000,9780.936644451074
1206,1776794100000,9780.936644451074
1207,1776794400000,9780.936644451074
1208,1776794700000,9780.936644451074
1209,1776795000000,9780.936644451074
1210,1776795300000,9780.936644451074
1211,1776795600000,9780.936644451074
1212,1776795900000,9780.936644451074
1213,1776796200000,9780.936644451074
1214,1776796500000,9780.936644451074
1215,1776796800000,9777.024269793295
1216,1776797100000,9791.14949922206
1217,1776797400000,9769.431428749005
1218,1776797700000,9745.872359398547
1219,1776798000000,9745.872359398547
1220,1776798300000,9745.872359398547
1221,1776798600000,9745.872359398547
1222,1776798900000,9745.872359398547
1223,1776799200000,9745.872359398547
1224,1776799500000,9745.872359398547
1225,1776799800000,9745.872359398547
1226,1776800100000,9745.872359398547
1227,1776800400000,9745.872359398547
1228,1776800700000,9745.872359398547
1229,1776801000000,9745.872359398547
1230,1776801300000,9745.872359398547
1231,1776801600000,9745.872359398547
1232,1776801900000,9745.872359398547
1233,1776802200000,9745.872359398547
1234,1776802500000,9745.872359398547
1235,1776802800000,9745.872359398547
1236,1776803100000,9745.872359398547
1237,1776803400000,9745.872359398547
1238,1776803700000,9745.872359398547
1239,1776804000000,9745.872359398547
1240,1776804300000,9745.872359398547
1241,1776804600000,9745.872359398547
1242,1776804900000,9745.872359398547
1243,1776805200000,9745.872359398547
1244,1776805500000,9745.872359398547
1245,1776805800000,9745.872359398547
1246,1776806100000,9745.872359398547
1247,1776806400000,9745.872359398547
1248,1776806700000,9745.872359398547
1249,1776807000000,9745.872359398547
1250,1776807300000,9745.872359398547
1251,1776807600000,9745.872359398547
1252,1776807900000,9745.872359398547
1253,1776808200000,9745.872359398547
1254,1776808500000,9745.872359398547
1255,1776808800000,9745.872359398547
1256,1776809100000,9745.872359398547
1257,1776809400000,9745.872359398547
1258,1776809700000,9745.872359398547
1259,1776810000000,9745.872359398547
1260,1776810300000,9745.872359398547
1261,1776810600000,9745.872359398547
1262,1776810900000,9745.872359398547
1263,1776811200000,9745.872359398547
1264,1776811500000,9741.974010454787
1265,1776811800000,9731.541628212966
1266,1776812100000,9725.544064333053
1267,1776812400000,9696.419080190124
1268,1776812700000,9696.419080190124
1269,1776813000000,9696.419080190124
1270,1776813300000,9696.419080190124
1271,1776813600000,9696.419080190124
1272,1776813900000,9696.419080190124
1273,1776814200000,9696.419080190124
1274,1776814500000,9696.419080190124
1275,1776814800000,9696.419080190124
1276,1776815100000,9696.419080190124
1277,1776815400000,9696.419080190124
1278,1776815700000,9696.419080190124
1279,1776816000000,9696.419080190124
1280,1776816300000,9696.419080190124
1281,1776816600000,9696.419080190124
1282,1776816900000,9696.419080190124
1283,1776817200000,9696.419080190124
1284,1776817500000,9696.419080190124
1285,1776817800000,9696.419080190124
1286,1776818100000,9696.419080190124
1287,1776818400000,9696.419080190124
1288,1776818700000,9696.419080190124
1289,1776819000000,9696.419080190124
1290,1776819300000,9696.419080190124
1291,1776819600000,9696.419080190124
1292,1776819900000,9696.419080190124
1293,1776820200000,9696.419080190124
1294,1776820500000,9696.419080190124
1295,1776820800000,9696.419080190124
1296,1776821100000,9696.419080190124
1297,1776821400000,9696.419080190124
1298,1776821700000,9696.419080190124
1299,1776822000000,9696.419080190124
1300,1776822300000,9696.419080190124
1301,1776822600000,9692.541288116461
1302,1776822900000,9697.385032497286
1303,1776823200000,9695.714775814242
1304,1776823500000,9700.809058697525
1305,1776823800000,9749.705823093613
1306,1776824100000,9794.760997118703
1307,1776824400000,9787.620649798693
1308,1776824700000,9834.346080506824
1309,1776825000000,9821.443347630317
1310,1776825300000,9828.583694950326
1311,1776825600000,9870.465381277634
1312,1776825900000,9854.472673537493
1313,1776826200000,9889.93357072044
1314,1776826500000,9889.93357072044
1315,1776826800000,9889.93357072044
1316,1776827100000,9889.93357072044
1317,1776827400000,9889.93357072044
1318,1776827700000,9889.93357072044
1319,1776828000000,9889.93357072044
1320,1776828300000,9889.93357072044
1321,1776828600000,9889.93357072044
1322,1776828900000,9889.93357072044
1323,1776829200000,9889.93357072044
1324,1776829500000,9889.93357072044
1325,1776829800000,9889.93357072044
1326,1776830100000,9889.93357072044
1327,1776830400000,9889.93357072044
1328,1776830700000,9889.93357072044
1329,1776831000000,9889.93357072044
1330,1776831300000,9889.93357072044
1331,1776831600000,9889.93357072044
1332,1776831900000,9889.93357072044
1333,1776832200000,9889.93357072044
1334,1776832500000,9889.93357072044
1335,1776832800000,9889.93357072044
1336,1776833100000,9889.93357072044
1337,1776833400000,9889.93357072044
1338,1776833700000,9889.93357072044
1339,1776834000000,9889.93357072044
1340,1776834300000,9889.93357072044
1341,1776834600000,9889.93357072044
1342,1776834900000,9889.93357072044
1343,1776835200000,9889.93357072044
1344,1776835500000,9889.93357072044
1345,1776835800000,9889.93357072044
1346,1776836100000,9889.93357072044
1347,1776836400000,9889.93357072044
1348,1776836700000,9889.93357072044
1349,1776837000000,9889.93357072044
1350,1776837300000,9889.93357072044
1351,1776837600000,9889.93357072044
1352,1776837900000,9889.93357072044
1353,1776838200000,9889.93357072044
1354,1776838500000,9889.93357072044
1355,1776838800000,9889.93357072044
1356,1776839100000,9889.93357072044
1357,1776839400000,9889.93357072044
1358,1776839700000,9889.93357072044
1359,1776840000000,9889.93357072044
1360,1776840300000,9889.93357072044
1361,1776840600000,9889.93357072044
1362,1776840900000,9889.93357072044
1363,1776841200000,9889.93357072044
1364,1776841500000,9889.93357072044
1365,1776841800000,9889.93357072044
1366,1776842100000,9889.93357072044
1367,1776842400000,9889.93357072044
1368,1776842700000,9889.93357072044
1369,1776843000000,9889.93357072044
1370,1776843300000,9889.93357072044
1371,1776843600000,9885.978388328629
1372,1776843900000,9875.901948712808
1373,1776844200000,9869.542228627413
1374,1776844500000,9869.831306813112
1375,1776844800000,9867.849056396884
1376,1776845100000,9873.58932322721
1377,1776845400000,9872.887276204796
1378,1776845700000,9872.928573088466
1379,1776846000000,9851.394360417638
1380,1776846300000,9851.394360417638
1381,1776846600000,9851.394360417638
1382,1776846900000,9851.394360417638
1383,1776847200000,9851.394360417638
1384,1776847500000,9851.394360417638
1385,1776847800000,9851.394360417638
1386,1776848100000,9851.394360417638
1387,1776848400000,9851.394360417638
1388,1776848700000,9851.394360417638
1389,1776849000000,9851.394360417638
1390,1776849300000,9851.394360417638
1391,1776849600000,9851.394360417638
1392,1776849900000,9851.394360417638
1393,1776850200000,9851.394360417638
1394,1776850500000,9851.394360417638
1395,1776850800000,9851.394360417638
1396,1776851100000,9851.394360417638
1397,1776851400000,9851.394360417638
1398,1776851700000,9851.394360417638
1399,1776852000000,9851.394360417638
1400,1776852300000,9851.394360417638
1401,1776852600000,9851.394360417638
1402,1776852900000,9851.394360417638
1403,1776853200000,9851.394360417638
1404,1776853500000,9851.394360417638
1405,1776853800000,9851.394360417638
1406,1776854100000,9851.394360417638
1407,1776854400000,9851.394360417638
1408,1776854700000,9851.394360417638
1409,1776855000000,9851.394360417638
1410,1776855300000,9851.394360417638
1411,1776855600000,9851.394360417638
1412,1776855900000,9851.394360417638
1413,1776856200000,9851.394360417638
1414,1776856500000,9851.394360417638
1415,1776856800000,9851.394360417638
1416,1776857100000,9851.394360417638
1417,1776857400000,9851.394360417638
1418,1776857700000,9851.394360417638
1419,1776858000000,9851.394360417638
1420,1776858300000,9851.394360417638
1421,1776858600000,9851.394360417638
1422,1776858900000,9851.394360417638
1423,1776859200000,9851.394360417638
1424,1776859500000,9851.394360417638
1425,1776859800000,9851.394360417638
1426,1776860100000,9851.394360417638
1427,1776860400000,9851.394360417638
1428,1776860700000,9851.394360417638
1429,1776861000000,9851.394360417638
1430,1776861300000,9851.394360417638
1431,1776861600000,9851.394360417638
1432,1776861900000,9851.394360417638
1433,1776862200000,9851.394360417638
1434,1776862500000,9851.394360417638
1435,1776862800000,9851.394360417638
1436,1776863100000,9851.394360417638
1437,1776863400000,9851.394360417638
1438,1776863700000,9851.394360417638
1439,1776864000000,9851.394360417638
1440,1776864300000,9851.394360417638
1441,1776864600000,9851.394360417638
1442,1776864900000,9851.394360417638
1443,1776865200000,9851.394360417638
1444,1776865500000,9851.394360417638
1445,1776865800000,9851.394360417638
1446,1776866100000,9851.394360417638
1447,1776866400000,9851.394360417638
1448,1776866700000,9851.394360417638
1449,1776867000000,9851.394360417638
1450,1776867300000,9851.394360417638
1451,1776867600000,9851.394360417638
1452,1776867900000,9851.394360417638
1453,1776868200000,9851.394360417638
1454,1776868500000,9851.394360417638
1455,1776868800000,9851.394360417638
1456,1776869100000,9851.394360417638
1457,1776869400000,9851.394360417638
1458,1776869700000,9851.394360417638
1459,1776870000000,9851.394360417638
1460,1776870300000,9851.394360417638
1461,1776870600000,9851.394360417638
1462,1776870900000,9851.394360417638
1463,1776871200000,9851.394360417638
1464,1776871500000,9851.394360417638
1465,1776871800000,9851.394360417638
1466,1776872100000,9851.394360417638
1467,1776872400000,9851.394360417638
1468,1776872700000,9851.394360417638
1469,1776873000000,9851.394360417638
1470,1776873300000,9851.394360417638
1471,1776873600000,9847.454590627429
1472,1776873900000,9828.592316134505
1473,1776874200000,9817.283116925544
1474,1776874500000,9797.072965623975
1475,1776874800000,9797.072965623975
1476,1776875100000,9797.072965623975
1477,1776875400000,9797.072965623975
1478,1776875700000,9797.072965623975
1479,1776876000000,9797.072965623975
1480,1776876300000,9797.072965623975
1481,1776876600000,9797.072965623975
1482,1776876900000,9797.072965623975
1483,1776877200000,9797.072965623975
1484,1776877500000,9797.072965623975
1485,1776877800000,9797.072965623975
1486,1776878100000,9797.072965623975
1487,1776878400000,9797.072965623975
1488,1776878700000,9797.072965623975
1489,1776879000000,9797.072965623975
1490,1776879300000,9797.072965623975
1491,1776879600000,9797.072965623975
1492,1776879900000,9797.072965623975
1493,1776880200000,9797.072965623975
1494,1776880500000,9797.072965623975
1495,1776880800000,9797.072965623975
1496,1776881100000,9797.072965623975
1497,1776881400000,9797.072965623975
1498,1776881700000,9797.072965623975
1499,1776882000000,9797.072965623975
1500,1776882300000,9797.072965623975
1501,1776882600000,9797.072965623975
1502,1776882900000,9797.072965623975
1503,1776883200000,9797.072965623975
1504,1776883500000,9797.072965623975
1505,1776883800000,9797.072965623975
1506,1776884100000,9797.072965623975
1507,1776884400000,9797.072965623975
1508,1776884700000,9797.072965623975
1509,1776885000000,9797.072965623975
1510,1776885300000,9797.072965623975
1511,1776885600000,9797.072965623975
1512,1776885900000,9797.072965623975
1513,1776886200000,9797.072965623975
1514,1776886500000,9797.072965623975
1515,1776886800000,9797.072965623975
1516,1776887100000,9797.072965623975
1517,1776887400000,9797.072965623975
1518,1776887700000,9797.072965623975
1519,1776888000000,9797.072965623975
1520,1776888300000,9797.072965623975
1521,1776888600000,9797.072965623975
1522,1776888900000,9797.072965623975
1523,1776889200000,9797.072965623975
1524,1776889500000,9797.072965623975
1525,1776889800000,9797.072965623975
1526,1776890100000,9797.072965623975
1527,1776890400000,9797.072965623975
1528,1776890700000,9797.072965623975
1529,1776891000000,9797.072965623975
1530,1776891300000,9797.072965623975
1531,1776891600000,9797.072965623975
1532,1776891900000,9797.072965623975
1533,1776892200000,9797.072965623975
1534,1776892500000,9797.072965623975
1535,1776892800000,9797.072965623975
1536,1776893100000,9797.072965623975
1537,1776893400000,9797.072965623975
1538,1776893700000,9797.072965623975
1539,1776894000000,9797.072965623975
1540,1776894300000,9797.072965623975
1541,1776894600000,9797.072965623975
1542,1776894900000,9797.072965623975
1543,1776895200000,9797.072965623975
1544,1776895500000,9797.072965623975
1545,1776895800000,9797.072965623975
1546,1776896100000,9797.072965623975
1547,1776896400000,9797.072965623975
1548,1776896700000,9797.072965623975
1549,1776897000000,9797.072965623975
1550,1776897300000,9797.072965623975
1551,1776897600000,9797.072965623975
1552,1776897900000,9797.072965623975
1553,1776898200000,9797.072965623975
1554,1776898500000,9793.154920046843
1555,1776898800000,9768.477485962203
1556,1776899100000,9768.477485962203
1557,1776899400000,9768.477485962203
1558,1776899700000,9768.477485962203
1559,1776900000000,9768.477485962203
1560,1776900300000,9768.477485962203
1561,1776900600000,9768.477485962203
1562,1776900900000,9768.477485962203
1563,1776901200000,9768.477485962203
1564,1776901500000,9768.477485962203
1565,1776901800000,9768.477485962203
1566,1776902100000,9768.477485962203
1567,1776902400000,9768.477485962203
1568,1776902700000,9768.477485962203
1569,1776903000000,9768.477485962203
1570,1776903300000,9768.477485962203
1571,1776903600000,9768.477485962203
1572,1776903900000,9768.477485962203
1573,1776904200000,9768.477485962203
1574,1776904500000,9768.477485962203
1575,1776904800000,9768.477485962203
1576,1776905100000,9768.477485962203
1577,1776905400000,9768.477485962203
1578,1776905700000,9768.477485962203
1579,1776906000000,9768.477485962203
1580,1776906300000,9768.477485962203
1581,1776906600000,9768.477485962203
1582,1776906900000,9768.477485962203
1583,1776907200000,9768.477485962203
1584,1776907500000,9768.477485962203
1585,1776907800000,9768.477485962203
1586,1776908100000,9768.477485962203
1587,1776908400000,9768.477485962203
1588,1776908700000,9768.477485962203
1589,1776909000000,9768.477485962203
1590,1776909300000,9768.477485962203
1591,1776909600000,9768.477485962203
1592,1776909900000,9768.477485962203
1593,1776910200000,9768.477485962203
1594,1776910500000,9768.477485962203
1595,1776910800000,9768.477485962203
1596,1776911100000,9768.477485962203
1597,1776911400000,9768.477485962203
1598,1776911700000,9768.477485962203
1599,1776912000000,9768.477485962203
1600,1776912300000,9768.477485962203
1601,1776912600000,9768.477485962203
1602,1776912900000,9768.477485962203
1603,1776913200000,9768.477485962203
1604,1776913500000,9768.477485962203
1605,1776913800000,9768.477485962203
1606,1776914100000,9768.477485962203
1607,1776914400000,9768.477485962203
1608,1776914700000,9768.477485962203
1609,1776915000000,9768.477485962203
1610,1776915300000,9768.477485962203
1611,1776915600000,9768.477485962203
1612,1776915900000,9768.477485962203
1613,1776916200000,9768.477485962203
1614,1776916500000,9768.477485962203
1615,1776916800000,9768.477485962203
1616,1776917100000,9768.477485962203
1617,1776917400000,9768.477485962203
1618,1776917700000,9768.477485962203
1619,1776918000000,9768.477485962203
1620,1776918300000,9768.477485962203
1621,1776918600000,9768.477485962203
1622,1776918900000,9768.477485962203
1623,1776919200000,9768.477485962203
1624,1776919500000,9768.477485962203
1625,1776919800000,9768.477485962203
1626,1776920100000,9768.477485962203
1627,1776920400000,9768.477485962203
1628,1776920700000,9768.477485962203
1629,1776921000000,9768.477485962203
1630,1776921300000,9768.477485962203
1631,1776921600000,9768.477485962203
1632,1776921900000,9764.570094967818
1633,1776922200000,9775.059779919975
1634,1776922500000,9786.839862624183
1635,1776922800000,9772.145978544375
1636,1776923100000,9759.24297547397
1637,1776923400000,9759.24297547397
1638,1776923700000,9759.24297547397
1639,1776924000000,9759.24297547397
1640,1776924300000,9759.24297547397
1641,1776924600000,9759.24297547397
1642,1776924900000,9759.24297547397
1643,1776925200000,9759.24297547397
1644,1776925500000,9759.24297547397
1645,1776925800000,9759.24297547397
1646,1776926100000,9759.24297547397
1647,1776926400000,9759.24297547397
1648,1776926700000,9759.24297547397
1649,1776927000000,9759.24297547397
1650,1776927300000,9759.24297547397
1651,1776927600000,9759.24297547397
1652,1776927900000,9759.24297547397
1653,1776928200000,9759.24297547397
1654,1776928500000,9759.24297547397
1655,1776928800000,9759.24297547397
1656,1776929100000,9759.24297547397
1657,1776929400000,9759.24297547397
1658,1776929700000,9759.24297547397
1659,1776930000000,9759.24297547397
1660,1776930300000,9759.24297547397
1661,1776930600000,9755.33927828378
1662,1776930900000,9742.2924963621
1663,1776931200000,9762.883902973317
1664,1776931500000,9748.503264752931
1665,1776931800000,9746.544163314215
1666,1776932100000,9742.959424511451
1667,1776932400000,9762.92558598265
1668,1776932700000,9764.843004412036
1669,1776933000000,9771.720700952219
1670,1776933300000,9775.889001885664
1671,1776933600000,9779.140276613749
1672,1776933900000,9770.51189368152
1673,1776934200000,9762.64436921259
1674,1776934500000,9762.64436921259
1675,1776934800000,9762.64436921259
1676,1776935100000,9762.64436921259
1677,1776935400000,9762.64436921259
1678,1776935700000,9762.64436921259
1679,1776936000000,9762.64436921259
1680,1776936300000,9762.64436921259
1681,1776936600000,9762.64436921259
1682,1776936900000,9762.64436921259
1683,1776937200000,9762.64436921259
1684,1776937500000,9762.64436921259
1685,1776937800000,9762.64436921259
1686,1776938100000,9762.64436921259
1687,1776938400000,9762.64436921259
1688,1776938700000,9762.64436921259
1689,1776939000000,9762.64436921259
1690,1776939300000,9762.64436921259
1691,1776939600000,9762.64436921259
1692,1776939900000,9762.64436921259
1693,1776940200000,9762.64436921259
1694,1776940500000,9762.64436921259
1695,1776940800000,9762.64436921259
1696,1776941100000,9762.64436921259
1697,1776941400000,9762.64436921259
1698,1776941700000,9762.64436921259
1699,1776942000000,9762.64436921259
1700,1776942300000,9762.64436921259
1701,1776942600000,9762.64436921259
1702,1776942900000,9762.64436921259
1703,1776943200000,9762.64436921259
1704,1776943500000,9762.64436921259
1705,1776943800000,9758.739311464906
1706,1776944100000,9729.725582077683
1707,1776944400000,9729.725582077683
1708,1776944700000,9729.725582077683
1709,1776945000000,9729.725582077683
1710,1776945300000,9729.725582077683
1711,1776945600000,9729.725582077683
1712,1776945900000,9729.725582077683
1713,1776946200000,9729.725582077683
1714,1776946500000,9729.725582077683
1715,1776946800000,9729.725582077683
1716,1776947100000,9729.725582077683
1717,1776947400000,9729.725582077683
1718,1776947700000,9729.725582077683
1719,1776948000000,9729.725582077683
1720,1776948300000,9729.725582077683
1721,1776948600000,9729.725582077683
1722,1776948900000,9729.725582077683
1723,1776949200000,9729.725582077683
1724,1776949500000,9729.725582077683
1725,1776949800000,9729.725582077683
1726,1776950100000,9729.725582077683
1727,1776950400000,9729.725582077683
1728,1776950700000,9729.725582077683
1729,1776951000000,9729.725582077683
1730,1776951300000,9729.725582077683
1731,1776951600000,9729.725582077683
1732,1776951900000,9729.725582077683
1733,1776952200000,9729.725582077683
1734,1776952500000,9729.725582077683
1735,1776952800000,9729.725582077683
1736,1776953100000,9729.725582077683
1737,1776953400000,9729.725582077683
1738,1776953700000,9729.725582077683
1739,1776954000000,9729.725582077683
1740,1776954300000,9729.725582077683
1741,1776954600000,9729.725582077683
1742,1776954900000,9729.725582077683
1743,1776955200000,9729.725582077683
1744,1776955500000,9729.725582077683
1745,1776955800000,9729.725582077683
1746,1776956100000,9729.725582077683
1747,1776956400000,9729.725582077683
1748,1776956700000,9729.725582077683
1749,1776957000000,9729.725582077683
1750,1776957300000,9729.725582077683
1751,1776957600000,9729.725582077683
1752,1776957900000,9729.725582077683
1753,1776958200000,9729.725582077683
1754,1776958500000,9729.725582077683
1755,1776958800000,9729.725582077683
1756,1776959100000,9729.725582077683
1757,1776959400000,9729.725582077683
1758,1776959700000,9725.834470067255
1759,1776960000000,9706.785129861617
1760,1776960300000,9719.290167195733
1761,1776960600000,9714.246468804306
1762,1776960900000,9724.583966333843
1763,1776961200000,9726.876556511765
1764,1776961500000,9712.454080119749
1765,1776961800000,9725.042484369427
1766,1776962100000,9712.66249740865
1767,1776962400000,9717.789562715638
1768,1776962700000,9711.787144795262
1769,1776963000000,9686.611090729813
1770,1776963300000,9686.611090729813
1771,1776963600000,9686.611090729813
1772,1776963900000,9686.611090729813
1773,1776964200000,9686.611090729813
1774,1776964500000,9686.611090729813
1775,1776964800000,9686.611090729813
1776,1776965100000,9686.611090729813
1777,1776965400000,9686.611090729813
1778,1776965700000,9686.611090729813
1779,1776966000000,9686.611090729813
1780,1776966300000,9686.611090729813
1781,1776966600000,9686.611090729813
1782,1776966900000,9686.611090729813
1783,1776967200000,9686.611090729813
1784,1776967500000,9686.611090729813
1785,1776967800000,9686.611090729813
1786,1776968100000,9686.611090729813
1787,1776968400000,9686.611090729813
1788,1776968700000,9686.611090729813
1789,1776969000000,9686.611090729813
1790,1776969300000,9686.611090729813
1791,1776969600000,9686.611090729813
1792,1776969900000,9686.611090729813
1793,1776970200000,9686.611090729813
1794,1776970500000,9686.611090729813
1795,1776970800000,9686.611090729813
1796,1776971100000,9686.611090729813
1797,1776971400000,9686.611090729813
1798,1776971700000,9686.611090729813
1799,1776972000000,9686.611090729813
1800,1776972300000,9686.611090729813
1801,1776972600000,9686.611090729813
1802,1776972900000,9686.611090729813
1803,1776973200000,9686.611090729813
1804,1776973500000,9686.611090729813
1805,1776973800000,9686.611090729813
1806,1776974100000,9686.611090729813
1807,1776974400000,9686.611090729813
1808,1776974700000,9686.611090729813
1809,1776975000000,9686.611090729813
1810,1776975300000,9686.611090729813
1811,1776975600000,9686.611090729813
1812,1776975900000,9686.611090729813
1813,1776976200000,9686.611090729813
1814,1776976500000,9686.611090729813
1815,1776976800000,9686.611090729813
1816,1776977100000,9686.611090729813
1817,1776977400000,9686.611090729813
1818,1776977700000,9686.611090729813
1819,1776978000000,9686.611090729813
1820,1776978300000,9686.611090729813
1821,1776978600000,9686.611090729813
1822,1776978900000,9686.611090729813
1823,1776979200000,9686.611090729813
1824,1776979500000,9686.611090729813
1825,1776979800000,9686.611090729813
1826,1776980100000,9686.611090729813
1827,1776980400000,9686.611090729813
1828,1776980700000,9686.611090729813
1829,1776981000000,9686.611090729813
1830,1776981300000,9686.611090729813
1831,1776981600000,9682.737221067453
1832,1776981900000,9695.853116884799
1833,1776982200000,9701.307664034235
1834,1776982500000,9733.993309166352
1835,1776982800000,9727.20635355293
1836,1776983100000,9700.257764572956
1837,1776983400000,9700.257764572956
1838,1776983700000,9700.257764572956
1839,1776984000000,9700.257764572956
1840,1776984300000,9700.257764572956
1841,1776984600000,9700.257764572956
1842,1776984900000,9700.257764572956
1843,1776985200000,9700.257764572956
1844,1776985500000,9700.257764572956
1845,1776985800000,9700.257764572956
1846,1776986100000,9700.257764572956
1847,1776986400000,9700.257764572956
1848,1776986700000,9700.257764572956
1849,1776987000000,9700.257764572956
1850,1776987300000,9700.257764572956
1851,1776987600000,9700.257764572956
1852,1776987900000,9700.257764572956
1853,1776988200000,9700.257764572956
1854,1776988500000,9700.257764572956
1855,1776988800000,9700.257764572956
1856,1776989100000,9700.257764572956
1857,1776989400000,9700.257764572956
1858,1776989700000,9700.257764572956
1859,1776990000000,9700.257764572956
1860,1776990300000,9700.257764572956
1861,1776990600000,9700.257764572956
1862,1776990900000,9700.257764572956
1863,1776991200000,9700.257764572956
1864,1776991500000,9700.257764572956
1865,1776991800000,9700.257764572956
1866,1776992100000,9700.257764572956
1867,1776992400000,9700.257764572956
1868,1776992700000,9700.257764572956
1869,1776993000000,9700.257764572956
1870,1776993300000,9700.257764572956
1871,1776993600000,9700.257764572956
1872,1776993900000,9700.257764572956
1873,1776994200000,9700.257764572956
1874,1776994500000,9700.257764572956
1875,1776994800000,9700.257764572956
1876,1776995100000,9700.257764572956
1877,1776995400000,9700.257764572956
1878,1776995700000,9700.257764572956
1879,1776996000000,9700.257764572956
1880,1776996300000,9700.257764572956
1881,1776996600000,9700.257764572956
1882,1776996900000,9700.257764572956
1883,1776997200000,9700.257764572956
1884,1776997500000,9700.257764572956
1885,1776997800000,9700.257764572956
1886,1776998100000,9700.257764572956
1887,1776998400000,9700.257764572956
1888,1776998700000,9700.257764572956
1889,1776999000000,9700.257764572956
1890,1776999300000,9700.257764572956
1891,1776999600000,9700.257764572956
1892,1776999900000,9700.257764572956
1893,1777000200000,9700.257764572956
1894,1777000500000,9700.257764572956
1895,1777000800000,9700.257764572956
1896,1777001100000,9700.257764572956
1897,1777001400000,9700.257764572956
1898,1777001700000,9700.257764572956
1899,1777002000000,9700.257764572956
1900,1777002300000,9700.257764572956
1901,1777002600000,9700.257764572956
1902,1777002900000,9700.257764572956
1903,1777003200000,9700.257764572956
1904,1777003500000,9700.257764572956
1905,1777003800000,9700.257764572956
1906,1777004100000,9700.257764572956
1907,1777004400000,9700.257764572956
1908,1777004700000,9700.257764572956
1909,1777005000000,9700.257764572956
1910,1777005300000,9700.257764572956
1911,1777005600000,9700.257764572956
1912,1777005900000,9700.257764572956
1913,1777006200000,9700.257764572956
1914,1777006500000,9700.257764572956
1915,1777006800000,9700.257764572956
1916,1777007100000,9700.257764572956
1917,1777007400000,9700.257764572956
1918,1777007700000,9700.257764572956
1919,1777008000000,9700.257764572956
1920,1777008300000,9700.257764572956
1921,1777008600000,9700.257764572956
1922,1777008900000,9700.257764572956
1923,1777009200000,9700.257764572956
1924,1777009500000,9700.257764572956
1925,1777009800000,9700.257764572956
1926,1777010100000,9700.257764572956
1927,1777010400000,9700.257764572956
1928,1777010700000,9700.257764572956
1929,1777011000000,9700.257764572956
1930,1777011300000,9700.257764572956
1931,1777011600000,9700.257764572956
1932,1777011900000,9700.257764572956
1933,1777012200000,9696.377661467128
1934,1777012500000,9696.125835358442
1935,1777012800000,9702.799227238636
1936,1777013100000,9694.363052597635
1937,1777013400000,9697.762705064904
1938,1777013700000,9704.687923053787
1939,1777014000000,9693.56560325346
1940,1777014300000,9678.859745061507
1941,1777014600000,9678.859745061507
1942,1777014900000,9678.859745061507
1943,1777015200000,9678.859745061507
1944,1777015500000,9678.859745061507
1945,1777015800000,9678.859745061507
1946,1777016100000,9678.859745061507
1947,1777016400000,9678.859745061507
1948,1777016700000,9678.859745061507
1949,1777017000000,9678.859745061507
1950,1777017300000,9678.859745061507
1951,1777017600000,9678.859745061507
1952,1777017900000,9678.859745061507
1953,1777018200000,9678.859745061507
1954,1777018500000,9678.859745061507
1955,1777018800000,9678.859745061507
1956,1777019100000,9678.859745061507
1957,1777019400000,9678.859745061507
1958,1777019700000,9678.859745061507
1959,1777020000000,9678.859745061507
1960,1777020300000,9678.859745061507
1961,1777020600000,9678.859745061507
1962,1777020900000,9678.859745061507
1963,1777021200000,9678.859745061507
1964,1777021500000,9678.859745061507
1965,1777021800000,9678.859745061507
1966,1777022100000,9678.859745061507
1967,1777022400000,9678.859745061507
1968,1777022700000,9678.859745061507
1969,1777023000000,9678.859745061507
1970,1777023300000,9678.859745061507
1971,1777023600000,9678.859745061507
1972,1777023900000,9678.859745061507
1973,1777024200000,9678.859745061507
1974,1777024500000,9678.859745061507
1975,1777024800000,9678.859745061507
1976,1777025100000,9678.859745061507
1977,1777025400000,9678.859745061507
1978,1777025700000,9678.859745061507
1979,1777026000000,9678.859745061507
1980,1777026300000,9678.859745061507
1981,1777026600000,9678.859745061507
1982,1777026900000,9678.859745061507
1983,1777027200000,9678.859745061507
1984,1777027500000,9678.859745061507
1985,1777027800000,9678.859745061507
1986,1777028100000,9678.859745061507
1987,1777028400000,9678.859745061507
1988,1777028700000,9678.859745061507
1989,1777029000000,9678.859745061507
1990,1777029300000,9678.859745061507
1991,1777029600000,9678.859745061507
1992,1777029900000,9678.859745061507
1993,1777030200000,9678.859745061507
1994,1777030500000,9678.859745061507
1995,1777030800000,9678.859745061507
1996,1777031100000,9678.859745061507
1997,1777031400000,9678.859745061507
1998,1777031700000,9678.859745061507
1999,1777032000000,9678.859745061507
2000,1777032300000,9678.859745061507
2001,1777032600000,9678.859745061507
2002,1777032900000,9678.859745061507
2003,1777033200000,9678.859745061507
2004,1777033500000,9678.859745061507
2005,1777033800000,9678.859745061507
2006,1777034100000,9678.859745061507
2007,1777034400000,9678.859745061507
2008,1777034700000,9678.859745061507
2009,1777035000000,9678.859745061507
2010,1777035300000,9674.98897531743
2011,1777035600000,9689.88477599763
2012,1777035900000,9687.346664708546
2013,1777036200000,9683.851560638333
2014,1777036500000,9689.135825125442
2015,1777036800000,9675.98757648035
2016,1777037100000,9663.674445248984
2017,1777037400000,9663.674445248984
2018,1777037700000,9663.674445248984
2019,1777038000000,9663.674445248984
2020,1777038300000,9663.674445248984
2021,1777038600000,9663.674445248984
2022,1777038900000,9663.674445248984
2023,1777039200000,9663.674445248984
2024,1777039500000,9663.674445248984
2025,1777039800000,9663.674445248984
2026,1777040100000,9663.674445248984
2027,1777040400000,9663.674445248984
2028,1777040700000,9663.674445248984
2029,1777041000000,9663.674445248984
2030,1777041300000,9663.674445248984
2031,1777041600000,9663.674445248984
2032,1777041900000,9663.674445248984
2033,1777042200000,9663.674445248984
2034,1777042500000,9663.674445248984
2035,1777042800000,9663.674445248984
2036,1777043100000,9663.674445248984
2037,1777043400000,9663.674445248984
2038,1777043700000,9663.674445248984
2039,1777044000000,9663.674445248984
2040,1777044300000,9663.674445248984
2041,1777044600000,9663.674445248984
2042,1777044900000,9663.674445248984
2043,1777045200000,9663.674445248984
2044,1777045500000,9663.674445248984
2045,1777045800000,9663.674445248984
2046,1777046100000,9663.674445248984
2047,1777046400000,9663.674445248984
2048,1777046700000,9663.674445248984
2049,1777047000000,9659.808975470884
2050,1777047300000,9674.490593328763
2051,1777047600000,9664.85578160953
2052,1777047900000,9665.898510150573
2053,1777048200000,9642.938007980769
2054,1777048500000,9642.938007980769
2055,1777048800000,9639.080832777576
2056,1777049100000,9646.124523772496
2057,1777049400000,9636.746828660916
2058,1777049700000,9626.452203360648
2059,1777050000000,9632.870714681461
2060,1777050300000,9633.370858420745
2061,1777050600000,9613.302137525006
2062,1777050900000,9609.456816669997
2063,1777051200000,9613.69107489956
2064,1777051500000,9611.241847100106
2065,1777051800000,9631.499866865075
2066,1777052100000,9625.895701561241
2067,1777052400000,9614.811907960326
2068,1777052700000,9613.89863657748
2069,1777053000000,9592.126534162118
2070,1777053300000,9592.126534162118
2071,1777053600000,9592.126534162118
2072,1777053900000,9592.126534162118
2073,1777054200000,9592.126534162118
2074,1777054500000,9592.126534162118
2075,1777054800000,9592.126534162118
2076,1777055100000,9592.126534162118
2077,1777055400000,9592.126534162118
2078,1777055700000,9592.126534162118
2079,1777056000000,9592.126534162118
2080,1777056300000,9592.126534162118
2081,1777056600000,9592.126534162118
2082,1777056900000,9592.126534162118
2083,1777057200000,9592.126534162118
2084,1777057500000,9592.126534162118
2085,1777057800000,9592.126534162118
2086,1777058100000,9592.126534162118
2087,1777058400000,9592.126534162118
2088,1777058700000,9592.126534162118
2089,1777059000000,9592.126534162118
2090,1777059300000,9592.126534162118
2091,1777059600000,9592.126534162118
2092,1777059900000,9592.126534162118
2093,1777060200000,9592.126534162118
2094,1777060500000,9592.126534162118
2095,1777060800000,9592.126534162118
2096,1777061100000,9592.126534162118
2097,1777061400000,9592.126534162118
2098,1777061700000,9592.126534162118
2099,1777062000000,9592.126534162118
2100,1777062300000,9592.126534162118
2101,1777062600000,9588.290450765135
2102,1777062900000,9608.700826483899
2103,1777063200000,9603.660207379264
2104,1777063500000,9604.734437680252
2105,1777063800000,9607.957128583213
2106,1777064100000,9612.171416687088
2107,1777064400000,9606.428416231809
2108,1777064700000,9612.088783587013
2109,1777065000000,9563.433805355493
2110,1777065300000,9563.433805355493
2111,1777065600000,9563.433805355493
2112,1777065900000,9563.433805355493
2113,1777066200000,9563.433805355493
2114,1777066500000,9563.433805355493
2115,1777066800000,9563.433805355493
2116,1777067100000,9563.433805355493
2117,1777067400000,9563.433805355493
2118,1777067700000,9563.433805355493
2119,1777068000000,9563.433805355493
2120,1777068300000,9563.433805355493
2121,1777068600000,9563.433805355493
2122,1777068900000,9563.433805355493
2123,1777069200000,9563.433805355493
2124,1777069500000,9563.433805355493
2125,1777069800000,9563.433805355493
2126,1777070100000,9563.433805355493
2127,1777070400000,9563.433805355493
2128,1777070700000,9563.433805355493
2129,1777071000000,9563.433805355493
2130,1777071300000,9563.433805355493
2131,1777071600000,9563.433805355493
2132,1777071900000,9563.433805355493
2133,1777072200000,9563.433805355493
2134,1777072500000,9563.433805355493
2135,1777072800000,9563.433805355493
2136,1777073100000,9563.433805355493
2137,1777073400000,9563.433805355493
2138,1777073700000,9563.433805355493
2139,1777074000000,9563.433805355493
2140,1777074300000,9563.433805355493
2141,1777074600000,9563.433805355493
2142,1777074900000,9563.433805355493
2143,1777075200000,9559.608431833352
2144,1777075500000,9560.063042302834
2145,1777075800000,9564.402505875154
2146,1777076100000,9566.303604202076
2147,1777076400000,9565.270398589619
2148,1777076700000,9567.791420284017
2149,1777077000000,9566.01430663059
2150,1777077300000,9559.431842347461
2151,1777077600000,9559.431842347461
2152,1777077900000,9559.431842347461
2153,1777078200000,9559.431842347461
2154,1777078500000,9559.431842347461
2155,1777078800000,9559.431842347461
2156,1777079100000,9559.431842347461
2157,1777079400000,9559.431842347461
2158,1777079700000,9559.431842347461
2159,1777080000000,9559.431842347461
2160,1777080300000,9559.431842347461
2161,1777080600000,9559.431842347461
2162,1777080900000,9559.431842347461
2163,1777081200000,9559.431842347461
2164,1777081500000,9559.431842347461
2165,1777081800000,9559.431842347461
2166,1777082100000,9559.431842347461
2167,1777082400000,9559.431842347461
2168,1777082700000,9559.431842347461
2169,1777083000000,9559.431842347461
2170,1777083300000,9559.431842347461
2171,1777083600000,9559.431842347461
2172,1777083900000,9559.431842347461
2173,1777084200000,9559.431842347461
2174,1777084500000,9559.431842347461
2175,1777084800000,9559.431842347461
2176,1777085100000,9559.431842347461
2177,1777085400000,9559.431842347461
2178,1777085700000,9559.431842347461
2179,1777086000000,9559.431842347461
2180,1777086300000,9559.431842347461
2181,1777086600000,9559.431842347461
2182,1777086900000,9559.431842347461
2183,1777087200000,9559.431842347461
2184,1777087500000,9559.431842347461
2185,1777087800000,9559.431842347461
2186,1777088100000,9559.431842347461
2187,1777088400000,9555.608834212151
2188,1777088700000,9559.442438405142
2189,1777089000000,9557.505025533415
2190,1777089300000,9556.927923826943
2191,1777089600000,9555.402726459839
2192,1777089900000,9558.288234992198
2193,1777090200000,9558.32945654266
2194,1777090500000,9557.505025533415
2195,1777090800000,9555.567612661687
2196,1777091100000,9549.72671972827
2197,1777091400000,9549.72671972827
2198,1777091700000,9549.72671972827
2199,1777092000000,9549.72671972827
2200,1777092300000,9549.72671972827
2201,1777092600000,9549.72671972827
2202,1777092900000,9549.72671972827
2203,1777093200000,9549.72671972827
2204,1777093500000,9549.72671972827
2205,1777093800000,9549.72671972827
2206,1777094100000,9549.72671972827
2207,1777094400000,9549.72671972827
2208,1777094700000,9549.72671972827
2209,1777095000000,9549.72671972827
2210,1777095300000,9549.72671972827
2211,1777095600000,9549.72671972827
2212,1777095900000,9549.72671972827
2213,1777096200000,9549.72671972827
2214,1777096500000,9549.72671972827
2215,1777096800000,9549.72671972827
2216,1777097100000,9549.72671972827
2217,1777097400000,9549.72671972827
2218,1777097700000,9545.906829040381
2219,1777098000000,9548.628770875193
2220,1777098300000,9547.30904150074
2221,1777098600000,9540.94340665719
2222,1777098900000,9540.94340665719
2223,1777099200000,9540.94340665719
2224,1777099500000,9540.94340665719
2225,1777099800000,9540.94340665719
2226,1777100100000,9537.127029294528
2227,1777100400000,9542.853218445376
2228,1777100700000,9543.759521764216
2229,1777101000000,9542.853218445376
2230,1777101300000,9539.43398319703
2231,1777101600000,9535.506943572504
2232,1777101900000,9535.506943572504
2233,1777102200000,9535.506943572504
2234,1777102500000,9535.506943572504
2235,1777102800000,9535.506943572504
2236,1777103100000,9535.506943572504
2237,1777103400000,9535.506943572504
2238,1777103700000,9535.506943572504
2239,1777104000000,9535.506943572504
2240,1777104300000,9535.506943572504
2241,1777104600000,9535.506943572504
2242,1777104900000,9535.506943572504
2243,1777105200000,9535.506943572504
2244,1777105500000,9535.506943572504
2245,1777105800000,9535.506943572504
2246,1777106100000,9535.506943572504
2247,1777106400000,9535.506943572504
2248,1777106700000,9535.506943572504
2249,1777107000000,9535.506943572504
2250,1777107300000,9535.506943572504
2251,1777107600000,9535.506943572504
2252,1777107900000,9535.506943572504
2253,1777108200000,9535.506943572504
2254,1777108500000,9535.506943572504
2255,1777108800000,9535.506943572504
2256,1777109100000,9535.506943572504
2257,1777109400000,9535.506943572504
2258,1777109700000,9531.693503483093
2259,1777110000000,9533.787794540014
2260,1777110300000,9537.155086043304
2261,1777110600000,9539.208312569697
2262,1777110900000,9519.54844175871
2263,1777111200000,9519.54844175871
2264,1777111500000,9519.54844175871
2265,1777111800000,9519.54844175871
2266,1777112100000,9519.54844175871
2267,1777112400000,9519.54844175871
2268,1777112700000,9519.54844175871
2269,1777113000000,9519.54844175871
2270,1777113300000,9519.54844175871
2271,1777113600000,9519.54844175871
2272,1777113900000,9519.54844175871
2273,1777114200000,9519.54844175871
2274,1777114500000,9519.54844175871
2275,1777114800000,9519.54844175871
2276,1777115100000,9519.54844175871
2277,1777115400000,9519.54844175871
2278,1777115700000,9519.54844175871
2279,1777116000000,9519.54844175871
2280,1777116300000,9519.54844175871
2281,1777116600000,9519.54844175871
2282,1777116900000,9519.54844175871
2283,1777117200000,9519.54844175871
2284,1777117500000,9519.54844175871
2285,1777117800000,9519.54844175871
2286,1777118100000,9519.54844175871
2287,1777118400000,9519.54844175871
2288,1777118700000,9519.54844175871
2289,1777119000000,9519.54844175871
2290,1777119300000,9519.54844175871
2291,1777119600000,9519.54844175871
2292,1777119900000,9515.740622382007
2293,1777120200000,9512.367215529668
2294,1777120500000,9515.946317921782
2295,1777120800000,9518.538081722969
2296,1777121100000,9515.946317921782
2297,1777121400000,9514.917840222899
2298,1777121700000,9517.55074313204
2299,1777122000000,9510.13233103975
2300,1777122300000,9510.13233103975
2301,1777122600000,9510.13233103975
2302,1777122900000,9510.13233103975
2303,1777123200000,9510.13233103975
2304,1777123500000,9510.13233103975
2305,1777123800000,9510.13233103975
2306,1777124100000,9510.13233103975
2307,1777124400000,9510.13233103975
2308,1777124700000,9510.13233103975
2309,1777125000000,9510.13233103975
2310,1777125300000,9510.13233103975
2311,1777125600000,9506.328278107334
2312,1777125900000,9497.455928085503
2313,1777126200000,9492.34478605472
2314,1777126500000,9488.547848140299
2315,1777126800000,9489.44952335011
2316,1777127100000,9482.645974039713
2317,1777127400000,9481.605798686416
2318,1777127700000,9481.605798686416
2319,1777128000000,9481.605798686416
2320,1777128300000,9481.605798686416
2321,1777128600000,9481.605798686416
2322,1777128900000,9481.605798686416
2323,1777129200000,9481.605798686416
2324,1777129500000,9481.605798686416
2325,1777129800000,9481.605798686416
2326,1777130100000,9481.605798686416
2327,1777130400000,9481.605798686416
2328,1777130700000,9481.605798686416
2329,1777131000000,9481.605798686416
2330,1777131300000,9481.605798686416
2331,1777131600000,9481.605798686416
2332,1777131900000,9481.605798686416
2333,1777132200000,9481.605798686416
2334,1777132500000,9481.605798686416
2335,1777132800000,9481.605798686416
2336,1777133100000,9481.605798686416
2337,1777133400000,9481.605798686416
2338,1777133700000,9481.605798686416
2339,1777134000000,9481.605798686416
2340,1777134300000,9481.605798686416
2341,1777134600000,9481.605798686416
2342,1777134900000,9481.605798686416
2343,1777135200000,9481.605798686416
2344,1777135500000,9481.605798686416
2345,1777135800000,9481.605798686416
2346,1777136100000,9481.605798686416
2347,1777136400000,9481.605798686416
2348,1777136700000,9481.605798686416
2349,1777137000000,9481.605798686416
2350,1777137300000,9481.605798686416
2351,1777137600000,9481.605798686416
2352,1777137900000,9477.813156366943
2353,1777138200000,9476.70448957946
2354,1777138500000,9467.876217012465
2355,1777138800000,9469.067007265689
2356,1777139100000,9476.417057449373
2357,1777139400000,9477.156168641028
2358,1777139700000,9476.7866130452
2359,1777140000000,9466.46847932574
2360,1777140300000,9466.46847932574
2361,1777140600000,9466.46847932574
2362,1777140900000,9466.46847932574
2363,1777141200000,9466.46847932574
2364,1777141500000,9466.46847932574
2365,1777141800000,9466.46847932574
2366,1777142100000,9466.46847932574
2367,1777142400000,9466.46847932574
2368,1777142700000,9466.46847932574
2369,1777143000000,9466.46847932574
2370,1777143300000,9466.46847932574
2371,1777143600000,9466.46847932574
2372,1777143900000,9462.68189193401
2373,1777144200000,9458.872480844873
2374,1777144500000,9459.486901988283
2375,1777144800000,9455.706972904807
2376,1777145100000,9451.924690115646
2377,1777145400000,9453.603688071007
2378,1777145700000,9453.972248597795
2379,1777146000000,9458.927340124596
2380,1777146300000,9454.340809124582
2381,1777146600000,9446.059317973146
2382,1777146900000,9446.059317973146
2383,1777147200000,9446.059317973146
2384,1777147500000,9446.059317973146
2385,1777147800000,9446.059317973146
2386,1777148100000,9446.059317973146
2387,1777148400000,9446.059317973146
2388,1777148700000,9446.059317973146
2389,1777149000000,9446.059317973146
2390,1777149300000,9446.059317973146
2391,1777149600000,9446.059317973146
2392,1777149900000,9446.059317973146
2393,1777150200000,9446.059317973146
2394,1777150500000,9446.059317973146
2395,1777150800000,9446.059317973146
2396,1777151100000,9446.059317973146
2397,1777151400000,9446.059317973146
2398,1777151700000,9446.059317973146
2399,1777152000000,9446.059317973146
2400,1777152300000,9446.059317973146
2401,1777152600000,9446.059317973146
2402,1777152900000,9446.059317973146
2403,1777153200000,9446.059317973146
2404,1777153500000,9446.059317973146
2405,1777153800000,9446.059317973146
2406,1777154100000,9446.059317973146
2407,1777154400000,9446.059317973146
2408,1777154700000,9446.059317973146
2409,1777155000000,9446.059317973146
2410,1777155300000,9446.059317973146
2411,1777155600000,9446.059317973146
2412,1777155900000,9446.059317973146
2413,1777156200000,9446.059317973146
2414,1777156500000,9446.059317973146
2415,1777156800000,9446.059317973146
2416,1777157100000,9446.059317973146
2417,1777157400000,9446.059317973146
2418,1777157700000,9446.059317973146
2419,1777158000000,9446.059317973146
2420,1777158300000,9446.059317973146
2421,1777158600000,9446.059317973146
2422,1777158900000,9446.059317973146
2423,1777159200000,9446.059317973146
2424,1777159500000,9446.059317973146
2425,1777159800000,9446.059317973146
2426,1777160100000,9446.059317973146
2427,1777160400000,9446.059317973146
2428,1777160700000,9446.059317973146
2429,1777161000000,9446.059317973146
2430,1777161300000,9446.059317973146
2431,1777161600000,9446.059317973146
2432,1777161900000,9446.059317973146
2433,1777162200000,9446.059317973146
2434,1777162500000,9446.059317973146
2435,1777162800000,9446.059317973146
2436,1777163100000,9446.059317973146
2437,1777163400000,9446.059317973146
2438,1777163700000,9446.059317973146
2439,1777164000000,9442.281649779596
2440,1777164300000,9440.162755552892
2441,1777164600000,9432.802681243114
2442,1777164900000,9432.802681243114
2443,1777165200000,9432.802681243114
2444,1777165500000,9432.802681243114
2445,1777165800000,9432.802681243114
2446,1777166100000,9432.802681243114
2447,1777166400000,9432.802681243114
2448,1777166700000,9432.802681243114
2449,1777167000000,9432.802681243114
2450,1777167300000,9432.802681243114
2451,1777167600000,9432.802681243114
2452,1777167900000,9432.802681243114
2453,1777168200000,9432.802681243114
2454,1777168500000,9432.802681243114
2455,1777168800000,9432.802681243114
2456,1777169100000,9432.802681243114
2457,1777169400000,9432.802681243114
2458,1777169700000,9432.802681243114
2459,1777170000000,9432.802681243114
2460,1777170300000,9432.802681243114
2461,1777170600000,9432.802681243114
2462,1777170900000,9432.802681243114
2463,1777171200000,9432.802681243114
2464,1777171500000,9432.802681243114
2465,1777171800000,9432.802681243114
2466,1777172100000,9432.802681243114
2467,1777172400000,9432.802681243114
2468,1777172700000,9432.802681243114
2469,1777173000000,9432.802681243114
2470,1777173300000,9432.802681243114
2471,1777173600000,9432.802681243114
2472,1777173900000,9432.802681243114
2473,1777174200000,9432.802681243114
2474,1777174500000,9432.802681243114
2475,1777174800000,9432.802681243114
2476,1777175100000,9432.802681243114
2477,1777175400000,9432.802681243114
2478,1777175700000,9432.802681243114
2479,1777176000000,9432.802681243114
2480,1777176300000,9432.802681243114
2481,1777176600000,9432.802681243114
2482,1777176900000,9432.802681243114
2483,1777177200000,9432.802681243114
2484,1777177500000,9432.802681243114
2485,1777177800000,9432.802681243114
2486,1777178100000,9432.802681243114
2487,1777178400000,9432.802681243114
2488,1777178700000,9432.802681243114
2489,1777179000000,9432.802681243114
2490,1777179300000,9432.802681243114
2491,1777179600000,9432.802681243114
2492,1777179900000,9432.802681243114
2493,1777180200000,9432.802681243114
2494,1777180500000,9432.802681243114
2495,1777180800000,9432.802681243114
2496,1777181100000,9432.802681243114
2497,1777181400000,9432.802681243114
2498,1777181700000,9432.802681243114
2499,1777182000000,9432.802681243114
2500,1777182300000,9432.802681243114
2501,1777182600000,9432.802681243114
2502,1777182900000,9432.802681243114
2503,1777183200000,9432.802681243114
2504,1777183500000,9432.802681243114
2505,1777183800000,9432.802681243114
2506,1777184100000,9432.802681243114
2507,1777184400000,9432.802681243114
2508,1777184700000,9432.802681243114
2509,1777185000000,9432.802681243114
2510,1777185300000,9432.802681243114
2511,1777185600000,9432.802681243114
2512,1777185900000,9432.802681243114
2513,1777186200000,9432.802681243114
2514,1777186500000,9432.802681243114
2515,1777186800000,9432.802681243114
2516,1777187100000,9432.802681243114
2517,1777187400000,9432.802681243114
2518,1777187700000,9432.802681243114
2519,1777188000000,9432.802681243114
2520,1777188300000,9432.802681243114
2521,1777188600000,9432.802681243114
2522,1777188900000,9432.802681243114
2523,1777189200000,9432.802681243114
2524,1777189500000,9432.802681243114
2525,1777189800000,9432.802681243114
2526,1777190100000,9432.802681243114
2527,1777190400000,9432.802681243114
2528,1777190700000,9432.802681243114
2529,1777191000000,9432.802681243114
2530,1777191300000,9432.802681243114
2531,1777191600000,9432.802681243114
2532,1777191900000,9432.802681243114
2533,1777192200000,9432.802681243114
2534,1777192500000,9432.802681243114
2535,1777192800000,9432.802681243114
2536,1777193100000,9432.802681243114
2537,1777193400000,9432.802681243114
2538,1777193700000,9432.802681243114
2539,1777194000000,9432.802681243114
2540,1777194300000,9432.802681243114
2541,1777194600000,9432.802681243114
2542,1777194900000,9432.802681243114
2543,1777195200000,9432.802681243114
2544,1777195500000,9432.802681243114
2545,1777195800000,9432.802681243114
2546,1777196100000,9432.802681243114
2547,1777196400000,9432.802681243114
2548,1777196700000,9432.802681243114
2549,1777197000000,9432.802681243114
2550,1777197300000,9432.802681243114
2551,1777197600000,9432.802681243114
2552,1777197900000,9432.802681243114
2553,1777198200000,9432.802681243114
2554,1777198500000,9432.802681243114
2555,1777198800000,9432.802681243114
2556,1777199100000,9432.802681243114
2557,1777199400000,9432.802681243114
2558,1777199700000,9432.802681243114
2559,1777200000000,9432.802681243114
2560,1777200300000,9432.802681243114
2561,1777200600000,9432.802681243114
2562,1777200900000,9429.030314643936
2563,1777201200000,9430.202400968652
2564,1777201500000,9434.041994101344
2565,1777201800000,9433.19324193517
2566,1777202100000,9428.006320800698
2567,1777202400000,9428.006320800698
2568,1777202700000,9428.006320800698
2569,1777203000000,9428.006320800698
2570,1777203300000,9428.006320800698
2571,1777203600000,9428.006320800698
2572,1777203900000,9428.006320800698
2573,1777204200000,9428.006320800698
2574,1777204500000,9428.006320800698
2575,1777204800000,9428.006320800698
2576,1777205100000,9428.006320800698
2577,1777205400000,9428.006320800698
2578,1777205700000,9428.006320800698
2579,1777206000000,9428.006320800698
2580,1777206300000,9428.006320800698
2581,1777206600000,9428.006320800698
2582,1777206900000,9428.006320800698
2583,1777207200000,9428.006320800698
2584,1777207500000,9428.006320800698
2585,1777207800000,9428.006320800698
2586,1777208100000,9428.006320800698
2587,1777208400000,9428.006320800698
2588,1777208700000,9428.006320800698
2589,1777209000000,9428.006320800698
2590,1777209300000,9428.006320800698
2591,1777209600000,9428.006320800698
2592,1777209900000,9428.006320800698
2593,1777210200000,9428.006320800698
2594,1777210500000,9428.006320800698
2595,1777210800000,9428.006320800698
2596,1777211100000,9428.006320800698
2597,1777211400000,9428.006320800698
2598,1777211700000,9428.006320800698
2599,1777212000000,9428.006320800698
2600,1777212300000,9428.006320800698
2601,1777212600000,9428.006320800698
2602,1777212900000,9428.006320800698
2603,1777213200000,9428.006320800698
2604,1777213500000,9428.006320800698
2605,1777213800000,9428.006320800698
2606,1777214100000,9428.006320800698
2607,1777214400000,9428.006320800698
2608,1777214700000,9428.006320800698
2609,1777215000000,9428.006320800698
2610,1777215300000,9428.006320800698
2611,1777215600000,9428.006320800698
2612,1777215900000,9428.006320800698
2613,1777216200000,9428.006320800698
2614,1777216500000,9428.006320800698
2615,1777216800000,9428.006320800698
2616,1777217100000,9428.006320800698
2617,1777217400000,9428.006320800698
2618,1777217700000,9428.006320800698
2619,1777218000000,9428.006320800698
2620,1777218300000,9428.006320800698
2621,1777218600000,9428.006320800698
2622,1777218900000,9428.006320800698
2623,1777219200000,9428.006320800698
2624,1777219500000,9428.006320800698
2625,1777219800000,9428.006320800698
2626,1777220100000,9428.006320800698
2627,1777220400000,9428.006320800698
2628,1777220700000,9428.006320800698
2629,1777221000000,9428.006320800698
2630,1777221300000,9428.006320800698
2631,1777221600000,9428.006320800698
2632,1777221900000,9428.006320800698
2633,1777222200000,9428.006320800698
2634,1777222500000,9428.006320800698
2635,1777222800000,9428.006320800698
2636,1777223100000,9428.006320800698
2637,1777223400000,9424.235872362067
2638,1777223700000,9427.691535346416
2639,1777224000000,9427.169167685992
2640,1777224300000,9428.05317449594
2641,1777224600000,9422.427676614443
2642,1777224900000,9422.990226402593
2643,1777225200000,9431.066834075315
2644,1777225500000,9435.004682592362
2645,1777225800000,9433.718854505163
2646,1777226100000,9440.509634090684
2647,1777226400000,9437.094153234062
2648,1777226700000,9462.248165189902
2649,1777227000000,9492.765456648678
2650,1777227300000,9492.765456648678
2651,1777227600000,9492.765456648678
2652,1777227900000,9492.765456648678
2653,1777228200000,9492.765456648678
2654,1777228500000,9492.765456648678
2655,1777228800000,9492.765456648678
2656,1777229100000,9492.765456648678
2657,1777229400000,9492.765456648678
2658,1777229700000,9492.765456648678
2659,1777230000000,9492.765456648678
2660,1777230300000,9492.765456648678
2661,1777230600000,9492.765456648678
2662,1777230900000,9492.765456648678
2663,1777231200000,9492.765456648678
2664,1777231500000,9492.765456648678
2665,1777231800000,9492.765456648678
2666,1777232100000,9492.765456648678
2667,1777232400000,9492.765456648678
2668,1777232700000,9492.765456648678
2669,1777233000000,9492.765456648678
2670,1777233300000,9492.765456648678
2671,1777233600000,9492.765456648678
2672,1777233900000,9492.765456648678
2673,1777234200000,9492.765456648678
2674,1777234500000,9492.765456648678
2675,1777234800000,9492.765456648678
2676,1777235100000,9492.765456648678
2677,1777235400000,9492.765456648678
2678,1777235700000,9492.765456648678
2679,1777236000000,9492.765456648678
2680,1777236300000,9492.765456648678
2681,1777236600000,9492.765456648678
2682,1777236900000,9492.765456648678
2683,1777237200000,9488.9691097354
2684,1777237500000,9487.485311626811
2685,1777237800000,9489.690957463903
2686,1777238100000,9487.645722233146
2687,1777238400000,9492.49814307475
2688,1777238700000,9482.127319128622
2689,1777239000000,9482.127319128622
2690,1777239300000,9482.127319128622
2691,1777239600000,9482.127319128622
2692,1777239900000,9482.127319128622
2693,1777240200000,9482.127319128622
2694,1777240500000,9478.335226619472
2695,1777240800000,9483.105783696576
2696,1777241100000,9500.103398828436
2697,1777241400000,9503.190229878326
2698,1777241700000,9527.48399112811
2699,1777242000000,9513.653384476007
2700,1777242300000,9489.090654883821
2701,1777242600000,9489.090654883821
2702,1777242900000,9489.090654883821
2703,1777243200000,9489.090654883821
2704,1777243500000,9489.090654883821
2705,1777243800000,9489.090654883821
2706,1777244100000,9489.090654883821
2707,1777244400000,9489.090654883821
2708,1777244700000,9489.090654883821
2709,1777245000000,9489.090654883821
2710,1777245300000,9489.090654883821
2711,1777245600000,9489.090654883821
2712,1777245900000,9489.090654883821
2713,1777246200000,9489.090654883821
2714,1777246500000,9489.090654883821
2715,1777246800000,9489.090654883821
2716,1777247100000,9489.090654883821
2717,1777247400000,9489.090654883821
2718,1777247700000,9489.090654883821
2719,1777248000000,9489.090654883821
2720,1777248300000,9489.090654883821
2721,1777248600000,9489.090654883821
2722,1777248900000,9489.090654883821
2723,1777249200000,9489.090654883821
2724,1777249500000,9489.090654883821
2725,1777249800000,9489.090654883821
2726,1777250100000,9485.295777597326
2727,1777250400000,9498.18716104421
2728,1777250700000,9499.188044852199
2729,1777251000000,9516.403246349591
2730,1777251300000,9571.49189114125
2731,1777251600000,9595.352961123683
2732,1777251900000,9552.376289448508
2733,1777252200000,9552.376289448508
2734,1777252500000,9552.376289448508
2735,1777252800000,9552.376289448508
2736,1777253100000,9552.376289448508
2737,1777253400000,9552.376289448508
2738,1777253700000,9552.376289448508
2739,1777254000000,9552.376289448508
2740,1777254300000,9552.376289448508
2741,1777254600000,9552.376289448508
2742,1777254900000,9552.376289448508
2743,1777255200000,9552.376289448508
2744,1777255500000,9552.376289448508
2745,1777255800000,9552.376289448508
2746,1777256100000,9552.376289448508
2747,1777256400000,9552.376289448508
2748,1777256700000,9552.376289448508
2749,1777257000000,9552.376289448508
2750,1777257300000,9552.376289448508
2751,1777257600000,9552.376289448508
2752,1777257900000,9552.376289448508
2753,1777258200000,9552.376289448508
2754,1777258500000,9552.376289448508
2755,1777258800000,9552.376289448508
2756,1777259100000,9552.376289448508
2757,1777259400000,9552.376289448508
2758,1777259700000,9552.376289448508
2759,1777260000000,9552.376289448508
2760,1777260300000,9552.376289448508
2761,1777260600000,9552.376289448508
2762,1777260900000,9552.376289448508
2763,1777261200000,9552.376289448508
2764,1777261500000,9552.376289448508
2765,1777261800000,9552.376289448508
2766,1777262100000,9552.376289448508
2767,1777262400000,9552.376289448508
2768,1777262700000,9552.376289448508
2769,1777263000000,9552.376289448508
2770,1777263300000,9552.376289448508
2771,1777263600000,9552.376289448508
2772,1777263900000,9552.376289448508
2773,1777264200000,9552.376289448508
2774,1777264500000,9552.376289448508
2775,1777264800000,9552.376289448508
2776,1777265100000,9552.376289448508
2777,1777265400000,9552.376289448508
2778,1777265700000,9552.376289448508
2779,1777266000000,9552.376289448508
2780,1777266300000,9552.376289448508
2781,1777266600000,9552.376289448508
2782,1777266900000,9552.376289448508
2783,1777267200000,9552.376289448508
2784,1777267500000,9552.376289448508
2785,1777267800000,9552.376289448508
2786,1777268100000,9552.376289448508
2787,1777268400000,9552.376289448508
2788,1777268700000,9552.376289448508
2789,1777269000000,9552.376289448508
2790,1777269300000,9552.376289448508
2791,1777269600000,9552.376289448508
2792,1777269900000,9552.376289448508
2793,1777270200000,9552.376289448508
2794,1777270500000,9552.376289448508
2795,1777270800000,9552.376289448508
2796,1777271100000,9552.376289448508
2797,1777271400000,9552.376289448508
2798,1777271700000,9552.376289448508
2799,1777272000000,9552.376289448508
2800,1777272300000,9552.376289448508
2801,1777272600000,9552.376289448508
2802,1777272900000,9552.376289448508
2803,1777273200000,9552.376289448508
2804,1777273500000,9552.376289448508
2805,1777273800000,9552.376289448508
2806,1777274100000,9552.376289448508
2807,1777274400000,9552.376289448508
2808,1777274700000,9552.376289448508
2809,1777275000000,9552.376289448508
2810,1777275300000,9552.376289448508
2811,1777275600000,9552.376289448508
2812,1777275900000,9552.376289448508
2813,1777276200000,9552.376289448508
2814,1777276500000,9552.376289448508
2815,1777276800000,9552.376289448508
2816,1777277100000,9552.376289448508
2817,1777277400000,9552.376289448508
2818,1777277700000,9552.376289448508
2819,1777278000000,9552.376289448508
2820,1777278300000,9552.376289448508
2821,1777278600000,9552.376289448508
2822,1777278900000,9552.376289448508
2823,1777279200000,9552.376289448508
2824,1777279500000,9552.376289448508
2825,1777279800000,9552.376289448508
2826,1777280100000,9552.376289448508
2827,1777280400000,9552.376289448508
2828,1777280700000,9552.376289448508
2829,1777281000000,9552.376289448508
2830,1777281300000,9552.376289448508
2831,1777281600000,9552.376289448508
2832,1777281900000,9552.376289448508
2833,1777282200000,9552.376289448508
2834,1777282500000,9552.376289448508
2835,1777282800000,9552.376289448508
2836,1777283100000,9552.376289448508
2837,1777283400000,9552.376289448508
2838,1777283700000,9552.376289448508
2839,1777284000000,9552.376289448508
2840,1777284300000,9552.376289448508
2841,1777284600000,9552.376289448508
2842,1777284900000,9552.376289448508
2843,1777285200000,9548.555338932729
2844,1777285500000,9547.443529745547
2845,1777285800000,9546.825857974889
2846,1777286100000,9545.919939377925
2847,1777286400000,9549.667148119912
2848,1777286700000,9546.990570447064
2849,1777287000000,9542.996292996815
2850,1777287300000,9547.031748565109
2851,1777287600000,9552.261369556672
2852,1777287900000,9557.696881138454
2853,1777288200000,9553.86731616038
2854,1777288500000,9543.719665623177
2855,1777288800000,9543.719665623177
2856,1777289100000,9543.719665623177
2857,1777289400000,9543.719665623177
2858,1777289700000,9543.719665623177
2859,1777290000000,9543.719665623177
2860,1777290300000,9543.719665623177
2861,1777290600000,9543.719665623177
2862,1777290900000,9543.719665623177
2863,1777291200000,9543.719665623177
2864,1777291500000,9543.719665623177
2865,1777291800000,9543.719665623177
2866,1777292100000,9543.719665623177
2867,1777292400000,9543.719665623177
2868,1777292700000,9543.719665623177
2869,1777293000000,9543.719665623177
2870,1777293300000,9543.719665623177
2871,1777293600000,9543.719665623177
2872,1777293900000,9543.719665623177
2873,1777294200000,9543.719665623177
2874,1777294500000,9543.719665623177
2875,1777294800000,9543.719665623177
2876,1777295100000,9543.719665623177
2877,1777295400000,9543.719665623177
2878,1777295700000,9543.719665623177
2879,1777296000000,9543.719665623177
