step,timestamp,equity
0,1776432300000,10000.0
1,1776432600000,10000.0
2,1776432900000,10000.0
3,1776433200000,10000.0
4,1776433500000,10000.0
5,1776433800000,10000.0
6,1776434100000,10000.0
7,1776434400000,10000.0
8,1776434700000,10000.0
9,1776435000000,10000.0
10,1776435300000,10000.0
11,1776435600000,10000.0
12,1776435900000,10000.0
13,1776436200000,10000.0
14,1776436500000,10000.0
15,1776436800000,10000.0
16,1776437100000,10000.0
17,1776437400000,10000.0
18,1776437700000,10000.0
19,1776438000000,10000.0
20,1776438300000,10000.0
21,1776438600000,10000.0
22,1776438900000,10000.0
23,1776439200000,10000.0
24,1776439500000,10000.0
25,1776439800000,10000.0
26,1776440100000,10000.0
27,1776440400000,10000.0
28,1776440700000,10000.0
29,1776441000000,10000.0
30,1776441300000,10000.0
31,1776441600000,10000.0
32,1776441900000,10000.0
33,1776442200000,10000.0
34,1776442500000,10000.0
35,1776442800000,10000.0
36,1776443100000,10000.0
37,1776443400000,10000.0
38,1776443700000,10000.0
39,1776444000000,10000.0
40,1776444300000,10000.0
41,1776444600000,10000.0
42,1776444900000,10000.0
43,1776445200000,10000.0
44,1776445500000,10000.0
45,1776445800000,10000.0
46,1776446100000,10000.0
47,1776446400000,10000.0
48,1776446700000,10000.0
49,1776447000000,10000.0
50,1776447300000,10000.0
51,1776447600000,10000.0
52,1776447900000,10000.0
53,1776448200000,10000.0
54,1776448500000,10000.0
55,1776448800000,10000.0
56,1776449100000,10000.0
57,1776449400000,10000.0
58,1776449700000,10000.0
59,1776450000000,10000.0
60,1776450300000,10000.0
61,1776450600000,10000.0
62,1776450900000,10000.0
63,1776451200000,10000.0
64,1776451500000,10000.0
65,1776451800000,10000.0
66,1776452100000,10000.0
67,1776452400000,10000.0
68,1776452700000,10000.0
69,1776453000000,10000.0
70,1776453300000,10000.0
71,1776453600000,10000.0
72,1776453900000,10000.0
73,1776454200000,10000.0
74,1776454500000,10000.0
75,1776454800000,10000.0
76,1776455100000,10000.0
77,1776455400000,10000.0
78,1776455700000,10000.0
79,1776456000000,10000.0
80,1776456300000,10000.0
81,1776456600000,10000.0
82,1776456900000,10000.0
83,1776457200000,10000.0
84,1776457500000,10000.0
85,1776457800000,10000.0
86,1776458100000,10000.0
87,1776458400000,10000.0
88,1776458700000,10000.0
89,1776459000000,10000.0
90,1776459300000,10000.0
91,1776459600000,10000.0
92,1776459900000,10000.0
93,1776460200000,10000.0
94,1776460500000,10000.0
95,1776460800000,10000.0
96,1776461100000,10000.0
97,1776461400000,10000.0
98,1776461700000,10000.0
99,1776462000000,10000.0
100,1776462300000,10000.0
101,1776462600000,10000.0
102,1776462900000,10000.0
103,1776463200000,10000.0
104,1776463500000,10000.0
105,1776463800000,10000.0
106,1776464100000,10000.0
107,1776464400000,10000.0
108,1776464700000,10000.0
109,1776465000000,10000.0
110,1776465300000,9996.0
111,1776465600000,10002.080574572741
112,1776465900000,10002.080574572741
113,1776466200000,10002.080574572741
114,1776466500000,10002.080574572741
115,1776466800000,10002.080574572741
116,1776467100000,10002.080574572741
117,1776467400000,10002.080574572741
118,1776467700000,10002.080574572741
119,1776468000000,9998.080542349358
120,1776468300000,10000.234887532413
121,1776468600000,10000.234887532413
122,1776468900000,10000.234887532413
123,1776469200000,10000.234887532413
124,1776469500000,10000.234887532413
125,1776469800000,10000.234887532413
126,1776470100000,10000.234887532413
127,1776470400000,10000.234887532413
128,1776470700000,10000.234887532413
129,1776471000000,10000.234887532413
130,1776471300000,10000.234887532413
131,1776471600000,10000.234887532413
132,1776471900000,10000.234887532413
133,1776472200000,10000.234887532413
134,1776472500000,10000.234887532413
135,1776472800000,10000.234887532413
136,1776473100000,10000.234887532413
137,1776473400000,10000.234887532413
138,1776473700000,10000.234887532413
139,1776474000000,10000.234887532413
140,1776474300000,10000.234887532413
141,1776474600000,10000.234887532413
142,1776474900000,10000.234887532413
143,1776475200000,10000.234887532413
144,1776475500000,10000.234887532413
145,1776475800000,10000.234887532413
146,1776476100000,10000.234887532413
147,1776476400000,10000.234887532413
148,1776476700000,10000.234887532413
149,1776477000000,10000.234887532413
150,1776477300000,10000.234887532413
151,1776477600000,10000.234887532413
152,1776477900000,10000.234887532413
153,1776478200000,10000.234887532413
154,1776478500000,10000.234887532413
155,1776478800000,10000.234887532413
156,1776479100000,10000.234887532413
157,1776479400000,10000.234887532413
158,1776479700000,10000.234887532413
159,1776480000000,10000.234887532413
160,1776480300000,10000.234887532413
161,1776480600000,10000.234887532413
162,1776480900000,10000.234887532413
163,1776481200000,10000.234887532413
164,1776481500000,10000.234887532413
165,1776481800000,10000.234887532413
166,1776482100000,10000.234887532413
167,1776482400000,10000.234887532413
168,1776482700000,10000.234887532413
169,1776483000000,10000.234887532413
170,1776483300000,10000.234887532413
171,1776483600000,10000.234887532413
172,1776483900000,10000.234887532413
173,1776484200000,10000.234887532413
174,1776484500000,10000.234887532413
175,1776484800000,10000.234887532413
176,1776485100000,10000.234887532413
177,1776485400000,10000.234887532413
178,1776485700000,10000.234887532413
179,1776486000000,10000.234887532413
180,1776486300000,10000.234887532413
181,1776486600000,10000.234887532413
182,1776486900000,10000.234887532413
183,1776487200000,10000.234887532413
184,1776487500000,10000.234887532413
185,1776487800000,10000.234887532413
186,1776488100000,10000.234887532413
187,1776488400000,10000.234887532413
188,1776488700000,10000.234887532413
189,1776489000000,10000.234887532413
190,1776489300000,10000.234887532413
191,1776489600000,10000.234887532413
192,1776489900000,10000.234887532413
193,1776490200000,10000.234887532413
194,1776490500000,10000.234887532413
195,1776490800000,10000.234887532413
196,1776491100000,10000.234887532413
197,1776491400000,10000.234887532413
198,1776491700000,10000.234887532413
199,1776492000000,10000.234887532413
200,1776492300000,10000.234887532413
201,1776492600000,10000.234887532413
202,1776492900000,10000.234887532413
203,1776493200000,10000.234887532413
204,1776493500000,10000.234887532413
205,1776493800000,10000.234887532413
206,1776494100000,10000.234887532413
207,1776494400000,10000.234887532413
208,1776494700000,10000.234887532413
209,1776495000000,10000.234887532413
210,1776495300000,10000.234887532413
211,1776495600000,10000.234887532413
212,1776495900000,10000.234887532413
213,1776496200000,10000.234887532413
214,1776496500000,10000.234887532413
215,1776496800000,10000.234887532413
216,1776497100000,10000.234887532413
217,1776497400000,10000.234887532413
218,1776497700000,10000.234887532413
219,1776498000000,10000.234887532413
220,1776498300000,10000.234887532413
221,1776498600000,10000.234887532413
222,1776498900000,10000.234887532413
223,1776499200000,10000.234887532413
224,1776499500000,10000.234887532413
225,1776499800000,10000.234887532413
226,1776500100000,10000.234887532413
227,1776500400000,10000.234887532413
228,1776500700000,10000.234887532413
229,1776501000000,10000.234887532413
230,1776501300000,10000.234887532413
231,1776501600000,10000.234887532413
232,1776501900000,10000.234887532413
233,1776502200000,10000.234887532413
234,1776502500000,10000.234887532413
235,1776502800000,10000.234887532413
236,1776503100000,10000.234887532413
237,1776503400000,10000.234887532413
238,1776503700000,10000.234887532413
239,1776504000000,10000.234887532413
240,1776504300000,10000.234887532413
241,1776504600000,10000.234887532413
242,1776504900000,10000.234887532413
243,1776505200000,10000.234887532413
244,1776505500000,10000.234887532413
245,1776505800000,10000.234887532413
246,1776506100000,10000.234887532413
247,1776506400000,10000.234887532413
248,1776506700000,10000.234887532413
249,1776507000000,10000.234887532413
250,1776507300000,10000.234887532413
251,1776507600000,10000.234887532413
252,1776507900000,10000.234887532413
253,1776508200000,10000.234887532413
254,1776508500000,10000.234887532413
255,1776508800000,10000.234887532413
256,1776509100000,10000.234887532413
257,1776509400000,10000.234887532413
258,1776509700000,10000.234887532413
259,1776510000000,10000.234887532413
260,1776510300000,10000.234887532413
261,1776510600000,10000.234887532413
262,1776510900000,10000.234887532413
263,1776511200000,10000.234887532413
264,1776511500000,10000.234887532413
265,1776511800000,10000.234887532413
266,1776512100000,10000.234887532413
267,1776512400000,10000.234887532413
268,1776512700000,10000.234887532413
269,1776513000000,10000.234887532413
270,1776513300000,10000.234887532413
271,1776513600000,10000.234887532413
272,1776513900000,10000.234887532413
273,1776514200000,10000.234887532413
274,1776514500000,10000.234887532413
275,1776514800000,10000.234887532413
276,1776515100000,10000.234887532413
277,1776515400000,10000.234887532413
278,1776515700000,10000.234887532413
279,1776516000000,10000.234887532413
280,1776516300000,10000.234887532413
281,1776516600000,10000.234887532413
282,1776516900000,10000.234887532413
283,1776517200000,10000.234887532413
284,1776517500000,10000.234887532413
285,1776517800000,10000.234887532413
286,1776518100000,10000.234887532413
287,1776518400000,10000.234887532413
288,1776518700000,10000.234887532413
289,1776519000000,10000.234887532413
290,1776519300000,10000.234887532413
291,1776519600000,10000.234887532413
292,1776519900000,10000.234887532413
293,1776520200000,10000.234887532413
294,1776520500000,10000.234887532413
295,1776520800000,10000.234887532413
296,1776521100000,10000.234887532413
297,1776521400000,10000.234887532413
298,1776521700000,10000.234887532413
299,1776522000000,10000.234887532413
300,1776522300000,10000.234887532413
301,1776522600000,10000.234887532413
302,1776522900000,10000.234887532413
303,1776523200000,10000.234887532413
304,1776523500000,10000.234887532413
305,1776523800000,10000.234887532413
306,1776524100000,10000.234887532413
307,1776524400000,9996.234793577401
308,1776524700000,10002.653959963634
309,1776525000000,10002.653959963634
310,1776525300000,10002.653959963634
311,1776525600000,10002.653959963634
312,1776525900000,10002.653959963634
313,1776526200000,10002.653959963634
314,1776526500000,10002.653959963634
315,1776526800000,10002.653959963634
316,1776527100000,10002.653959963634
317,1776527400000,10002.653959963634
318,1776527700000,10002.653959963634
319,1776528000000,10002.653959963634
320,1776528300000,10002.653959963634
321,1776528600000,10002.653959963634
322,1776528900000,10002.653959963634
323,1776529200000,10002.653959963634
324,1776529500000,10002.653959963634
325,1776529800000,10002.653959963634
326,1776530100000,10002.653959963634
327,1776530400000,10002.653959963634
328,1776530700000,10002.653959963634
329,1776531000000,10002.653959963634
330,1776531300000,10002.653959963634
331,1776531600000,10002.653959963634
332,1776531900000,10002.653959963634
333,1776532200000,10002.653959963634
334,1776532500000,10002.653959963634
335,1776532800000,10002.653959963634
336,1776533100000,10002.653959963634
337,1776533400000,10002.653959963634
338,1776533700000,10002.653959963634
339,1776534000000,10002.653959963634
340,1776534300000,10002.653959963634
341,1776534600000,10002.653959963634
342,1776534900000,10002.653959963634
343,1776535200000,10002.653959963634
344,1776535500000,10002.653959963634
345,1776535800000,10002.653959963634
346,1776536100000,10002.653959963634
347,1776536400000,10002.653959963634
348,1776536700000,10002.653959963634
349,1776537000000,10002.653959963634
350,1776537300000,10002.653959963634
351,1776537600000,10002.653959963634
352,1776537900000,10002.653959963634
353,1776538200000,10002.653959963634
354,1776538500000,10002.653959963634
355,1776538800000,10002.653959963634
356,1776539100000,10002.653959963634
357,1776539400000,10002.653959963634
358,1776539700000,10002.653959963634
359,1776540000000,10002.653959963634
360,1776540300000,10002.653959963634
361,1776540600000,10002.653959963634
362,1776540900000,10002.653959963634
363,1776541200000,10002.653959963634
364,1776541500000,10002.653959963634
365,1776541800000,10002.653959963634
366,1776542100000,10002.653959963634
367,1776542400000,10002.653959963634
368,1776542700000,10002.653959963634
369,1776543000000,10002.653959963634
370,1776543300000,10002.653959963634
371,1776543600000,10002.653959963634
372,1776543900000,10002.653959963634
373,1776544200000,10002.653959963634
374,1776544500000,10002.653959963634
375,1776544800000,10002.653959963634
376,1776545100000,10002.653959963634
377,1776545400000,10002.653959963634
378,1776545700000,10002.653959963634
379,1776546000000,10002.653959963634
380,1776546300000,10002.653959963634
381,1776546600000,10002.653959963634
382,1776546900000,10002.653959963634
383,1776547200000,10002.653959963634
384,1776547500000,10002.653959963634
385,1776547800000,10002.653959963634
386,1776548100000,10002.653959963634
387,1776548400000,10002.653959963634
388,1776548700000,10002.653959963634
389,1776549000000,10002.653959963634
390,1776549300000,10002.653959963634
391,1776549600000,10002.653959963634
392,1776549900000,10002.653959963634
393,1776550200000,10002.653959963634
394,1776550500000,10002.653959963634
395,1776550800000,10002.653959963634
396,1776551100000,10002.653959963634
397,1776551400000,10002.653959963634
398,1776551700000,10002.653959963634
399,1776552000000,10002.653959963634
400,1776552300000,10002.653959963634
401,1776552600000,10002.653959963634
402,1776552900000,10002.653959963634
403,1776553200000,10002.653959963634
404,1776553500000,10002.653959963634
405,1776553800000,10002.653959963634
406,1776554100000,10002.653959963634
407,1776554400000,10002.653959963634
408,1776554700000,10002.653959963634
409,1776555000000,10002.653959963634
410,1776555300000,10002.653959963634
411,1776555600000,10002.653959963634
412,1776555900000,10002.653959963634
413,1776556200000,10002.653959963634
414,1776556500000,10002.653959963634
415,1776556800000,10002.653959963634
416,1776557100000,10002.653959963634
417,1776557400000,10002.653959963634
418,1776557700000,10002.653959963634
419,1776558000000,10002.653959963634
420,1776558300000,10002.653959963634
421,1776558600000,10002.653959963634
422,1776558900000,10002.653959963634
423,1776559200000,10002.653959963634
424,1776559500000,10002.653959963634
425,1776559800000,10002.653959963634
426,1776560100000,10002.653959963634
427,1776560400000,10002.653959963634
428,1776560700000,10002.653959963634
429,1776561000000,10002.653959963634
430,1776561300000,10002.653959963634
431,1776561600000,10002.653959963634
432,1776561900000,10002.653959963634
433,1776562200000,10002.653959963634
434,1776562500000,10002.653959963634
435,1776562800000,9998.653698431955
436,1776563100000,10003.989141715525
437,1776563400000,10003.989141715525
438,1776563700000,10003.989141715525
439,1776564000000,10003.989141715525
440,1776564300000,10003.989141715525
441,1776564600000,10003.989141715525
442,1776564900000,10003.989141715525
443,1776565200000,10003.989141715525
444,1776565500000,10003.989141715525
445,1776565800000,10003.989141715525
446,1776566100000,9999.988346217939
447,1776566400000,10017.82291668732
448,1776566700000,10017.82291668732
449,1776567000000,10017.82291668732
450,1776567300000,10017.82291668732
451,1776567600000,10017.82291668732
452,1776567900000,10017.82291668732
453,1776568200000,10017.82291668732
454,1776568500000,10017.82291668732
455,1776568800000,10017.82291668732
456,1776569100000,10017.82291668732
457,1776569400000,10017.82291668732
458,1776569700000,10017.82291668732
459,1776570000000,10017.82291668732
460,1776570300000,10017.82291668732
461,1776570600000,10017.82291668732
462,1776570900000,10017.82291668732
463,1776571200000,10017.82291668732
464,1776571500000,10017.82291668732
465,1776571800000,10017.82291668732
466,1776572100000,10017.82291668732
467,1776572400000,10017.82291668732
468,1776572700000,10017.82291668732
469,1776573000000,10017.82291668732
470,1776573300000,10017.82291668732
471,1776573600000,10017.82291668732
472,1776573900000,10017.82291668732
473,1776574200000,10017.82291668732
474,1776574500000,10017.82291668732
475,1776574800000,10017.82291668732
476,1776575100000,10017.82291668732
477,1776575400000,10017.82291668732
478,1776575700000,10017.82291668732
479,1776576000000,10017.82291668732
480,1776576300000,10017.82291668732
481,1776576600000,10017.82291668732
482,1776576900000,10017.82291668732
483,1776577200000,10017.82291668732
484,1776577500000,10017.82291668732
485,1776577800000,10017.82291668732
486,1776578100000,10017.82291668732
487,1776578400000,10017.82291668732
488,1776578700000,10017.82291668732
489,1776579000000,10017.82291668732
490,1776579300000,10017.82291668732
491,1776579600000,10017.82291668732
492,1776579900000,10017.82291668732
493,1776580200000,10017.82291668732
494,1776580500000,10017.82291668732
495,1776580800000,10017.82291668732
496,1776581100000,10017.82291668732
497,1776581400000,10017.82291668732
498,1776581700000,10017.82291668732
499,1776582000000,10017.82291668732
500,1776582300000,10017.82291668732
501,1776582600000,10017.82291668732
502,1776582900000,10017.82291668732
503,1776583200000,10017.82291668732
504,1776583500000,10017.82291668732
505,1776583800000,10017.82291668732
506,1776584100000,10017.82291668732
507,1776584400000,10017.82291668732
508,1776584700000,10017.82291668732
509,1776585000000,10017.82291668732
510,1776585300000,10017.82291668732
511,1776585600000,10017.82291668732
512,1776585900000,10017.82291668732
513,1776586200000,10017.82291668732
514,1776586500000,10017.82291668732
515,1776586800000,10017.82291668732
516,1776587100000,10017.82291668732
517,1776587400000,10017.82291668732
518,1776587700000,10017.82291668732
519,1776588000000,10017.82291668732
520,1776588300000,10017.82291668732
521,1776588600000,10017.82291668732
522,1776588900000,10017.82291668732
523,1776589200000,10017.82291668732
524,1776589500000,10017.82291668732
525,1776589800000,10017.82291668732
526,1776590100000,10017.82291668732
527,1776590400000,10017.82291668732
528,1776590700000,10017.82291668732
529,1776591000000,10017.82291668732
530,1776591300000,10017.82291668732
531,1776591600000,10017.82291668732
532,1776591900000,10017.82291668732
533,1776592200000,10017.82291668732
534,1776592500000,10017.82291668732
535,1776592800000,10017.82291668732
536,1776593100000,10017.82291668732
537,1776593400000,10017.82291668732
538,1776593700000,10017.82291668732
539,1776594000000,10017.82291668732
540,1776594300000,10017.82291668732
541,1776594600000,10017.82291668732
542,1776594900000,10017.82291668732
543,1776595200000,10017.82291668732
544,1776595500000,10017.82291668732
545,1776595800000,10017.82291668732
546,1776596100000,10017.82291668732
547,1776596400000,10017.82291668732
548,1776596700000,10017.82291668732
549,1776597000000,10017.82291668732
550,1776597300000,10017.82291668732
551,1776597600000,10017.82291668732
552,1776597900000,10017.82291668732
553,1776598200000,10017.82291668732
554,1776598500000,10017.82291668732
555,1776598800000,10017.82291668732
556,1776599100000,10017.82291668732
557,1776599400000,10017.82291668732
558,1776599700000,10017.82291668732
559,1776600000000,10017.82291668732
560,1776600300000,10017.82291668732
561,1776600600000,10017.82291668732
562,1776600900000,10017.82291668732
563,1776601200000,10017.82291668732
564,1776601500000,10017.82291668732
565,1776601800000,10017.82291668732
566,1776602100000,10017.82291668732
567,1776602400000,10017.82291668732
568,1776602700000,10017.82291668732
569,1776603000000,10017.82291668732
570,1776603300000,10017.82291668732
571,1776603600000,10017.82291668732
572,1776603900000,10017.82291668732
573,1776604200000,10017.82291668732
574,1776604500000,10017.82291668732
575,1776604800000,10017.82291668732
576,1776605100000,10017.82291668732
577,1776605400000,10017.82291668732
578,1776605700000,10017.82291668732
579,1776606000000,10017.82291668732
580,1776606300000,10017.82291668732
581,1776606600000,10017.82291668732
582,1776606900000,10017.82291668732
583,1776607200000,10017.82291668732
584,1776607500000,10017.82291668732
585,1776607800000,10017.82291668732
586,1776608100000,10017.82291668732
587,1776608400000,10017.82291668732
588,1776608700000,10017.82291668732
589,1776609000000,10017.82291668732
590,1776609300000,10017.82291668732
591,1776609600000,10017.82291668732
592,1776609900000,10017.82291668732
593,1776610200000,10017.82291668732
594,1776610500000,10017.82291668732
595,1776610800000,10017.82291668732
596,1776611100000,10017.82291668732
597,1776611400000,10017.82291668732
598,1776611700000,10017.82291668732
599,1776612000000,10017.82291668732
600,1776612300000,10017.82291668732
601,1776612600000,10017.82291668732
602,1776612900000,10017.82291668732
603,1776613200000,10013.816588786227
604,1776613500000,10031.947574438553
605,1776613800000,10034.531562892567
606,1776614100000,10033.919042348629
607,1776614400000,10033.919042348629
608,1776614700000,10033.919042348629
609,1776615000000,10033.919042348629
610,1776615300000,10033.919042348629
611,1776615600000,10033.919042348629
612,1776615900000,10033.919042348629
613,1776616200000,10033.919042348629
614,1776616500000,10033.919042348629
615,1776616800000,10033.919042348629
616,1776617100000,10033.919042348629
617,1776617400000,10033.919042348629
618,1776617700000,10033.919042348629
619,1776618000000,10033.919042348629
620,1776618300000,10033.919042348629
621,1776618600000,10033.919042348629
622,1776618900000,10033.919042348629
623,1776619200000,10033.919042348629
624,1776619500000,10033.919042348629
625,1776619800000,10033.919042348629
626,1776620100000,10033.919042348629
627,1776620400000,10033.919042348629
628,1776620700000,10033.919042348629
629,1776621000000,10033.919042348629
630,1776621300000,10033.919042348629
631,1776621600000,10033.919042348629
632,1776621900000,10033.919042348629
633,1776622200000,10033.919042348629
634,1776622500000,10033.919042348629
635,1776622800000,10033.919042348629
636,1776623100000,10033.919042348629
637,1776623400000,10033.919042348629
638,1776623700000,10033.919042348629
639,1776624000000,10033.919042348629
640,1776624300000,10033.919042348629
641,1776624600000,10033.919042348629
642,1776624900000,10033.919042348629
643,1776625200000,10033.919042348629
644,1776625500000,10033.919042348629
645,1776625800000,10033.919042348629
646,1776626100000,10033.919042348629
647,1776626400000,10033.919042348629
648,1776626700000,10033.919042348629
649,1776627000000,10033.919042348629
650,1776627300000,10033.919042348629
651,1776627600000,10033.919042348629
652,1776627900000,10033.919042348629
653,1776628200000,10033.919042348629
654,1776628500000,10033.919042348629
655,1776628800000,10033.919042348629
656,1776629100000,10033.919042348629
657,1776629400000,10033.919042348629
658,1776629700000,10033.919042348629
659,1776630000000,10033.919042348629
660,1776630300000,10033.919042348629
661,1776630600000,10033.919042348629
662,1776630900000,10033.919042348629
663,1776631200000,10033.919042348629
664,1776631500000,10033.919042348629
665,1776631800000,10033.919042348629
666,1776632100000,10033.919042348629
667,1776632400000,10033.919042348629
668,1776632700000,10033.919042348629
669,1776633000000,10033.919042348629
670,1776633300000,10033.919042348629
671,1776633600000,10033.919042348629
672,1776633900000,10033.919042348629
673,1776634200000,10033.919042348629
674,1776634500000,10033.919042348629
675,1776634800000,10033.919042348629
676,1776635100000,10033.919042348629
677,1776635400000,10033.919042348629
678,1776635700000,10033.919042348629
679,1776636000000,10033.919042348629
680,1776636300000,10033.919042348629
681,1776636600000,10033.919042348629
682,1776636900000,10033.919042348629
683,1776637200000,10033.919042348629
684,1776637500000,10033.919042348629
685,1776637800000,10033.919042348629
686,1776638100000,10033.919042348629
687,1776638400000,10033.919042348629
688,1776638700000,10033.919042348629
689,1776639000000,10033.919042348629
690,1776639300000,10033.919042348629
691,1776639600000,10033.919042348629
692,1776639900000,10033.919042348629
693,1776640200000,10033.919042348629
694,1776640500000,10033.919042348629
695,1776640800000,10033.919042348629
696,1776641100000,10033.919042348629
697,1776641400000,10033.919042348629
698,1776641700000,10033.919042348629
699,1776642000000,10033.919042348629
700,1776642300000,10033.919042348629
701,1776642600000,10033.919042348629
702,1776642900000,10033.919042348629
703,1776643200000,10033.919042348629
704,1776643500000,10033.919042348629
705,1776643800000,10033.919042348629
706,1776644100000,10033.919042348629
707,1776644400000,10033.919042348629
708,1776644700000,10033.919042348629
709,1776645000000,10033.919042348629
710,1776645300000,10033.919042348629
711,1776645600000,10033.919042348629
712,1776645900000,10033.919042348629
713,1776646200000,10033.919042348629
714,1776646500000,10033.919042348629
715,1776646800000,10033.919042348629
716,1776647100000,10033.919042348629
717,1776647400000,10033.919042348629
718,1776647700000,10033.919042348629
719,1776648000000,10033.919042348629
720,1776648300000,10033.919042348629
721,1776648600000,10033.919042348629
722,1776648900000,10033.919042348629
723,1776649200000,10033.919042348629
724,1776649500000,10033.919042348629
725,1776649800000,10033.919042348629
726,1776650100000,10033.919042348629
727,1776650400000,10033.919042348629
728,1776650700000,10033.919042348629
729,1776651000000,10033.919042348629
730,1776651300000,10033.919042348629
731,1776651600000,10033.919042348629
732,1776651900000,10033.919042348629
733,1776652200000,10033.919042348629
734,1776652500000,10033.919042348629
735,1776652800000,10033.919042348629
736,1776653100000,10033.919042348629
737,1776653400000,10033.919042348629
738,1776653700000,10033.919042348629
739,1776654000000,10033.919042348629
740,1776654300000,10033.919042348629
741,1776654600000,10033.919042348629
742,1776654900000,10033.919042348629
743,1776655200000,10033.919042348629
744,1776655500000,10033.919042348629
745,1776655800000,10033.919042348629
746,1776656100000,10033.919042348629
747,1776656400000,10033.919042348629
748,1776656700000,10033.919042348629
749,1776657000000,10033.919042348629
750,1776657300000,10033.919042348629
751,1776657600000,10033.919042348629
752,1776657900000,10033.919042348629
753,1776658200000,10033.919042348629
754,1776658500000,10033.919042348629
755,1776658800000,10033.919042348629
756,1776659100000,10033.919042348629
757,1776659400000,10033.919042348629
758,1776659700000,10033.919042348629
759,1776660000000,10033.919042348629
760,1776660300000,10033.919042348629
761,1776660600000,10033.919042348629
762,1776660900000,10033.919042348629
763,1776661200000,10033.919042348629
764,1776661500000,10033.919042348629
765,1776661800000,10033.919042348629
766,1776662100000,10033.919042348629
767,1776662400000,10033.919042348629
768,1776662700000,10033.919042348629
769,1776663000000,10033.919042348629
770,1776663300000,10033.919042348629
771,1776663600000,10033.919042348629
772,1776663900000,10033.919042348629
773,1776664200000,10033.919042348629
774,1776664500000,10033.919042348629
775,1776664800000,10033.919042348629
776,1776665100000,10033.919042348629
777,1776665400000,10033.919042348629
778,1776665700000,10033.919042348629
779,1776666000000,10033.919042348629
780,1776666300000,10033.919042348629
781,1776666600000,10033.919042348629
782,1776666900000,10033.919042348629
783,1776667200000,10033.919042348629
784,1776667500000,10033.919042348629
785,1776667800000,10033.919042348629
786,1776668100000,10033.919042348629
787,1776668400000,10033.919042348629
788,1776668700000,10033.919042348629
789,1776669000000,10033.919042348629
790,1776669300000,10033.919042348629
791,1776669600000,10033.919042348629
792,1776669900000,10033.919042348629
793,1776670200000,10033.919042348629
794,1776670500000,10033.919042348629
795,1776670800000,10033.919042348629
796,1776671100000,10033.919042348629
797,1776671400000,10033.919042348629
798,1776671700000,10033.919042348629
799,1776672000000,10033.919042348629
800,1776672300000,10033.919042348629
801,1776672600000,10033.919042348629
802,1776672900000,10033.919042348629
803,1776673200000,10033.919042348629
804,1776673500000,10033.919042348629
805,1776673800000,10033.919042348629
806,1776674100000,10033.919042348629
807,1776674400000,10033.919042348629
808,1776674700000,10033.919042348629
809,1776675000000,10033.919042348629
810,1776675300000,10033.919042348629
811,1776675600000,10033.919042348629
812,1776675900000,10033.919042348629
813,1776676200000,10033.919042348629
814,1776676500000,10033.919042348629
815,1776676800000,10033.919042348629
816,1776677100000,10033.919042348629
817,1776677400000,10033.919042348629
818,1776677700000,10033.919042348629
819,1776678000000,10033.919042348629
820,1776678300000,10033.919042348629
821,1776678600000,10033.919042348629
822,1776678900000,10033.919042348629
823,1776679200000,10033.919042348629
824,1776679500000,10033.919042348629
825,1776679800000,10033.919042348629
826,1776680100000,10033.919042348629
827,1776680400000,10033.919042348629
828,1776680700000,10033.919042348629
829,1776681000000,10033.919042348629
830,1776681300000,10033.919042348629
831,1776681600000,10033.919042348629
832,1776681900000,10033.919042348629
833,1776682200000,10033.919042348629
834,1776682500000,10033.919042348629
835,1776682800000,10033.919042348629
836,1776683100000,10033.919042348629
837,1776683400000,10033.919042348629
838,1776683700000,10033.919042348629
839,1776684000000,10033.919042348629
840,1776684300000,10033.919042348629
841,1776684600000,10033.919042348629
842,1776684900000,10033.919042348629
843,1776685200000,10033.919042348629
844,1776685500000,10033.919042348629
845,1776685800000,10033.919042348629
846,1776686100000,10033.919042348629
847,1776686400000,10033.919042348629
848,1776686700000,10033.919042348629
849,1776687000000,10033.919042348629
850,1776687300000,10033.919042348629
851,1776687600000,10033.919042348629
852,1776687900000,10029.905474731691
853,1776688200000,10028.851971231034
854,1776688500000,10028.851971231034
855,1776688800000,10028.851971231034
856,1776689100000,10028.851971231034
857,1776689400000,10028.851971231034
858,1776689700000,10028.851971231034
859,1776690000000,10028.851971231034
860,1776690300000,10028.851971231034
861,1776690600000,10024.840430442542
862,1776690900000,10044.074104628764
863,1776691200000,10044.074104628764
864,1776691500000,10044.074104628764
865,1776691800000,10044.074104628764
866,1776692100000,10044.074104628764
867,1776692400000,10044.074104628764
868,1776692700000,10044.074104628764
869,1776693000000,10044.074104628764
870,1776693300000,10044.074104628764
871,1776693600000,10044.074104628764
872,1776693900000,10044.074104628764
873,1776694200000,10044.074104628764
874,1776694500000,10044.074104628764
875,1776694800000,10044.074104628764
876,1776695100000,10044.074104628764
877,1776695400000,10044.074104628764
878,1776695700000,10044.074104628764
879,1776696000000,10044.074104628764
880,1776696300000,10044.074104628764
881,1776696600000,10044.074104628764
882,1776696900000,10044.074104628764
883,1776697200000,10044.074104628764
884,1776697500000,10044.074104628764
885,1776697800000,10040.05727835217
886,1776698100000,10056.92262620233
887,1776698400000,10056.92262620233
888,1776698700000,10056.92262620233
889,1776699000000,10056.92262620233
890,1776699300000,10056.92262620233
891,1776699600000,10056.92262620233
892,1776699900000,10056.92262620233
893,1776700200000,10056.92262620233
894,1776700500000,10056.92262620233
895,1776700800000,10056.92262620233
896,1776701100000,10056.92262620233
897,1776701400000,10056.92262620233
898,1776701700000,10056.92262620233
899,1776702000000,10056.92262620233
900,1776702300000,10056.92262620233
901,1776702600000,10056.92262620233
902,1776702900000,10056.92262620233
903,1776703200000,10056.92262620233
904,1776703500000,10056.92262620233
905,1776703800000,10056.92262620233
906,1776704100000,10056.92262620233
907,1776704400000,10056.92262620233
908,1776704700000,10056.92262620233
909,1776705000000,10056.92262620233
910,1776705300000,10056.92262620233
911,1776705600000,10052.89985715185
912,1776705900000,10057.057178066407
913,1776706200000,10057.057178066407
914,1776706500000,10057.057178066407
915,1776706800000,10057.057178066407
916,1776707100000,10057.057178066407
917,1776707400000,10057.057178066407
918,1776707700000,10057.057178066407
919,1776708000000,10057.057178066407
920,1776708300000,10057.057178066407
921,1776708600000,10057.057178066407
922,1776708900000,10057.057178066407
923,1776709200000,10057.057178066407
924,1776709500000,10057.057178066407
925,1776709800000,10057.057178066407
926,1776710100000,10057.057178066407
927,1776710400000,10057.057178066407
928,1776710700000,10057.057178066407
929,1776711000000,10057.057178066407
930,1776711300000,10057.057178066407
931,1776711600000,10057.057178066407
932,1776711900000,10057.057178066407
933,1776712200000,10057.057178066407
934,1776712500000,10057.057178066407
935,1776712800000,10057.057178066407
936,1776713100000,10057.057178066407
937,1776713400000,10057.057178066407
938,1776713700000,10057.057178066407
939,1776714000000,10057.057178066407
940,1776714300000,10057.057178066407
941,1776714600000,10057.057178066407
942,1776714900000,10057.057178066407
943,1776715200000,10057.057178066407
944,1776715500000,10057.057178066407
945,1776715800000,10057.057178066407
946,1776716100000,10057.057178066407
947,1776716400000,10057.057178066407
948,1776716700000,10057.057178066407
949,1776717000000,10057.057178066407
950,1776717300000,10057.057178066407
951,1776717600000,10057.057178066407
952,1776717900000,10057.057178066407
953,1776718200000,10057.057178066407
954,1776718500000,10057.057178066407
955,1776718800000,10057.057178066407
956,1776719100000,10057.057178066407
957,1776719400000,10057.057178066407
958,1776719700000,10057.057178066407
959,1776720000000,10057.057178066407
960,1776720300000,10057.057178066407
961,1776720600000,10057.057178066407
962,1776720900000,10057.057178066407
963,1776721200000,10057.057178066407
964,1776721500000,10057.057178066407
965,1776721800000,10057.057178066407
966,1776722100000,10057.057178066407
967,1776722400000,10057.057178066407
968,1776722700000,10057.057178066407
969,1776723000000,10057.057178066407
970,1776723300000,10057.057178066407
971,1776723600000,10057.057178066407
972,1776723900000,10057.057178066407
973,1776724200000,10057.057178066407
974,1776724500000,10057.057178066407
975,1776724800000,10057.057178066407
976,1776725100000,10057.057178066407
977,1776725400000,10057.057178066407
978,1776725700000,10057.057178066407
979,1776726000000,10057.057178066407
980,1776726300000,10057.057178066407
981,1776726600000,10057.057178066407
982,1776726900000,10057.057178066407
983,1776727200000,10053.035159598876
984,1776727500000,10037.107984038224
985,1776727800000,10033.093943652686
986,1776728100000,10038.019140971375
987,1776728400000,10038.019140971375
988,1776728700000,10038.019140971375
989,1776729000000,10038.019140971375
990,1776729300000,10038.019140971375
991,1776729600000,10038.019140971375
992,1776729900000,10038.019140971375
993,1776730200000,10038.019140971375
994,1776730500000,10038.019140971375
995,1776730800000,10038.019140971375
996,1776731100000,10038.019140971375
997,1776731400000,10038.019140971375
998,1776731700000,10038.019140971375
999,1776732000000,10038.019140971375
1000,1776732300000,10038.019140971375
1001,1776732600000,10038.019140971375
1002,1776732900000,10038.019140971375
1003,1776733200000,10038.019140971375
1004,1776733500000,10038.019140971375
1005,1776733800000,10038.019140971375
1006,1776734100000,10038.019140971375
1007,1776734400000,10038.019140971375
1008,1776734700000,10038.019140971375
1009,1776735000000,10038.019140971375
1010,1776735300000,10038.019140971375
1011,1776735600000,10038.019140971375
1012,1776735900000,10038.019140971375
1013,1776736200000,10038.019140971375
1014,1776736500000,10038.019140971375
1015,1776736800000,10038.019140971375
1016,1776737100000,10038.019140971375
1017,1776737400000,10038.019140971375
1018,1776737700000,10038.019140971375
1019,1776738000000,10038.019140971375
1020,1776738300000,10038.019140971375
1021,1776738600000,10038.019140971375
1022,1776738900000,10038.019140971375
1023,1776739200000,10038.019140971375
1024,1776739500000,10038.019140971375
1025,1776739800000,10038.019140971375
1026,1776740100000,10038.019140971375
1027,1776740400000,10038.019140971375
1028,1776740700000,10038.019140971375
1029,1776741000000,10038.019140971375
1030,1776741300000,10038.019140971375
1031,1776741600000,10038.019140971375
1032,1776741900000,10038.019140971375
1033,1776742200000,10038.019140971375
1034,1776742500000,10038.019140971375
1035,1776742800000,10038.019140971375
1036,1776743100000,10038.019140971375
1037,1776743400000,10038.019140971375
1038,1776743700000,10038.019140971375
1039,1776744000000,10038.019140971375
1040,1776744300000,10038.019140971375
1041,1776744600000,10038.019140971375
1042,1776744900000,10038.019140971375
1043,1776745200000,10038.019140971375
1044,1776745500000,10038.019140971375
1045,1776745800000,10038.019140971375
1046,1776746100000,10038.019140971375
1047,1776746400000,10038.019140971375
1048,1776746700000,10038.019140971375
1049,1776747000000,10038.019140971375
1050,1776747300000,10038.019140971375
1051,1776747600000,10038.019140971375
1052,1776747900000,10038.019140971375
1053,1776748200000,10038.019140971375
1054,1776748500000,10038.019140971375
1055,1776748800000,10038.019140971375
1056,1776749100000,10038.019140971375
1057,1776749400000,10038.019140971375
1058,1776749700000,10038.019140971375
1059,1776750000000,10038.019140971375
1060,1776750300000,10038.019140971375
1061,1776750600000,10038.019140971375
1062,1776750900000,10038.019140971375
1063,1776751200000,10038.019140971375
1064,1776751500000,10038.019140971375
1065,1776751800000,10038.019140971375
1066,1776752100000,10038.019140971375
1067,1776752400000,10038.019140971375
1068,1776752700000,10038.019140971375
1069,1776753000000,10038.019140971375
1070,1776753300000,10038.019140971375
1071,1776753600000,10038.019140971375
1072,1776753900000,10038.019140971375
1073,1776754200000,10038.019140971375
1074,1776754500000,10038.019140971375
1075,1776754800000,10038.019140971375
1076,1776755100000,10038.019140971375
1077,1776755400000,10038.019140971375
1078,1776755700000,10038.019140971375
1079,1776756000000,10038.019140971375
1080,1776756300000,10038.019140971375
1081,1776756600000,10038.019140971375
1082,1776756900000,10038.019140971375
1083,1776757200000,10038.019140971375
1084,1776757500000,10038.019140971375
1085,1776757800000,10038.019140971375
1086,1776758100000,10038.019140971375
1087,1776758400000,10038.019140971375
1088,1776758700000,10038.019140971375
1089,1776759000000,10038.019140971375
1090,1776759300000,10038.019140971375
1091,1776759600000,10038.019140971375
1092,1776759900000,10038.019140971375
1093,1776760200000,10038.019140971375
1094,1776760500000,10038.019140971375
1095,1776760800000,10038.019140971375
1096,1776761100000,10038.019140971375
1097,1776761400000,10034.003933314989
1098,1776761700000,10033.076330038404
1099,1776762000000,10033.076330038404
1100,1776762300000,10033.076330038404
1101,1776762600000,10033.076330038404
1102,1776762900000,10033.076330038404
1103,1776763200000,10033.076330038404
1104,1776763500000,10033.076330038404
1105,1776763800000,10033.076330038404
1106,1776764100000,10033.076330038404
1107,1776764400000,10033.076330038404
1108,1776764700000,10033.076330038404
1109,1776765000000,10033.076330038404
1110,1776765300000,10033.076330038404
1111,1776765600000,10033.076330038404
1112,1776765900000,10033.076330038404
1113,1776766200000,10033.076330038404
1114,1776766500000,10033.076330038404
1115,1776766800000,10033.076330038404
1116,1776767100000,10033.076330038404
1117,1776767400000,10033.076330038404
1118,1776767700000,10033.076330038404
1119,1776768000000,10033.076330038404
1120,1776768300000,10033.076330038404
1121,1776768600000,10033.076330038404
1122,1776768900000,10033.076330038404
1123,1776769200000,10033.076330038404
1124,1776769500000,10033.076330038404
1125,1776769800000,10033.076330038404
1126,1776770100000,10033.076330038404
1127,1776770400000,10033.076330038404
1128,1776770700000,10033.076330038404
1129,1776771000000,10033.076330038404
1130,1776771300000,10033.076330038404
1131,1776771600000,10033.076330038404
1132,1776771900000,10033.076330038404
1133,1776772200000,10033.076330038404
1134,1776772500000,10033.076330038404
1135,1776772800000,10033.076330038404
1136,1776773100000,10033.076330038404
1137,1776773400000,10033.076330038404
1138,1776773700000,10033.076330038404
1139,1776774000000,10033.076330038404
1140,1776774300000,10033.076330038404
1141,1776774600000,10033.076330038404
1142,1776774900000,10033.076330038404
1143,1776775200000,10033.076330038404
1144,1776775500000,10033.076330038404
1145,1776775800000,10033.076330038404
1146,1776776100000,10033.076330038404
1147,1776776400000,10033.076330038404
1148,1776776700000,10033.076330038404
1149,1776777000000,10033.076330038404
1150,1776777300000,10033.076330038404
1151,1776777600000,10033.076330038404
1152,1776777900000,10033.076330038404
1153,1776778200000,10033.076330038404
1154,1776778500000,10033.076330038404
1155,1776778800000,10033.076330038404
1156,1776779100000,10033.076330038404
1157,1776779400000,10033.076330038404
1158,1776779700000,10033.076330038404
1159,1776780000000,10033.076330038404
1160,1776780300000,10033.076330038404
1161,1776780600000,10033.076330038404
1162,1776780900000,10033.076330038404
1163,1776781200000,10033.076330038404
1164,1776781500000,10033.076330038404
1165,1776781800000,10033.076330038404
1166,1776782100000,10033.076330038404
1167,1776782400000,10033.076330038404
1168,1776782700000,10033.076330038404
1169,1776783000000,10033.076330038404
1170,1776783300000,10033.076330038404
1171,1776783600000,10033.076330038404
1172,1776783900000,10033.076330038404
1173,1776784200000,10033.076330038404
1174,1776784500000,10033.076330038404
1175,1776784800000,10033.076330038404
1176,1776785100000,10033.076330038404
1177,1776785400000,10033.076330038404
1178,1776785700000,10033.076330038404
1179,1776786000000,10033.076330038404
1180,1776786300000,10033.076330038404
1181,1776786600000,10033.076330038404
1182,1776786900000,10033.076330038404
1183,1776787200000,10033.076330038404
1184,1776787500000,10033.076330038404
1185,1776787800000,10033.076330038404
1186,1776788100000,10033.076330038404
1187,1776788400000,10033.076330038404
1188,1776788700000,10033.076330038404
1189,1776789000000,10033.076330038404
1190,1776789300000,10033.076330038404
1191,1776789600000,10033.076330038404
1192,1776789900000,10033.076330038404
1193,1776790200000,10033.076330038404
1194,1776790500000,10033.076330038404
1195,1776790800000,10033.076330038404
1196,1776791100000,10033.076330038404
1197,1776791400000,10033.076330038404
1198,1776791700000,10033.076330038404
1199,1776792000000,10029.063901991998
1200,1776792300000,10031.12603086903
1201,1776792600000,10031.12603086903
1202,1776792900000,10031.12603086903
1203,1776793200000,10031.12603086903
1204,1776793500000,10031.12603086903
1205,1776793800000,10031.12603086903
1206,1776794100000,10031.12603086903
1207,1776794400000,10031.12603086903
1208,1776794700000,10031.12603086903
1209,1776795000000,10031.12603086903
1210,1776795300000,10031.12603086903
1211,1776795600000,10031.12603086903
1212,1776795900000,10031.12603086903
1213,1776796200000,10031.12603086903
1214,1776796500000,10031.12603086903
1215,1776796800000,10031.12603086903
1216,1776797100000,10031.12603086903
1217,1776797400000,10031.12603086903
1218,1776797700000,10031.12603086903
1219,1776798000000,10031.12603086903
1220,1776798300000,10031.12603086903
1221,1776798600000,10031.12603086903
1222,1776798900000,10031.12603086903
1223,1776799200000,10031.12603086903
1224,1776799500000,10031.12603086903
1225,1776799800000,10031.12603086903
1226,1776800100000,10031.12603086903
1227,1776800400000,10031.12603086903
1228,1776800700000,10031.12603086903
1229,1776801000000,10031.12603086903
1230,1776801300000,10031.12603086903
1231,1776801600000,10031.12603086903
1232,1776801900000,10031.12603086903
1233,1776802200000,10031.12603086903
1234,1776802500000,10031.12603086903
1235,1776802800000,10031.12603086903
1236,1776803100000,10031.12603086903
1237,1776803400000,10031.12603086903
1238,1776803700000,10031.12603086903
1239,1776804000000,10031.12603086903
1240,1776804300000,10031.12603086903
1241,1776804600000,10031.12603086903
1242,1776804900000,10031.12603086903
1243,1776805200000,10031.12603086903
1244,1776805500000,10031.12603086903
1245,1776805800000,10031.12603086903
1246,1776806100000,10031.12603086903
1247,1776806400000,10031.12603086903
1248,1776806700000,10031.12603086903
1249,1776807000000,10031.12603086903
1250,1776807300000,10031.12603086903
1251,1776807600000,10031.12603086903
1252,1776807900000,10031.12603086903
1253,1776808200000,10031.12603086903
1254,1776808500000,10031.12603086903
1255,1776808800000,10031.12603086903
1256,1776809100000,10031.12603086903
1257,1776809400000,10031.12603086903
1258,1776809700000,10031.12603086903
1259,1776810000000,10031.12603086903
1260,1776810300000,10031.12603086903
1261,1776810600000,10031.12603086903
1262,1776810900000,10031.12603086903
1263,1776811200000,10031.12603086903
1264,1776811500000,10031.12603086903
1265,1776811800000,10031.12603086903
1266,1776812100000,10031.12603086903
1267,1776812400000,10031.12603086903
1268,1776812700000,10031.12603086903
1269,1776813000000,10031.12603086903
1270,1776813300000,10031.12603086903
1271,1776813600000,10031.12603086903
1272,1776813900000,10031.12603086903
1273,1776814200000,10031.12603086903
1274,1776814500000,10031.12603086903
1275,1776814800000,10031.12603086903
1276,1776815100000,10031.12603086903
1277,1776815400000,10031.12603086903
1278,1776815700000,10031.12603086903
1279,1776816000000,10031.12603086903
1280,1776816300000,10031.12603086903
1281,1776816600000,10031.12603086903
1282,1776816900000,10031.12603086903
1283,1776817200000,10031.12603086903
1284,1776817500000,10031.12603086903
1285,1776817800000,10031.12603086903
1286,1776818100000,10031.12603086903
1287,1776818400000,10031.12603086903
1288,1776818700000,10031.12603086903
1289,1776819000000,10031.12603086903
1290,1776819300000,10031.12603086903
1291,1776819600000,10031.12603086903
1292,1776819900000,10031.12603086903
1293,1776820200000,10031.12603086903
1294,1776820500000,10031.12603086903
1295,1776820800000,10031.12603086903
1296,1776821100000,10031.12603086903
1297,1776821400000,10031.12603086903
1298,1776821700000,10031.12603086903
1299,1776822000000,10031.12603086903
1300,1776822300000,10031.12603086903
1301,1776822600000,10031.12603086903
1302,1776822900000,10031.12603086903
1303,1776823200000,10031.12603086903
1304,1776823500000,10031.12603086903
1305,1776823800000,10031.12603086903
1306,1776824100000,10031.12603086903
1307,1776824400000,10031.12603086903
1308,1776824700000,10031.12603086903
1309,1776825000000,10031.12603086903
1310,1776825300000,10031.12603086903
1311,1776825600000,10031.12603086903
1312,1776825900000,10031.12603086903
1313,1776826200000,10031.12603086903
1314,1776826500000,10031.12603086903
1315,1776826800000,10031.12603086903
1316,1776827100000,10031.12603086903
1317,1776827400000,10031.12603086903
1318,1776827700000,10031.12603086903
1319,1776828000000,10031.12603086903
1320,1776828300000,10031.12603086903
1321,1776828600000,10031.12603086903
1322,1776828900000,10031.12603086903
1323,1776829200000,10031.12603086903
1324,1776829500000,10031.12603086903
1325,1776829800000,10031.12603086903
1326,1776830100000,10031.12603086903
1327,1776830400000,10031.12603086903
1328,1776830700000,10031.12603086903
1329,1776831000000,10031.12603086903
1330,1776831300000,10031.12603086903
1331,1776831600000,10031.12603086903
1332,1776831900000,10031.12603086903
1333,1776832200000,10031.12603086903
1334,1776832500000,10031.12603086903
1335,1776832800000,10031.12603086903
1336,1776833100000,10031.12603086903
1337,1776833400000,10031.12603086903
1338,1776833700000,10031.12603086903
1339,1776834000000,10031.12603086903
1340,1776834300000,10031.12603086903
1341,1776834600000,10031.12603086903
1342,1776834900000,10031.12603086903
1343,1776835200000,10031.12603086903
1344,1776835500000,10031.12603086903
1345,1776835800000,10031.12603086903
1346,1776836100000,10031.12603086903
1347,1776836400000,10031.12603086903
1348,1776836700000,10031.12603086903
1349,1776837000000,10031.12603086903
1350,1776837300000,10031.12603086903
1351,1776837600000,10031.12603086903
1352,1776837900000,10031.12603086903
1353,1776838200000,10031.12603086903
1354,1776838500000,10031.12603086903
1355,1776838800000,10031.12603086903
1356,1776839100000,10031.12603086903
1357,1776839400000,10031.12603086903
1358,1776839700000,10031.12603086903
1359,1776840000000,10031.12603086903
1360,1776840300000,10031.12603086903
1361,1776840600000,10031.12603086903
1362,1776840900000,10031.12603086903
1363,1776841200000,10031.12603086903
1364,1776841500000,10031.12603086903
1365,1776841800000,10031.12603086903
1366,1776842100000,10031.12603086903
1367,1776842400000,10031.12603086903
1368,1776842700000,10031.12603086903
1369,1776843000000,10031.12603086903
1370,1776843300000,10031.12603086903
1371,1776843600000,10031.12603086903
1372,1776843900000,10031.12603086903
1373,1776844200000,10031.12603086903
1374,1776844500000,10031.12603086903
1375,1776844800000,10031.12603086903
1376,1776845100000,10031.12603086903
1377,1776845400000,10031.12603086903
1378,1776845700000,10031.12603086903
1379,1776846000000,10031.12603086903
1380,1776846300000,10031.12603086903
1381,1776846600000,10031.12603086903
1382,1776846900000,10031.12603086903
1383,1776847200000,10031.12603086903
1384,1776847500000,10031.12603086903
1385,1776847800000,10031.12603086903
1386,1776848100000,10031.12603086903
1387,1776848400000,10031.12603086903
1388,1776848700000,10031.12603086903
1389,1776849000000,10031.12603086903
1390,1776849300000,10031.12603086903
1391,1776849600000,10031.12603086903
1392,1776849900000,10031.12603086903
1393,1776850200000,10031.12603086903
1394,1776850500000,10031.12603086903
1395,1776850800000,10031.12603086903
1396,1776851100000,10031.12603086903
1397,1776851400000,10031.12603086903
1398,1776851700000,10031.12603086903
1399,1776852000000,10031.12603086903
1400,1776852300000,10031.12603086903
1401,1776852600000,10031.12603086903
1402,1776852900000,10031.12603086903
1403,1776853200000,10031.12603086903
1404,1776853500000,10031.12603086903
1405,1776853800000,10031.12603086903
1406,1776854100000,10031.12603086903
1407,1776854400000,10031.12603086903
1408,1776854700000,10031.12603086903
1409,1776855000000,10031.12603086903
1410,1776855300000,10031.12603086903
1411,1776855600000,10031.12603086903
1412,1776855900000,10031.12603086903
1413,1776856200000,10031.12603086903
1414,1776856500000,10031.12603086903
1415,1776856800000,10031.12603086903
1416,1776857100000,10031.12603086903
1417,1776857400000,10031.12603086903
1418,1776857700000,10031.12603086903
1419,1776858000000,10031.12603086903
1420,1776858300000,10031.12603086903
1421,1776858600000,10031.12603086903
1422,1776858900000,10031.12603086903
1423,1776859200000,10031.12603086903
1424,1776859500000,10031.12603086903
1425,1776859800000,10031.12603086903
1426,1776860100000,10031.12603086903
1427,1776860400000,10031.12603086903
1428,1776860700000,10031.12603086903
1429,1776861000000,10031.12603086903
1430,1776861300000,10031.12603086903
1431,1776861600000,10031.12603086903
1432,1776861900000,10031.12603086903
1433,1776862200000,10031.12603086903
1434,1776862500000,10031.12603086903
1435,1776862800000,10031.12603086903
1436,1776863100000,10031.12603086903
1437,1776863400000,10031.12603086903
1438,1776863700000,10031.12603086903
1439,1776864000000,10031.12603086903
1440,1776864300000,10031.12603086903
1441,1776864600000,10031.12603086903
1442,1776864900000,10031.12603086903
1443,1776865200000,10031.12603086903
1444,1776865500000,10031.12603086903
1445,1776865800000,10031.12603086903
1446,1776866100000,10031.12603086903
1447,1776866400000,10031.12603086903
1448,1776866700000,10031.12603086903
1449,1776867000000,10031.12603086903
1450,1776867300000,10031.12603086903
1451,1776867600000,10031.12603086903
1452,1776867900000,10031.12603086903
1453,1776868200000,10031.12603086903
1454,1776868500000,10031.12603086903
1455,1776868800000,10031.12603086903
1456,1776869100000,10031.12603086903
1457,1776869400000,10031.12603086903
1458,1776869700000,10031.12603086903
1459,1776870000000,10031.12603086903
1460,1776870300000,10031.12603086903
1461,1776870600000,10031.12603086903
1462,1776870900000,10031.12603086903
1463,1776871200000,10031.12603086903
1464,1776871500000,10031.12603086903
1465,1776871800000,10031.12603086903
1466,1776872100000,10031.12603086903
1467,1776872400000,10031.12603086903
1468,1776872700000,10031.12603086903
1469,1776873000000,10031.12603086903
1470,1776873300000,10031.12603086903
1471,1776873600000,10031.12603086903
1472,1776873900000,10031.12603086903
1473,1776874200000,10031.12603086903
1474,1776874500000,10031.12603086903
1475,1776874800000,10031.12603086903
1476,1776875100000,10031.12603086903
1477,1776875400000,10031.12603086903
1478,1776875700000,10031.12603086903
1479,1776876000000,10031.12603086903
1480,1776876300000,10031.12603086903
1481,1776876600000,10031.12603086903
1482,1776876900000,10031.12603086903
1483,1776877200000,10031.12603086903
1484,1776877500000,10031.12603086903
1485,1776877800000,10031.12603086903
1486,1776878100000,10031.12603086903
1487,1776878400000,10031.12603086903
1488,1776878700000,10031.12603086903
1489,1776879000000,10031.12603086903
1490,1776879300000,10031.12603086903
1491,1776879600000,10031.12603086903
1492,1776879900000,10031.12603086903
1493,1776880200000,10031.12603086903
1494,1776880500000,10031.12603086903
1495,1776880800000,10031.12603086903
1496,1776881100000,10031.12603086903
1497,1776881400000,10031.12603086903
1498,1776881700000,10031.12603086903
1499,1776882000000,10031.12603086903
1500,1776882300000,10031.12603086903
1501,1776882600000,10031.12603086903
1502,1776882900000,10031.12603086903
1503,1776883200000,10031.12603086903
1504,1776883500000,10031.12603086903
1505,1776883800000,10031.12603086903
1506,1776884100000,10031.12603086903
1507,1776884400000,10031.12603086903
1508,1776884700000,10031.12603086903
1509,1776885000000,10031.12603086903
1510,1776885300000,10031.12603086903
1511,1776885600000,10031.12603086903
1512,1776885900000,10031.12603086903
1513,1776886200000,10031.12603086903
1514,1776886500000,10031.12603086903
1515,1776886800000,10031.12603086903
1516,1776887100000,10031.12603086903
1517,1776887400000,10031.12603086903
1518,1776887700000,10031.12603086903
1519,1776888000000,10031.12603086903
1520,1776888300000,10031.12603086903
1521,1776888600000,10031.12603086903
1522,1776888900000,10031.12603086903
1523,1776889200000,10031.12603086903
1524,1776889500000,10031.12603086903
1525,1776889800000,10031.12603086903
1526,1776890100000,10031.12603086903
1527,1776890400000,10031.12603086903
1528,1776890700000,10031.12603086903
1529,1776891000000,10031.12603086903
1530,1776891300000,10031.12603086903
1531,1776891600000,10031.12603086903
1532,1776891900000,10031.12603086903
1533,1776892200000,10031.12603086903
1534,1776892500000,10031.12603086903
1535,1776892800000,10031.12603086903
1536,1776893100000,10031.12603086903
1537,1776893400000,10031.12603086903
1538,1776893700000,10031.12603086903
1539,1776894000000,10031.12603086903
1540,1776894300000,10027.113580456682
1541,1776894600000,10030.993376037768
1542,1776894900000,10030.993376037768
1543,1776895200000,10030.993376037768
1544,1776895500000,10030.993376037768
1545,1776895800000,10030.993376037768
1546,1776896100000,10030.993376037768
1547,1776896400000,10030.993376037768
1548,1776896700000,10030.993376037768
1549,1776897000000,10030.993376037768
1550,1776897300000,10030.993376037768
1551,1776897600000,10030.993376037768
1552,1776897900000,10030.993376037768
1553,1776898200000,10030.993376037768
1554,1776898500000,10030.993376037768
1555,1776898800000,10030.993376037768
1556,1776899100000,10030.993376037768
1557,1776899400000,10030.993376037768
1558,1776899700000,10030.993376037768
1559,1776900000000,10030.993376037768
1560,1776900300000,10030.993376037768
1561,1776900600000,10030.993376037768
1562,1776900900000,10030.993376037768
1563,1776901200000,10030.993376037768
1564,1776901500000,10030.993376037768
1565,1776901800000,10030.993376037768
1566,1776902100000,10030.993376037768
1567,1776902400000,10030.993376037768
1568,1776902700000,10030.993376037768
1569,1776903000000,10030.993376037768
1570,1776903300000,10030.993376037768
1571,1776903600000,10030.993376037768
1572,1776903900000,10030.993376037768
1573,1776904200000,10030.993376037768
1574,1776904500000,10030.993376037768
1575,1776904800000,10030.993376037768
1576,1776905100000,10030.993376037768
1577,1776905400000,10030.993376037768
1578,1776905700000,10030.993376037768
1579,1776906000000,10030.993376037768
1580,1776906300000,10030.993376037768
1581,1776906600000,10030.993376037768
1582,1776906900000,10030.993376037768
1583,1776907200000,10030.993376037768
1584,1776907500000,10030.993376037768
1585,1776907800000,10030.993376037768
1586,1776908100000,10030.993376037768
1587,1776908400000,10030.993376037768
1588,1776908700000,10030.993376037768
1589,1776909000000,10030.993376037768
1590,1776909300000,10030.993376037768
1591,1776909600000,10030.993376037768
1592,1776909900000,10030.993376037768
1593,1776910200000,10030.993376037768
1594,1776910500000,10030.993376037768
1595,1776910800000,10030.993376037768
1596,1776911100000,10030.993376037768
1597,1776911400000,10030.993376037768
1598,1776911700000,10030.993376037768
1599,1776912000000,10030.993376037768
1600,1776912300000,10030.993376037768
1601,1776912600000,10030.993376037768
1602,1776912900000,10030.993376037768
1603,1776913200000,10030.993376037768
1604,1776913500000,10030.993376037768
1605,1776913800000,10030.993376037768
1606,1776914100000,10030.993376037768
1607,1776914400000,10030.993376037768
1608,1776914700000,10030.993376037768
1609,1776915000000,10030.993376037768
1610,1776915300000,10030.993376037768
1611,1776915600000,10030.993376037768
1612,1776915900000,10030.993376037768
1613,1776916200000,10030.993376037768
1614,1776916500000,10030.993376037768
1615,1776916800000,10030.993376037768
1616,1776917100000,10030.993376037768
1617,1776917400000,10030.993376037768
1618,1776917700000,10030.993376037768
1619,1776918000000,10030.993376037768
1620,1776918300000,10030.993376037768
1621,1776918600000,10030.993376037768
1622,1776918900000,10030.993376037768
1623,1776919200000,10030.993376037768
1624,1776919500000,10030.993376037768
1625,1776919800000,10030.993376037768
1626,1776920100000,10030.993376037768
1627,1776920400000,10030.993376037768
1628,1776920700000,10030.993376037768
1629,1776921000000,10030.993376037768
1630,1776921300000,10030.993376037768
1631,1776921600000,10030.993376037768
1632,1776921900000,10030.993376037768
1633,1776922200000,10030.993376037768
1634,1776922500000,10030.993376037768
1635,1776922800000,10030.993376037768
1636,1776923100000,10030.993376037768
1637,1776923400000,10030.993376037768
1638,1776923700000,10030.993376037768
1639,1776924000000,10030.993376037768
1640,1776924300000,10030.993376037768
1641,1776924600000,10030.993376037768
1642,1776924900000,10030.993376037768
1643,1776925200000,10030.993376037768
1644,1776925500000,10030.993376037768
1645,1776925800000,10030.993376037768
1646,1776926100000,10030.993376037768
1647,1776926400000,10030.993376037768
1648,1776926700000,10030.993376037768
1649,1776927000000,10030.993376037768
1650,1776927300000,10030.993376037768
1651,1776927600000,10030.993376037768
1652,1776927900000,10030.993376037768
1653,1776928200000,10030.993376037768
1654,1776928500000,10030.993376037768
1655,1776928800000,10030.993376037768
1656,1776929100000,10030.993376037768
1657,1776929400000,10030.993376037768
1658,1776929700000,10030.993376037768
1659,1776930000000,10030.993376037768
1660,1776930300000,10030.993376037768
1661,1776930600000,10030.993376037768
1662,1776930900000,10030.993376037768
1663,1776931200000,10030.993376037768
1664,1776931500000,10030.993376037768
1665,1776931800000,10030.993376037768
1666,1776932100000,10030.993376037768
1667,1776932400000,10030.993376037768
1668,1776932700000,10030.993376037768
1669,1776933000000,10030.993376037768
1670,1776933300000,10030.993376037768
1671,1776933600000,10030.993376037768
1672,1776933900000,10030.993376037768
1673,1776934200000,10030.993376037768
1674,1776934500000,10030.993376037768
1675,1776934800000,10030.993376037768
1676,1776935100000,10030.993376037768
1677,1776935400000,10030.993376037768
1678,1776935700000,10030.993376037768
1679,1776936000000,10030.993376037768
1680,1776936300000,10030.993376037768
1681,1776936600000,10030.993376037768
1682,1776936900000,10030.993376037768
1683,1776937200000,10030.993376037768
1684,1776937500000,10030.993376037768
1685,1776937800000,10030.993376037768
1686,1776938100000,10030.993376037768
1687,1776938400000,10030.993376037768
1688,1776938700000,10030.993376037768
1689,1776939000000,10030.993376037768
1690,1776939300000,10030.993376037768
1691,1776939600000,10030.993376037768
1692,1776939900000,10030.993376037768
1693,1776940200000,10030.993376037768
1694,1776940500000,10030.993376037768
1695,1776940800000,10030.993376037768
1696,1776941100000,10030.993376037768
1697,1776941400000,10030.993376037768
1698,1776941700000,10030.993376037768
1699,1776942000000,10030.993376037768
1700,1776942300000,10030.993376037768
1701,1776942600000,10030.993376037768
1702,1776942900000,10030.993376037768
1703,1776943200000,10030.993376037768
1704,1776943500000,10030.993376037768
1705,1776943800000,10030.993376037768
1706,1776944100000,10030.993376037768
1707,1776944400000,10030.993376037768
1708,1776944700000,10030.993376037768
1709,1776945000000,10030.993376037768
1710,1776945300000,10026.980978687354
1711,1776945600000,10021.338741422549
1712,1776945900000,10021.640235016852
1713,1776946200000,10013.069202835968
1714,1776946500000,10030.038985143849
1715,1776946800000,10020.305049099226
1716,1776947100000,10021.080318341717
1717,1776947400000,10022.173675451411
1718,1776947700000,10022.173675451411
1719,1776948000000,10022.173675451411
1720,1776948300000,10022.173675451411
1721,1776948600000,10022.173675451411
1722,1776948900000,10022.173675451411
1723,1776949200000,10022.173675451411
1724,1776949500000,10022.173675451411
1725,1776949800000,10022.173675451411
1726,1776950100000,10022.173675451411
1727,1776950400000,10022.173675451411
1728,1776950700000,10022.173675451411
1729,1776951000000,10022.173675451411
1730,1776951300000,10022.173675451411
1731,1776951600000,10022.173675451411
1732,1776951900000,10022.173675451411
1733,1776952200000,10022.173675451411
1734,1776952500000,10022.173675451411
1735,1776952800000,10022.173675451411
1736,1776953100000,10022.173675451411
1737,1776953400000,10022.173675451411
1738,1776953700000,10022.173675451411
1739,1776954000000,10022.173675451411
1740,1776954300000,10022.173675451411
1741,1776954600000,10022.173675451411
1742,1776954900000,10022.173675451411
1743,1776955200000,10022.173675451411
1744,1776955500000,10022.173675451411
1745,1776955800000,10022.173675451411
1746,1776956100000,10022.173675451411
1747,1776956400000,10022.173675451411
1748,1776956700000,10022.173675451411
1749,1776957000000,10022.173675451411
1750,1776957300000,10022.173675451411
1751,1776957600000,10022.173675451411
1752,1776957900000,10022.173675451411
1753,1776958200000,10022.173675451411
1754,1776958500000,10022.173675451411
1755,1776958800000,10022.173675451411
1756,1776959100000,10022.173675451411
1757,1776959400000,10022.173675451411
1758,1776959700000,10022.173675451411
1759,1776960000000,10022.173675451411
1760,1776960300000,10022.173675451411
1761,1776960600000,10022.173675451411
1762,1776960900000,10022.173675451411
1763,1776961200000,10022.173675451411
1764,1776961500000,10022.173675451411
1765,1776961800000,10022.173675451411
1766,1776962100000,10022.173675451411
1767,1776962400000,10022.173675451411
1768,1776962700000,10022.173675451411
1769,1776963000000,10022.173675451411
1770,1776963300000,10022.173675451411
1771,1776963600000,10022.173675451411
1772,1776963900000,10022.173675451411
1773,1776964200000,10022.173675451411
1774,1776964500000,10022.173675451411
1775,1776964800000,10022.173675451411
1776,1776965100000,10022.173675451411
1777,1776965400000,10022.173675451411
1778,1776965700000,10022.173675451411
1779,1776966000000,10022.173675451411
1780,1776966300000,10022.173675451411
1781,1776966600000,10022.173675451411
1782,1776966900000,10022.173675451411
1783,1776967200000,10022.173675451411
1784,1776967500000,10022.173675451411
1785,1776967800000,10022.173675451411
1786,1776968100000,10022.173675451411
1787,1776968400000,10022.173675451411
1788,1776968700000,10022.173675451411
1789,1776969000000,10022.173675451411
1790,1776969300000,10022.173675451411
1791,1776969600000,10022.173675451411
1792,1776969900000,10022.173675451411
1793,1776970200000,10022.173675451411
1794,1776970500000,10022.173675451411
1795,1776970800000,10022.173675451411
1796,1776971100000,10022.173675451411
1797,1776971400000,10022.173675451411
1798,1776971700000,10022.173675451411
1799,1776972000000,10022.173675451411
1800,1776972300000,10022.173675451411
1801,1776972600000,10022.173675451411
1802,1776972900000,10022.173675451411
1803,1776973200000,10022.173675451411
1804,1776973500000,10022.173675451411
1805,1776973800000,10022.173675451411
1806,1776974100000,10022.173675451411
1807,1776974400000,10022.173675451411
1808,1776974700000,10022.173675451411
1809,1776975000000,10022.173675451411
1810,1776975300000,10022.173675451411
1811,1776975600000,10022.173675451411
1812,1776975900000,10022.173675451411
1813,1776976200000,10022.173675451411
1814,1776976500000,10022.173675451411
1815,1776976800000,10022.173675451411
1816,1776977100000,10022.173675451411
1817,1776977400000,10022.173675451411
1818,1776977700000,10022.173675451411
1819,1776978000000,10022.173675451411
1820,1776978300000,10022.173675451411
1821,1776978600000,10022.173675451411
1822,1776978900000,10022.173675451411
1823,1776979200000,10022.173675451411
1824,1776979500000,10022.173675451411
1825,1776979800000,10022.173675451411
1826,1776980100000,10022.173675451411
1827,1776980400000,10022.173675451411
1828,1776980700000,10022.173675451411
1829,1776981000000,10022.173675451411
1830,1776981300000,10022.173675451411
1831,1776981600000,10022.173675451411
1832,1776981900000,10022.173675451411
1833,1776982200000,10022.173675451411
1834,1776982500000,10022.173675451411
1835,1776982800000,10022.173675451411
1836,1776983100000,10018.164805981232
1837,1776983400000,10009.75005510557
1838,1776983700000,10009.75005510557
1839,1776984000000,10009.75005510557
1840,1776984300000,10009.75005510557
1841,1776984600000,10009.75005510557
1842,1776984900000,10009.75005510557
1843,1776985200000,10009.75005510557
1844,1776985500000,10009.75005510557
1845,1776985800000,10009.75005510557
1846,1776986100000,10009.75005510557
1847,1776986400000,10009.75005510557
1848,1776986700000,10009.75005510557
1849,1776987000000,10009.75005510557
1850,1776987300000,10009.75005510557
1851,1776987600000,10009.75005510557
1852,1776987900000,10009.75005510557
1853,1776988200000,10009.75005510557
1854,1776988500000,10009.75005510557
1855,1776988800000,10009.75005510557
1856,1776989100000,10009.75005510557
1857,1776989400000,10009.75005510557
1858,1776989700000,10009.75005510557
1859,1776990000000,10009.75005510557
1860,1776990300000,10009.75005510557
1861,1776990600000,10009.75005510557
1862,1776990900000,10009.75005510557
1863,1776991200000,10009.75005510557
1864,1776991500000,10009.75005510557
1865,1776991800000,10009.75005510557
1866,1776992100000,10009.75005510557
1867,1776992400000,10009.75005510557
1868,1776992700000,10009.75005510557
1869,1776993000000,10009.75005510557
1870,1776993300000,10009.75005510557
1871,1776993600000,10009.75005510557
1872,1776993900000,10009.75005510557
1873,1776994200000,10009.75005510557
1874,1776994500000,10009.75005510557
1875,1776994800000,10009.75005510557
1876,1776995100000,10009.75005510557
1877,1776995400000,10009.75005510557
1878,1776995700000,10009.75005510557
1879,1776996000000,10009.75005510557
1880,1776996300000,10009.75005510557
1881,1776996600000,10009.75005510557
1882,1776996900000,10009.75005510557
1883,1776997200000,10009.75005510557
1884,1776997500000,10009.75005510557
1885,1776997800000,10009.75005510557
1886,1776998100000,10009.75005510557
1887,1776998400000,10009.75005510557
1888,1776998700000,10009.75005510557
1889,1776999000000,10009.75005510557
1890,1776999300000,10009.75005510557
1891,1776999600000,10009.75005510557
1892,1776999900000,10009.75005510557
1893,1777000200000,10009.75005510557
1894,1777000500000,10009.75005510557
1895,1777000800000,10009.75005510557
1896,1777001100000,10009.75005510557
1897,1777001400000,10009.75005510557
1898,1777001700000,10009.75005510557
1899,1777002000000,10009.75005510557
1900,1777002300000,10009.75005510557
1901,1777002600000,10009.75005510557
1902,1777002900000,10009.75005510557
1903,1777003200000,10009.75005510557
1904,1777003500000,10009.75005510557
1905,1777003800000,10009.75005510557
1906,1777004100000,10009.75005510557
1907,1777004400000,10009.75005510557
1908,1777004700000,10009.75005510557
1909,1777005000000,10009.75005510557
1910,1777005300000,10009.75005510557
1911,1777005600000,10009.75005510557
1912,1777005900000,10009.75005510557
1913,1777006200000,10009.75005510557
1914,1777006500000,10009.75005510557
1915,1777006800000,10009.75005510557
1916,1777007100000,10009.75005510557
1917,1777007400000,10009.75005510557
1918,1777007700000,10009.75005510557
1919,1777008000000,10009.75005510557
1920,1777008300000,10009.75005510557
1921,1777008600000,10009.75005510557
1922,1777008900000,10009.75005510557
1923,1777009200000,10009.75005510557
1924,1777009500000,10009.75005510557
1925,1777009800000,10009.75005510557
1926,1777010100000,10009.75005510557
1927,1777010400000,10009.75005510557
1928,1777010700000,10009.75005510557
1929,1777011000000,10009.75005510557
1930,1777011300000,10009.75005510557
1931,1777011600000,10009.75005510557
1932,1777011900000,10005.746155083527
1933,1777012200000,10014.962718197583
1934,1777012500000,10014.703096701413
1935,1777012800000,10021.583066349931
1936,1777013100000,10012.885746228218
1937,1777013400000,10016.39063642652
1938,1777013700000,10023.530227571211
1939,1777014000000,10012.063611490345
1940,1777014300000,9996.904370330118
1941,1777014600000,9996.904370330118
1942,1777014900000,9996.904370330118
1943,1777015200000,9996.904370330118
1944,1777015500000,9996.904370330118
1945,1777015800000,9996.904370330118
1946,1777016100000,9996.904370330118
1947,1777016400000,9996.904370330118
1948,1777016700000,9996.904370330118
1949,1777017000000,9996.904370330118
1950,1777017300000,9996.904370330118
1951,1777017600000,9996.904370330118
1952,1777017900000,9996.904370330118
1953,1777018200000,9996.904370330118
1954,1777018500000,9996.904370330118
1955,1777018800000,9996.904370330118
1956,1777019100000,9996.904370330118
1957,1777019400000,9996.904370330118
1958,1777019700000,9996.904370330118
1959,1777020000000,9996.904370330118
1960,1777020300000,9996.904370330118
1961,1777020600000,9996.904370330118
1962,1777020900000,9996.904370330118
1963,1777021200000,9996.904370330118
1964,1777021500000,9996.904370330118
1965,1777021800000,9996.904370330118
1966,1777022100000,9996.904370330118
1967,1777022400000,9996.904370330118
1968,1777022700000,9996.904370330118
1969,1777023000000,9996.904370330118
1970,1777023300000,9996.904370330118
1971,1777023600000,9996.904370330118
1972,1777023900000,9996.904370330118
1973,1777024200000,9996.904370330118
1974,1777024500000,9996.904370330118
1975,1777024800000,9996.904370330118
1976,1777025100000,9996.904370330118
1977,1777025400000,9996.904370330118
1978,1777025700000,9996.904370330118
1979,1777026000000,9996.904370330118
1980,1777026300000,9996.904370330118
1981,1777026600000,9996.904370330118
1982,1777026900000,9996.904370330118
1983,1777027200000,9996.904370330118
1984,1777027500000,9996.904370330118
1985,1777027800000,9996.904370330118
1986,1777028100000,9996.904370330118
1987,1777028400000,9996.904370330118
1988,1777028700000,9996.904370330118
1989,1777029000000,9996.904370330118
1990,1777029300000,9996.904370330118
1991,1777029600000,9996.904370330118
1992,1777029900000,9996.904370330118
1993,1777030200000,9996.904370330118
1994,1777030500000,9996.904370330118
1995,1777030800000,9996.904370330118
1996,1777031100000,9996.904370330118
1997,1777031400000,9996.904370330118
1998,1777031700000,9996.904370330118
1999,1777032000000,9996.904370330118
2000,1777032300000,9996.904370330118
2001,1777032600000,9996.904370330118
2002,1777032900000,9996.904370330118
2003,1777033200000,9996.904370330118
2004,1777033500000,9996.904370330118
2005,1777033800000,9996.904370330118
2006,1777034100000,9996.904370330118
2007,1777034400000,9996.904370330118
2008,1777034700000,9996.904370330118
2009,1777035000000,9996.904370330118
2010,1777035300000,9996.904370330118
2011,1777035600000,9996.904370330118
2012,1777035900000,9996.904370330118
2013,1777036200000,9996.904370330118
2014,1777036500000,9996.904370330118
2015,1777036800000,9996.904370330118
2016,1777037100000,9996.904370330118
2017,1777037400000,9996.904370330118
2018,1777037700000,9996.904370330118
2019,1777038000000,9996.904370330118
2020,1777038300000,9996.904370330118
2021,1777038600000,9996.904370330118
2022,1777038900000,9996.904370330118
2023,1777039200000,9996.904370330118
2024,1777039500000,9996.904370330118
2025,1777039800000,9996.904370330118
2026,1777040100000,9996.904370330118
2027,1777040400000,9996.904370330118
2028,1777040700000,9996.904370330118
2029,1777041000000,9996.904370330118
2030,1777041300000,9996.904370330118
2031,1777041600000,9996.904370330118
2032,1777041900000,9996.904370330118
2033,1777042200000,9996.904370330118
2034,1777042500000,9996.904370330118
2035,1777042800000,9996.904370330118
2036,1777043100000,9996.904370330118
2037,1777043400000,9996.904370330118
2038,1777043700000,9996.904370330118
2039,1777044000000,9996.904370330118
2040,1777044300000,9996.904370330118
2041,1777044600000,9996.904370330118
2042,1777044900000,9996.904370330118
2043,1777045200000,9996.904370330118
2044,1777045500000,9996.904370330118
2045,1777045800000,9996.904370330118
2046,1777046100000,9996.904370330118
2047,1777046400000,9996.904370330118
2048,1777046700000,9996.904370330118
2049,1777047000000,9996.904370330118
2050,1777047300000,9996.904370330118
2051,1777047600000,9996.904370330118
2052,1777047900000,9996.904370330118
2053,1777048200000,9996.904370330118
2054,1777048500000,9996.904370330118
2055,1777048800000,9996.904370330118
2056,1777049100000,9996.904370330118
2057,1777049400000,9996.904370330118
2058,1777049700000,9996.904370330118
2059,1777050000000,9996.904370330118
2060,1777050300000,9996.904370330118
2061,1777050600000,9996.904370330118
2062,1777050900000,9996.904370330118
2063,1777051200000,9996.904370330118
2064,1777051500000,9996.904370330118
2065,1777051800000,9996.904370330118
2066,1777052100000,9996.904370330118
2067,1777052400000,9996.904370330118
2068,1777052700000,9996.904370330118
2069,1777053000000,9996.904370330118
2070,1777053300000,9996.904370330118
2071,1777053600000,9996.904370330118
2072,1777053900000,9996.904370330118
2073,1777054200000,9996.904370330118
2074,1777054500000,9996.904370330118
2075,1777054800000,9996.904370330118
2076,1777055100000,9996.904370330118
2077,1777055400000,9996.904370330118
2078,1777055700000,9996.904370330118
2079,1777056000000,9996.904370330118
2080,1777056300000,9996.904370330118
2081,1777056600000,9996.904370330118
2082,1777056900000,9996.904370330118
2083,1777057200000,9996.904370330118
2084,1777057500000,9996.904370330118
2085,1777057800000,9996.904370330118
2086,1777058100000,9996.904370330118
2087,1777058400000,9996.904370330118
2088,1777058700000,9996.904370330118
2089,1777059000000,9996.904370330118
2090,1777059300000,9996.904370330118
2091,1777059600000,9996.904370330118
2092,1777059900000,9996.904370330118
2093,1777060200000,9996.904370330118
2094,1777060500000,9996.904370330118
2095,1777060800000,9996.904370330118
2096,1777061100000,9996.904370330118
2097,1777061400000,9996.904370330118
2098,1777061700000,9996.904370330118
2099,1777062000000,9996.904370330118
2100,1777062300000,9996.904370330118
2101,1777062600000,9996.904370330118
2102,1777062900000,9996.904370330118
2103,1777063200000,9996.904370330118
2104,1777063500000,9996.904370330118
2105,1777063800000,9996.904370330118
2106,1777064100000,9996.904370330118
2107,1777064400000,9996.904370330118
2108,1777064700000,9996.904370330118
2109,1777065000000,9996.904370330118
2110,1777065300000,9996.904370330118
2111,1777065600000,9996.904370330118
2112,1777065900000,9996.904370330118
2113,1777066200000,9996.904370330118
2114,1777066500000,9996.904370330118
2115,1777066800000,9996.904370330118
2116,1777067100000,9996.904370330118
2117,1777067400000,9996.904370330118
2118,1777067700000,9996.904370330118
2119,1777068000000,9996.904370330118
2120,1777068300000,9996.904370330118
2121,1777068600000,9996.904370330118
2122,1777068900000,9996.904370330118
2123,1777069200000,9996.904370330118
2124,1777069500000,9996.904370330118
2125,1777069800000,9996.904370330118
2126,1777070100000,9996.904370330118
2127,1777070400000,9996.904370330118
2128,1777070700000,9996.904370330118
2129,1777071000000,9996.904370330118
2130,1777071300000,9996.904370330118
2131,1777071600000,9996.904370330118
2132,1777071900000,9996.904370330118
2133,1777072200000,9996.904370330118
2134,1777072500000,9996.904370330118
2135,1777072800000,9996.904370330118
2136,1777073100000,9996.904370330118
2137,1777073400000,9996.904370330118
2138,1777073700000,9996.904370330118
2139,1777074000000,9996.904370330118
2140,1777074300000,9996.904370330118
2141,1777074600000,9996.904370330118
2142,1777074900000,9996.904370330118
2143,1777075200000,9996.904370330118
2144,1777075500000,9996.904370330118
2145,1777075800000,9996.904370330118
2146,1777076100000,9996.904370330118
2147,1777076400000,9996.904370330118
2148,1777076700000,9996.904370330118
2149,1777077000000,9996.904370330118
2150,1777077300000,9996.904370330118
2151,1777077600000,9996.904370330118
2152,1777077900000,9996.904370330118
2153,1777078200000,9996.904370330118
2154,1777078500000,9996.904370330118
2155,1777078800000,9996.904370330118
2156,1777079100000,9996.904370330118
2157,1777079400000,9996.904370330118
2158,1777079700000,9996.904370330118
2159,1777080000000,9992.905608581987
2160,1777080300000,9992.027576098932
2161,1777080600000,9992.027576098932
2162,1777080900000,9992.027576098932
2163,1777081200000,9992.027576098932
2164,1777081500000,9992.027576098932
2165,1777081800000,9992.027576098932
2166,1777082100000,9992.027576098932
2167,1777082400000,9992.027576098932
2168,1777082700000,9992.027576098932
2169,1777083000000,9992.027576098932
2170,1777083300000,9992.027576098932
2171,1777083600000,9992.027576098932
2172,1777083900000,9992.027576098932
2173,1777084200000,9992.027576098932
2174,1777084500000,9992.027576098932
2175,1777084800000,9992.027576098932
2176,1777085100000,9992.027576098932
2177,1777085400000,9992.027576098932
2178,1777085700000,9992.027576098932
2179,1777086000000,9992.027576098932
2180,1777086300000,9992.027576098932
2181,1777086600000,9992.027576098932
2182,1777086900000,9992.027576098932
2183,1777087200000,9992.027576098932
2184,1777087500000,9992.027576098932
2185,1777087800000,9992.027576098932
2186,1777088100000,9992.027576098932
2187,1777088400000,9992.027576098932
2188,1777088700000,9992.027576098932
2189,1777089000000,9992.027576098932
2190,1777089300000,9992.027576098932
2191,1777089600000,9992.027576098932
2192,1777089900000,9992.027576098932
2193,1777090200000,9992.027576098932
2194,1777090500000,9992.027576098932
2195,1777090800000,9992.027576098932
2196,1777091100000,9992.027576098932
2197,1777091400000,9992.027576098932
2198,1777091700000,9992.027576098932
2199,1777092000000,9992.027576098932
2200,1777092300000,9992.027576098932
2201,1777092600000,9992.027576098932
2202,1777092900000,9992.027576098932
2203,1777093200000,9992.027576098932
2204,1777093500000,9992.027576098932
2205,1777093800000,9992.027576098932
2206,1777094100000,9992.027576098932
2207,1777094400000,9992.027576098932
2208,1777094700000,9992.027576098932
2209,1777095000000,9992.027576098932
2210,1777095300000,9992.027576098932
2211,1777095600000,9992.027576098932
2212,1777095900000,9992.027576098932
2213,1777096200000,9992.027576098932
2214,1777096500000,9992.027576098932
2215,1777096800000,9992.027576098932
2216,1777097100000,9992.027576098932
2217,1777097400000,9992.027576098932
2218,1777097700000,9992.027576098932
2219,1777098000000,9992.027576098932
2220,1777098300000,9992.027576098932
2221,1777098600000,9992.027576098932
2222,1777098900000,9992.027576098932
2223,1777099200000,9992.027576098932
2224,1777099500000,9992.027576098932
2225,1777099800000,9992.027576098932
2226,1777100100000,9992.027576098932
2227,1777100400000,9992.027576098932
2228,1777100700000,9992.027576098932
2229,1777101000000,9992.027576098932
2230,1777101300000,9992.027576098932
2231,1777101600000,9992.027576098932
2232,1777101900000,9992.027576098932
2233,1777102200000,9992.027576098932
2234,1777102500000,9992.027576098932
2235,1777102800000,9992.027576098932
2236,1777103100000,9992.027576098932
2237,1777103400000,9992.027576098932
2238,1777103700000,9992.027576098932
2239,1777104000000,9992.027576098932
2240,1777104300000,9992.027576098932
2241,1777104600000,9992.027576098932
2242,1777104900000,9992.027576098932
2243,1777105200000,9992.027576098932
2244,1777105500000,9992.027576098932
2245,1777105800000,9992.027576098932
2246,1777106100000,9992.027576098932
2247,1777106400000,9992.027576098932
2248,1777106700000,9992.027576098932
2249,1777107000000,9992.027576098932
2250,1777107300000,9992.027576098932
2251,1777107600000,9992.027576098932
2252,1777107900000,9992.027576098932
2253,1777108200000,9992.027576098932
2254,1777108500000,9992.027576098932
2255,1777108800000,9992.027576098932
2256,1777109100000,9992.027576098932
2257,1777109400000,9992.027576098932
2258,1777109700000,9992.027576098932
2259,1777110000000,9992.027576098932
2260,1777110300000,9992.027576098932
2261,1777110600000,9992.027576098932
2262,1777110900000,9992.027576098932
2263,1777111200000,9992.027576098932
2264,1777111500000,9992.027576098932
2265,1777111800000,9992.027576098932
2266,1777112100000,9992.027576098932
2267,1777112400000,9992.027576098932
2268,1777112700000,9992.027576098932
2269,1777113000000,9992.027576098932
2270,1777113300000,9992.027576098932
2271,1777113600000,9992.027576098932
2272,1777113900000,9992.027576098932
2273,1777114200000,9992.027576098932
2274,1777114500000,9992.027576098932
2275,1777114800000,9992.027576098932
2276,1777115100000,9992.027576098932
2277,1777115400000,9992.027576098932
2278,1777115700000,9992.027576098932
2279,1777116000000,9992.027576098932
2280,1777116300000,9992.027576098932
2281,1777116600000,9992.027576098932
2282,1777116900000,9992.027576098932
2283,1777117200000,9992.027576098932
2284,1777117500000,9992.027576098932
2285,1777117800000,9992.027576098932
2286,1777118100000,9992.027576098932
2287,1777118400000,9992.027576098932
2288,1777118700000,9992.027576098932
2289,1777119000000,9992.027576098932
2290,1777119300000,9992.027576098932
2291,1777119600000,9992.027576098932
2292,1777119900000,9992.027576098932
2293,1777120200000,9992.027576098932
2294,1777120500000,9992.027576098932
2295,1777120800000,9992.027576098932
2296,1777121100000,9992.027576098932
2297,1777121400000,9992.027576098932
2298,1777121700000,9992.027576098932
2299,1777122000000,9992.027576098932
2300,1777122300000,9992.027576098932
2301,1777122600000,9992.027576098932
2302,1777122900000,9992.027576098932
2303,1777123200000,9992.027576098932
2304,1777123500000,9992.027576098932
2305,1777123800000,9992.027576098932
2306,1777124100000,9992.027576098932
2307,1777124400000,9992.027576098932
2308,1777124700000,9992.027576098932
2309,1777125000000,9992.027576098932
2310,1777125300000,9992.027576098932
2311,1777125600000,9992.027576098932
2312,1777125900000,9992.027576098932
2313,1777126200000,9992.027576098932
2314,1777126500000,9992.027576098932
2315,1777126800000,9992.027576098932
2316,1777127100000,9992.027576098932
2317,1777127400000,9992.027576098932
2318,1777127700000,9992.027576098932
2319,1777128000000,9992.027576098932
2320,1777128300000,9992.027576098932
2321,1777128600000,9992.027576098932
2322,1777128900000,9992.027576098932
2323,1777129200000,9992.027576098932
2324,1777129500000,9992.027576098932
2325,1777129800000,9992.027576098932
2326,1777130100000,9992.027576098932
2327,1777130400000,9992.027576098932
2328,1777130700000,9992.027576098932
2329,1777131000000,9992.027576098932
2330,1777131300000,9992.027576098932
2331,1777131600000,9992.027576098932
2332,1777131900000,9992.027576098932
2333,1777132200000,9992.027576098932
2334,1777132500000,9992.027576098932
2335,1777132800000,9992.027576098932
2336,1777133100000,9992.027576098932
2337,1777133400000,9992.027576098932
2338,1777133700000,9992.027576098932
2339,1777134000000,9992.027576098932
2340,1777134300000,9992.027576098932
2341,1777134600000,9992.027576098932
2342,1777134900000,9992.027576098932
2343,1777135200000,9992.027576098932
2344,1777135500000,9992.027576098932
2345,1777135800000,9992.027576098932
2346,1777136100000,9992.027576098932
2347,1777136400000,9992.027576098932
2348,1777136700000,9992.027576098932
2349,1777137000000,9992.027576098932
2350,1777137300000,9992.027576098932
2351,1777137600000,9992.027576098932
2352,1777137900000,9992.027576098932
2353,1777138200000,9992.027576098932
2354,1777138500000,9992.027576098932
2355,1777138800000,9992.027576098932
2356,1777139100000,9992.027576098932
2357,1777139400000,9992.027576098932
2358,1777139700000,9992.027576098932
2359,1777140000000,9992.027576098932
2360,1777140300000,9992.027576098932
2361,1777140600000,9992.027576098932
2362,1777140900000,9992.027576098932
2363,1777141200000,9992.027576098932
2364,1777141500000,9992.027576098932
2365,1777141800000,9992.027576098932
2366,1777142100000,9992.027576098932
2367,1777142400000,9992.027576098932
2368,1777142700000,9992.027576098932
2369,1777143000000,9992.027576098932
2370,1777143300000,9992.027576098932
2371,1777143600000,9992.027576098932
2372,1777143900000,9992.027576098932
2373,1777144200000,9992.027576098932
2374,1777144500000,9992.027576098932
2375,1777144800000,9992.027576098932
2376,1777145100000,9992.027576098932
2377,1777145400000,9992.027576098932
2378,1777145700000,9992.027576098932
2379,1777146000000,9992.027576098932
2380,1777146300000,9992.027576098932
2381,1777146600000,9992.027576098932
2382,1777146900000,9992.027576098932
2383,1777147200000,9992.027576098932
2384,1777147500000,9992.027576098932
2385,1777147800000,9992.027576098932
2386,1777148100000,9992.027576098932
2387,1777148400000,9992.027576098932
2388,1777148700000,9992.027576098932
2389,1777149000000,9992.027576098932
2390,1777149300000,9992.027576098932
2391,1777149600000,9992.027576098932
2392,1777149900000,9992.027576098932
2393,1777150200000,9992.027576098932
2394,1777150500000,9992.027576098932
2395,1777150800000,9992.027576098932
2396,1777151100000,9992.027576098932
2397,1777151400000,9992.027576098932
2398,1777151700000,9992.027576098932
2399,1777152000000,9992.027576098932
2400,1777152300000,9992.027576098932
2401,1777152600000,9992.027576098932
2402,1777152900000,9992.027576098932
2403,1777153200000,9992.027576098932
2404,1777153500000,9992.027576098932
2405,1777153800000,9992.027576098932
2406,1777154100000,9992.027576098932
2407,1777154400000,9992.027576098932
2408,1777154700000,9992.027576098932
2409,1777155000000,9992.027576098932
2410,1777155300000,9992.027576098932
2411,1777155600000,9992.027576098932
2412,1777155900000,9992.027576098932
2413,1777156200000,9992.027576098932
2414,1777156500000,9992.027576098932
2415,1777156800000,9992.027576098932
2416,1777157100000,9992.027576098932
2417,1777157400000,9992.027576098932
2418,1777157700000,9992.027576098932
2419,1777158000000,9992.027576098932
2420,1777158300000,9992.027576098932
2421,1777158600000,9992.027576098932
2422,1777158900000,9992.027576098932
2423,1777159200000,9992.027576098932
2424,1777159500000,9992.027576098932
2425,1777159800000,9992.027576098932
2426,1777160100000,9992.027576098932
2427,1777160400000,9992.027576098932
2428,1777160700000,9992.027576098932
2429,1777161000000,9992.027576098932
2430,1777161300000,9992.027576098932
2431,1777161600000,9988.030765068494
2432,1777161900000,9995.857926482471
2433,1777162200000,9995.857926482471
2434,1777162500000,9995.857926482471
2435,1777162800000,9995.857926482471
2436,1777163100000,9991.860382820612
2437,1777163400000,9995.917167385298
2438,1777163700000,9994.190876081178
2439,1777164000000,10000.578153906426
2440,1777164300000,9998.333975211068
2441,1777164600000,9990.53871966971
2442,1777164900000,9990.53871966971
2443,1777165200000,9990.53871966971
2444,1777165500000,9990.53871966971
2445,1777165800000,9990.53871966971
2446,1777166100000,9990.53871966971
2447,1777166400000,9990.53871966971
2448,1777166700000,9990.53871966971
2449,1777167000000,9990.53871966971
2450,1777167300000,9990.53871966971
2451,1777167600000,9990.53871966971
2452,1777167900000,9990.53871966971
2453,1777168200000,9990.53871966971
2454,1777168500000,9990.53871966971
2455,1777168800000,9990.53871966971
2456,1777169100000,9990.53871966971
2457,1777169400000,9990.53871966971
2458,1777169700000,9990.53871966971
2459,1777170000000,9990.53871966971
2460,1777170300000,9990.53871966971
2461,1777170600000,9990.53871966971
2462,1777170900000,9990.53871966971
2463,1777171200000,9990.53871966971
2464,1777171500000,9990.53871966971
2465,1777171800000,9990.53871966971
2466,1777172100000,9990.53871966971
2467,1777172400000,9990.53871966971
2468,1777172700000,9990.53871966971
2469,1777173000000,9990.53871966971
2470,1777173300000,9990.53871966971
2471,1777173600000,9990.53871966971
2472,1777173900000,9990.53871966971
2473,1777174200000,9990.53871966971
2474,1777174500000,9990.53871966971
2475,1777174800000,9990.53871966971
2476,1777175100000,9990.53871966971
2477,1777175400000,9990.53871966971
2478,1777175700000,9990.53871966971
2479,1777176000000,9990.53871966971
2480,1777176300000,9990.53871966971
2481,1777176600000,9990.53871966971
2482,1777176900000,9990.53871966971
2483,1777177200000,9990.53871966971
2484,1777177500000,9990.53871966971
2485,1777177800000,9990.53871966971
2486,1777178100000,9990.53871966971
2487,1777178400000,9990.53871966971
2488,1777178700000,9990.53871966971
2489,1777179000000,9990.53871966971
2490,1777179300000,9990.53871966971
2491,1777179600000,9990.53871966971
2492,1777179900000,9990.53871966971
2493,1777180200000,9990.53871966971
2494,1777180500000,9990.53871966971
2495,1777180800000,9990.53871966971
2496,1777181100000,9990.53871966971
2497,1777181400000,9990.53871966971
2498,1777181700000,9990.53871966971
2499,1777182000000,9990.53871966971
2500,1777182300000,9990.53871966971
2501,1777182600000,9990.53871966971
2502,1777182900000,9990.53871966971
2503,1777183200000,9990.53871966971
2504,1777183500000,9990.53871966971
2505,1777183800000,9990.53871966971
2506,1777184100000,9990.53871966971
2507,1777184400000,9990.53871966971
2508,1777184700000,9990.53871966971
2509,1777185000000,9990.53871966971
2510,1777185300000,9990.53871966971
2511,1777185600000,9990.53871966971
2512,1777185900000,9990.53871966971
2513,1777186200000,9990.53871966971
2514,1777186500000,9990.53871966971
2515,1777186800000,9990.53871966971
2516,1777187100000,9990.53871966971
2517,1777187400000,9990.53871966971
2518,1777187700000,9990.53871966971
2519,1777188000000,9990.53871966971
2520,1777188300000,9990.53871966971
2521,1777188600000,9990.53871966971
2522,1777188900000,9990.53871966971
2523,1777189200000,9990.53871966971
2524,1777189500000,9990.53871966971
2525,1777189800000,9990.53871966971
2526,1777190100000,9990.53871966971
2527,1777190400000,9990.53871966971
2528,1777190700000,9990.53871966971
2529,1777191000000,9990.53871966971
2530,1777191300000,9990.53871966971
2531,1777191600000,9990.53871966971
2532,1777191900000,9990.53871966971
2533,1777192200000,9990.53871966971
2534,1777192500000,9990.53871966971
2535,1777192800000,9990.53871966971
2536,1777193100000,9990.53871966971
2537,1777193400000,9990.53871966971
2538,1777193700000,9990.53871966971
2539,1777194000000,9990.53871966971
2540,1777194300000,9990.53871966971
2541,1777194600000,9990.53871966971
2542,1777194900000,9990.53871966971
2543,1777195200000,9990.53871966971
2544,1777195500000,9990.53871966971
2545,1777195800000,9990.53871966971
2546,1777196100000,9990.53871966971
2547,1777196400000,9990.53871966971
2548,1777196700000,9990.53871966971
2549,1777197000000,9990.53871966971
2550,1777197300000,9990.53871966971
2551,1777197600000,9990.53871966971
2552,1777197900000,9990.53871966971
2553,1777198200000,9990.53871966971
2554,1777198500000,9990.53871966971
2555,1777198800000,9990.53871966971
2556,1777199100000,9990.53871966971
2557,1777199400000,9990.53871966971
2558,1777199700000,9990.53871966971
2559,1777200000000,9990.53871966971
2560,1777200300000,9990.53871966971
2561,1777200600000,9990.53871966971
2562,1777200900000,9990.53871966971
2563,1777201200000,9990.53871966971
2564,1777201500000,9990.53871966971
2565,1777201800000,9990.53871966971
2566,1777202100000,9990.53871966971
2567,1777202400000,9990.53871966971
2568,1777202700000,9986.542504181843
2569,1777203000000,9982.233952438923
2570,1777203300000,9978.241058857946
2571,1777203600000,9976.500805002363
2572,1777203900000,9976.500805002363
2573,1777204200000,9976.500805002363
2574,1777204500000,9976.500805002363
2575,1777204800000,9976.500805002363
2576,1777205100000,9976.500805002363
2577,1777205400000,9976.500805002363
2578,1777205700000,9976.500805002363
2579,1777206000000,9976.500805002363
2580,1777206300000,9976.500805002363
2581,1777206600000,9976.500805002363
2582,1777206900000,9976.500805002363
2583,1777207200000,9976.500805002363
2584,1777207500000,9976.500805002363
2585,1777207800000,9972.511002640833
2586,1777208100000,9970.063570353776
2587,1777208400000,9970.063570353776
2588,1777208700000,9970.063570353776
2589,1777209000000,9970.063570353776
2590,1777209300000,9970.063570353776
2591,1777209600000,9970.063570353776
2592,1777209900000,9970.063570353776
2593,1777210200000,9970.063570353776
2594,1777210500000,9970.063570353776
2595,1777210800000,9970.063570353776
2596,1777211100000,9970.063570353776
2597,1777211400000,9970.063570353776
2598,1777211700000,9970.063570353776
2599,1777212000000,9970.063570353776
2600,1777212300000,9970.063570353776
2601,1777212600000,9970.063570353776
2602,1777212900000,9970.063570353776
2603,1777213200000,9970.063570353776
2604,1777213500000,9970.063570353776
2605,1777213800000,9970.063570353776
2606,1777214100000,9970.063570353776
2607,1777214400000,9970.063570353776
2608,1777214700000,9970.063570353776
2609,1777215000000,9970.063570353776
2610,1777215300000,9970.063570353776
2611,1777215600000,9970.063570353776
2612,1777215900000,9970.063570353776
2613,1777216200000,9970.063570353776
2614,1777216500000,9970.063570353776
2615,1777216800000,9970.063570353776
2616,1777217100000,9970.063570353776
2617,1777217400000,9970.063570353776
2618,1777217700000,9970.063570353776
2619,1777218000000,9970.063570353776
2620,1777218300000,9970.063570353776
2621,1777218600000,9970.063570353776
2622,1777218900000,9970.063570353776
2623,1777219200000,9970.063570353776
2624,1777219500000,9970.063570353776
2625,1777219800000,9970.063570353776
2626,1777220100000,9970.063570353776
2627,1777220400000,9970.063570353776
2628,1777220700000,9970.063570353776
2629,1777221000000,9970.063570353776
2630,1777221300000,9970.063570353776
2631,1777221600000,9970.063570353776
2632,1777221900000,9970.063570353776
2633,1777222200000,9970.063570353776
2634,1777222500000,9970.063570353776
2635,1777222800000,9970.063570353776
2636,1777223100000,9970.063570353776
2637,1777223400000,9970.063570353776
2638,1777223700000,9970.063570353776
2639,1777224000000,9970.063570353776
2640,1777224300000,9970.063570353776
2641,1777224600000,9970.063570353776
2642,1777224900000,9970.063570353776
2643,1777225200000,9970.063570353776
2644,1777225500000,9970.063570353776
2645,1777225800000,9970.063570353776
2646,1777226100000,9970.063570353776
2647,1777226400000,9970.063570353776
2648,1777226700000,9970.063570353776
2649,1777227000000,9970.063570353776
2650,1777227300000,9970.063570353776
2651,1777227600000,9970.063570353776
2652,1777227900000,9970.063570353776
2653,1777228200000,9970.063570353776
2654,1777228500000,9970.063570353776
2655,1777228800000,9970.063570353776
2656,1777229100000,9970.063570353776
2657,1777229400000,9970.063570353776
2658,1777229700000,9970.063570353776
2659,1777230000000,9970.063570353776
2660,1777230300000,9970.063570353776
2661,1777230600000,9970.063570353776
2662,1777230900000,9970.063570353776
2663,1777231200000,9970.063570353776
2664,1777231500000,9970.063570353776
2665,1777231800000,9970.063570353776
2666,1777232100000,9970.063570353776
2667,1777232400000,9970.063570353776
2668,1777232700000,9970.063570353776
2669,1777233000000,9970.063570353776
2670,1777233300000,9970.063570353776
2671,1777233600000,9970.063570353776
2672,1777233900000,9970.063570353776
2673,1777234200000,9970.063570353776
2674,1777234500000,9970.063570353776
2675,1777234800000,9970.063570353776
2676,1777235100000,9970.063570353776
2677,1777235400000,9970.063570353776
2678,1777235700000,9970.063570353776
2679,1777236000000,9970.063570353776
2680,1777236300000,9970.063570353776
2681,1777236600000,9970.063570353776
2682,1777236900000,9970.063570353776
2683,1777237200000,9970.063570353776
2684,1777237500000,9970.063570353776
2685,1777237800000,9970.063570353776
2686,1777238100000,9970.063570353776
2687,1777238400000,9970.063570353776
2688,1777238700000,9970.063570353776
2689,1777239000000,9970.063570353776
2690,1777239300000,9966.076342371232
2691,1777239600000,9963.49809265587
2692,1777239900000,9956.39733934143
2693,1777240200000,9975.586279845927
2694,1777240500000,9993.211363965698
2695,1777240800000,9998.241064230093
2696,1777241100000,10016.162013071298
2697,1777241400000,10019.416525007082
2698,1777241700000,10045.029956605596
2699,1777242000000,10030.44805247773
2700,1777242300000,10004.551041808465
2701,1777242600000,10004.551041808465
2702,1777242900000,10004.551041808465
2703,1777243200000,10004.551041808465
2704,1777243500000,10004.551041808465
2705,1777243800000,10004.551041808465
2706,1777244100000,10004.551041808465
2707,1777244400000,10004.551041808465
2708,1777244700000,10004.551041808465
2709,1777245000000,10004.551041808465
2710,1777245300000,10004.551041808465
2711,1777245600000,10004.551041808465
2712,1777245900000,10004.551041808465
2713,1777246200000,10004.551041808465
2714,1777246500000,10004.551041808465
2715,1777246800000,10004.551041808465
2716,1777247100000,10004.551041808465
2717,1777247400000,10004.551041808465
2718,1777247700000,10004.551041808465
2719,1777248000000,10004.551041808465
2720,1777248300000,10004.551041808465
2721,1777248600000,10004.551041808465
2722,1777248900000,10004.551041808465
2723,1777249200000,10004.551041808465
2724,1777249500000,10004.551041808465
2725,1777249800000,10004.551041808465
2726,1777250100000,10004.551041808465
2727,1777250400000,10004.551041808465
2728,1777250700000,10004.551041808465
2729,1777251000000,10004.551041808465
2730,1777251300000,10004.551041808465
2731,1777251600000,10004.551041808465
2732,1777251900000,10004.551041808465
2733,1777252200000,10004.551041808465
2734,1777252500000,10004.551041808465
2735,1777252800000,10004.551041808465
2736,1777253100000,10004.551041808465
2737,1777253400000,10004.551041808465
2738,1777253700000,10004.551041808465
2739,1777254000000,10004.551041808465
2740,1777254300000,10004.551041808465
2741,1777254600000,10004.551041808465
2742,1777254900000,10004.551041808465
2743,1777255200000,10004.551041808465
2744,1777255500000,10004.551041808465
2745,1777255800000,10004.551041808465
2746,1777256100000,10004.551041808465
2747,1777256400000,10004.551041808465
2748,1777256700000,10004.551041808465
2749,1777257000000,10004.551041808465
2750,1777257300000,10004.551041808465
2751,1777257600000,10004.551041808465
2752,1777257900000,10004.551041808465
2753,1777258200000,10004.551041808465
2754,1777258500000,10004.551041808465
2755,1777258800000,10004.551041808465
2756,1777259100000,10004.551041808465
2757,1777259400000,10004.551041808465
2758,1777259700000,10004.551041808465
2759,1777260000000,10004.551041808465
2760,1777260300000,10004.551041808465
2761,1777260600000,10004.551041808465
2762,1777260900000,10004.551041808465
2763,1777261200000,10004.551041808465
2764,1777261500000,10004.551041808465
2765,1777261800000,10004.551041808465
2766,1777262100000,10004.551041808465
2767,1777262400000,10004.551041808465
2768,1777262700000,10004.551041808465
2769,1777263000000,10004.551041808465
2770,1777263300000,10004.551041808465
2771,1777263600000,10004.551041808465
2772,1777263900000,10004.551041808465
2773,1777264200000,10004.551041808465
2774,1777264500000,10004.551041808465
2775,1777264800000,10004.551041808465
2776,1777265100000,10004.551041808465
2777,1777265400000,10004.551041808465
2778,1777265700000,10004.551041808465
2779,1777266000000,10004.551041808465
2780,1777266300000,10004.551041808465
2781,1777266600000,10004.551041808465
2782,1777266900000,10004.551041808465
2783,1777267200000,10004.551041808465
2784,1777267500000,10004.551041808465
2785,1777267800000,10004.551041808465
2786,1777268100000,10004.551041808465
2787,1777268400000,10004.551041808465
2788,1777268700000,10004.551041808465
2789,1777269000000,10004.551041808465
2790,1777269300000,10004.551041808465
2791,1777269600000,10004.551041808465
2792,1777269900000,10004.551041808465
2793,1777270200000,10004.551041808465
2794,1777270500000,10004.551041808465
2795,1777270800000,10004.551041808465
2796,1777271100000,10004.551041808465
2797,1777271400000,10004.551041808465
2798,1777271700000,10004.551041808465
2799,1777272000000,10004.551041808465
2800,1777272300000,10004.551041808465
2801,1777272600000,10004.551041808465
2802,1777272900000,10004.551041808465
2803,1777273200000,10004.551041808465
2804,1777273500000,10004.551041808465
2805,1777273800000,10004.551041808465
2806,1777274100000,10004.551041808465
2807,1777274400000,10004.551041808465
2808,1777274700000,10004.551041808465
2809,1777275000000,10004.551041808465
2810,1777275300000,10004.551041808465
2811,1777275600000,10004.551041808465
2812,1777275900000,10004.551041808465
2813,1777276200000,10004.551041808465
2814,1777276500000,10004.551041808465
2815,1777276800000,10004.551041808465
2816,1777277100000,10004.551041808465
2817,1777277400000,10004.551041808465
2818,1777277700000,10004.551041808465
2819,1777278000000,10004.551041808465
2820,1777278300000,10004.551041808465
2821,1777278600000,10004.551041808465
2822,1777278900000,10004.551041808465
2823,1777279200000,10004.551041808465
2824,1777279500000,10004.551041808465
2825,1777279800000,10004.551041808465
2826,1777280100000,10004.551041808465
2827,1777280400000,10004.551041808465
2828,1777280700000,10004.551041808465
2829,1777281000000,10004.551041808465
2830,1777281300000,10004.551041808465
2831,1777281600000,10004.551041808465
2832,1777281900000,10004.551041808465
2833,1777282200000,10004.551041808465
2834,1777282500000,10004.551041808465
2835,1777282800000,10004.551041808465
2836,1777283100000,10004.551041808465
2837,1777283400000,10004.551041808465
2838,1777283700000,10004.551041808465
2839,1777284000000,10004.551041808465
2840,1777284300000,10004.551041808465
2841,1777284600000,10004.551041808465
2842,1777284900000,10004.551041808465
2843,1777285200000,10004.551041808465
2844,1777285500000,10004.551041808465
2845,1777285800000,10004.551041808465
2846,1777286100000,10004.551041808465
2847,1777286400000,10004.551041808465
2848,1777286700000,10004.551041808465
2849,1777287000000,10004.551041808465
2850,1777287300000,10004.551041808465
2851,1777287600000,10004.551041808465
2852,1777287900000,10004.551041808465
2853,1777288200000,10004.551041808465
2854,1777288500000,10004.551041808465
2855,1777288800000,10004.551041808465
2856,1777289100000,10004.551041808465
2857,1777289400000,10004.551041808465
2858,1777289700000,10004.551041808465
2859,1777290000000,10004.551041808465
2860,1777290300000,10004.551041808465
2861,1777290600000,10004.551041808465
2862,1777290900000,10004.551041808465
2863,1777291200000,10004.551041808465
2864,1777291500000,10004.551041808465
2865,1777291800000,10004.551041808465
2866,1777292100000,10004.551041808465
2867,1777292400000,10004.551041808465
2868,1777292700000,10004.551041808465
2869,1777293000000,10004.551041808465
2870,1777293300000,10004.551041808465
2871,1777293600000,10000.550021595784
2872,1777293900000,10003.802712508383
2873,1777294200000,10003.802712508383
2874,1777294500000,10003.802712508383
2875,1777294800000,10003.802712508383
2876,1777295100000,10003.802712508383
2877,1777295400000,10003.802712508383
2878,1777295700000,10003.802712508383
2879,1777296000000,10003.802712508383
