step,timestamp,equity
0,1772112300000,10000.0
1,1772112600000,10000.0
2,1772112900000,10000.0
3,1772113200000,10000.0
4,1772113500000,10000.0
5,1772113800000,10000.0
6,1772114100000,10000.0
7,1772114400000,10000.0
8,1772114700000,10000.0
9,1772115000000,10000.0
10,1772115300000,10000.0
11,1772115600000,10000.0
12,1772115900000,10000.0
13,1772116200000,10000.0
14,1772116500000,10000.0
15,1772116800000,10000.0
16,1772117100000,10000.0
17,1772117400000,10000.0
18,1772117700000,10000.0
19,1772118000000,10000.0
20,1772118300000,10000.0
21,1772118600000,10000.0
22,1772118900000,10000.0
23,1772119200000,10000.0
24,1772119500000,10000.0
25,1772119800000,10000.0
26,1772120100000,10000.0
27,1772120400000,10000.0
28,1772120700000,10000.0
29,1772121000000,10000.0
30,1772121300000,10000.0
31,1772121600000,10000.0
32,1772121900000,10000.0
33,1772122200000,10000.0
34,1772122500000,10000.0
35,1772122800000,10000.0
36,1772123100000,10000.0
37,1772123400000,10000.0
38,1772123700000,10000.0
39,1772124000000,10000.0
40,1772124300000,10000.0
41,1772124600000,10000.0
42,1772124900000,10000.0
43,1772125200000,10000.0
44,1772125500000,10000.0
45,1772125800000,10000.0
46,1772126100000,10000.0
47,1772126400000,10000.0
48,1772126700000,10000.0
49,1772127000000,10000.0
50,1772127300000,10000.0
51,1772127600000,10000.0
52,1772127900000,10000.0
53,1772128200000,10000.0
54,1772128500000,10000.0
55,1772128800000,10000.0
56,1772129100000,10000.0
57,1772129400000,10000.0
58,1772129700000,10000.0
59,1772130000000,10000.0
60,1772130300000,10000.0
61,1772130600000,10000.0
62,1772130900000,10000.0
63,1772131200000,10000.0
64,1772131500000,10000.0
65,1772131800000,10000.0
66,1772132100000,10000.0
67,1772132400000,10000.0
68,1772132700000,10000.0
69,1772133000000,10000.0
70,1772133300000,10000.0
71,1772133600000,10000.0
72,1772133900000,10000.0
73,1772134200000,10000.0
74,1772134500000,10000.0
75,1772134800000,10000.0
76,1772135100000,10000.0
77,1772135400000,10000.0
78,1772135700000,10000.0
79,1772136000000,10000.0
80,1772136300000,10000.0
81,1772136600000,10000.0
82,1772136900000,10000.0
83,1772137200000,10000.0
84,1772137500000,10000.0
85,1772137800000,10000.0
86,1772138100000,10000.0
87,1772138400000,10000.0
88,1772138700000,10000.0
89,1772139000000,10000.0
90,1772139300000,10000.0
91,1772139600000,10000.0
92,1772139900000,10000.0
93,1772140200000,10000.0
94,1772140500000,10000.0
95,1772140800000,10000.0
96,1772141100000,10000.0
97,1772141400000,10000.0
98,1772141700000,10000.0
99,1772142000000,10000.0
100,1772142300000,10000.0
101,1772142600000,10000.0
102,1772142900000,10000.0
103,1772143200000,10000.0
104,1772143500000,10000.0
105,1772143800000,10000.0
106,1772144100000,10000.0
107,1772144400000,10000.0
108,1772144700000,10000.0
109,1772145000000,10000.0
110,1772145300000,10000.0
111,1772145600000,10000.0
112,1772145900000,10000.0
113,1772146200000,10000.0
114,1772146500000,10000.0
115,1772146800000,10000.0
116,1772147100000,10000.0
117,1772147400000,10000.0
118,1772147700000,10000.0
119,1772148000000,10000.0
120,1772148300000,10000.0
121,1772148600000,10000.0
122,1772148900000,10000.0
123,1772149200000,10000.0
124,1772149500000,10000.0
125,1772149800000,10000.0
126,1772150100000,10000.0
127,1772150400000,10000.0
128,1772150700000,10000.0
129,1772151000000,10000.0
130,1772151300000,10000.0
131,1772151600000,10000.0
132,1772151900000,10000.0
133,1772152200000,10000.0
134,1772152500000,10000.0
135,1772152800000,10000.0
136,1772153100000,10000.0
137,1772153400000,10000.0
138,1772153700000,10000.0
139,1772154000000,10000.0
140,1772154300000,10000.0
141,1772154600000,10000.0
142,1772154900000,10000.0
143,1772155200000,10000.0
144,1772155500000,10000.0
145,1772155800000,10000.0
146,1772156100000,10000.0
147,1772156400000,10000.0
148,1772156700000,10000.0
149,1772157000000,10000.0
150,1772157300000,10000.0
151,1772157600000,10000.0
152,1772157900000,10000.0
153,1772158200000,10000.0
154,1772158500000,10000.0
155,1772158800000,10000.0
156,1772159100000,10000.0
157,1772159400000,10000.0
158,1772159700000,10000.0
159,1772160000000,10000.0
160,1772160300000,10000.0
161,1772160600000,10000.0
162,1772160900000,10000.0
163,1772161200000,10000.0
164,1772161500000,10000.0
165,1772161800000,10000.0
166,1772162100000,10000.0
167,1772162400000,10000.0
168,1772162700000,10000.0
169,1772163000000,10000.0
170,1772163300000,10000.0
171,1772163600000,10000.0
172,1772163900000,10000.0
173,1772164200000,10000.0
174,1772164500000,10000.0
175,1772164800000,10000.0
176,1772165100000,10000.0
177,1772165400000,10000.0
178,1772165700000,10000.0
179,1772166000000,10000.0
180,1772166300000,10000.0
181,1772166600000,10000.0
182,1772166900000,10000.0
183,1772167200000,10000.0
184,1772167500000,10000.0
185,1772167800000,10000.0
186,1772168100000,10000.0
187,1772168400000,10000.0
188,1772168700000,10000.0
189,1772169000000,10000.0
190,1772169300000,10000.0
191,1772169600000,10000.0
192,1772169900000,10000.0
193,1772170200000,10000.0
194,1772170500000,10000.0
195,1772170800000,10000.0
196,1772171100000,10000.0
197,1772171400000,10000.0
198,1772171700000,10000.0
199,1772172000000,10000.0
200,1772172300000,10000.0
201,1772172600000,10000.0
202,1772172900000,10000.0
203,1772173200000,10000.0
204,1772173500000,10000.0
205,1772173800000,10000.0
206,1772174100000,10000.0
207,1772174400000,10000.0
208,1772174700000,10000.0
209,1772175000000,10000.0
210,1772175300000,10000.0
211,1772175600000,10000.0
212,1772175900000,10000.0
213,1772176200000,10000.0
214,1772176500000,10000.0
215,1772176800000,10000.0
216,1772177100000,10000.0
217,1772177400000,10000.0
218,1772177700000,10000.0
219,1772178000000,10000.0
220,1772178300000,10000.0
221,1772178600000,10000.0
222,1772178900000,10000.0
223,1772179200000,10000.0
224,1772179500000,10000.0
225,1772179800000,10000.0
226,1772180100000,10000.0
227,1772180400000,10000.0
228,1772180700000,10000.0
229,1772181000000,10000.0
230,1772181300000,10000.0
231,1772181600000,10000.0
232,1772181900000,10000.0
233,1772182200000,10000.0
234,1772182500000,10000.0
235,1772182800000,10000.0
236,1772183100000,10000.0
237,1772183400000,10000.0
238,1772183700000,10000.0
239,1772184000000,10000.0
240,1772184300000,10000.0
241,1772184600000,10000.0
242,1772184900000,10000.0
243,1772185200000,10000.0
244,1772185500000,10000.0
245,1772185800000,10000.0
246,1772186100000,10000.0
247,1772186400000,10000.0
248,1772186700000,10000.0
249,1772187000000,10000.0
250,1772187300000,10000.0
251,1772187600000,10000.0
252,1772187900000,10000.0
253,1772188200000,10000.0
254,1772188500000,10000.0
255,1772188800000,10000.0
256,1772189100000,10000.0
257,1772189400000,10000.0
258,1772189700000,10000.0
259,1772190000000,10000.0
260,1772190300000,10000.0
261,1772190600000,10000.0
262,1772190900000,10000.0
263,1772191200000,10000.0
264,1772191500000,10000.0
265,1772191800000,10000.0
266,1772192100000,10000.0
267,1772192400000,10000.0
268,1772192700000,10000.0
269,1772193000000,10000.0
270,1772193300000,10000.0
271,1772193600000,10000.0
272,1772193900000,10000.0
273,1772194200000,10000.0
274,1772194500000,10000.0
275,1772194800000,10000.0
276,1772195100000,10000.0
277,1772195400000,10000.0
278,1772195700000,10000.0
279,1772196000000,10000.0
280,1772196300000,10000.0
281,1772196600000,10000.0
282,1772196900000,10000.0
283,1772197200000,10000.0
284,1772197500000,10000.0
285,1772197800000,10000.0
286,1772198100000,10000.0
287,1772198400000,10000.0
288,1772198700000,10000.0
289,1772199000000,10000.0
290,1772199300000,10000.0
291,1772199600000,10000.0
292,1772199900000,10000.0
293,1772200200000,10000.0
294,1772200500000,10000.0
295,1772200800000,10000.0
296,1772201100000,10000.0
297,1772201400000,10000.0
298,1772201700000,10000.0
299,1772202000000,10000.0
300,1772202300000,10000.0
301,1772202600000,10000.0
302,1772202900000,10000.0
303,1772203200000,10000.0
304,1772203500000,10000.0
305,1772203800000,10000.0
306,1772204100000,10000.0
307,1772204400000,10000.0
308,1772204700000,10000.0
309,1772205000000,10000.0
310,1772205300000,10000.0
311,1772205600000,10000.0
312,1772205900000,10000.0
313,1772206200000,10000.0
314,1772206500000,10000.0
315,1772206800000,10000.0
316,1772207100000,10000.0
317,1772207400000,10000.0
318,1772207700000,10000.0
319,1772208000000,10000.0
320,1772208300000,10000.0
321,1772208600000,10000.0
322,1772208900000,10000.0
323,1772209200000,10000.0
324,1772209500000,10000.0
325,1772209800000,10000.0
326,1772210100000,10000.0
327,1772210400000,10000.0
328,1772210700000,10000.0
329,1772211000000,10000.0
330,1772211300000,10000.0
331,1772211600000,10000.0
332,1772211900000,10000.0
333,1772212200000,10000.0
334,1772212500000,10000.0
335,1772212800000,10000.0
336,1772213100000,10000.0
337,1772213400000,10000.0
338,1772213700000,10000.0
339,1772214000000,10000.0
340,1772214300000,10000.0
341,1772214600000,10000.0
342,1772214900000,10000.0
343,1772215200000,10000.0
344,1772215500000,10000.0
345,1772215800000,10000.0
346,1772216100000,10000.0
347,1772216400000,10000.0
348,1772216700000,10000.0
349,1772217000000,10000.0
350,1772217300000,10000.0
351,1772217600000,10000.0
352,1772217900000,10000.0
353,1772218200000,10000.0
354,1772218500000,10000.0
355,1772218800000,10000.0
356,1772219100000,10000.0
357,1772219400000,10000.0
358,1772219700000,10000.0
359,1772220000000,10000.0
360,1772220300000,10000.0
361,1772220600000,10000.0
362,1772220900000,10000.0
363,1772221200000,10000.0
364,1772221500000,10000.0
365,1772221800000,10000.0
366,1772222100000,10000.0
367,1772222400000,10000.0
368,1772222700000,10000.0
369,1772223000000,10000.0
370,1772223300000,10000.0
371,1772223600000,10000.0
372,1772223900000,10000.0
373,1772224200000,10000.0
374,1772224500000,10000.0
375,1772224800000,10000.0
376,1772225100000,10000.0
377,1772225400000,10000.0
378,1772225700000,10000.0
379,1772226000000,10000.0
380,1772226300000,10000.0
381,1772226600000,10000.0
382,1772226900000,10000.0
383,1772227200000,10000.0
384,1772227500000,10000.0
385,1772227800000,10000.0
386,1772228100000,10000.0
387,1772228400000,10000.0
388,1772228700000,10000.0
389,1772229000000,10000.0
390,1772229300000,10000.0
391,1772229600000,10000.0
392,1772229900000,10000.0
393,1772230200000,10000.0
394,1772230500000,10000.0
395,1772230800000,10000.0
396,1772231100000,10000.0
397,1772231400000,10000.0
398,1772231700000,10000.0
399,1772232000000,10000.0
400,1772232300000,10000.0
401,1772232600000,10000.0
402,1772232900000,10000.0
403,1772233200000,10000.0
404,1772233500000,10000.0
405,1772233800000,10000.0
406,1772234100000,10000.0
407,1772234400000,10000.0
408,1772234700000,10000.0
409,1772235000000,10000.0
410,1772235300000,10000.0
411,1772235600000,10000.0
412,1772235900000,10000.0
413,1772236200000,10000.0
414,1772236500000,10000.0
415,1772236800000,10000.0
416,1772237100000,10000.0
417,1772237400000,10000.0
418,1772237700000,10000.0
419,1772238000000,10000.0
420,1772238300000,10000.0
421,1772238600000,10000.0
422,1772238900000,10000.0
423,1772239200000,10000.0
424,1772239500000,10000.0
425,1772239800000,10000.0
426,1772240100000,10000.0
427,1772240400000,10000.0
428,1772240700000,10000.0
429,1772241000000,10000.0
430,1772241300000,10000.0
431,1772241600000,10000.0
432,1772241900000,10000.0
433,1772242200000,10000.0
434,1772242500000,10000.0
435,1772242800000,10000.0
436,1772243100000,10000.0
437,1772243400000,10000.0
438,1772243700000,10000.0
439,1772244000000,10000.0
440,1772244300000,10000.0
441,1772244600000,10000.0
442,1772244900000,10000.0
443,1772245200000,10000.0
444,1772245500000,10000.0
445,1772245800000,10000.0
446,1772246100000,10000.0
447,1772246400000,10000.0
448,1772246700000,10000.0
449,1772247000000,10000.0
450,1772247300000,10000.0
451,1772247600000,10000.0
452,1772247900000,10000.0
453,1772248200000,10000.0
454,1772248500000,10000.0
455,1772248800000,10000.0
456,1772249100000,10000.0
457,1772249400000,10000.0
458,1772249700000,10000.0
459,1772250000000,10000.0
460,1772250300000,10000.0
461,1772250600000,10000.0
462,1772250900000,10000.0
463,1772251200000,10000.0
464,1772251500000,10000.0
465,1772251800000,10000.0
466,1772252100000,10000.0
467,1772252400000,10000.0
468,1772252700000,10000.0
469,1772253000000,10000.0
470,1772253300000,10000.0
471,1772253600000,10000.0
472,1772253900000,10000.0
473,1772254200000,10000.0
474,1772254500000,10000.0
475,1772254800000,10000.0
476,1772255100000,10000.0
477,1772255400000,10000.0
478,1772255700000,10000.0
479,1772256000000,10000.0
480,1772256300000,10000.0
481,1772256600000,10000.0
482,1772256900000,10000.0
483,1772257200000,10000.0
484,1772257500000,10000.0
485,1772257800000,10000.0
486,1772258100000,10000.0
487,1772258400000,10000.0
488,1772258700000,10000.0
489,1772259000000,10000.0
490,1772259300000,10000.0
491,1772259600000,10000.0
492,1772259900000,10000.0
493,1772260200000,10000.0
494,1772260500000,10000.0
495,1772260800000,10000.0
496,1772261100000,10000.0
497,1772261400000,10000.0
498,1772261700000,10000.0
499,1772262000000,10000.0
500,1772262300000,10000.0
501,1772262600000,10000.0
502,1772262900000,10000.0
503,1772263200000,10000.0
504,1772263500000,10000.0
505,1772263800000,10000.0
506,1772264100000,10000.0
507,1772264400000,10000.0
508,1772264700000,10000.0
509,1772265000000,10000.0
510,1772265300000,10000.0
511,1772265600000,10000.0
512,1772265900000,10000.0
513,1772266200000,10000.0
514,1772266500000,10000.0
515,1772266800000,10000.0
516,1772267100000,10000.0
517,1772267400000,10000.0
518,1772267700000,10000.0
519,1772268000000,10000.0
520,1772268300000,10000.0
521,1772268600000,10000.0
522,1772268900000,10000.0
523,1772269200000,10000.0
524,1772269500000,10000.0
525,1772269800000,10000.0
526,1772270100000,10000.0
527,1772270400000,10000.0
528,1772270700000,10000.0
529,1772271000000,10000.0
530,1772271300000,10000.0
531,1772271600000,10000.0
532,1772271900000,10000.0
533,1772272200000,10000.0
534,1772272500000,10000.0
535,1772272800000,10000.0
536,1772273100000,10000.0
537,1772273400000,10000.0
538,1772273700000,10000.0
539,1772274000000,10000.0
540,1772274300000,10000.0
541,1772274600000,10000.0
542,1772274900000,10000.0
543,1772275200000,10000.0
544,1772275500000,10000.0
545,1772275800000,10000.0
546,1772276100000,10000.0
547,1772276400000,10000.0
548,1772276700000,10000.0
549,1772277000000,10000.0
550,1772277300000,10000.0
551,1772277600000,10000.0
552,1772277900000,10000.0
553,1772278200000,10000.0
554,1772278500000,10000.0
555,1772278800000,10000.0
556,1772279100000,10000.0
557,1772279400000,10000.0
558,1772279700000,10000.0
559,1772280000000,10000.0
560,1772280300000,10000.0
561,1772280600000,10000.0
562,1772280900000,10000.0
563,1772281200000,10000.0
564,1772281500000,10000.0
565,1772281800000,10000.0
566,1772282100000,10000.0
567,1772282400000,10000.0
568,1772282700000,10000.0
569,1772283000000,10000.0
570,1772283300000,10000.0
571,1772283600000,10000.0
572,1772283900000,10000.0
573,1772284200000,10000.0
574,1772284500000,10000.0
575,1772284800000,10000.0
576,1772285100000,10000.0
577,1772285400000,10000.0
578,1772285700000,10000.0
579,1772286000000,10000.0
580,1772286300000,10000.0
581,1772286600000,10000.0
582,1772286900000,10000.0
583,1772287200000,10000.0
584,1772287500000,10000.0
585,1772287800000,10000.0
586,1772288100000,10000.0
587,1772288400000,10000.0
588,1772288700000,10000.0
589,1772289000000,10000.0
590,1772289300000,10000.0
591,1772289600000,10000.0
592,1772289900000,10000.0
593,1772290200000,10000.0
594,1772290500000,10000.0
595,1772290800000,10000.0
596,1772291100000,10000.0
597,1772291400000,10000.0
598,1772291700000,10000.0
599,1772292000000,10000.0
600,1772292300000,10000.0
601,1772292600000,10000.0
602,1772292900000,10000.0
603,1772293200000,10000.0
604,1772293500000,10000.0
605,1772293800000,10000.0
606,1772294100000,10000.0
607,1772294400000,10000.0
608,1772294700000,10000.0
609,1772295000000,10000.0
610,1772295300000,10000.0
611,1772295600000,10000.0
612,1772295900000,10000.0
613,1772296200000,10000.0
614,1772296500000,10000.0
615,1772296800000,10000.0
616,1772297100000,10000.0
617,1772297400000,10000.0
618,1772297700000,10000.0
619,1772298000000,10000.0
620,1772298300000,10000.0
621,1772298600000,10000.0
622,1772298900000,10000.0
623,1772299200000,10000.0
624,1772299500000,10000.0
625,1772299800000,10000.0
626,1772300100000,10000.0
627,1772300400000,10000.0
628,1772300700000,10000.0
629,1772301000000,10000.0
630,1772301300000,10000.0
631,1772301600000,10000.0
632,1772301900000,10000.0
633,1772302200000,10000.0
634,1772302500000,10000.0
635,1772302800000,10000.0
636,1772303100000,10000.0
637,1772303400000,10000.0
638,1772303700000,10000.0
639,1772304000000,10000.0
640,1772304300000,10000.0
641,1772304600000,10000.0
642,1772304900000,10000.0
643,1772305200000,10000.0
644,1772305500000,10000.0
645,1772305800000,10000.0
646,1772306100000,10000.0
647,1772306400000,10000.0
648,1772306700000,10000.0
649,1772307000000,10000.0
650,1772307300000,10000.0
651,1772307600000,10000.0
652,1772307900000,10000.0
653,1772308200000,10000.0
654,1772308500000,10000.0
655,1772308800000,10000.0
656,1772309100000,10000.0
657,1772309400000,10000.0
658,1772309700000,10000.0
659,1772310000000,10000.0
660,1772310300000,10000.0
661,1772310600000,10000.0
662,1772310900000,10000.0
663,1772311200000,10000.0
664,1772311500000,10000.0
665,1772311800000,10000.0
666,1772312100000,10000.0
667,1772312400000,10000.0
668,1772312700000,10000.0
669,1772313000000,10000.0
670,1772313300000,10000.0
671,1772313600000,10000.0
672,1772313900000,10000.0
673,1772314200000,10000.0
674,1772314500000,10000.0
675,1772314800000,10000.0
676,1772315100000,10000.0
677,1772315400000,10000.0
678,1772315700000,10000.0
679,1772316000000,10000.0
680,1772316300000,10000.0
681,1772316600000,10000.0
682,1772316900000,10000.0
683,1772317200000,10000.0
684,1772317500000,10000.0
685,1772317800000,10000.0
686,1772318100000,10000.0
687,1772318400000,10000.0
688,1772318700000,10000.0
689,1772319000000,10000.0
690,1772319300000,10000.0
691,1772319600000,10000.0
692,1772319900000,10000.0
693,1772320200000,10000.0
694,1772320500000,10000.0
695,1772320800000,10000.0
696,1772321100000,10000.0
697,1772321400000,10000.0
698,1772321700000,10000.0
699,1772322000000,10000.0
700,1772322300000,10000.0
701,1772322600000,10000.0
702,1772322900000,10000.0
703,1772323200000,10000.0
704,1772323500000,10000.0
705,1772323800000,10000.0
706,1772324100000,10000.0
707,1772324400000,10000.0
708,1772324700000,10000.0
709,1772325000000,10000.0
710,1772325300000,10000.0
711,1772325600000,10000.0
712,1772325900000,10000.0
713,1772326200000,10000.0
714,1772326500000,10000.0
715,1772326800000,10000.0
716,1772327100000,10000.0
717,1772327400000,10000.0
718,1772327700000,10000.0
719,1772328000000,10000.0
720,1772328300000,10000.0
721,1772328600000,10000.0
722,1772328900000,10000.0
723,1772329200000,10000.0
724,1772329500000,10000.0
725,1772329800000,10000.0
726,1772330100000,10000.0
727,1772330400000,10000.0
728,1772330700000,10000.0
729,1772331000000,10000.0
730,1772331300000,10000.0
731,1772331600000,10000.0
732,1772331900000,10000.0
733,1772332200000,10000.0
734,1772332500000,10000.0
735,1772332800000,10000.0
736,1772333100000,10000.0
737,1772333400000,10000.0
738,1772333700000,10000.0
739,1772334000000,10000.0
740,1772334300000,10000.0
741,1772334600000,10000.0
742,1772334900000,10000.0
743,1772335200000,10000.0
744,1772335500000,10000.0
745,1772335800000,10000.0
746,1772336100000,10000.0
747,1772336400000,10000.0
748,1772336700000,10000.0
749,1772337000000,10000.0
750,1772337300000,10000.0
751,1772337600000,10000.0
752,1772337900000,10000.0
753,1772338200000,10000.0
754,1772338500000,10000.0
755,1772338800000,10000.0
756,1772339100000,10000.0
757,1772339400000,10000.0
758,1772339700000,10000.0
759,1772340000000,10000.0
760,1772340300000,10000.0
761,1772340600000,10000.0
762,1772340900000,10000.0
763,1772341200000,10000.0
764,1772341500000,10000.0
765,1772341800000,10000.0
766,1772342100000,10000.0
767,1772342400000,10000.0
768,1772342700000,10000.0
769,1772343000000,10000.0
770,1772343300000,10000.0
771,1772343600000,10000.0
772,1772343900000,10000.0
773,1772344200000,10000.0
774,1772344500000,10000.0
775,1772344800000,10000.0
776,1772345100000,10000.0
777,1772345400000,10000.0
778,1772345700000,10000.0
779,1772346000000,10000.0
780,1772346300000,10000.0
781,1772346600000,10000.0
782,1772346900000,10000.0
783,1772347200000,10000.0
784,1772347500000,10000.0
785,1772347800000,10000.0
786,1772348100000,10000.0
787,1772348400000,10000.0
788,1772348700000,10000.0
789,1772349000000,10000.0
790,1772349300000,10000.0
791,1772349600000,10000.0
792,1772349900000,10000.0
793,1772350200000,10000.0
794,1772350500000,10000.0
795,1772350800000,10000.0
796,1772351100000,10000.0
797,1772351400000,10000.0
798,1772351700000,10000.0
799,1772352000000,10000.0
800,1772352300000,10000.0
801,1772352600000,10000.0
802,1772352900000,10000.0
803,1772353200000,10000.0
804,1772353500000,10000.0
805,1772353800000,10000.0
806,1772354100000,10000.0
807,1772354400000,10000.0
808,1772354700000,10000.0
809,1772355000000,10000.0
810,1772355300000,10000.0
811,1772355600000,10000.0
812,1772355900000,10000.0
813,1772356200000,10000.0
814,1772356500000,10000.0
815,1772356800000,10000.0
816,1772357100000,10000.0
817,1772357400000,10000.0
818,1772357700000,10000.0
819,1772358000000,10000.0
820,1772358300000,10000.0
821,1772358600000,10000.0
822,1772358900000,10000.0
823,1772359200000,10000.0
824,1772359500000,10000.0
825,1772359800000,10000.0
826,1772360100000,10000.0
827,1772360400000,10000.0
828,1772360700000,10000.0
829,1772361000000,10000.0
830,1772361300000,10000.0
831,1772361600000,10000.0
832,1772361900000,10000.0
833,1772362200000,10000.0
834,1772362500000,10000.0
835,1772362800000,10000.0
836,1772363100000,10000.0
837,1772363400000,10000.0
838,1772363700000,10000.0
839,1772364000000,10000.0
840,1772364300000,10000.0
841,1772364600000,10000.0
842,1772364900000,10000.0
843,1772365200000,10000.0
844,1772365500000,10000.0
845,1772365800000,10000.0
846,1772366100000,10000.0
847,1772366400000,10000.0
848,1772366700000,10000.0
849,1772367000000,10000.0
850,1772367300000,10000.0
851,1772367600000,10000.0
852,1772367900000,10000.0
853,1772368200000,10000.0
854,1772368500000,10000.0
855,1772368800000,10000.0
856,1772369100000,10000.0
857,1772369400000,10000.0
858,1772369700000,10000.0
859,1772370000000,10000.0
860,1772370300000,10000.0
861,1772370600000,10000.0
862,1772370900000,10000.0
863,1772371200000,10000.0
864,1772371500000,10000.0
865,1772371800000,10000.0
866,1772372100000,10000.0
867,1772372400000,10000.0
868,1772372700000,10000.0
869,1772373000000,10000.0
870,1772373300000,10000.0
871,1772373600000,10000.0
872,1772373900000,10000.0
873,1772374200000,10000.0
874,1772374500000,10000.0
875,1772374800000,10000.0
876,1772375100000,10000.0
877,1772375400000,10000.0
878,1772375700000,10000.0
879,1772376000000,10000.0
880,1772376300000,10000.0
881,1772376600000,10000.0
882,1772376900000,10000.0
883,1772377200000,10000.0
884,1772377500000,10000.0
885,1772377800000,10000.0
886,1772378100000,10000.0
887,1772378400000,10000.0
888,1772378700000,10000.0
889,1772379000000,10000.0
890,1772379300000,10000.0
891,1772379600000,10000.0
892,1772379900000,10000.0
893,1772380200000,10000.0
894,1772380500000,10000.0
895,1772380800000,10000.0
896,1772381100000,10000.0
897,1772381400000,10000.0
898,1772381700000,10000.0
899,1772382000000,10000.0
900,1772382300000,10000.0
901,1772382600000,10000.0
902,1772382900000,10000.0
903,1772383200000,10000.0
904,1772383500000,10000.0
905,1772383800000,10000.0
906,1772384100000,10000.0
907,1772384400000,10000.0
908,1772384700000,10000.0
909,1772385000000,10000.0
910,1772385300000,10000.0
911,1772385600000,10000.0
912,1772385900000,10000.0
913,1772386200000,10000.0
914,1772386500000,10000.0
915,1772386800000,10000.0
916,1772387100000,10000.0
917,1772387400000,10000.0
918,1772387700000,10000.0
919,1772388000000,10000.0
920,1772388300000,10000.0
921,1772388600000,10000.0
922,1772388900000,10000.0
923,1772389200000,10000.0
924,1772389500000,10000.0
925,1772389800000,10000.0
926,1772390100000,10000.0
927,1772390400000,10000.0
928,1772390700000,10000.0
929,1772391000000,10000.0
930,1772391300000,10000.0
931,1772391600000,10000.0
932,1772391900000,10000.0
933,1772392200000,10000.0
934,1772392500000,10000.0
935,1772392800000,10000.0
936,1772393100000,10000.0
937,1772393400000,10000.0
938,1772393700000,10000.0
939,1772394000000,10000.0
940,1772394300000,10000.0
941,1772394600000,10000.0
942,1772394900000,10000.0
943,1772395200000,10000.0
944,1772395500000,10000.0
945,1772395800000,10000.0
946,1772396100000,10000.0
947,1772396400000,10000.0
948,1772396700000,10000.0
949,1772397000000,10000.0
950,1772397300000,10000.0
951,1772397600000,10000.0
952,1772397900000,10000.0
953,1772398200000,10000.0
954,1772398500000,10000.0
955,1772398800000,10000.0
956,1772399100000,10000.0
957,1772399400000,10000.0
958,1772399700000,10000.0
959,1772400000000,10000.0
960,1772400300000,10000.0
961,1772400600000,10000.0
962,1772400900000,10000.0
963,1772401200000,10000.0
964,1772401500000,10000.0
965,1772401800000,10000.0
966,1772402100000,10000.0
967,1772402400000,10000.0
968,1772402700000,10000.0
969,1772403000000,10000.0
970,1772403300000,10000.0
971,1772403600000,9996.0
972,1772403900000,10042.932187358638
973,1772404200000,10108.883990623843
974,1772404500000,10105.748324217626
975,1772404800000,10075.162725665172
976,1772405100000,10107.23905086976
977,1772405400000,10076.910474153885
978,1772405700000,10101.378952995847
979,1772406000000,10044.114487806884
980,1772406300000,9988.651407163714
981,1772406600000,9988.651407163714
982,1772406900000,9988.651407163714
983,1772407200000,9988.651407163714
984,1772407500000,9988.651407163714
985,1772407800000,9988.651407163714
986,1772408100000,9988.651407163714
987,1772408400000,9988.651407163714
988,1772408700000,9988.651407163714
989,1772409000000,9988.651407163714
990,1772409300000,9988.651407163714
991,1772409600000,9988.651407163714
992,1772409900000,9988.651407163714
993,1772410200000,9988.651407163714
994,1772410500000,9988.651407163714
995,1772410800000,9988.651407163714
996,1772411100000,9988.651407163714
997,1772411400000,9988.651407163714
998,1772411700000,9988.651407163714
999,1772412000000,9988.651407163714
1000,1772412300000,9988.651407163714
1001,1772412600000,9988.651407163714
1002,1772412900000,9988.651407163714
1003,1772413200000,9988.651407163714
1004,1772413500000,9988.651407163714
1005,1772413800000,9988.651407163714
1006,1772414100000,9988.651407163714
1007,1772414400000,9988.651407163714
1008,1772414700000,9988.651407163714
1009,1772415000000,9988.651407163714
1010,1772415300000,9988.651407163714
1011,1772415600000,9988.651407163714
1012,1772415900000,9988.651407163714
1013,1772416200000,9988.651407163714
1014,1772416500000,9988.651407163714
1015,1772416800000,9988.651407163714
1016,1772417100000,9988.651407163714
1017,1772417400000,9988.651407163714
1018,1772417700000,9988.651407163714
1019,1772418000000,9988.651407163714
1020,1772418300000,9988.651407163714
1021,1772418600000,9988.651407163714
1022,1772418900000,9988.651407163714
1023,1772419200000,9988.651407163714
1024,1772419500000,9988.651407163714
1025,1772419800000,9988.651407163714
1026,1772420100000,9988.651407163714
1027,1772420400000,9988.651407163714
1028,1772420700000,9988.651407163714
1029,1772421000000,9988.651407163714
1030,1772421300000,9988.651407163714
1031,1772421600000,9988.651407163714
1032,1772421900000,9988.651407163714
1033,1772422200000,9988.651407163714
1034,1772422500000,9988.651407163714
1035,1772422800000,9988.651407163714
1036,1772423100000,9988.651407163714
1037,1772423400000,9988.651407163714
1038,1772423700000,9988.651407163714
1039,1772424000000,9988.651407163714
1040,1772424300000,9988.651407163714
1041,1772424600000,9988.651407163714
1042,1772424900000,9988.651407163714
1043,1772425200000,9988.651407163714
1044,1772425500000,9988.651407163714
1045,1772425800000,9988.651407163714
1046,1772426100000,9988.651407163714
1047,1772426400000,9988.651407163714
1048,1772426700000,9988.651407163714
1049,1772427000000,9988.651407163714
1050,1772427300000,9988.651407163714
1051,1772427600000,9988.651407163714
1052,1772427900000,9988.651407163714
1053,1772428200000,9988.651407163714
1054,1772428500000,9988.651407163714
1055,1772428800000,9988.651407163714
1056,1772429100000,9988.651407163714
1057,1772429400000,9988.651407163714
1058,1772429700000,9988.651407163714
1059,1772430000000,9988.651407163714
1060,1772430300000,9988.651407163714
1061,1772430600000,9988.651407163714
1062,1772430900000,9988.651407163714
1063,1772431200000,9988.651407163714
1064,1772431500000,9988.651407163714
1065,1772431800000,9988.651407163714
1066,1772432100000,9988.651407163714
1067,1772432400000,9988.651407163714
1068,1772432700000,9988.651407163714
1069,1772433000000,9988.651407163714
1070,1772433300000,9988.651407163714
1071,1772433600000,9988.651407163714
1072,1772433900000,9988.651407163714
1073,1772434200000,9988.651407163714
1074,1772434500000,9988.651407163714
1075,1772434800000,9988.651407163714
1076,1772435100000,9988.651407163714
1077,1772435400000,9988.651407163714
1078,1772435700000,9988.651407163714
1079,1772436000000,9988.651407163714
1080,1772436300000,9988.651407163714
1081,1772436600000,9988.651407163714
1082,1772436900000,9988.651407163714
1083,1772437200000,9988.651407163714
1084,1772437500000,9988.651407163714
1085,1772437800000,9988.651407163714
1086,1772438100000,9988.651407163714
1087,1772438400000,9988.651407163714
1088,1772438700000,9988.651407163714
1089,1772439000000,9988.651407163714
1090,1772439300000,9988.651407163714
1091,1772439600000,9988.651407163714
1092,1772439900000,9988.651407163714
1093,1772440200000,9988.651407163714
1094,1772440500000,9988.651407163714
1095,1772440800000,9988.651407163714
1096,1772441100000,9988.651407163714
1097,1772441400000,9988.651407163714
1098,1772441700000,9988.651407163714
1099,1772442000000,9988.651407163714
1100,1772442300000,9988.651407163714
1101,1772442600000,9988.651407163714
1102,1772442900000,9988.651407163714
1103,1772443200000,9988.651407163714
1104,1772443500000,9988.651407163714
1105,1772443800000,9988.651407163714
1106,1772444100000,9988.651407163714
1107,1772444400000,9988.651407163714
1108,1772444700000,9988.651407163714
1109,1772445000000,9988.651407163714
1110,1772445300000,9988.651407163714
1111,1772445600000,9988.651407163714
1112,1772445900000,9988.651407163714
1113,1772446200000,9988.651407163714
1114,1772446500000,9988.651407163714
1115,1772446800000,9988.651407163714
1116,1772447100000,9988.651407163714
1117,1772447400000,9988.651407163714
1118,1772447700000,9988.651407163714
1119,1772448000000,9988.651407163714
1120,1772448300000,9988.651407163714
1121,1772448600000,9988.651407163714
1122,1772448900000,9988.651407163714
1123,1772449200000,9988.651407163714
1124,1772449500000,9988.651407163714
1125,1772449800000,9988.651407163714
1126,1772450100000,9988.651407163714
1127,1772450400000,9988.651407163714
1128,1772450700000,9988.651407163714
1129,1772451000000,9988.651407163714
1130,1772451300000,9988.651407163714
1131,1772451600000,9988.651407163714
1132,1772451900000,9988.651407163714
1133,1772452200000,9988.651407163714
1134,1772452500000,9988.651407163714
1135,1772452800000,9988.651407163714
1136,1772453100000,9988.651407163714
1137,1772453400000,9988.651407163714
1138,1772453700000,9988.651407163714
1139,1772454000000,9988.651407163714
1140,1772454300000,9988.651407163714
1141,1772454600000,9988.651407163714
1142,1772454900000,9988.651407163714
1143,1772455200000,9988.651407163714
1144,1772455500000,9988.651407163714
1145,1772455800000,9988.651407163714
1146,1772456100000,9988.651407163714
1147,1772456400000,9988.651407163714
1148,1772456700000,9988.651407163714
1149,1772457000000,9988.651407163714
1150,1772457300000,9988.651407163714
1151,1772457600000,9988.651407163714
1152,1772457900000,9988.651407163714
1153,1772458200000,9988.651407163714
1154,1772458500000,9988.651407163714
1155,1772458800000,9988.651407163714
1156,1772459100000,9988.651407163714
1157,1772459400000,9988.651407163714
1158,1772459700000,9988.651407163714
1159,1772460000000,9988.651407163714
1160,1772460300000,9988.651407163714
1161,1772460600000,9988.651407163714
1162,1772460900000,9988.651407163714
1163,1772461200000,9988.651407163714
1164,1772461500000,9988.651407163714
1165,1772461800000,9988.651407163714
1166,1772462100000,9988.651407163714
1167,1772462400000,9988.651407163714
1168,1772462700000,9988.651407163714
1169,1772463000000,9988.651407163714
1170,1772463300000,9988.651407163714
1171,1772463600000,9988.651407163714
1172,1772463900000,9988.651407163714
1173,1772464200000,9988.651407163714
1174,1772464500000,9988.651407163714
1175,1772464800000,9988.651407163714
1176,1772465100000,9988.651407163714
1177,1772465400000,9988.651407163714
1178,1772465700000,9988.651407163714
1179,1772466000000,9988.651407163714
1180,1772466300000,9988.651407163714
1181,1772466600000,9988.651407163714
1182,1772466900000,9988.651407163714
1183,1772467200000,9988.651407163714
1184,1772467500000,9988.651407163714
1185,1772467800000,9988.651407163714
1186,1772468100000,9988.651407163714
1187,1772468400000,9988.651407163714
1188,1772468700000,9988.651407163714
1189,1772469000000,9988.651407163714
1190,1772469300000,9988.651407163714
1191,1772469600000,9988.651407163714
1192,1772469900000,9988.651407163714
1193,1772470200000,9988.651407163714
1194,1772470500000,9988.651407163714
1195,1772470800000,9988.651407163714
1196,1772471100000,9988.651407163714
1197,1772471400000,9988.651407163714
1198,1772471700000,9988.651407163714
1199,1772472000000,9988.651407163714
1200,1772472300000,9988.651407163714
1201,1772472600000,9988.651407163714
1202,1772472900000,9988.651407163714
1203,1772473200000,9988.651407163714
1204,1772473500000,9988.651407163714
1205,1772473800000,9988.651407163714
1206,1772474100000,9988.651407163714
1207,1772474400000,9988.651407163714
1208,1772474700000,9988.651407163714
1209,1772475000000,9988.651407163714
1210,1772475300000,9988.651407163714
1211,1772475600000,9988.651407163714
1212,1772475900000,9988.651407163714
1213,1772476200000,9988.651407163714
1214,1772476500000,9988.651407163714
1215,1772476800000,9988.651407163714
1216,1772477100000,9988.651407163714
1217,1772477400000,9988.651407163714
1218,1772477700000,9988.651407163714
1219,1772478000000,9988.651407163714
1220,1772478300000,9988.651407163714
1221,1772478600000,9988.651407163714
1222,1772478900000,9988.651407163714
1223,1772479200000,9988.651407163714
1224,1772479500000,9988.651407163714
1225,1772479800000,9988.651407163714
1226,1772480100000,9988.651407163714
1227,1772480400000,9988.651407163714
1228,1772480700000,9988.651407163714
1229,1772481000000,9988.651407163714
1230,1772481300000,9988.651407163714
1231,1772481600000,9988.651407163714
1232,1772481900000,9988.651407163714
1233,1772482200000,9988.651407163714
1234,1772482500000,9988.651407163714
1235,1772482800000,9988.651407163714
1236,1772483100000,9988.651407163714
1237,1772483400000,9988.651407163714
1238,1772483700000,9988.651407163714
1239,1772484000000,9988.651407163714
1240,1772484300000,9988.651407163714
1241,1772484600000,9988.651407163714
1242,1772484900000,9988.651407163714
1243,1772485200000,9988.651407163714
1244,1772485500000,9988.651407163714
1245,1772485800000,9988.651407163714
1246,1772486100000,9988.651407163714
1247,1772486400000,9988.651407163714
1248,1772486700000,9988.651407163714
1249,1772487000000,9988.651407163714
1250,1772487300000,9988.651407163714
1251,1772487600000,9988.651407163714
1252,1772487900000,9988.651407163714
1253,1772488200000,9988.651407163714
1254,1772488500000,9988.651407163714
1255,1772488800000,9988.651407163714
1256,1772489100000,9988.651407163714
1257,1772489400000,9988.651407163714
1258,1772489700000,9988.651407163714
1259,1772490000000,9988.651407163714
1260,1772490300000,9988.651407163714
1261,1772490600000,9988.651407163714
1262,1772490900000,9988.651407163714
1263,1772491200000,9988.651407163714
1264,1772491500000,9988.651407163714
1265,1772491800000,9988.651407163714
1266,1772492100000,9988.651407163714
1267,1772492400000,9988.651407163714
1268,1772492700000,9988.651407163714
1269,1772493000000,9988.651407163714
1270,1772493300000,9988.651407163714
1271,1772493600000,9988.651407163714
1272,1772493900000,9988.651407163714
1273,1772494200000,9988.651407163714
1274,1772494500000,9988.651407163714
1275,1772494800000,9988.651407163714
1276,1772495100000,9988.651407163714
1277,1772495400000,9988.651407163714
1278,1772495700000,9988.651407163714
1279,1772496000000,9988.651407163714
1280,1772496300000,9988.651407163714
1281,1772496600000,9988.651407163714
1282,1772496900000,9988.651407163714
1283,1772497200000,9988.651407163714
1284,1772497500000,9988.651407163714
1285,1772497800000,9988.651407163714
1286,1772498100000,9988.651407163714
1287,1772498400000,9988.651407163714
1288,1772498700000,9988.651407163714
1289,1772499000000,9988.651407163714
1290,1772499300000,9988.651407163714
1291,1772499600000,9988.651407163714
1292,1772499900000,9988.651407163714
1293,1772500200000,9988.651407163714
1294,1772500500000,9988.651407163714
1295,1772500800000,9988.651407163714
1296,1772501100000,9988.651407163714
1297,1772501400000,9988.651407163714
1298,1772501700000,9988.651407163714
1299,1772502000000,9988.651407163714
1300,1772502300000,9988.651407163714
1301,1772502600000,9988.651407163714
1302,1772502900000,9988.651407163714
1303,1772503200000,9988.651407163714
1304,1772503500000,9988.651407163714
1305,1772503800000,9988.651407163714
1306,1772504100000,9988.651407163714
1307,1772504400000,9988.651407163714
1308,1772504700000,9988.651407163714
1309,1772505000000,9988.651407163714
1310,1772505300000,9988.651407163714
1311,1772505600000,9988.651407163714
1312,1772505900000,9988.651407163714
1313,1772506200000,9988.651407163714
1314,1772506500000,9988.651407163714
1315,1772506800000,9988.651407163714
1316,1772507100000,9988.651407163714
1317,1772507400000,9988.651407163714
1318,1772507700000,9988.651407163714
1319,1772508000000,9988.651407163714
1320,1772508300000,9988.651407163714
1321,1772508600000,9988.651407163714
1322,1772508900000,9988.651407163714
1323,1772509200000,9988.651407163714
1324,1772509500000,9988.651407163714
1325,1772509800000,9988.651407163714
1326,1772510100000,9988.651407163714
1327,1772510400000,9988.651407163714
1328,1772510700000,9988.651407163714
1329,1772511000000,9988.651407163714
1330,1772511300000,9988.651407163714
1331,1772511600000,9988.651407163714
1332,1772511900000,9988.651407163714
1333,1772512200000,9988.651407163714
1334,1772512500000,9988.651407163714
1335,1772512800000,9988.651407163714
1336,1772513100000,9988.651407163714
1337,1772513400000,9988.651407163714
1338,1772513700000,9988.651407163714
1339,1772514000000,9988.651407163714
1340,1772514300000,9988.651407163714
1341,1772514600000,9988.651407163714
1342,1772514900000,9988.651407163714
1343,1772515200000,9988.651407163714
1344,1772515500000,9988.651407163714
1345,1772515800000,9988.651407163714
1346,1772516100000,9988.651407163714
1347,1772516400000,9988.651407163714
1348,1772516700000,9988.651407163714
1349,1772517000000,9988.651407163714
1350,1772517300000,9988.651407163714
1351,1772517600000,9988.651407163714
1352,1772517900000,9988.651407163714
1353,1772518200000,9988.651407163714
1354,1772518500000,9988.651407163714
1355,1772518800000,9988.651407163714
1356,1772519100000,9988.651407163714
1357,1772519400000,9988.651407163714
1358,1772519700000,9988.651407163714
1359,1772520000000,9988.651407163714
1360,1772520300000,9988.651407163714
1361,1772520600000,9988.651407163714
1362,1772520900000,9988.651407163714
1363,1772521200000,9988.651407163714
1364,1772521500000,9988.651407163714
1365,1772521800000,9988.651407163714
1366,1772522100000,9988.651407163714
1367,1772522400000,9988.651407163714
1368,1772522700000,9988.651407163714
1369,1772523000000,9988.651407163714
1370,1772523300000,9988.651407163714
1371,1772523600000,9988.651407163714
1372,1772523900000,9988.651407163714
1373,1772524200000,9988.651407163714
1374,1772524500000,9988.651407163714
1375,1772524800000,9988.651407163714
1376,1772525100000,9988.651407163714
1377,1772525400000,9988.651407163714
1378,1772525700000,9988.651407163714
1379,1772526000000,9988.651407163714
1380,1772526300000,9988.651407163714
1381,1772526600000,9988.651407163714
1382,1772526900000,9988.651407163714
1383,1772527200000,9988.651407163714
1384,1772527500000,9988.651407163714
1385,1772527800000,9988.651407163714
1386,1772528100000,9988.651407163714
1387,1772528400000,9988.651407163714
1388,1772528700000,9988.651407163714
1389,1772529000000,9988.651407163714
1390,1772529300000,9988.651407163714
1391,1772529600000,9988.651407163714
1392,1772529900000,9988.651407163714
1393,1772530200000,9988.651407163714
1394,1772530500000,9988.651407163714
1395,1772530800000,9988.651407163714
1396,1772531100000,9988.651407163714
1397,1772531400000,9988.651407163714
1398,1772531700000,9988.651407163714
1399,1772532000000,9988.651407163714
1400,1772532300000,9988.651407163714
1401,1772532600000,9988.651407163714
1402,1772532900000,9988.651407163714
1403,1772533200000,9988.651407163714
1404,1772533500000,9988.651407163714
1405,1772533800000,9988.651407163714
1406,1772534100000,9988.651407163714
1407,1772534400000,9988.651407163714
1408,1772534700000,9988.651407163714
1409,1772535000000,9988.651407163714
1410,1772535300000,9988.651407163714
1411,1772535600000,9988.651407163714
1412,1772535900000,9988.651407163714
1413,1772536200000,9988.651407163714
1414,1772536500000,9988.651407163714
1415,1772536800000,9988.651407163714
1416,1772537100000,9988.651407163714
1417,1772537400000,9988.651407163714
1418,1772537700000,9988.651407163714
1419,1772538000000,9988.651407163714
1420,1772538300000,9988.651407163714
1421,1772538600000,9988.651407163714
1422,1772538900000,9988.651407163714
1423,1772539200000,9988.651407163714
1424,1772539500000,9988.651407163714
1425,1772539800000,9988.651407163714
1426,1772540100000,9984.655946600848
1427,1772540400000,9984.378374882835
1428,1772540700000,9984.378374882835
1429,1772541000000,9984.378374882835
1430,1772541300000,9984.378374882835
1431,1772541600000,9984.378374882835
1432,1772541900000,9984.378374882835
1433,1772542200000,9984.378374882835
1434,1772542500000,9984.378374882835
1435,1772542800000,9984.378374882835
1436,1772543100000,9984.378374882835
1437,1772543400000,9984.378374882835
1438,1772543700000,9984.378374882835
1439,1772544000000,9984.378374882835
1440,1772544300000,9984.378374882835
1441,1772544600000,9984.378374882835
1442,1772544900000,9984.378374882835
1443,1772545200000,9984.378374882835
1444,1772545500000,9984.378374882835
1445,1772545800000,9984.378374882835
1446,1772546100000,9984.378374882835
1447,1772546400000,9984.378374882835
1448,1772546700000,9984.378374882835
1449,1772547000000,9984.378374882835
1450,1772547300000,9984.378374882835
1451,1772547600000,9984.378374882835
1452,1772547900000,9984.378374882835
1453,1772548200000,9984.378374882835
1454,1772548500000,9984.378374882835
1455,1772548800000,9984.378374882835
1456,1772549100000,9984.378374882835
1457,1772549400000,9984.378374882835
1458,1772549700000,9984.378374882835
1459,1772550000000,9984.378374882835
1460,1772550300000,9984.378374882835
1461,1772550600000,9984.378374882835
1462,1772550900000,9984.378374882835
1463,1772551200000,9984.378374882835
1464,1772551500000,9984.378374882835
1465,1772551800000,9984.378374882835
1466,1772552100000,9984.378374882835
1467,1772552400000,9984.378374882835
1468,1772552700000,9984.378374882835
1469,1772553000000,9984.378374882835
1470,1772553300000,9984.378374882835
1471,1772553600000,9984.378374882835
1472,1772553900000,9984.378374882835
1473,1772554200000,9984.378374882835
1474,1772554500000,9984.378374882835
1475,1772554800000,9984.378374882835
1476,1772555100000,9984.378374882835
1477,1772555400000,9984.378374882835
1478,1772555700000,9984.378374882835
1479,1772556000000,9984.378374882835
1480,1772556300000,9984.378374882835
1481,1772556600000,9984.378374882835
1482,1772556900000,9984.378374882835
1483,1772557200000,9984.378374882835
1484,1772557500000,9984.378374882835
1485,1772557800000,9984.378374882835
1486,1772558100000,9984.378374882835
1487,1772558400000,9984.378374882835
1488,1772558700000,9984.378374882835
1489,1772559000000,9984.378374882835
1490,1772559300000,9984.378374882835
1491,1772559600000,9984.378374882835
1492,1772559900000,9984.378374882835
1493,1772560200000,9984.378374882835
1494,1772560500000,9984.378374882835
1495,1772560800000,9984.378374882835
1496,1772561100000,9984.378374882835
1497,1772561400000,9984.378374882835
1498,1772561700000,9984.378374882835
1499,1772562000000,9984.378374882835
1500,1772562300000,9984.378374882835
1501,1772562600000,9984.378374882835
1502,1772562900000,9984.378374882835
1503,1772563200000,9984.378374882835
1504,1772563500000,9984.378374882835
1505,1772563800000,9984.378374882835
1506,1772564100000,9984.378374882835
1507,1772564400000,9984.378374882835
1508,1772564700000,9984.378374882835
1509,1772565000000,9984.378374882835
1510,1772565300000,9984.378374882835
1511,1772565600000,9984.378374882835
1512,1772565900000,9984.378374882835
1513,1772566200000,9984.378374882835
1514,1772566500000,9984.378374882835
1515,1772566800000,9984.378374882835
1516,1772567100000,9984.378374882835
1517,1772567400000,9984.378374882835
1518,1772567700000,9984.378374882835
1519,1772568000000,9984.378374882835
1520,1772568300000,9984.378374882835
1521,1772568600000,9984.378374882835
1522,1772568900000,9984.378374882835
1523,1772569200000,9984.378374882835
1524,1772569500000,9984.378374882835
1525,1772569800000,9984.378374882835
1526,1772570100000,9984.378374882835
1527,1772570400000,9984.378374882835
1528,1772570700000,9984.378374882835
1529,1772571000000,9984.378374882835
1530,1772571300000,9984.378374882835
1531,1772571600000,9984.378374882835
1532,1772571900000,9984.378374882835
1533,1772572200000,9984.378374882835
1534,1772572500000,9984.378374882835
1535,1772572800000,9984.378374882835
1536,1772573100000,9984.378374882835
1537,1772573400000,9984.378374882835
1538,1772573700000,9984.378374882835
1539,1772574000000,9984.378374882835
1540,1772574300000,9984.378374882835
1541,1772574600000,9984.378374882835
1542,1772574900000,9984.378374882835
1543,1772575200000,9984.378374882835
1544,1772575500000,9984.378374882835
1545,1772575800000,9984.378374882835
1546,1772576100000,9984.378374882835
1547,1772576400000,9984.378374882835
1548,1772576700000,9984.378374882835
1549,1772577000000,9984.378374882835
1550,1772577300000,9984.378374882835
1551,1772577600000,9984.378374882835
1552,1772577900000,9984.378374882835
1553,1772578200000,9984.378374882835
1554,1772578500000,9984.378374882835
1555,1772578800000,9984.378374882835
1556,1772579100000,9984.378374882835
1557,1772579400000,9984.378374882835
1558,1772579700000,9984.378374882835
1559,1772580000000,9984.378374882835
1560,1772580300000,9984.378374882835
1561,1772580600000,9984.378374882835
1562,1772580900000,9984.378374882835
1563,1772581200000,9984.378374882835
1564,1772581500000,9984.378374882835
1565,1772581800000,9984.378374882835
1566,1772582100000,9984.378374882835
1567,1772582400000,9984.378374882835
1568,1772582700000,9984.378374882835
1569,1772583000000,9984.378374882835
1570,1772583300000,9984.378374882835
1571,1772583600000,9984.378374882835
1572,1772583900000,9984.378374882835
1573,1772584200000,9984.378374882835
1574,1772584500000,9984.378374882835
1575,1772584800000,9984.378374882835
1576,1772585100000,9984.378374882835
1577,1772585400000,9984.378374882835
1578,1772585700000,9984.378374882835
1579,1772586000000,9984.378374882835
1580,1772586300000,9984.378374882835
1581,1772586600000,9984.378374882835
1582,1772586900000,9984.378374882835
1583,1772587200000,9984.378374882835
1584,1772587500000,9984.378374882835
1585,1772587800000,9984.378374882835
1586,1772588100000,9984.378374882835
1587,1772588400000,9984.378374882835
1588,1772588700000,9984.378374882835
1589,1772589000000,9984.378374882835
1590,1772589300000,9984.378374882835
1591,1772589600000,9984.378374882835
1592,1772589900000,9984.378374882835
1593,1772590200000,9984.378374882835
1594,1772590500000,9984.378374882835
1595,1772590800000,9984.378374882835
1596,1772591100000,9984.378374882835
1597,1772591400000,9984.378374882835
1598,1772591700000,9984.378374882835
1599,1772592000000,9984.378374882835
1600,1772592300000,9984.378374882835
1601,1772592600000,9984.378374882835
1602,1772592900000,9984.378374882835
1603,1772593200000,9984.378374882835
1604,1772593500000,9984.378374882835
1605,1772593800000,9984.378374882835
1606,1772594100000,9984.378374882835
1607,1772594400000,9984.378374882835
1608,1772594700000,9984.378374882835
1609,1772595000000,9984.378374882835
1610,1772595300000,9984.378374882835
1611,1772595600000,9984.378374882835
1612,1772595900000,9984.378374882835
1613,1772596200000,9984.378374882835
1614,1772596500000,9984.378374882835
1615,1772596800000,9984.378374882835
1616,1772597100000,9984.378374882835
1617,1772597400000,9984.378374882835
1618,1772597700000,9984.378374882835
1619,1772598000000,9984.378374882835
1620,1772598300000,9984.378374882835
1621,1772598600000,9984.378374882835
1622,1772598900000,9984.378374882835
1623,1772599200000,9984.378374882835
1624,1772599500000,9984.378374882835
1625,1772599800000,9984.378374882835
1626,1772600100000,9984.378374882835
1627,1772600400000,9984.378374882835
1628,1772600700000,9984.378374882835
1629,1772601000000,9984.378374882835
1630,1772601300000,9984.378374882835
1631,1772601600000,9984.378374882835
1632,1772601900000,9984.378374882835
1633,1772602200000,9984.378374882835
1634,1772602500000,9984.378374882835
1635,1772602800000,9984.378374882835
1636,1772603100000,9984.378374882835
1637,1772603400000,9984.378374882835
1638,1772603700000,9984.378374882835
1639,1772604000000,9984.378374882835
1640,1772604300000,9984.378374882835
1641,1772604600000,9984.378374882835
1642,1772604900000,9984.378374882835
1643,1772605200000,9984.378374882835
1644,1772605500000,9984.378374882835
1645,1772605800000,9984.378374882835
1646,1772606100000,9984.378374882835
1647,1772606400000,9984.378374882835
1648,1772606700000,9984.378374882835
1649,1772607000000,9984.378374882835
1650,1772607300000,9984.378374882835
1651,1772607600000,9984.378374882835
1652,1772607900000,9984.378374882835
1653,1772608200000,9984.378374882835
1654,1772608500000,9984.378374882835
1655,1772608800000,9984.378374882835
1656,1772609100000,9984.378374882835
1657,1772609400000,9984.378374882835
1658,1772609700000,9984.378374882835
1659,1772610000000,9984.378374882835
1660,1772610300000,9984.378374882835
1661,1772610600000,9984.378374882835
1662,1772610900000,9984.378374882835
1663,1772611200000,9984.378374882835
1664,1772611500000,9984.378374882835
1665,1772611800000,9984.378374882835
1666,1772612100000,9984.378374882835
1667,1772612400000,9984.378374882835
1668,1772612700000,9984.378374882835
1669,1772613000000,9984.378374882835
1670,1772613300000,9984.378374882835
1671,1772613600000,9984.378374882835
1672,1772613900000,9984.378374882835
1673,1772614200000,9984.378374882835
1674,1772614500000,9984.378374882835
1675,1772614800000,9984.378374882835
1676,1772615100000,9984.378374882835
1677,1772615400000,9984.378374882835
1678,1772615700000,9984.378374882835
1679,1772616000000,9984.378374882835
1680,1772616300000,9984.378374882835
1681,1772616600000,9984.378374882835
1682,1772616900000,9984.378374882835
1683,1772617200000,9984.378374882835
1684,1772617500000,9984.378374882835
1685,1772617800000,9984.378374882835
1686,1772618100000,9984.378374882835
1687,1772618400000,9984.378374882835
1688,1772618700000,9984.378374882835
1689,1772619000000,9984.378374882835
1690,1772619300000,9984.378374882835
1691,1772619600000,9984.378374882835
1692,1772619900000,9984.378374882835
1693,1772620200000,9984.378374882835
1694,1772620500000,9984.378374882835
1695,1772620800000,9984.378374882835
1696,1772621100000,9984.378374882835
1697,1772621400000,9984.378374882835
1698,1772621700000,9984.378374882835
1699,1772622000000,9984.378374882835
1700,1772622300000,9984.378374882835
1701,1772622600000,9984.378374882835
1702,1772622900000,9984.378374882835
1703,1772623200000,9984.378374882835
1704,1772623500000,9984.378374882835
1705,1772623800000,9984.378374882835
1706,1772624100000,9984.378374882835
1707,1772624400000,9984.378374882835
1708,1772624700000,9984.378374882835
1709,1772625000000,9984.378374882835
1710,1772625300000,9984.378374882835
1711,1772625600000,9984.378374882835
1712,1772625900000,9984.378374882835
1713,1772626200000,9984.378374882835
1714,1772626500000,9984.378374882835
1715,1772626800000,9984.378374882835
1716,1772627100000,9984.378374882835
1717,1772627400000,9984.378374882835
1718,1772627700000,9984.378374882835
1719,1772628000000,9984.378374882835
1720,1772628300000,9984.378374882835
1721,1772628600000,9984.378374882835
1722,1772628900000,9984.378374882835
1723,1772629200000,9984.378374882835
1724,1772629500000,9984.378374882835
1725,1772629800000,9984.378374882835
1726,1772630100000,9984.378374882835
1727,1772630400000,9984.378374882835
1728,1772630700000,9984.378374882835
1729,1772631000000,9984.378374882835
1730,1772631300000,9984.378374882835
1731,1772631600000,9984.378374882835
1732,1772631900000,9984.378374882835
1733,1772632200000,9984.378374882835
1734,1772632500000,9984.378374882835
1735,1772632800000,9984.378374882835
1736,1772633100000,9984.378374882835
1737,1772633400000,9984.378374882835
1738,1772633700000,9984.378374882835
1739,1772634000000,9984.378374882835
1740,1772634300000,9984.378374882835
1741,1772634600000,9984.378374882835
1742,1772634900000,9984.378374882835
1743,1772635200000,9984.378374882835
1744,1772635500000,9984.378374882835
1745,1772635800000,9984.378374882835
1746,1772636100000,9984.378374882835
1747,1772636400000,9984.378374882835
1748,1772636700000,9984.378374882835
1749,1772637000000,9984.378374882835
1750,1772637300000,9984.378374882835
1751,1772637600000,9984.378374882835
1752,1772637900000,9984.378374882835
1753,1772638200000,9984.378374882835
1754,1772638500000,9984.378374882835
1755,1772638800000,9984.378374882835
1756,1772639100000,9984.378374882835
1757,1772639400000,9984.378374882835
1758,1772639700000,9984.378374882835
1759,1772640000000,9984.378374882835
1760,1772640300000,9984.378374882835
1761,1772640600000,9984.378374882835
1762,1772640900000,9984.378374882835
1763,1772641200000,9984.378374882835
1764,1772641500000,9984.378374882835
1765,1772641800000,9984.378374882835
1766,1772642100000,9984.378374882835
1767,1772642400000,9984.378374882835
1768,1772642700000,9984.378374882835
1769,1772643000000,9984.378374882835
1770,1772643300000,9984.378374882835
1771,1772643600000,9984.378374882835
1772,1772643900000,9984.378374882835
1773,1772644200000,9984.378374882835
1774,1772644500000,9984.378374882835
1775,1772644800000,9984.378374882835
1776,1772645100000,9984.378374882835
1777,1772645400000,9984.378374882835
1778,1772645700000,9984.378374882835
1779,1772646000000,9984.378374882835
1780,1772646300000,9984.378374882835
1781,1772646600000,9984.378374882835
1782,1772646900000,9984.378374882835
1783,1772647200000,9984.378374882835
1784,1772647500000,9984.378374882835
1785,1772647800000,9984.378374882835
1786,1772648100000,9984.378374882835
1787,1772648400000,9984.378374882835
1788,1772648700000,9984.378374882835
1789,1772649000000,9984.378374882835
1790,1772649300000,9984.378374882835
1791,1772649600000,9984.378374882835
1792,1772649900000,9984.378374882835
1793,1772650200000,9984.378374882835
1794,1772650500000,9984.378374882835
1795,1772650800000,9984.378374882835
1796,1772651100000,9984.378374882835
1797,1772651400000,9984.378374882835
1798,1772651700000,9984.378374882835
1799,1772652000000,9984.378374882835
1800,1772652300000,9984.378374882835
1801,1772652600000,9984.378374882835
1802,1772652900000,9984.378374882835
1803,1772653200000,9984.378374882835
1804,1772653500000,9984.378374882835
1805,1772653800000,9984.378374882835
1806,1772654100000,9984.378374882835
1807,1772654400000,9984.378374882835
1808,1772654700000,9984.378374882835
1809,1772655000000,9984.378374882835
1810,1772655300000,9984.378374882835
1811,1772655600000,9984.378374882835
1812,1772655900000,9984.378374882835
1813,1772656200000,9984.378374882835
1814,1772656500000,9984.378374882835
1815,1772656800000,9984.378374882835
1816,1772657100000,9984.378374882835
1817,1772657400000,9984.378374882835
1818,1772657700000,9984.378374882835
1819,1772658000000,9984.378374882835
1820,1772658300000,9984.378374882835
1821,1772658600000,9984.378374882835
1822,1772658900000,9984.378374882835
1823,1772659200000,9984.378374882835
1824,1772659500000,9984.378374882835
1825,1772659800000,9984.378374882835
1826,1772660100000,9984.378374882835
1827,1772660400000,9984.378374882835
1828,1772660700000,9984.378374882835
1829,1772661000000,9984.378374882835
1830,1772661300000,9984.378374882835
1831,1772661600000,9984.378374882835
1832,1772661900000,9984.378374882835
1833,1772662200000,9984.378374882835
1834,1772662500000,9984.378374882835
1835,1772662800000,9984.378374882835
1836,1772663100000,9984.378374882835
1837,1772663400000,9984.378374882835
1838,1772663700000,9984.378374882835
1839,1772664000000,9984.378374882835
1840,1772664300000,9984.378374882835
1841,1772664600000,9984.378374882835
1842,1772664900000,9984.378374882835
1843,1772665200000,9984.378374882835
1844,1772665500000,9984.378374882835
1845,1772665800000,9984.378374882835
1846,1772666100000,9984.378374882835
1847,1772666400000,9984.378374882835
1848,1772666700000,9984.378374882835
1849,1772667000000,9984.378374882835
1850,1772667300000,9984.378374882835
1851,1772667600000,9984.378374882835
1852,1772667900000,9984.378374882835
1853,1772668200000,9984.378374882835
1854,1772668500000,9984.378374882835
1855,1772668800000,9984.378374882835
1856,1772669100000,9984.378374882835
1857,1772669400000,9984.378374882835
1858,1772669700000,9984.378374882835
1859,1772670000000,9984.378374882835
1860,1772670300000,9984.378374882835
1861,1772670600000,9984.378374882835
1862,1772670900000,9984.378374882835
1863,1772671200000,9984.378374882835
1864,1772671500000,9984.378374882835
1865,1772671800000,9984.378374882835
1866,1772672100000,9984.378374882835
1867,1772672400000,9984.378374882835
1868,1772672700000,9984.378374882835
1869,1772673000000,9984.378374882835
1870,1772673300000,9984.378374882835
1871,1772673600000,9984.378374882835
1872,1772673900000,9984.378374882835
1873,1772674200000,9984.378374882835
1874,1772674500000,9984.378374882835
1875,1772674800000,9984.378374882835
1876,1772675100000,9984.378374882835
1877,1772675400000,9984.378374882835
1878,1772675700000,9984.378374882835
1879,1772676000000,9984.378374882835
1880,1772676300000,9984.378374882835
1881,1772676600000,9984.378374882835
1882,1772676900000,9984.378374882835
1883,1772677200000,9984.378374882835
1884,1772677500000,9984.378374882835
1885,1772677800000,9984.378374882835
1886,1772678100000,9984.378374882835
1887,1772678400000,9984.378374882835
1888,1772678700000,9984.378374882835
1889,1772679000000,9984.378374882835
1890,1772679300000,9984.378374882835
1891,1772679600000,9984.378374882835
1892,1772679900000,9984.378374882835
1893,1772680200000,9984.378374882835
1894,1772680500000,9984.378374882835
1895,1772680800000,9984.378374882835
1896,1772681100000,9984.378374882835
1897,1772681400000,9984.378374882835
1898,1772681700000,9984.378374882835
1899,1772682000000,9984.378374882835
1900,1772682300000,9984.378374882835
1901,1772682600000,9984.378374882835
1902,1772682900000,9984.378374882835
1903,1772683200000,9984.378374882835
1904,1772683500000,9984.378374882835
1905,1772683800000,9984.378374882835
1906,1772684100000,9984.378374882835
1907,1772684400000,9984.378374882835
1908,1772684700000,9984.378374882835
1909,1772685000000,9984.378374882835
1910,1772685300000,9984.378374882835
1911,1772685600000,9984.378374882835
1912,1772685900000,9984.378374882835
1913,1772686200000,9984.378374882835
1914,1772686500000,9984.378374882835
1915,1772686800000,9984.378374882835
1916,1772687100000,9984.378374882835
1917,1772687400000,9984.378374882835
1918,1772687700000,9984.378374882835
1919,1772688000000,9984.378374882835
1920,1772688300000,9984.378374882835
1921,1772688600000,9984.378374882835
1922,1772688900000,9984.378374882835
1923,1772689200000,9984.378374882835
1924,1772689500000,9984.378374882835
1925,1772689800000,9984.378374882835
1926,1772690100000,9984.378374882835
1927,1772690400000,9984.378374882835
1928,1772690700000,9984.378374882835
1929,1772691000000,9984.378374882835
1930,1772691300000,9984.378374882835
1931,1772691600000,9984.378374882835
1932,1772691900000,9984.378374882835
1933,1772692200000,9984.378374882835
1934,1772692500000,9984.378374882835
1935,1772692800000,9984.378374882835
1936,1772693100000,9984.378374882835
1937,1772693400000,9984.378374882835
1938,1772693700000,9984.378374882835
1939,1772694000000,9984.378374882835
1940,1772694300000,9984.378374882835
1941,1772694600000,9984.378374882835
1942,1772694900000,9984.378374882835
1943,1772695200000,9984.378374882835
1944,1772695500000,9984.378374882835
1945,1772695800000,9984.378374882835
1946,1772696100000,9984.378374882835
1947,1772696400000,9984.378374882835
1948,1772696700000,9984.378374882835
1949,1772697000000,9984.378374882835
1950,1772697300000,9984.378374882835
1951,1772697600000,9984.378374882835
1952,1772697900000,9984.378374882835
1953,1772698200000,9984.378374882835
1954,1772698500000,9984.378374882835
1955,1772698800000,9984.378374882835
1956,1772699100000,9984.378374882835
1957,1772699400000,9984.378374882835
1958,1772699700000,9984.378374882835
1959,1772700000000,9984.378374882835
1960,1772700300000,9984.378374882835
1961,1772700600000,9984.378374882835
1962,1772700900000,9984.378374882835
1963,1772701200000,9984.378374882835
1964,1772701500000,9984.378374882835
1965,1772701800000,9984.378374882835
1966,1772702100000,9984.378374882835
1967,1772702400000,9984.378374882835
1968,1772702700000,9984.378374882835
1969,1772703000000,9984.378374882835
1970,1772703300000,9984.378374882835
1971,1772703600000,9984.378374882835
1972,1772703900000,9984.378374882835
1973,1772704200000,9984.378374882835
1974,1772704500000,9984.378374882835
1975,1772704800000,9984.378374882835
1976,1772705100000,9984.378374882835
1977,1772705400000,9984.378374882835
1978,1772705700000,9984.378374882835
1979,1772706000000,9984.378374882835
1980,1772706300000,9984.378374882835
1981,1772706600000,9984.378374882835
1982,1772706900000,9984.378374882835
1983,1772707200000,9984.378374882835
1984,1772707500000,9984.378374882835
1985,1772707800000,9984.378374882835
1986,1772708100000,9984.378374882835
1987,1772708400000,9984.378374882835
1988,1772708700000,9984.378374882835
1989,1772709000000,9984.378374882835
1990,1772709300000,9984.378374882835
1991,1772709600000,9984.378374882835
1992,1772709900000,9984.378374882835
1993,1772710200000,9984.378374882835
1994,1772710500000,9984.378374882835
1995,1772710800000,9984.378374882835
1996,1772711100000,9984.378374882835
1997,1772711400000,9984.378374882835
1998,1772711700000,9984.378374882835
1999,1772712000000,9984.378374882835
2000,1772712300000,9984.378374882835
2001,1772712600000,9984.378374882835
2002,1772712900000,9984.378374882835
2003,1772713200000,9984.378374882835
2004,1772713500000,9984.378374882835
2005,1772713800000,9984.378374882835
2006,1772714100000,9984.378374882835
2007,1772714400000,9984.378374882835
2008,1772714700000,9984.378374882835
2009,1772715000000,9984.378374882835
2010,1772715300000,9984.378374882835
2011,1772715600000,9984.378374882835
2012,1772715900000,9984.378374882835
2013,1772716200000,9984.378374882835
2014,1772716500000,9984.378374882835
2015,1772716800000,9984.378374882835
2016,1772717100000,9984.378374882835
2017,1772717400000,9984.378374882835
2018,1772717700000,9984.378374882835
2019,1772718000000,9984.378374882835
2020,1772718300000,9984.378374882835
2021,1772718600000,9984.378374882835
2022,1772718900000,9984.378374882835
2023,1772719200000,9984.378374882835
2024,1772719500000,9984.378374882835
2025,1772719800000,9984.378374882835
2026,1772720100000,9984.378374882835
2027,1772720400000,9984.378374882835
2028,1772720700000,9984.378374882835
2029,1772721000000,9984.378374882835
2030,1772721300000,9984.378374882835
2031,1772721600000,9984.378374882835
2032,1772721900000,9984.378374882835
2033,1772722200000,9984.378374882835
2034,1772722500000,9984.378374882835
2035,1772722800000,9984.378374882835
2036,1772723100000,9984.378374882835
2037,1772723400000,9984.378374882835
2038,1772723700000,9984.378374882835
2039,1772724000000,9984.378374882835
2040,1772724300000,9984.378374882835
2041,1772724600000,9984.378374882835
2042,1772724900000,9984.378374882835
2043,1772725200000,9984.378374882835
2044,1772725500000,9984.378374882835
2045,1772725800000,9984.378374882835
2046,1772726100000,9984.378374882835
2047,1772726400000,9984.378374882835
2048,1772726700000,9984.378374882835
2049,1772727000000,9984.378374882835
2050,1772727300000,9984.378374882835
2051,1772727600000,9984.378374882835
2052,1772727900000,9984.378374882835
2053,1772728200000,9984.378374882835
2054,1772728500000,9984.378374882835
2055,1772728800000,9984.378374882835
2056,1772729100000,9984.378374882835
2057,1772729400000,9984.378374882835
2058,1772729700000,9984.378374882835
2059,1772730000000,9984.378374882835
2060,1772730300000,9984.378374882835
2061,1772730600000,9984.378374882835
2062,1772730900000,9984.378374882835
2063,1772731200000,9984.378374882835
2064,1772731500000,9984.378374882835
2065,1772731800000,9984.378374882835
2066,1772732100000,9984.378374882835
2067,1772732400000,9984.378374882835
2068,1772732700000,9984.378374882835
2069,1772733000000,9984.378374882835
2070,1772733300000,9984.378374882835
2071,1772733600000,9984.378374882835
2072,1772733900000,9984.378374882835
2073,1772734200000,9984.378374882835
2074,1772734500000,9984.378374882835
2075,1772734800000,9984.378374882835
2076,1772735100000,9984.378374882835
2077,1772735400000,9984.378374882835
2078,1772735700000,9984.378374882835
2079,1772736000000,9984.378374882835
2080,1772736300000,9984.378374882835
2081,1772736600000,9984.378374882835
2082,1772736900000,9984.378374882835
2083,1772737200000,9984.378374882835
2084,1772737500000,9984.378374882835
2085,1772737800000,9984.378374882835
2086,1772738100000,9984.378374882835
2087,1772738400000,9984.378374882835
2088,1772738700000,9984.378374882835
2089,1772739000000,9984.378374882835
2090,1772739300000,9984.378374882835
2091,1772739600000,9984.378374882835
2092,1772739900000,9984.378374882835
2093,1772740200000,9984.378374882835
2094,1772740500000,9984.378374882835
2095,1772740800000,9984.378374882835
2096,1772741100000,9984.378374882835
2097,1772741400000,9984.378374882835
2098,1772741700000,9984.378374882835
2099,1772742000000,9984.378374882835
2100,1772742300000,9984.378374882835
2101,1772742600000,9984.378374882835
2102,1772742900000,9984.378374882835
2103,1772743200000,9984.378374882835
2104,1772743500000,9984.378374882835
2105,1772743800000,9984.378374882835
2106,1772744100000,9984.378374882835
2107,1772744400000,9984.378374882835
2108,1772744700000,9984.378374882835
2109,1772745000000,9984.378374882835
2110,1772745300000,9984.378374882835
2111,1772745600000,9984.378374882835
2112,1772745900000,9984.378374882835
2113,1772746200000,9984.378374882835
2114,1772746500000,9984.378374882835
2115,1772746800000,9984.378374882835
2116,1772747100000,9984.378374882835
2117,1772747400000,9984.378374882835
2118,1772747700000,9984.378374882835
2119,1772748000000,9984.378374882835
2120,1772748300000,9984.378374882835
2121,1772748600000,9984.378374882835
2122,1772748900000,9984.378374882835
2123,1772749200000,9984.378374882835
2124,1772749500000,9984.378374882835
2125,1772749800000,9984.378374882835
2126,1772750100000,9984.378374882835
2127,1772750400000,9984.378374882835
2128,1772750700000,9984.378374882835
2129,1772751000000,9984.378374882835
2130,1772751300000,9984.378374882835
2131,1772751600000,9984.378374882835
2132,1772751900000,9984.378374882835
2133,1772752200000,9984.378374882835
2134,1772752500000,9984.378374882835
2135,1772752800000,9984.378374882835
2136,1772753100000,9984.378374882835
2137,1772753400000,9984.378374882835
2138,1772753700000,9984.378374882835
2139,1772754000000,9984.378374882835
2140,1772754300000,9984.378374882835
2141,1772754600000,9984.378374882835
2142,1772754900000,9984.378374882835
2143,1772755200000,9984.378374882835
2144,1772755500000,9984.378374882835
2145,1772755800000,9984.378374882835
2146,1772756100000,9984.378374882835
2147,1772756400000,9984.378374882835
2148,1772756700000,9984.378374882835
2149,1772757000000,9984.378374882835
2150,1772757300000,9984.378374882835
2151,1772757600000,9984.378374882835
2152,1772757900000,9984.378374882835
2153,1772758200000,9984.378374882835
2154,1772758500000,9984.378374882835
2155,1772758800000,9984.378374882835
2156,1772759100000,9984.378374882835
2157,1772759400000,9984.378374882835
2158,1772759700000,9984.378374882835
2159,1772760000000,9984.378374882835
2160,1772760300000,9984.378374882835
2161,1772760600000,9984.378374882835
2162,1772760900000,9984.378374882835
2163,1772761200000,9984.378374882835
2164,1772761500000,9984.378374882835
2165,1772761800000,9984.378374882835
2166,1772762100000,9984.378374882835
2167,1772762400000,9984.378374882835
2168,1772762700000,9984.378374882835
2169,1772763000000,9984.378374882835
2170,1772763300000,9984.378374882835
2171,1772763600000,9984.378374882835
2172,1772763900000,9984.378374882835
2173,1772764200000,9984.378374882835
2174,1772764500000,9984.378374882835
2175,1772764800000,9984.378374882835
2176,1772765100000,9984.378374882835
2177,1772765400000,9984.378374882835
2178,1772765700000,9984.378374882835
2179,1772766000000,9984.378374882835
2180,1772766300000,9984.378374882835
2181,1772766600000,9984.378374882835
2182,1772766900000,9984.378374882835
2183,1772767200000,9984.378374882835
2184,1772767500000,9984.378374882835
2185,1772767800000,9984.378374882835
2186,1772768100000,9984.378374882835
2187,1772768400000,9984.378374882835
2188,1772768700000,9984.378374882835
2189,1772769000000,9984.378374882835
2190,1772769300000,9984.378374882835
2191,1772769600000,9984.378374882835
2192,1772769900000,9984.378374882835
2193,1772770200000,9984.378374882835
2194,1772770500000,9984.378374882835
2195,1772770800000,9984.378374882835
2196,1772771100000,9984.378374882835
2197,1772771400000,9984.378374882835
2198,1772771700000,9984.378374882835
2199,1772772000000,9984.378374882835
2200,1772772300000,9984.378374882835
2201,1772772600000,9984.378374882835
2202,1772772900000,9984.378374882835
2203,1772773200000,9984.378374882835
2204,1772773500000,9984.378374882835
2205,1772773800000,9984.378374882835
2206,1772774100000,9984.378374882835
2207,1772774400000,9984.378374882835
2208,1772774700000,9984.378374882835
2209,1772775000000,9984.378374882835
2210,1772775300000,9984.378374882835
2211,1772775600000,9984.378374882835
2212,1772775900000,9984.378374882835
2213,1772776200000,9984.378374882835
2214,1772776500000,9984.378374882835
2215,1772776800000,9984.378374882835
2216,1772777100000,9984.378374882835
2217,1772777400000,9984.378374882835
2218,1772777700000,9984.378374882835
2219,1772778000000,9984.378374882835
2220,1772778300000,9984.378374882835
2221,1772778600000,9984.378374882835
2222,1772778900000,9984.378374882835
2223,1772779200000,9984.378374882835
2224,1772779500000,9984.378374882835
2225,1772779800000,9984.378374882835
2226,1772780100000,9984.378374882835
2227,1772780400000,9984.378374882835
2228,1772780700000,9984.378374882835
2229,1772781000000,9984.378374882835
2230,1772781300000,9984.378374882835
2231,1772781600000,9984.378374882835
2232,1772781900000,9984.378374882835
2233,1772782200000,9984.378374882835
2234,1772782500000,9984.378374882835
2235,1772782800000,9984.378374882835
2236,1772783100000,9984.378374882835
2237,1772783400000,9984.378374882835
2238,1772783700000,9984.378374882835
2239,1772784000000,9984.378374882835
2240,1772784300000,9984.378374882835
2241,1772784600000,9984.378374882835
2242,1772784900000,9984.378374882835
2243,1772785200000,9984.378374882835
2244,1772785500000,9984.378374882835
2245,1772785800000,9984.378374882835
2246,1772786100000,9984.378374882835
2247,1772786400000,9984.378374882835
2248,1772786700000,9984.378374882835
2249,1772787000000,9984.378374882835
2250,1772787300000,9984.378374882835
2251,1772787600000,9984.378374882835
2252,1772787900000,9984.378374882835
2253,1772788200000,9984.378374882835
2254,1772788500000,9984.378374882835
2255,1772788800000,9984.378374882835
2256,1772789100000,9984.378374882835
2257,1772789400000,9984.378374882835
2258,1772789700000,9984.378374882835
2259,1772790000000,9984.378374882835
2260,1772790300000,9984.378374882835
2261,1772790600000,9984.378374882835
2262,1772790900000,9984.378374882835
2263,1772791200000,9984.378374882835
2264,1772791500000,9984.378374882835
2265,1772791800000,9984.378374882835
2266,1772792100000,9984.378374882835
2267,1772792400000,9984.378374882835
2268,1772792700000,9984.378374882835
2269,1772793000000,9984.378374882835
2270,1772793300000,9984.378374882835
2271,1772793600000,9984.378374882835
2272,1772793900000,9984.378374882835
2273,1772794200000,9984.378374882835
2274,1772794500000,9984.378374882835
2275,1772794800000,9984.378374882835
2276,1772795100000,9984.378374882835
2277,1772795400000,9984.378374882835
2278,1772795700000,9984.378374882835
2279,1772796000000,9984.378374882835
2280,1772796300000,9984.378374882835
2281,1772796600000,9984.378374882835
2282,1772796900000,9984.378374882835
2283,1772797200000,9984.378374882835
2284,1772797500000,9984.378374882835
2285,1772797800000,9984.378374882835
2286,1772798100000,9984.378374882835
2287,1772798400000,9984.378374882835
2288,1772798700000,9984.378374882835
2289,1772799000000,9984.378374882835
2290,1772799300000,9984.378374882835
2291,1772799600000,9984.378374882835
2292,1772799900000,9984.378374882835
2293,1772800200000,9984.378374882835
2294,1772800500000,9984.378374882835
2295,1772800800000,9984.378374882835
2296,1772801100000,9984.378374882835
2297,1772801400000,9984.378374882835
2298,1772801700000,9984.378374882835
2299,1772802000000,9984.378374882835
2300,1772802300000,9984.378374882835
2301,1772802600000,9984.378374882835
2302,1772802900000,9984.378374882835
2303,1772803200000,9984.378374882835
2304,1772803500000,9984.378374882835
2305,1772803800000,9984.378374882835
2306,1772804100000,9984.378374882835
2307,1772804400000,9984.378374882835
2308,1772804700000,9984.378374882835
2309,1772805000000,9984.378374882835
2310,1772805300000,9984.378374882835
2311,1772805600000,9984.378374882835
2312,1772805900000,9984.378374882835
2313,1772806200000,9984.378374882835
2314,1772806500000,9984.378374882835
2315,1772806800000,9984.378374882835
2316,1772807100000,9984.378374882835
2317,1772807400000,9984.378374882835
2318,1772807700000,9984.378374882835
2319,1772808000000,9984.378374882835
2320,1772808300000,9984.378374882835
2321,1772808600000,9984.378374882835
2322,1772808900000,9984.378374882835
2323,1772809200000,9984.378374882835
2324,1772809500000,9984.378374882835
2325,1772809800000,9984.378374882835
2326,1772810100000,9984.378374882835
2327,1772810400000,9984.378374882835
2328,1772810700000,9984.378374882835
2329,1772811000000,9984.378374882835
2330,1772811300000,9984.378374882835
2331,1772811600000,9984.378374882835
2332,1772811900000,9984.378374882835
2333,1772812200000,9984.378374882835
2334,1772812500000,9984.378374882835
2335,1772812800000,9984.378374882835
2336,1772813100000,9984.378374882835
2337,1772813400000,9984.378374882835
2338,1772813700000,9984.378374882835
2339,1772814000000,9984.378374882835
2340,1772814300000,9984.378374882835
2341,1772814600000,9984.378374882835
2342,1772814900000,9984.378374882835
2343,1772815200000,9984.378374882835
2344,1772815500000,9984.378374882835
2345,1772815800000,9984.378374882835
2346,1772816100000,9984.378374882835
2347,1772816400000,9984.378374882835
2348,1772816700000,9984.378374882835
2349,1772817000000,9984.378374882835
2350,1772817300000,9984.378374882835
2351,1772817600000,9984.378374882835
2352,1772817900000,9984.378374882835
2353,1772818200000,9984.378374882835
2354,1772818500000,9984.378374882835
2355,1772818800000,9984.378374882835
2356,1772819100000,9984.378374882835
2357,1772819400000,9984.378374882835
2358,1772819700000,9984.378374882835
2359,1772820000000,9984.378374882835
2360,1772820300000,9984.378374882835
2361,1772820600000,9984.378374882835
2362,1772820900000,9984.378374882835
2363,1772821200000,9984.378374882835
2364,1772821500000,9984.378374882835
2365,1772821800000,9984.378374882835
2366,1772822100000,9984.378374882835
2367,1772822400000,9984.378374882835
2368,1772822700000,9984.378374882835
2369,1772823000000,9984.378374882835
2370,1772823300000,9984.378374882835
2371,1772823600000,9984.378374882835
2372,1772823900000,9984.378374882835
2373,1772824200000,9984.378374882835
2374,1772824500000,9984.378374882835
2375,1772824800000,9980.384623532884
2376,1772825100000,9970.5224157725
2377,1772825400000,9967.95622905934
2378,1772825700000,9973.893680670182
2379,1772826000000,9983.655253657498
2380,1772826300000,9988.536040151157
2381,1772826600000,9987.278105487843
2382,1772826900000,9983.051445019108
2383,1772827200000,9972.900559293286
2384,1772827500000,9972.900559293286
2385,1772827800000,9972.900559293286
2386,1772828100000,9972.900559293286
2387,1772828400000,9972.900559293286
2388,1772828700000,9972.900559293286
2389,1772829000000,9972.900559293286
2390,1772829300000,9972.900559293286
2391,1772829600000,9972.900559293286
2392,1772829900000,9972.900559293286
2393,1772830200000,9972.900559293286
2394,1772830500000,9972.900559293286
2395,1772830800000,9972.900559293286
2396,1772831100000,9972.900559293286
2397,1772831400000,9972.900559293286
2398,1772831700000,9972.900559293286
2399,1772832000000,9972.900559293286
2400,1772832300000,9972.900559293286
2401,1772832600000,9972.900559293286
2402,1772832900000,9972.900559293286
2403,1772833200000,9972.900559293286
2404,1772833500000,9972.900559293286
2405,1772833800000,9972.900559293286
2406,1772834100000,9972.900559293286
2407,1772834400000,9972.900559293286
2408,1772834700000,9972.900559293286
2409,1772835000000,9972.900559293286
2410,1772835300000,9972.900559293286
2411,1772835600000,9972.900559293286
2412,1772835900000,9972.900559293286
2413,1772836200000,9972.900559293286
2414,1772836500000,9972.900559293286
2415,1772836800000,9972.900559293286
2416,1772837100000,9972.900559293286
2417,1772837400000,9972.900559293286
2418,1772837700000,9972.900559293286
2419,1772838000000,9972.900559293286
2420,1772838300000,9972.900559293286
2421,1772838600000,9972.900559293286
2422,1772838900000,9972.900559293286
2423,1772839200000,9972.900559293286
2424,1772839500000,9972.900559293286
2425,1772839800000,9972.900559293286
2426,1772840100000,9972.900559293286
2427,1772840400000,9972.900559293286
2428,1772840700000,9972.900559293286
2429,1772841000000,9972.900559293286
2430,1772841300000,9972.900559293286
2431,1772841600000,9972.900559293286
2432,1772841900000,9972.900559293286
2433,1772842200000,9972.900559293286
2434,1772842500000,9972.900559293286
2435,1772842800000,9972.900559293286
2436,1772843100000,9972.900559293286
2437,1772843400000,9972.900559293286
2438,1772843700000,9972.900559293286
2439,1772844000000,9972.900559293286
2440,1772844300000,9972.900559293286
2441,1772844600000,9972.900559293286
2442,1772844900000,9972.900559293286
2443,1772845200000,9972.900559293286
2444,1772845500000,9972.900559293286
2445,1772845800000,9972.900559293286
2446,1772846100000,9972.900559293286
2447,1772846400000,9972.900559293286
2448,1772846700000,9972.900559293286
2449,1772847000000,9972.900559293286
2450,1772847300000,9972.900559293286
2451,1772847600000,9972.900559293286
2452,1772847900000,9972.900559293286
2453,1772848200000,9972.900559293286
2454,1772848500000,9972.900559293286
2455,1772848800000,9972.900559293286
2456,1772849100000,9972.900559293286
2457,1772849400000,9972.900559293286
2458,1772849700000,9972.900559293286
2459,1772850000000,9972.900559293286
2460,1772850300000,9972.900559293286
2461,1772850600000,9972.900559293286
2462,1772850900000,9972.900559293286
2463,1772851200000,9972.900559293286
2464,1772851500000,9972.900559293286
2465,1772851800000,9972.900559293286
2466,1772852100000,9972.900559293286
2467,1772852400000,9972.900559293286
2468,1772852700000,9972.900559293286
2469,1772853000000,9972.900559293286
2470,1772853300000,9972.900559293286
2471,1772853600000,9972.900559293286
2472,1772853900000,9972.900559293286
2473,1772854200000,9972.900559293286
2474,1772854500000,9972.900559293286
2475,1772854800000,9972.900559293286
2476,1772855100000,9972.900559293286
2477,1772855400000,9972.900559293286
2478,1772855700000,9972.900559293286
2479,1772856000000,9972.900559293286
2480,1772856300000,9972.900559293286
2481,1772856600000,9972.900559293286
2482,1772856900000,9972.900559293286
2483,1772857200000,9972.900559293286
2484,1772857500000,9972.900559293286
2485,1772857800000,9972.900559293286
2486,1772858100000,9972.900559293286
2487,1772858400000,9972.900559293286
2488,1772858700000,9972.900559293286
2489,1772859000000,9972.900559293286
2490,1772859300000,9972.900559293286
2491,1772859600000,9972.900559293286
2492,1772859900000,9972.900559293286
2493,1772860200000,9972.900559293286
2494,1772860500000,9972.900559293286
2495,1772860800000,9972.900559293286
2496,1772861100000,9972.900559293286
2497,1772861400000,9972.900559293286
2498,1772861700000,9972.900559293286
2499,1772862000000,9972.900559293286
2500,1772862300000,9972.900559293286
2501,1772862600000,9972.900559293286
2502,1772862900000,9972.900559293286
2503,1772863200000,9972.900559293286
2504,1772863500000,9972.900559293286
2505,1772863800000,9972.900559293286
2506,1772864100000,9972.900559293286
2507,1772864400000,9972.900559293286
2508,1772864700000,9972.900559293286
2509,1772865000000,9972.900559293286
2510,1772865300000,9972.900559293286
2511,1772865600000,9972.900559293286
2512,1772865900000,9972.900559293286
2513,1772866200000,9972.900559293286
2514,1772866500000,9972.900559293286
2515,1772866800000,9972.900559293286
2516,1772867100000,9972.900559293286
2517,1772867400000,9972.900559293286
2518,1772867700000,9972.900559293286
2519,1772868000000,9972.900559293286
2520,1772868300000,9972.900559293286
2521,1772868600000,9972.900559293286
2522,1772868900000,9972.900559293286
2523,1772869200000,9972.900559293286
2524,1772869500000,9972.900559293286
2525,1772869800000,9972.900559293286
2526,1772870100000,9972.900559293286
2527,1772870400000,9972.900559293286
2528,1772870700000,9972.900559293286
2529,1772871000000,9972.900559293286
2530,1772871300000,9972.900559293286
2531,1772871600000,9972.900559293286
2532,1772871900000,9972.900559293286
2533,1772872200000,9972.900559293286
2534,1772872500000,9972.900559293286
2535,1772872800000,9972.900559293286
2536,1772873100000,9972.900559293286
2537,1772873400000,9972.900559293286
2538,1772873700000,9972.900559293286
2539,1772874000000,9972.900559293286
2540,1772874300000,9972.900559293286
2541,1772874600000,9972.900559293286
2542,1772874900000,9972.900559293286
2543,1772875200000,9972.900559293286
2544,1772875500000,9972.900559293286
2545,1772875800000,9972.900559293286
2546,1772876100000,9972.900559293286
2547,1772876400000,9972.900559293286
2548,1772876700000,9972.900559293286
2549,1772877000000,9972.900559293286
2550,1772877300000,9972.900559293286
2551,1772877600000,9972.900559293286
2552,1772877900000,9972.900559293286
2553,1772878200000,9972.900559293286
2554,1772878500000,9972.900559293286
2555,1772878800000,9972.900559293286
2556,1772879100000,9972.900559293286
2557,1772879400000,9972.900559293286
2558,1772879700000,9972.900559293286
2559,1772880000000,9972.900559293286
2560,1772880300000,9972.900559293286
2561,1772880600000,9972.900559293286
2562,1772880900000,9972.900559293286
2563,1772881200000,9972.900559293286
2564,1772881500000,9972.900559293286
2565,1772881800000,9972.900559293286
2566,1772882100000,9972.900559293286
2567,1772882400000,9972.900559293286
2568,1772882700000,9972.900559293286
2569,1772883000000,9972.900559293286
2570,1772883300000,9972.900559293286
2571,1772883600000,9972.900559293286
2572,1772883900000,9972.900559293286
2573,1772884200000,9972.900559293286
2574,1772884500000,9972.900559293286
2575,1772884800000,9972.900559293286
2576,1772885100000,9972.900559293286
2577,1772885400000,9972.900559293286
2578,1772885700000,9972.900559293286
2579,1772886000000,9972.900559293286
2580,1772886300000,9972.900559293286
2581,1772886600000,9972.900559293286
2582,1772886900000,9972.900559293286
2583,1772887200000,9972.900559293286
2584,1772887500000,9972.900559293286
2585,1772887800000,9972.900559293286
2586,1772888100000,9972.900559293286
2587,1772888400000,9972.900559293286
2588,1772888700000,9972.900559293286
2589,1772889000000,9972.900559293286
2590,1772889300000,9972.900559293286
2591,1772889600000,9972.900559293286
2592,1772889900000,9972.900559293286
2593,1772890200000,9972.900559293286
2594,1772890500000,9972.900559293286
2595,1772890800000,9972.900559293286
2596,1772891100000,9972.900559293286
2597,1772891400000,9972.900559293286
2598,1772891700000,9972.900559293286
2599,1772892000000,9972.900559293286
2600,1772892300000,9972.900559293286
2601,1772892600000,9972.900559293286
2602,1772892900000,9972.900559293286
2603,1772893200000,9972.900559293286
2604,1772893500000,9972.900559293286
2605,1772893800000,9972.900559293286
2606,1772894100000,9972.900559293286
2607,1772894400000,9972.900559293286
2608,1772894700000,9972.900559293286
2609,1772895000000,9972.900559293286
2610,1772895300000,9972.900559293286
2611,1772895600000,9972.900559293286
2612,1772895900000,9972.900559293286
2613,1772896200000,9972.900559293286
2614,1772896500000,9972.900559293286
2615,1772896800000,9972.900559293286
2616,1772897100000,9972.900559293286
2617,1772897400000,9972.900559293286
2618,1772897700000,9972.900559293286
2619,1772898000000,9972.900559293286
2620,1772898300000,9972.900559293286
2621,1772898600000,9972.900559293286
2622,1772898900000,9972.900559293286
2623,1772899200000,9972.900559293286
2624,1772899500000,9972.900559293286
2625,1772899800000,9972.900559293286
2626,1772900100000,9972.900559293286
2627,1772900400000,9972.900559293286
2628,1772900700000,9972.900559293286
2629,1772901000000,9972.900559293286
2630,1772901300000,9972.900559293286
2631,1772901600000,9972.900559293286
2632,1772901900000,9972.900559293286
2633,1772902200000,9972.900559293286
2634,1772902500000,9972.900559293286
2635,1772902800000,9972.900559293286
2636,1772903100000,9972.900559293286
2637,1772903400000,9972.900559293286
2638,1772903700000,9972.900559293286
2639,1772904000000,9972.900559293286
2640,1772904300000,9972.900559293286
2641,1772904600000,9972.900559293286
2642,1772904900000,9972.900559293286
2643,1772905200000,9972.900559293286
2644,1772905500000,9972.900559293286
2645,1772905800000,9972.900559293286
2646,1772906100000,9972.900559293286
2647,1772906400000,9972.900559293286
2648,1772906700000,9972.900559293286
2649,1772907000000,9972.900559293286
2650,1772907300000,9972.900559293286
2651,1772907600000,9972.900559293286
2652,1772907900000,9972.900559293286
2653,1772908200000,9972.900559293286
2654,1772908500000,9972.900559293286
2655,1772908800000,9972.900559293286
2656,1772909100000,9972.900559293286
2657,1772909400000,9972.900559293286
2658,1772909700000,9972.900559293286
2659,1772910000000,9972.900559293286
2660,1772910300000,9972.900559293286
2661,1772910600000,9972.900559293286
2662,1772910900000,9972.900559293286
2663,1772911200000,9972.900559293286
2664,1772911500000,9972.900559293286
2665,1772911800000,9972.900559293286
2666,1772912100000,9972.900559293286
2667,1772912400000,9972.900559293286
2668,1772912700000,9972.900559293286
2669,1772913000000,9972.900559293286
2670,1772913300000,9972.900559293286
2671,1772913600000,9972.900559293286
2672,1772913900000,9972.900559293286
2673,1772914200000,9972.900559293286
2674,1772914500000,9972.900559293286
2675,1772914800000,9972.900559293286
2676,1772915100000,9972.900559293286
2677,1772915400000,9972.900559293286
2678,1772915700000,9972.900559293286
2679,1772916000000,9972.900559293286
2680,1772916300000,9972.900559293286
2681,1772916600000,9972.900559293286
2682,1772916900000,9972.900559293286
2683,1772917200000,9972.900559293286
2684,1772917500000,9972.900559293286
2685,1772917800000,9972.900559293286
2686,1772918100000,9972.900559293286
2687,1772918400000,9972.900559293286
2688,1772918700000,9972.900559293286
2689,1772919000000,9972.900559293286
2690,1772919300000,9972.900559293286
2691,1772919600000,9972.900559293286
2692,1772919900000,9972.900559293286
2693,1772920200000,9972.900559293286
2694,1772920500000,9972.900559293286
2695,1772920800000,9972.900559293286
2696,1772921100000,9972.900559293286
2697,1772921400000,9972.900559293286
2698,1772921700000,9972.900559293286
2699,1772922000000,9972.900559293286
2700,1772922300000,9972.900559293286
2701,1772922600000,9972.900559293286
2702,1772922900000,9972.900559293286
2703,1772923200000,9972.900559293286
2704,1772923500000,9972.900559293286
2705,1772923800000,9972.900559293286
2706,1772924100000,9972.900559293286
2707,1772924400000,9972.900559293286
2708,1772924700000,9972.900559293286
2709,1772925000000,9972.900559293286
2710,1772925300000,9972.900559293286
2711,1772925600000,9972.900559293286
2712,1772925900000,9972.900559293286
2713,1772926200000,9972.900559293286
2714,1772926500000,9972.900559293286
2715,1772926800000,9972.900559293286
2716,1772927100000,9972.900559293286
2717,1772927400000,9972.900559293286
2718,1772927700000,9972.900559293286
2719,1772928000000,9972.900559293286
2720,1772928300000,9972.900559293286
2721,1772928600000,9972.900559293286
2722,1772928900000,9972.900559293286
2723,1772929200000,9972.900559293286
2724,1772929500000,9972.900559293286
2725,1772929800000,9972.900559293286
2726,1772930100000,9972.900559293286
2727,1772930400000,9972.900559293286
2728,1772930700000,9972.900559293286
2729,1772931000000,9972.900559293286
2730,1772931300000,9972.900559293286
2731,1772931600000,9972.900559293286
2732,1772931900000,9972.900559293286
2733,1772932200000,9972.900559293286
2734,1772932500000,9972.900559293286
2735,1772932800000,9972.900559293286
2736,1772933100000,9972.900559293286
2737,1772933400000,9972.900559293286
2738,1772933700000,9972.900559293286
2739,1772934000000,9972.900559293286
2740,1772934300000,9972.900559293286
2741,1772934600000,9972.900559293286
2742,1772934900000,9972.900559293286
2743,1772935200000,9972.900559293286
2744,1772935500000,9972.900559293286
2745,1772935800000,9972.900559293286
2746,1772936100000,9972.900559293286
2747,1772936400000,9972.900559293286
2748,1772936700000,9972.900559293286
2749,1772937000000,9972.900559293286
2750,1772937300000,9972.900559293286
2751,1772937600000,9972.900559293286
2752,1772937900000,9972.900559293286
2753,1772938200000,9972.900559293286
2754,1772938500000,9972.900559293286
2755,1772938800000,9972.900559293286
2756,1772939100000,9972.900559293286
2757,1772939400000,9972.900559293286
2758,1772939700000,9972.900559293286
2759,1772940000000,9972.900559293286
2760,1772940300000,9972.900559293286
2761,1772940600000,9972.900559293286
2762,1772940900000,9972.900559293286
2763,1772941200000,9972.900559293286
2764,1772941500000,9972.900559293286
2765,1772941800000,9972.900559293286
2766,1772942100000,9972.900559293286
2767,1772942400000,9972.900559293286
2768,1772942700000,9972.900559293286
2769,1772943000000,9972.900559293286
2770,1772943300000,9972.900559293286
2771,1772943600000,9972.900559293286
2772,1772943900000,9972.900559293286
2773,1772944200000,9972.900559293286
2774,1772944500000,9972.900559293286
2775,1772944800000,9972.900559293286
2776,1772945100000,9972.900559293286
2777,1772945400000,9972.900559293286
2778,1772945700000,9972.900559293286
2779,1772946000000,9972.900559293286
2780,1772946300000,9972.900559293286
2781,1772946600000,9972.900559293286
2782,1772946900000,9972.900559293286
2783,1772947200000,9972.900559293286
2784,1772947500000,9972.900559293286
2785,1772947800000,9972.900559293286
2786,1772948100000,9972.900559293286
2787,1772948400000,9972.900559293286
2788,1772948700000,9972.900559293286
2789,1772949000000,9972.900559293286
2790,1772949300000,9972.900559293286
2791,1772949600000,9972.900559293286
2792,1772949900000,9972.900559293286
2793,1772950200000,9972.900559293286
2794,1772950500000,9972.900559293286
2795,1772950800000,9972.900559293286
2796,1772951100000,9972.900559293286
2797,1772951400000,9972.900559293286
2798,1772951700000,9972.900559293286
2799,1772952000000,9972.900559293286
2800,1772952300000,9972.900559293286
2801,1772952600000,9972.900559293286
2802,1772952900000,9972.900559293286
2803,1772953200000,9972.900559293286
2804,1772953500000,9972.900559293286
2805,1772953800000,9972.900559293286
2806,1772954100000,9972.900559293286
2807,1772954400000,9972.900559293286
2808,1772954700000,9972.900559293286
2809,1772955000000,9972.900559293286
2810,1772955300000,9972.900559293286
2811,1772955600000,9972.900559293286
2812,1772955900000,9972.900559293286
2813,1772956200000,9972.900559293286
2814,1772956500000,9972.900559293286
2815,1772956800000,9972.900559293286
2816,1772957100000,9972.900559293286
2817,1772957400000,9972.900559293286
2818,1772957700000,9972.900559293286
2819,1772958000000,9972.900559293286
2820,1772958300000,9972.900559293286
2821,1772958600000,9972.900559293286
2822,1772958900000,9972.900559293286
2823,1772959200000,9972.900559293286
2824,1772959500000,9972.900559293286
2825,1772959800000,9972.900559293286
2826,1772960100000,9972.900559293286
2827,1772960400000,9972.900559293286
2828,1772960700000,9972.900559293286
2829,1772961000000,9972.900559293286
2830,1772961300000,9972.900559293286
2831,1772961600000,9972.900559293286
2832,1772961900000,9972.900559293286
2833,1772962200000,9972.900559293286
2834,1772962500000,9972.900559293286
2835,1772962800000,9972.900559293286
2836,1772963100000,9972.900559293286
2837,1772963400000,9972.900559293286
2838,1772963700000,9972.900559293286
2839,1772964000000,9972.900559293286
2840,1772964300000,9972.900559293286
2841,1772964600000,9972.900559293286
2842,1772964900000,9972.900559293286
2843,1772965200000,9972.900559293286
2844,1772965500000,9972.900559293286
2845,1772965800000,9972.900559293286
2846,1772966100000,9972.900559293286
2847,1772966400000,9972.900559293286
2848,1772966700000,9972.900559293286
2849,1772967000000,9972.900559293286
2850,1772967300000,9972.900559293286
2851,1772967600000,9972.900559293286
2852,1772967900000,9972.900559293286
2853,1772968200000,9972.900559293286
2854,1772968500000,9972.900559293286
2855,1772968800000,9972.900559293286
2856,1772969100000,9972.900559293286
2857,1772969400000,9972.900559293286
2858,1772969700000,9972.900559293286
2859,1772970000000,9972.900559293286
2860,1772970300000,9972.900559293286
2861,1772970600000,9972.900559293286
2862,1772970900000,9972.900559293286
2863,1772971200000,9972.900559293286
2864,1772971500000,9972.900559293286
2865,1772971800000,9972.900559293286
2866,1772972100000,9972.900559293286
2867,1772972400000,9972.900559293286
2868,1772972700000,9972.900559293286
2869,1772973000000,9972.900559293286
2870,1772973300000,9972.900559293286
2871,1772973600000,9972.900559293286
2872,1772973900000,9972.900559293286
2873,1772974200000,9972.900559293286
2874,1772974500000,9972.900559293286
2875,1772974800000,9972.900559293286
2876,1772975100000,9972.900559293286
2877,1772975400000,9972.900559293286
2878,1772975700000,9972.900559293286
2879,1772976000000,9972.900559293286
2880,1772976300000,9972.900559293286
2881,1772976600000,9972.900559293286
2882,1772976900000,9972.900559293286
2883,1772977200000,9972.900559293286
2884,1772977500000,9972.900559293286
2885,1772977800000,9972.900559293286
2886,1772978100000,9972.900559293286
2887,1772978400000,9972.900559293286
2888,1772978700000,9972.900559293286
2889,1772979000000,9972.900559293286
2890,1772979300000,9972.900559293286
2891,1772979600000,9972.900559293286
2892,1772979900000,9972.900559293286
2893,1772980200000,9972.900559293286
2894,1772980500000,9972.900559293286
2895,1772980800000,9972.900559293286
2896,1772981100000,9972.900559293286
2897,1772981400000,9972.900559293286
2898,1772981700000,9972.900559293286
2899,1772982000000,9972.900559293286
2900,1772982300000,9972.900559293286
2901,1772982600000,9972.900559293286
2902,1772982900000,9972.900559293286
2903,1772983200000,9972.900559293286
2904,1772983500000,9972.900559293286
2905,1772983800000,9972.900559293286
2906,1772984100000,9972.900559293286
2907,1772984400000,9972.900559293286
2908,1772984700000,9972.900559293286
2909,1772985000000,9972.900559293286
2910,1772985300000,9972.900559293286
2911,1772985600000,9972.900559293286
2912,1772985900000,9972.900559293286
2913,1772986200000,9972.900559293286
2914,1772986500000,9972.900559293286
2915,1772986800000,9972.900559293286
2916,1772987100000,9972.900559293286
2917,1772987400000,9972.900559293286
2918,1772987700000,9972.900559293286
2919,1772988000000,9972.900559293286
2920,1772988300000,9972.900559293286
2921,1772988600000,9972.900559293286
2922,1772988900000,9972.900559293286
2923,1772989200000,9972.900559293286
2924,1772989500000,9972.900559293286
2925,1772989800000,9972.900559293286
2926,1772990100000,9972.900559293286
2927,1772990400000,9972.900559293286
2928,1772990700000,9972.900559293286
2929,1772991000000,9972.900559293286
2930,1772991300000,9972.900559293286
2931,1772991600000,9972.900559293286
2932,1772991900000,9972.900559293286
2933,1772992200000,9972.900559293286
2934,1772992500000,9972.900559293286
2935,1772992800000,9972.900559293286
2936,1772993100000,9972.900559293286
2937,1772993400000,9972.900559293286
2938,1772993700000,9972.900559293286
2939,1772994000000,9972.900559293286
2940,1772994300000,9972.900559293286
2941,1772994600000,9972.900559293286
2942,1772994900000,9972.900559293286
2943,1772995200000,9972.900559293286
2944,1772995500000,9972.900559293286
2945,1772995800000,9972.900559293286
2946,1772996100000,9972.900559293286
2947,1772996400000,9972.900559293286
2948,1772996700000,9972.900559293286
2949,1772997000000,9972.900559293286
2950,1772997300000,9972.900559293286
2951,1772997600000,9972.900559293286
2952,1772997900000,9972.900559293286
2953,1772998200000,9972.900559293286
2954,1772998500000,9972.900559293286
2955,1772998800000,9972.900559293286
2956,1772999100000,9972.900559293286
2957,1772999400000,9972.900559293286
2958,1772999700000,9972.900559293286
2959,1773000000000,9972.900559293286
2960,1773000300000,9972.900559293286
2961,1773000600000,9972.900559293286
2962,1773000900000,9972.900559293286
2963,1773001200000,9972.900559293286
2964,1773001500000,9972.900559293286
2965,1773001800000,9972.900559293286
2966,1773002100000,9972.900559293286
2967,1773002400000,9972.900559293286
2968,1773002700000,9972.900559293286
2969,1773003000000,9972.900559293286
2970,1773003300000,9972.900559293286
2971,1773003600000,9972.900559293286
2972,1773003900000,9972.900559293286
2973,1773004200000,9972.900559293286
2974,1773004500000,9972.900559293286
2975,1773004800000,9972.900559293286
2976,1773005100000,9972.900559293286
2977,1773005400000,9972.900559293286
2978,1773005700000,9972.900559293286
2979,1773006000000,9972.900559293286
2980,1773006300000,9972.900559293286
2981,1773006600000,9972.900559293286
2982,1773006900000,9972.900559293286
2983,1773007200000,9972.900559293286
2984,1773007500000,9972.900559293286
2985,1773007800000,9972.900559293286
2986,1773008100000,9972.900559293286
2987,1773008400000,9972.900559293286
2988,1773008700000,9972.900559293286
2989,1773009000000,9972.900559293286
2990,1773009300000,9972.900559293286
2991,1773009600000,9972.900559293286
2992,1773009900000,9972.900559293286
2993,1773010200000,9972.900559293286
2994,1773010500000,9972.900559293286
2995,1773010800000,9972.900559293286
2996,1773011100000,9972.900559293286
2997,1773011400000,9972.900559293286
2998,1773011700000,9972.900559293286
2999,1773012000000,9972.900559293286
3000,1773012300000,9972.900559293286
3001,1773012600000,9972.900559293286
3002,1773012900000,9972.900559293286
3003,1773013200000,9972.900559293286
3004,1773013500000,9972.900559293286
3005,1773013800000,9972.900559293286
3006,1773014100000,9972.900559293286
3007,1773014400000,9972.900559293286
3008,1773014700000,9972.900559293286
3009,1773015000000,9972.900559293286
3010,1773015300000,9972.900559293286
3011,1773015600000,9972.900559293286
3012,1773015900000,9972.900559293286
3013,1773016200000,9972.900559293286
3014,1773016500000,9972.900559293286
3015,1773016800000,9972.900559293286
3016,1773017100000,9972.900559293286
3017,1773017400000,9972.900559293286
3018,1773017700000,9972.900559293286
3019,1773018000000,9972.900559293286
3020,1773018300000,9972.900559293286
3021,1773018600000,9972.900559293286
3022,1773018900000,9972.900559293286
3023,1773019200000,9972.900559293286
3024,1773019500000,9972.900559293286
3025,1773019800000,9972.900559293286
3026,1773020100000,9972.900559293286
3027,1773020400000,9972.900559293286
3028,1773020700000,9972.900559293286
3029,1773021000000,9972.900559293286
3030,1773021300000,9972.900559293286
3031,1773021600000,9972.900559293286
3032,1773021900000,9972.900559293286
3033,1773022200000,9972.900559293286
3034,1773022500000,9972.900559293286
3035,1773022800000,9972.900559293286
3036,1773023100000,9972.900559293286
3037,1773023400000,9972.900559293286
3038,1773023700000,9972.900559293286
3039,1773024000000,9972.900559293286
3040,1773024300000,9972.900559293286
3041,1773024600000,9972.900559293286
3042,1773024900000,9972.900559293286
3043,1773025200000,9972.900559293286
3044,1773025500000,9972.900559293286
3045,1773025800000,9972.900559293286
3046,1773026100000,9972.900559293286
3047,1773026400000,9972.900559293286
3048,1773026700000,9972.900559293286
3049,1773027000000,9972.900559293286
3050,1773027300000,9972.900559293286
3051,1773027600000,9972.900559293286
3052,1773027900000,9972.900559293286
3053,1773028200000,9972.900559293286
3054,1773028500000,9972.900559293286
3055,1773028800000,9972.900559293286
3056,1773029100000,9972.900559293286
3057,1773029400000,9972.900559293286
3058,1773029700000,9972.900559293286
3059,1773030000000,9972.900559293286
3060,1773030300000,9972.900559293286
3061,1773030600000,9972.900559293286
3062,1773030900000,9972.900559293286
3063,1773031200000,9972.900559293286
3064,1773031500000,9972.900559293286
3065,1773031800000,9972.900559293286
3066,1773032100000,9972.900559293286
3067,1773032400000,9972.900559293286
3068,1773032700000,9972.900559293286
3069,1773033000000,9972.900559293286
3070,1773033300000,9972.900559293286
3071,1773033600000,9972.900559293286
3072,1773033900000,9972.900559293286
3073,1773034200000,9972.900559293286
3074,1773034500000,9972.900559293286
3075,1773034800000,9972.900559293286
3076,1773035100000,9972.900559293286
3077,1773035400000,9972.900559293286
3078,1773035700000,9972.900559293286
3079,1773036000000,9972.900559293286
3080,1773036300000,9972.900559293286
3081,1773036600000,9972.900559293286
3082,1773036900000,9972.900559293286
3083,1773037200000,9972.900559293286
3084,1773037500000,9972.900559293286
3085,1773037800000,9972.900559293286
3086,1773038100000,9972.900559293286
3087,1773038400000,9972.900559293286
3088,1773038700000,9972.900559293286
3089,1773039000000,9972.900559293286
3090,1773039300000,9972.900559293286
3091,1773039600000,9972.900559293286
3092,1773039900000,9972.900559293286
3093,1773040200000,9972.900559293286
3094,1773040500000,9972.900559293286
3095,1773040800000,9972.900559293286
3096,1773041100000,9972.900559293286
3097,1773041400000,9972.900559293286
3098,1773041700000,9972.900559293286
3099,1773042000000,9972.900559293286
3100,1773042300000,9972.900559293286
3101,1773042600000,9972.900559293286
3102,1773042900000,9972.900559293286
3103,1773043200000,9972.900559293286
3104,1773043500000,9972.900559293286
3105,1773043800000,9972.900559293286
3106,1773044100000,9972.900559293286
3107,1773044400000,9972.900559293286
3108,1773044700000,9972.900559293286
3109,1773045000000,9972.900559293286
3110,1773045300000,9972.900559293286
3111,1773045600000,9972.900559293286
3112,1773045900000,9972.900559293286
3113,1773046200000,9972.900559293286
3114,1773046500000,9972.900559293286
3115,1773046800000,9972.900559293286
3116,1773047100000,9972.900559293286
3117,1773047400000,9972.900559293286
3118,1773047700000,9972.900559293286
3119,1773048000000,9972.900559293286
3120,1773048300000,9972.900559293286
3121,1773048600000,9972.900559293286
3122,1773048900000,9972.900559293286
3123,1773049200000,9972.900559293286
3124,1773049500000,9972.900559293286
3125,1773049800000,9972.900559293286
3126,1773050100000,9972.900559293286
3127,1773050400000,9972.900559293286
3128,1773050700000,9972.900559293286
3129,1773051000000,9972.900559293286
3130,1773051300000,9972.900559293286
3131,1773051600000,9972.900559293286
3132,1773051900000,9972.900559293286
3133,1773052200000,9972.900559293286
3134,1773052500000,9972.900559293286
3135,1773052800000,9972.900559293286
3136,1773053100000,9972.900559293286
3137,1773053400000,9972.900559293286
3138,1773053700000,9972.900559293286
3139,1773054000000,9972.900559293286
3140,1773054300000,9972.900559293286
3141,1773054600000,9972.900559293286
3142,1773054900000,9972.900559293286
3143,1773055200000,9972.900559293286
3144,1773055500000,9972.900559293286
3145,1773055800000,9972.900559293286
3146,1773056100000,9972.900559293286
3147,1773056400000,9972.900559293286
3148,1773056700000,9972.900559293286
3149,1773057000000,9972.900559293286
3150,1773057300000,9972.900559293286
3151,1773057600000,9972.900559293286
3152,1773057900000,9972.900559293286
3153,1773058200000,9972.900559293286
3154,1773058500000,9972.900559293286
3155,1773058800000,9972.900559293286
3156,1773059100000,9972.900559293286
3157,1773059400000,9972.900559293286
3158,1773059700000,9972.900559293286
3159,1773060000000,9972.900559293286
3160,1773060300000,9972.900559293286
3161,1773060600000,9972.900559293286
3162,1773060900000,9972.900559293286
3163,1773061200000,9972.900559293286
3164,1773061500000,9972.900559293286
3165,1773061800000,9972.900559293286
3166,1773062100000,9972.900559293286
3167,1773062400000,9972.900559293286
3168,1773062700000,9972.900559293286
3169,1773063000000,9972.900559293286
3170,1773063300000,9972.900559293286
3171,1773063600000,9972.900559293286
3172,1773063900000,9972.900559293286
3173,1773064200000,9972.900559293286
3174,1773064500000,9972.900559293286
3175,1773064800000,9972.900559293286
3176,1773065100000,9972.900559293286
3177,1773065400000,9972.900559293286
3178,1773065700000,9972.900559293286
3179,1773066000000,9972.900559293286
3180,1773066300000,9972.900559293286
3181,1773066600000,9972.900559293286
3182,1773066900000,9972.900559293286
3183,1773067200000,9972.900559293286
3184,1773067500000,9972.900559293286
3185,1773067800000,9972.900559293286
3186,1773068100000,9972.900559293286
3187,1773068400000,9972.900559293286
3188,1773068700000,9972.900559293286
3189,1773069000000,9972.900559293286
3190,1773069300000,9972.900559293286
3191,1773069600000,9972.900559293286
3192,1773069900000,9972.900559293286
3193,1773070200000,9972.900559293286
3194,1773070500000,9972.900559293286
3195,1773070800000,9972.900559293286
3196,1773071100000,9972.900559293286
3197,1773071400000,9972.900559293286
3198,1773071700000,9972.900559293286
3199,1773072000000,9972.900559293286
3200,1773072300000,9972.900559293286
3201,1773072600000,9972.900559293286
3202,1773072900000,9972.900559293286
3203,1773073200000,9972.900559293286
3204,1773073500000,9972.900559293286
3205,1773073800000,9972.900559293286
3206,1773074100000,9972.900559293286
3207,1773074400000,9972.900559293286
3208,1773074700000,9972.900559293286
3209,1773075000000,9972.900559293286
3210,1773075300000,9972.900559293286
3211,1773075600000,9972.900559293286
3212,1773075900000,9972.900559293286
3213,1773076200000,9972.900559293286
3214,1773076500000,9972.900559293286
3215,1773076800000,9972.900559293286
3216,1773077100000,9972.900559293286
3217,1773077400000,9972.900559293286
3218,1773077700000,9972.900559293286
3219,1773078000000,9972.900559293286
3220,1773078300000,9972.900559293286
3221,1773078600000,9972.900559293286
3222,1773078900000,9972.900559293286
3223,1773079200000,9972.900559293286
3224,1773079500000,9972.900559293286
3225,1773079800000,9972.900559293286
3226,1773080100000,9972.900559293286
3227,1773080400000,9972.900559293286
3228,1773080700000,9972.900559293286
3229,1773081000000,9972.900559293286
3230,1773081300000,9972.900559293286
3231,1773081600000,9972.900559293286
3232,1773081900000,9972.900559293286
3233,1773082200000,9972.900559293286
3234,1773082500000,9972.900559293286
3235,1773082800000,9972.900559293286
3236,1773083100000,9972.900559293286
3237,1773083400000,9972.900559293286
3238,1773083700000,9972.900559293286
3239,1773084000000,9972.900559293286
3240,1773084300000,9972.900559293286
3241,1773084600000,9972.900559293286
3242,1773084900000,9972.900559293286
3243,1773085200000,9972.900559293286
3244,1773085500000,9972.900559293286
3245,1773085800000,9972.900559293286
3246,1773086100000,9972.900559293286
3247,1773086400000,9972.900559293286
3248,1773086700000,9972.900559293286
3249,1773087000000,9972.900559293286
3250,1773087300000,9972.900559293286
3251,1773087600000,9972.900559293286
3252,1773087900000,9972.900559293286
3253,1773088200000,9972.900559293286
3254,1773088500000,9972.900559293286
3255,1773088800000,9972.900559293286
3256,1773089100000,9972.900559293286
3257,1773089400000,9972.900559293286
3258,1773089700000,9972.900559293286
3259,1773090000000,9972.900559293286
3260,1773090300000,9972.900559293286
3261,1773090600000,9972.900559293286
3262,1773090900000,9972.900559293286
3263,1773091200000,9972.900559293286
3264,1773091500000,9972.900559293286
3265,1773091800000,9972.900559293286
3266,1773092100000,9972.900559293286
3267,1773092400000,9972.900559293286
3268,1773092700000,9972.900559293286
3269,1773093000000,9972.900559293286
3270,1773093300000,9972.900559293286
3271,1773093600000,9972.900559293286
3272,1773093900000,9972.900559293286
3273,1773094200000,9972.900559293286
3274,1773094500000,9972.900559293286
3275,1773094800000,9972.900559293286
3276,1773095100000,9972.900559293286
3277,1773095400000,9972.900559293286
3278,1773095700000,9972.900559293286
3279,1773096000000,9972.900559293286
3280,1773096300000,9972.900559293286
3281,1773096600000,9972.900559293286
3282,1773096900000,9972.900559293286
3283,1773097200000,9972.900559293286
3284,1773097500000,9972.900559293286
3285,1773097800000,9972.900559293286
3286,1773098100000,9972.900559293286
3287,1773098400000,9972.900559293286
3288,1773098700000,9972.900559293286
3289,1773099000000,9972.900559293286
3290,1773099300000,9972.900559293286
3291,1773099600000,9972.900559293286
3292,1773099900000,9972.900559293286
3293,1773100200000,9972.900559293286
3294,1773100500000,9972.900559293286
3295,1773100800000,9972.900559293286
3296,1773101100000,9972.900559293286
3297,1773101400000,9972.900559293286
3298,1773101700000,9972.900559293286
3299,1773102000000,9972.900559293286
3300,1773102300000,9972.900559293286
3301,1773102600000,9972.900559293286
3302,1773102900000,9972.900559293286
3303,1773103200000,9972.900559293286
3304,1773103500000,9972.900559293286
3305,1773103800000,9968.911399069568
3306,1773104100000,9961.18588133329
3307,1773104400000,9963.414396064907
3308,1773104700000,9941.87208699259
3309,1773105000000,9947.121477249291
3310,1773105300000,9977.082619752171
3311,1773105600000,9966.336226490808
3312,1773105900000,9974.656014822187
3313,1773106200000,9973.951435245792
3314,1773106500000,9973.951435245792
3315,1773106800000,9973.951435245792
3316,1773107100000,9973.951435245792
3317,1773107400000,9973.951435245792
3318,1773107700000,9973.951435245792
3319,1773108000000,9973.951435245792
3320,1773108300000,9973.951435245792
3321,1773108600000,9973.951435245792
3322,1773108900000,9973.951435245792
3323,1773109200000,9973.951435245792
3324,1773109500000,9973.951435245792
3325,1773109800000,9973.951435245792
3326,1773110100000,9973.951435245792
3327,1773110400000,9973.951435245792
3328,1773110700000,9973.951435245792
3329,1773111000000,9973.951435245792
3330,1773111300000,9973.951435245792
3331,1773111600000,9973.951435245792
3332,1773111900000,9973.951435245792
3333,1773112200000,9973.951435245792
3334,1773112500000,9973.951435245792
3335,1773112800000,9973.951435245792
3336,1773113100000,9973.951435245792
3337,1773113400000,9973.951435245792
3338,1773113700000,9973.951435245792
3339,1773114000000,9973.951435245792
3340,1773114300000,9973.951435245792
3341,1773114600000,9973.951435245792
3342,1773114900000,9973.951435245792
3343,1773115200000,9973.951435245792
3344,1773115500000,9973.951435245792
3345,1773115800000,9973.951435245792
3346,1773116100000,9973.951435245792
3347,1773116400000,9973.951435245792
3348,1773116700000,9973.951435245792
3349,1773117000000,9973.951435245792
3350,1773117300000,9973.951435245792
3351,1773117600000,9973.951435245792
3352,1773117900000,9973.951435245792
3353,1773118200000,9973.951435245792
3354,1773118500000,9973.951435245792
3355,1773118800000,9973.951435245792
3356,1773119100000,9973.951435245792
3357,1773119400000,9973.951435245792
3358,1773119700000,9973.951435245792
3359,1773120000000,9973.951435245792
3360,1773120300000,9973.951435245792
3361,1773120600000,9973.951435245792
3362,1773120900000,9973.951435245792
3363,1773121200000,9973.951435245792
3364,1773121500000,9973.951435245792
3365,1773121800000,9973.951435245792
3366,1773122100000,9973.951435245792
3367,1773122400000,9973.951435245792
3368,1773122700000,9973.951435245792
3369,1773123000000,9973.951435245792
3370,1773123300000,9973.951435245792
3371,1773123600000,9973.951435245792
3372,1773123900000,9973.951435245792
3373,1773124200000,9973.951435245792
3374,1773124500000,9973.951435245792
3375,1773124800000,9973.951435245792
3376,1773125100000,9973.951435245792
3377,1773125400000,9973.951435245792
3378,1773125700000,9973.951435245792
3379,1773126000000,9973.951435245792
3380,1773126300000,9973.951435245792
3381,1773126600000,9973.951435245792
3382,1773126900000,9973.951435245792
3383,1773127200000,9973.951435245792
3384,1773127500000,9973.951435245792
3385,1773127800000,9973.951435245792
3386,1773128100000,9973.951435245792
3387,1773128400000,9973.951435245792
3388,1773128700000,9973.951435245792
3389,1773129000000,9973.951435245792
3390,1773129300000,9973.951435245792
3391,1773129600000,9973.951435245792
3392,1773129900000,9973.951435245792
3393,1773130200000,9973.951435245792
3394,1773130500000,9973.951435245792
3395,1773130800000,9973.951435245792
3396,1773131100000,9973.951435245792
3397,1773131400000,9973.951435245792
3398,1773131700000,9973.951435245792
3399,1773132000000,9973.951435245792
3400,1773132300000,9973.951435245792
3401,1773132600000,9973.951435245792
3402,1773132900000,9973.951435245792
3403,1773133200000,9973.951435245792
3404,1773133500000,9973.951435245792
3405,1773133800000,9973.951435245792
3406,1773134100000,9973.951435245792
3407,1773134400000,9973.951435245792
3408,1773134700000,9973.951435245792
3409,1773135000000,9973.951435245792
3410,1773135300000,9973.951435245792
3411,1773135600000,9973.951435245792
3412,1773135900000,9973.951435245792
3413,1773136200000,9973.951435245792
3414,1773136500000,9973.951435245792
3415,1773136800000,9973.951435245792
3416,1773137100000,9973.951435245792
3417,1773137400000,9973.951435245792
3418,1773137700000,9973.951435245792
3419,1773138000000,9973.951435245792
3420,1773138300000,9973.951435245792
3421,1773138600000,9973.951435245792
3422,1773138900000,9973.951435245792
3423,1773139200000,9973.951435245792
3424,1773139500000,9973.951435245792
3425,1773139800000,9973.951435245792
3426,1773140100000,9973.951435245792
3427,1773140400000,9973.951435245792
3428,1773140700000,9973.951435245792
3429,1773141000000,9973.951435245792
3430,1773141300000,9973.951435245792
3431,1773141600000,9973.951435245792
3432,1773141900000,9973.951435245792
3433,1773142200000,9973.951435245792
3434,1773142500000,9973.951435245792
3435,1773142800000,9973.951435245792
3436,1773143100000,9973.951435245792
3437,1773143400000,9973.951435245792
3438,1773143700000,9973.951435245792
3439,1773144000000,9973.951435245792
3440,1773144300000,9973.951435245792
3441,1773144600000,9973.951435245792
3442,1773144900000,9973.951435245792
3443,1773145200000,9973.951435245792
3444,1773145500000,9973.951435245792
3445,1773145800000,9973.951435245792
3446,1773146100000,9973.951435245792
3447,1773146400000,9973.951435245792
3448,1773146700000,9973.951435245792
3449,1773147000000,9973.951435245792
3450,1773147300000,9973.951435245792
3451,1773147600000,9973.951435245792
3452,1773147900000,9973.951435245792
3453,1773148200000,9973.951435245792
3454,1773148500000,9973.951435245792
3455,1773148800000,9973.951435245792
3456,1773149100000,9973.951435245792
3457,1773149400000,9973.951435245792
3458,1773149700000,9973.951435245792
3459,1773150000000,9973.951435245792
3460,1773150300000,9973.951435245792
3461,1773150600000,9973.951435245792
3462,1773150900000,9973.951435245792
3463,1773151200000,9973.951435245792
3464,1773151500000,9973.951435245792
3465,1773151800000,9973.951435245792
3466,1773152100000,9973.951435245792
3467,1773152400000,9973.951435245792
3468,1773152700000,9973.951435245792
3469,1773153000000,9973.951435245792
3470,1773153300000,9973.951435245792
3471,1773153600000,9973.951435245792
3472,1773153900000,9973.951435245792
3473,1773154200000,9973.951435245792
3474,1773154500000,9973.951435245792
3475,1773154800000,9973.951435245792
3476,1773155100000,9973.951435245792
3477,1773155400000,9973.951435245792
3478,1773155700000,9973.951435245792
3479,1773156000000,9973.951435245792
3480,1773156300000,9973.951435245792
3481,1773156600000,9973.951435245792
3482,1773156900000,9973.951435245792
3483,1773157200000,9973.951435245792
3484,1773157500000,9973.951435245792
3485,1773157800000,9973.951435245792
3486,1773158100000,9973.951435245792
3487,1773158400000,9973.951435245792
3488,1773158700000,9973.951435245792
3489,1773159000000,9973.951435245792
3490,1773159300000,9973.951435245792
3491,1773159600000,9973.951435245792
3492,1773159900000,9973.951435245792
3493,1773160200000,9973.951435245792
3494,1773160500000,9973.951435245792
3495,1773160800000,9973.951435245792
3496,1773161100000,9973.951435245792
3497,1773161400000,9973.951435245792
3498,1773161700000,9973.951435245792
3499,1773162000000,9973.951435245792
3500,1773162300000,9973.951435245792
3501,1773162600000,9973.951435245792
3502,1773162900000,9973.951435245792
3503,1773163200000,9973.951435245792
3504,1773163500000,9973.951435245792
3505,1773163800000,9973.951435245792
3506,1773164100000,9973.951435245792
3507,1773164400000,9973.951435245792
3508,1773164700000,9973.951435245792
3509,1773165000000,9973.951435245792
3510,1773165300000,9973.951435245792
3511,1773165600000,9973.951435245792
3512,1773165900000,9973.951435245792
3513,1773166200000,9973.951435245792
3514,1773166500000,9973.951435245792
3515,1773166800000,9973.951435245792
3516,1773167100000,9973.951435245792
3517,1773167400000,9973.951435245792
3518,1773167700000,9973.951435245792
3519,1773168000000,9973.951435245792
3520,1773168300000,9973.951435245792
3521,1773168600000,9973.951435245792
3522,1773168900000,9973.951435245792
3523,1773169200000,9973.951435245792
3524,1773169500000,9973.951435245792
3525,1773169800000,9973.951435245792
3526,1773170100000,9973.951435245792
3527,1773170400000,9973.951435245792
3528,1773170700000,9973.951435245792
3529,1773171000000,9973.951435245792
3530,1773171300000,9973.951435245792
3531,1773171600000,9973.951435245792
3532,1773171900000,9973.951435245792
3533,1773172200000,9973.951435245792
3534,1773172500000,9973.951435245792
3535,1773172800000,9973.951435245792
3536,1773173100000,9973.951435245792
3537,1773173400000,9973.951435245792
3538,1773173700000,9973.951435245792
3539,1773174000000,9973.951435245792
3540,1773174300000,9973.951435245792
3541,1773174600000,9973.951435245792
3542,1773174900000,9973.951435245792
3543,1773175200000,9973.951435245792
3544,1773175500000,9973.951435245792
3545,1773175800000,9973.951435245792
3546,1773176100000,9973.951435245792
3547,1773176400000,9973.951435245792
3548,1773176700000,9973.951435245792
3549,1773177000000,9973.951435245792
3550,1773177300000,9973.951435245792
3551,1773177600000,9973.951435245792
3552,1773177900000,9973.951435245792
3553,1773178200000,9973.951435245792
3554,1773178500000,9973.951435245792
3555,1773178800000,9973.951435245792
3556,1773179100000,9973.951435245792
3557,1773179400000,9973.951435245792
3558,1773179700000,9973.951435245792
3559,1773180000000,9973.951435245792
3560,1773180300000,9973.951435245792
3561,1773180600000,9973.951435245792
3562,1773180900000,9973.951435245792
3563,1773181200000,9973.951435245792
3564,1773181500000,9973.951435245792
3565,1773181800000,9973.951435245792
3566,1773182100000,9973.951435245792
3567,1773182400000,9973.951435245792
3568,1773182700000,9973.951435245792
3569,1773183000000,9973.951435245792
3570,1773183300000,9973.951435245792
3571,1773183600000,9973.951435245792
3572,1773183900000,9973.951435245792
3573,1773184200000,9973.951435245792
3574,1773184500000,9973.951435245792
3575,1773184800000,9973.951435245792
3576,1773185100000,9973.951435245792
3577,1773185400000,9973.951435245792
3578,1773185700000,9973.951435245792
3579,1773186000000,9973.951435245792
3580,1773186300000,9973.951435245792
3581,1773186600000,9973.951435245792
3582,1773186900000,9973.951435245792
3583,1773187200000,9973.951435245792
3584,1773187500000,9973.951435245792
3585,1773187800000,9973.951435245792
3586,1773188100000,9973.951435245792
3587,1773188400000,9973.951435245792
3588,1773188700000,9973.951435245792
3589,1773189000000,9973.951435245792
3590,1773189300000,9973.951435245792
3591,1773189600000,9973.951435245792
3592,1773189900000,9973.951435245792
3593,1773190200000,9973.951435245792
3594,1773190500000,9973.951435245792
3595,1773190800000,9973.951435245792
3596,1773191100000,9973.951435245792
3597,1773191400000,9973.951435245792
3598,1773191700000,9973.951435245792
3599,1773192000000,9973.951435245792
3600,1773192300000,9973.951435245792
3601,1773192600000,9973.951435245792
3602,1773192900000,9973.951435245792
3603,1773193200000,9973.951435245792
3604,1773193500000,9973.951435245792
3605,1773193800000,9973.951435245792
3606,1773194100000,9973.951435245792
3607,1773194400000,9973.951435245792
3608,1773194700000,9973.951435245792
3609,1773195000000,9973.951435245792
3610,1773195300000,9973.951435245792
3611,1773195600000,9973.951435245792
3612,1773195900000,9973.951435245792
3613,1773196200000,9973.951435245792
3614,1773196500000,9973.951435245792
3615,1773196800000,9973.951435245792
3616,1773197100000,9973.951435245792
3617,1773197400000,9973.951435245792
3618,1773197700000,9973.951435245792
3619,1773198000000,9973.951435245792
3620,1773198300000,9973.951435245792
3621,1773198600000,9973.951435245792
3622,1773198900000,9973.951435245792
3623,1773199200000,9973.951435245792
3624,1773199500000,9973.951435245792
3625,1773199800000,9973.951435245792
3626,1773200100000,9973.951435245792
3627,1773200400000,9973.951435245792
3628,1773200700000,9973.951435245792
3629,1773201000000,9973.951435245792
3630,1773201300000,9973.951435245792
3631,1773201600000,9973.951435245792
3632,1773201900000,9973.951435245792
3633,1773202200000,9973.951435245792
3634,1773202500000,9973.951435245792
3635,1773202800000,9973.951435245792
3636,1773203100000,9973.951435245792
3637,1773203400000,9973.951435245792
3638,1773203700000,9973.951435245792
3639,1773204000000,9973.951435245792
3640,1773204300000,9973.951435245792
3641,1773204600000,9973.951435245792
3642,1773204900000,9973.951435245792
3643,1773205200000,9973.951435245792
3644,1773205500000,9973.951435245792
3645,1773205800000,9973.951435245792
3646,1773206100000,9973.951435245792
3647,1773206400000,9973.951435245792
3648,1773206700000,9973.951435245792
3649,1773207000000,9973.951435245792
3650,1773207300000,9973.951435245792
3651,1773207600000,9973.951435245792
3652,1773207900000,9973.951435245792
3653,1773208200000,9973.951435245792
3654,1773208500000,9973.951435245792
3655,1773208800000,9973.951435245792
3656,1773209100000,9973.951435245792
3657,1773209400000,9973.951435245792
3658,1773209700000,9973.951435245792
3659,1773210000000,9973.951435245792
3660,1773210300000,9973.951435245792
3661,1773210600000,9973.951435245792
3662,1773210900000,9973.951435245792
3663,1773211200000,9973.951435245792
3664,1773211500000,9973.951435245792
3665,1773211800000,9973.951435245792
3666,1773212100000,9973.951435245792
3667,1773212400000,9973.951435245792
3668,1773212700000,9973.951435245792
3669,1773213000000,9973.951435245792
3670,1773213300000,9973.951435245792
3671,1773213600000,9973.951435245792
3672,1773213900000,9973.951435245792
3673,1773214200000,9973.951435245792
3674,1773214500000,9973.951435245792
3675,1773214800000,9973.951435245792
3676,1773215100000,9973.951435245792
3677,1773215400000,9973.951435245792
3678,1773215700000,9973.951435245792
3679,1773216000000,9973.951435245792
3680,1773216300000,9973.951435245792
3681,1773216600000,9973.951435245792
3682,1773216900000,9973.951435245792
3683,1773217200000,9973.951435245792
3684,1773217500000,9973.951435245792
3685,1773217800000,9973.951435245792
3686,1773218100000,9973.951435245792
3687,1773218400000,9973.951435245792
3688,1773218700000,9973.951435245792
3689,1773219000000,9973.951435245792
3690,1773219300000,9973.951435245792
3691,1773219600000,9973.951435245792
3692,1773219900000,9973.951435245792
3693,1773220200000,9973.951435245792
3694,1773220500000,9973.951435245792
3695,1773220800000,9973.951435245792
3696,1773221100000,9973.951435245792
3697,1773221400000,9973.951435245792
3698,1773221700000,9973.951435245792
3699,1773222000000,9973.951435245792
3700,1773222300000,9973.951435245792
3701,1773222600000,9973.951435245792
3702,1773222900000,9973.951435245792
3703,1773223200000,9973.951435245792
3704,1773223500000,9973.951435245792
3705,1773223800000,9973.951435245792
3706,1773224100000,9973.951435245792
3707,1773224400000,9973.951435245792
3708,1773224700000,9973.951435245792
3709,1773225000000,9973.951435245792
3710,1773225300000,9973.951435245792
3711,1773225600000,9973.951435245792
3712,1773225900000,9973.951435245792
3713,1773226200000,9973.951435245792
3714,1773226500000,9973.951435245792
3715,1773226800000,9973.951435245792
3716,1773227100000,9973.951435245792
3717,1773227400000,9973.951435245792
3718,1773227700000,9973.951435245792
3719,1773228000000,9973.951435245792
3720,1773228300000,9973.951435245792
3721,1773228600000,9973.951435245792
3722,1773228900000,9973.951435245792
3723,1773229200000,9973.951435245792
3724,1773229500000,9973.951435245792
3725,1773229800000,9973.951435245792
3726,1773230100000,9973.951435245792
3727,1773230400000,9973.951435245792
3728,1773230700000,9973.951435245792
3729,1773231000000,9973.951435245792
3730,1773231300000,9973.951435245792
3731,1773231600000,9973.951435245792
3732,1773231900000,9973.951435245792
3733,1773232200000,9973.951435245792
3734,1773232500000,9973.951435245792
3735,1773232800000,9973.951435245792
3736,1773233100000,9973.951435245792
3737,1773233400000,9973.951435245792
3738,1773233700000,9973.951435245792
3739,1773234000000,9973.951435245792
3740,1773234300000,9973.951435245792
3741,1773234600000,9973.951435245792
3742,1773234900000,9973.951435245792
3743,1773235200000,9973.951435245792
3744,1773235500000,9973.951435245792
3745,1773235800000,9973.951435245792
3746,1773236100000,9973.951435245792
3747,1773236400000,9973.951435245792
3748,1773236700000,9973.951435245792
3749,1773237000000,9973.951435245792
3750,1773237300000,9973.951435245792
3751,1773237600000,9973.951435245792
3752,1773237900000,9973.951435245792
3753,1773238200000,9973.951435245792
3754,1773238500000,9973.951435245792
3755,1773238800000,9973.951435245792
3756,1773239100000,9973.951435245792
3757,1773239400000,9973.951435245792
3758,1773239700000,9973.951435245792
3759,1773240000000,9973.951435245792
3760,1773240300000,9973.951435245792
3761,1773240600000,9973.951435245792
3762,1773240900000,9973.951435245792
3763,1773241200000,9973.951435245792
3764,1773241500000,9973.951435245792
3765,1773241800000,9973.951435245792
3766,1773242100000,9973.951435245792
3767,1773242400000,9973.951435245792
3768,1773242700000,9973.951435245792
3769,1773243000000,9973.951435245792
3770,1773243300000,9973.951435245792
3771,1773243600000,9973.951435245792
3772,1773243900000,9973.951435245792
3773,1773244200000,9973.951435245792
3774,1773244500000,9973.951435245792
3775,1773244800000,9973.951435245792
3776,1773245100000,9973.951435245792
3777,1773245400000,9973.951435245792
3778,1773245700000,9973.951435245792
3779,1773246000000,9973.951435245792
3780,1773246300000,9973.951435245792
3781,1773246600000,9973.951435245792
3782,1773246900000,9973.951435245792
3783,1773247200000,9973.951435245792
3784,1773247500000,9973.951435245792
3785,1773247800000,9973.951435245792
3786,1773248100000,9973.951435245792
3787,1773248400000,9973.951435245792
3788,1773248700000,9973.951435245792
3789,1773249000000,9973.951435245792
3790,1773249300000,9973.951435245792
3791,1773249600000,9973.951435245792
3792,1773249900000,9973.951435245792
3793,1773250200000,9973.951435245792
3794,1773250500000,9973.951435245792
3795,1773250800000,9973.951435245792
3796,1773251100000,9973.951435245792
3797,1773251400000,9973.951435245792
3798,1773251700000,9973.951435245792
3799,1773252000000,9973.951435245792
3800,1773252300000,9973.951435245792
3801,1773252600000,9973.951435245792
3802,1773252900000,9973.951435245792
3803,1773253200000,9973.951435245792
3804,1773253500000,9973.951435245792
3805,1773253800000,9973.951435245792
3806,1773254100000,9973.951435245792
3807,1773254400000,9973.951435245792
3808,1773254700000,9973.951435245792
3809,1773255000000,9973.951435245792
3810,1773255300000,9973.951435245792
3811,1773255600000,9973.951435245792
3812,1773255900000,9973.951435245792
3813,1773256200000,9973.951435245792
3814,1773256500000,9973.951435245792
3815,1773256800000,9973.951435245792
3816,1773257100000,9973.951435245792
3817,1773257400000,9973.951435245792
3818,1773257700000,9973.951435245792
3819,1773258000000,9973.951435245792
3820,1773258300000,9973.951435245792
3821,1773258600000,9973.951435245792
3822,1773258900000,9973.951435245792
3823,1773259200000,9973.951435245792
3824,1773259500000,9973.951435245792
3825,1773259800000,9973.951435245792
3826,1773260100000,9973.951435245792
3827,1773260400000,9973.951435245792
3828,1773260700000,9973.951435245792
3829,1773261000000,9973.951435245792
3830,1773261300000,9973.951435245792
3831,1773261600000,9973.951435245792
3832,1773261900000,9973.951435245792
3833,1773262200000,9973.951435245792
3834,1773262500000,9973.951435245792
3835,1773262800000,9973.951435245792
3836,1773263100000,9973.951435245792
3837,1773263400000,9973.951435245792
3838,1773263700000,9973.951435245792
3839,1773264000000,9973.951435245792
3840,1773264300000,9973.951435245792
3841,1773264600000,9973.951435245792
3842,1773264900000,9973.951435245792
3843,1773265200000,9973.951435245792
3844,1773265500000,9973.951435245792
3845,1773265800000,9973.951435245792
3846,1773266100000,9973.951435245792
3847,1773266400000,9973.951435245792
3848,1773266700000,9973.951435245792
3849,1773267000000,9973.951435245792
3850,1773267300000,9973.951435245792
3851,1773267600000,9973.951435245792
3852,1773267900000,9973.951435245792
3853,1773268200000,9973.951435245792
3854,1773268500000,9973.951435245792
3855,1773268800000,9973.951435245792
3856,1773269100000,9973.951435245792
3857,1773269400000,9973.951435245792
3858,1773269700000,9973.951435245792
3859,1773270000000,9973.951435245792
3860,1773270300000,9973.951435245792
3861,1773270600000,9973.951435245792
3862,1773270900000,9973.951435245792
3863,1773271200000,9973.951435245792
3864,1773271500000,9973.951435245792
3865,1773271800000,9973.951435245792
3866,1773272100000,9973.951435245792
3867,1773272400000,9973.951435245792
3868,1773272700000,9973.951435245792
3869,1773273000000,9973.951435245792
3870,1773273300000,9973.951435245792
3871,1773273600000,9973.951435245792
3872,1773273900000,9973.951435245792
3873,1773274200000,9973.951435245792
3874,1773274500000,9973.951435245792
3875,1773274800000,9973.951435245792
3876,1773275100000,9973.951435245792
3877,1773275400000,9973.951435245792
3878,1773275700000,9973.951435245792
3879,1773276000000,9973.951435245792
3880,1773276300000,9973.951435245792
3881,1773276600000,9973.951435245792
3882,1773276900000,9973.951435245792
3883,1773277200000,9973.951435245792
3884,1773277500000,9973.951435245792
3885,1773277800000,9973.951435245792
3886,1773278100000,9973.951435245792
3887,1773278400000,9973.951435245792
3888,1773278700000,9973.951435245792
3889,1773279000000,9973.951435245792
3890,1773279300000,9973.951435245792
3891,1773279600000,9973.951435245792
3892,1773279900000,9973.951435245792
3893,1773280200000,9973.951435245792
3894,1773280500000,9973.951435245792
3895,1773280800000,9973.951435245792
3896,1773281100000,9973.951435245792
3897,1773281400000,9973.951435245792
3898,1773281700000,9973.951435245792
3899,1773282000000,9973.951435245792
3900,1773282300000,9973.951435245792
3901,1773282600000,9973.951435245792
3902,1773282900000,9973.951435245792
3903,1773283200000,9973.951435245792
3904,1773283500000,9973.951435245792
3905,1773283800000,9973.951435245792
3906,1773284100000,9973.951435245792
3907,1773284400000,9973.951435245792
3908,1773284700000,9973.951435245792
3909,1773285000000,9973.951435245792
3910,1773285300000,9973.951435245792
3911,1773285600000,9973.951435245792
3912,1773285900000,9973.951435245792
3913,1773286200000,9973.951435245792
3914,1773286500000,9973.951435245792
3915,1773286800000,9973.951435245792
3916,1773287100000,9973.951435245792
3917,1773287400000,9973.951435245792
3918,1773287700000,9973.951435245792
3919,1773288000000,9973.951435245792
3920,1773288300000,9973.951435245792
3921,1773288600000,9973.951435245792
3922,1773288900000,9973.951435245792
3923,1773289200000,9973.951435245792
3924,1773289500000,9973.951435245792
3925,1773289800000,9973.951435245792
3926,1773290100000,9973.951435245792
3927,1773290400000,9973.951435245792
3928,1773290700000,9973.951435245792
3929,1773291000000,9973.951435245792
3930,1773291300000,9973.951435245792
3931,1773291600000,9973.951435245792
3932,1773291900000,9973.951435245792
3933,1773292200000,9973.951435245792
3934,1773292500000,9973.951435245792
3935,1773292800000,9973.951435245792
3936,1773293100000,9973.951435245792
3937,1773293400000,9973.951435245792
3938,1773293700000,9973.951435245792
3939,1773294000000,9973.951435245792
3940,1773294300000,9973.951435245792
3941,1773294600000,9973.951435245792
3942,1773294900000,9973.951435245792
3943,1773295200000,9973.951435245792
3944,1773295500000,9973.951435245792
3945,1773295800000,9973.951435245792
3946,1773296100000,9973.951435245792
3947,1773296400000,9973.951435245792
3948,1773296700000,9973.951435245792
3949,1773297000000,9973.951435245792
3950,1773297300000,9973.951435245792
3951,1773297600000,9973.951435245792
3952,1773297900000,9973.951435245792
3953,1773298200000,9973.951435245792
3954,1773298500000,9973.951435245792
3955,1773298800000,9973.951435245792
3956,1773299100000,9973.951435245792
3957,1773299400000,9973.951435245792
3958,1773299700000,9973.951435245792
3959,1773300000000,9973.951435245792
3960,1773300300000,9973.951435245792
3961,1773300600000,9973.951435245792
3962,1773300900000,9973.951435245792
3963,1773301200000,9973.951435245792
3964,1773301500000,9973.951435245792
3965,1773301800000,9973.951435245792
3966,1773302100000,9973.951435245792
3967,1773302400000,9973.951435245792
3968,1773302700000,9973.951435245792
3969,1773303000000,9973.951435245792
3970,1773303300000,9973.951435245792
3971,1773303600000,9973.951435245792
3972,1773303900000,9973.951435245792
3973,1773304200000,9973.951435245792
3974,1773304500000,9973.951435245792
3975,1773304800000,9973.951435245792
3976,1773305100000,9973.951435245792
3977,1773305400000,9973.951435245792
3978,1773305700000,9973.951435245792
3979,1773306000000,9973.951435245792
3980,1773306300000,9973.951435245792
3981,1773306600000,9973.951435245792
3982,1773306900000,9973.951435245792
3983,1773307200000,9973.951435245792
3984,1773307500000,9973.951435245792
3985,1773307800000,9973.951435245792
3986,1773308100000,9973.951435245792
3987,1773308400000,9973.951435245792
3988,1773308700000,9973.951435245792
3989,1773309000000,9973.951435245792
3990,1773309300000,9973.951435245792
3991,1773309600000,9973.951435245792
3992,1773309900000,9973.951435245792
3993,1773310200000,9973.951435245792
3994,1773310500000,9973.951435245792
3995,1773310800000,9973.951435245792
3996,1773311100000,9973.951435245792
3997,1773311400000,9973.951435245792
3998,1773311700000,9973.951435245792
3999,1773312000000,9973.951435245792
4000,1773312300000,9973.951435245792
4001,1773312600000,9973.951435245792
4002,1773312900000,9973.951435245792
4003,1773313200000,9973.951435245792
4004,1773313500000,9973.951435245792
4005,1773313800000,9973.951435245792
4006,1773314100000,9973.951435245792
4007,1773314400000,9973.951435245792
4008,1773314700000,9973.951435245792
4009,1773315000000,9973.951435245792
4010,1773315300000,9973.951435245792
4011,1773315600000,9973.951435245792
4012,1773315900000,9973.951435245792
4013,1773316200000,9973.951435245792
4014,1773316500000,9973.951435245792
4015,1773316800000,9973.951435245792
4016,1773317100000,9973.951435245792
4017,1773317400000,9973.951435245792
4018,1773317700000,9973.951435245792
4019,1773318000000,9973.951435245792
4020,1773318300000,9973.951435245792
4021,1773318600000,9973.951435245792
4022,1773318900000,9973.951435245792
4023,1773319200000,9973.951435245792
4024,1773319500000,9973.951435245792
4025,1773319800000,9973.951435245792
4026,1773320100000,9973.951435245792
4027,1773320400000,9973.951435245792
4028,1773320700000,9973.951435245792
4029,1773321000000,9973.951435245792
4030,1773321300000,9973.951435245792
4031,1773321600000,9973.951435245792
4032,1773321900000,9973.951435245792
4033,1773322200000,9973.951435245792
4034,1773322500000,9973.951435245792
4035,1773322800000,9973.951435245792
4036,1773323100000,9973.951435245792
4037,1773323400000,9973.951435245792
4038,1773323700000,9973.951435245792
4039,1773324000000,9973.951435245792
4040,1773324300000,9973.951435245792
4041,1773324600000,9973.951435245792
4042,1773324900000,9973.951435245792
4043,1773325200000,9973.951435245792
4044,1773325500000,9973.951435245792
4045,1773325800000,9973.951435245792
4046,1773326100000,9973.951435245792
4047,1773326400000,9973.951435245792
4048,1773326700000,9973.951435245792
4049,1773327000000,9973.951435245792
4050,1773327300000,9973.951435245792
4051,1773327600000,9973.951435245792
4052,1773327900000,9973.951435245792
4053,1773328200000,9973.951435245792
4054,1773328500000,9973.951435245792
4055,1773328800000,9973.951435245792
4056,1773329100000,9973.951435245792
4057,1773329400000,9973.951435245792
4058,1773329700000,9973.951435245792
4059,1773330000000,9969.961854671696
4060,1773330300000,9980.907412541388
4061,1773330600000,9980.907412541388
4062,1773330900000,9980.907412541388
4063,1773331200000,9980.907412541388
4064,1773331500000,9980.907412541388
4065,1773331800000,9980.907412541388
4066,1773332100000,9980.907412541388
4067,1773332400000,9980.907412541388
4068,1773332700000,9980.907412541388
4069,1773333000000,9980.907412541388
4070,1773333300000,9980.907412541388
4071,1773333600000,9980.907412541388
4072,1773333900000,9980.907412541388
4073,1773334200000,9980.907412541388
4074,1773334500000,9980.907412541388
4075,1773334800000,9980.907412541388
4076,1773335100000,9980.907412541388
4077,1773335400000,9980.907412541388
4078,1773335700000,9980.907412541388
4079,1773336000000,9980.907412541388
4080,1773336300000,9980.907412541388
4081,1773336600000,9980.907412541388
4082,1773336900000,9980.907412541388
4083,1773337200000,9980.907412541388
4084,1773337500000,9980.907412541388
4085,1773337800000,9980.907412541388
4086,1773338100000,9980.907412541388
4087,1773338400000,9980.907412541388
4088,1773338700000,9980.907412541388
4089,1773339000000,9980.907412541388
4090,1773339300000,9980.907412541388
4091,1773339600000,9980.907412541388
4092,1773339900000,9980.907412541388
4093,1773340200000,9980.907412541388
4094,1773340500000,9980.907412541388
4095,1773340800000,9980.907412541388
4096,1773341100000,9980.907412541388
4097,1773341400000,9980.907412541388
4098,1773341700000,9980.907412541388
4099,1773342000000,9980.907412541388
4100,1773342300000,9980.907412541388
4101,1773342600000,9980.907412541388
4102,1773342900000,9980.907412541388
4103,1773343200000,9980.907412541388
4104,1773343500000,9980.907412541388
4105,1773343800000,9980.907412541388
4106,1773344100000,9980.907412541388
4107,1773344400000,9980.907412541388
4108,1773344700000,9980.907412541388
4109,1773345000000,9980.907412541388
4110,1773345300000,9980.907412541388
4111,1773345600000,9980.907412541388
4112,1773345900000,9980.907412541388
4113,1773346200000,9980.907412541388
4114,1773346500000,9980.907412541388
4115,1773346800000,9980.907412541388
4116,1773347100000,9980.907412541388
4117,1773347400000,9980.907412541388
4118,1773347700000,9980.907412541388
4119,1773348000000,9980.907412541388
4120,1773348300000,9980.907412541388
4121,1773348600000,9980.907412541388
4122,1773348900000,9980.907412541388
4123,1773349200000,9980.907412541388
4124,1773349500000,9980.907412541388
4125,1773349800000,9980.907412541388
4126,1773350100000,9980.907412541388
4127,1773350400000,9980.907412541388
4128,1773350700000,9980.907412541388
4129,1773351000000,9980.907412541388
4130,1773351300000,9980.907412541388
4131,1773351600000,9980.907412541388
4132,1773351900000,9980.907412541388
4133,1773352200000,9980.907412541388
4134,1773352500000,9980.907412541388
4135,1773352800000,9980.907412541388
4136,1773353100000,9980.907412541388
4137,1773353400000,9980.907412541388
4138,1773353700000,9980.907412541388
4139,1773354000000,9980.907412541388
4140,1773354300000,9980.907412541388
4141,1773354600000,9980.907412541388
4142,1773354900000,9980.907412541388
4143,1773355200000,9980.907412541388
4144,1773355500000,9980.907412541388
4145,1773355800000,9980.907412541388
4146,1773356100000,9980.907412541388
4147,1773356400000,9980.907412541388
4148,1773356700000,9980.907412541388
4149,1773357000000,9980.907412541388
4150,1773357300000,9980.907412541388
4151,1773357600000,9980.907412541388
4152,1773357900000,9980.907412541388
4153,1773358200000,9980.907412541388
4154,1773358500000,9980.907412541388
4155,1773358800000,9980.907412541388
4156,1773359100000,9980.907412541388
4157,1773359400000,9980.907412541388
4158,1773359700000,9980.907412541388
4159,1773360000000,9980.907412541388
4160,1773360300000,9980.907412541388
4161,1773360600000,9980.907412541388
4162,1773360900000,9980.907412541388
4163,1773361200000,9980.907412541388
4164,1773361500000,9980.907412541388
4165,1773361800000,9980.907412541388
4166,1773362100000,9980.907412541388
4167,1773362400000,9980.907412541388
4168,1773362700000,9980.907412541388
4169,1773363000000,9980.907412541388
4170,1773363300000,9980.907412541388
4171,1773363600000,9980.907412541388
4172,1773363900000,9980.907412541388
4173,1773364200000,9980.907412541388
4174,1773364500000,9980.907412541388
4175,1773364800000,9980.907412541388
4176,1773365100000,9980.907412541388
4177,1773365400000,9980.907412541388
4178,1773365700000,9980.907412541388
4179,1773366000000,9980.907412541388
4180,1773366300000,9980.907412541388
4181,1773366600000,9980.907412541388
4182,1773366900000,9980.907412541388
4183,1773367200000,9980.907412541388
4184,1773367500000,9980.907412541388
4185,1773367800000,9980.907412541388
4186,1773368100000,9980.907412541388
4187,1773368400000,9980.907412541388
4188,1773368700000,9980.907412541388
4189,1773369000000,9980.907412541388
4190,1773369300000,9980.907412541388
4191,1773369600000,9980.907412541388
4192,1773369900000,9980.907412541388
4193,1773370200000,9980.907412541388
4194,1773370500000,9980.907412541388
4195,1773370800000,9980.907412541388
4196,1773371100000,9980.907412541388
4197,1773371400000,9980.907412541388
4198,1773371700000,9980.907412541388
4199,1773372000000,9980.907412541388
4200,1773372300000,9980.907412541388
4201,1773372600000,9980.907412541388
4202,1773372900000,9980.907412541388
4203,1773373200000,9980.907412541388
4204,1773373500000,9980.907412541388
4205,1773373800000,9980.907412541388
4206,1773374100000,9980.907412541388
4207,1773374400000,9980.907412541388
4208,1773374700000,9980.907412541388
4209,1773375000000,9980.907412541388
4210,1773375300000,9980.907412541388
4211,1773375600000,9980.907412541388
4212,1773375900000,9980.907412541388
4213,1773376200000,9980.907412541388
4214,1773376500000,9980.907412541388
4215,1773376800000,9980.907412541388
4216,1773377100000,9980.907412541388
4217,1773377400000,9980.907412541388
4218,1773377700000,9980.907412541388
4219,1773378000000,9980.907412541388
4220,1773378300000,9980.907412541388
4221,1773378600000,9980.907412541388
4222,1773378900000,9980.907412541388
4223,1773379200000,9980.907412541388
4224,1773379500000,9980.907412541388
4225,1773379800000,9980.907412541388
4226,1773380100000,9980.907412541388
4227,1773380400000,9980.907412541388
4228,1773380700000,9980.907412541388
4229,1773381000000,9980.907412541388
4230,1773381300000,9980.907412541388
4231,1773381600000,9980.907412541388
4232,1773381900000,9980.907412541388
4233,1773382200000,9980.907412541388
4234,1773382500000,9980.907412541388
4235,1773382800000,9980.907412541388
4236,1773383100000,9980.907412541388
4237,1773383400000,9980.907412541388
4238,1773383700000,9980.907412541388
4239,1773384000000,9980.907412541388
4240,1773384300000,9980.907412541388
4241,1773384600000,9980.907412541388
4242,1773384900000,9980.907412541388
4243,1773385200000,9980.907412541388
4244,1773385500000,9980.907412541388
4245,1773385800000,9980.907412541388
4246,1773386100000,9980.907412541388
4247,1773386400000,9980.907412541388
4248,1773386700000,9980.907412541388
4249,1773387000000,9980.907412541388
4250,1773387300000,9980.907412541388
4251,1773387600000,9980.907412541388
4252,1773387900000,9980.907412541388
4253,1773388200000,9980.907412541388
4254,1773388500000,9980.907412541388
4255,1773388800000,9980.907412541388
4256,1773389100000,9980.907412541388
4257,1773389400000,9980.907412541388
4258,1773389700000,9980.907412541388
4259,1773390000000,9980.907412541388
4260,1773390300000,9980.907412541388
4261,1773390600000,9980.907412541388
4262,1773390900000,9980.907412541388
4263,1773391200000,9980.907412541388
4264,1773391500000,9980.907412541388
4265,1773391800000,9980.907412541388
4266,1773392100000,9980.907412541388
4267,1773392400000,9980.907412541388
4268,1773392700000,9980.907412541388
4269,1773393000000,9980.907412541388
4270,1773393300000,9980.907412541388
4271,1773393600000,9980.907412541388
4272,1773393900000,9980.907412541388
4273,1773394200000,9980.907412541388
4274,1773394500000,9980.907412541388
4275,1773394800000,9980.907412541388
4276,1773395100000,9980.907412541388
4277,1773395400000,9980.907412541388
4278,1773395700000,9980.907412541388
4279,1773396000000,9980.907412541388
4280,1773396300000,9980.907412541388
4281,1773396600000,9980.907412541388
4282,1773396900000,9980.907412541388
4283,1773397200000,9980.907412541388
4284,1773397500000,9980.907412541388
4285,1773397800000,9980.907412541388
4286,1773398100000,9980.907412541388
4287,1773398400000,9980.907412541388
4288,1773398700000,9980.907412541388
4289,1773399000000,9980.907412541388
4290,1773399300000,9980.907412541388
4291,1773399600000,9980.907412541388
4292,1773399900000,9980.907412541388
4293,1773400200000,9980.907412541388
4294,1773400500000,9980.907412541388
4295,1773400800000,9980.907412541388
4296,1773401100000,9980.907412541388
4297,1773401400000,9980.907412541388
4298,1773401700000,9980.907412541388
4299,1773402000000,9980.907412541388
4300,1773402300000,9980.907412541388
4301,1773402600000,9980.907412541388
4302,1773402900000,9980.907412541388
4303,1773403200000,9980.907412541388
4304,1773403500000,9980.907412541388
4305,1773403800000,9980.907412541388
4306,1773404100000,9980.907412541388
4307,1773404400000,9980.907412541388
4308,1773404700000,9980.907412541388
4309,1773405000000,9980.907412541388
4310,1773405300000,9980.907412541388
4311,1773405600000,9980.907412541388
4312,1773405900000,9980.907412541388
4313,1773406200000,9980.907412541388
4314,1773406500000,9980.907412541388
4315,1773406800000,9980.907412541388
4316,1773407100000,9980.907412541388
4317,1773407400000,9980.907412541388
4318,1773407700000,9980.907412541388
4319,1773408000000,9980.907412541388
4320,1773408300000,9980.907412541388
4321,1773408600000,9980.907412541388
4322,1773408900000,9980.907412541388
4323,1773409200000,9980.907412541388
4324,1773409500000,9980.907412541388
4325,1773409800000,9980.907412541388
4326,1773410100000,9980.907412541388
4327,1773410400000,9980.907412541388
4328,1773410700000,9980.907412541388
4329,1773411000000,9980.907412541388
4330,1773411300000,9980.907412541388
4331,1773411600000,9980.907412541388
4332,1773411900000,9980.907412541388
4333,1773412200000,9980.907412541388
4334,1773412500000,9980.907412541388
4335,1773412800000,9980.907412541388
4336,1773413100000,9980.907412541388
4337,1773413400000,9980.907412541388
4338,1773413700000,9980.907412541388
4339,1773414000000,9980.907412541388
4340,1773414300000,9980.907412541388
4341,1773414600000,9980.907412541388
4342,1773414900000,9980.907412541388
4343,1773415200000,9980.907412541388
4344,1773415500000,9980.907412541388
4345,1773415800000,9980.907412541388
4346,1773416100000,9980.907412541388
4347,1773416400000,9980.907412541388
4348,1773416700000,9980.907412541388
4349,1773417000000,9980.907412541388
4350,1773417300000,9980.907412541388
4351,1773417600000,9980.907412541388
4352,1773417900000,9980.907412541388
4353,1773418200000,9980.907412541388
4354,1773418500000,9980.907412541388
4355,1773418800000,9980.907412541388
4356,1773419100000,9980.907412541388
4357,1773419400000,9980.907412541388
4358,1773419700000,9980.907412541388
4359,1773420000000,9980.907412541388
4360,1773420300000,9980.907412541388
4361,1773420600000,9980.907412541388
4362,1773420900000,9980.907412541388
4363,1773421200000,9980.907412541388
4364,1773421500000,9980.907412541388
4365,1773421800000,9980.907412541388
4366,1773422100000,9980.907412541388
4367,1773422400000,9980.907412541388
4368,1773422700000,9980.907412541388
4369,1773423000000,9980.907412541388
4370,1773423300000,9980.907412541388
4371,1773423600000,9980.907412541388
4372,1773423900000,9980.907412541388
4373,1773424200000,9980.907412541388
4374,1773424500000,9980.907412541388
4375,1773424800000,9980.907412541388
4376,1773425100000,9980.907412541388
4377,1773425400000,9980.907412541388
4378,1773425700000,9980.907412541388
4379,1773426000000,9980.907412541388
4380,1773426300000,9980.907412541388
4381,1773426600000,9980.907412541388
4382,1773426900000,9980.907412541388
4383,1773427200000,9980.907412541388
4384,1773427500000,9980.907412541388
4385,1773427800000,9980.907412541388
4386,1773428100000,9980.907412541388
4387,1773428400000,9980.907412541388
4388,1773428700000,9980.907412541388
4389,1773429000000,9980.907412541388
4390,1773429300000,9980.907412541388
4391,1773429600000,9980.907412541388
4392,1773429900000,9980.907412541388
4393,1773430200000,9980.907412541388
4394,1773430500000,9980.907412541388
4395,1773430800000,9980.907412541388
4396,1773431100000,9980.907412541388
4397,1773431400000,9980.907412541388
4398,1773431700000,9980.907412541388
4399,1773432000000,9980.907412541388
4400,1773432300000,9980.907412541388
4401,1773432600000,9980.907412541388
4402,1773432900000,9980.907412541388
4403,1773433200000,9980.907412541388
4404,1773433500000,9980.907412541388
4405,1773433800000,9980.907412541388
4406,1773434100000,9980.907412541388
4407,1773434400000,9980.907412541388
4408,1773434700000,9980.907412541388
4409,1773435000000,9980.907412541388
4410,1773435300000,9980.907412541388
4411,1773435600000,9980.907412541388
4412,1773435900000,9980.907412541388
4413,1773436200000,9980.907412541388
4414,1773436500000,9980.907412541388
4415,1773436800000,9980.907412541388
4416,1773437100000,9980.907412541388
4417,1773437400000,9980.907412541388
4418,1773437700000,9980.907412541388
4419,1773438000000,9980.907412541388
4420,1773438300000,9980.907412541388
4421,1773438600000,9980.907412541388
4422,1773438900000,9980.907412541388
4423,1773439200000,9980.907412541388
4424,1773439500000,9980.907412541388
4425,1773439800000,9980.907412541388
4426,1773440100000,9980.907412541388
4427,1773440400000,9980.907412541388
4428,1773440700000,9980.907412541388
4429,1773441000000,9980.907412541388
4430,1773441300000,9980.907412541388
4431,1773441600000,9980.907412541388
4432,1773441900000,9980.907412541388
4433,1773442200000,9980.907412541388
4434,1773442500000,9980.907412541388
4435,1773442800000,9980.907412541388
4436,1773443100000,9980.907412541388
4437,1773443400000,9980.907412541388
4438,1773443700000,9980.907412541388
4439,1773444000000,9980.907412541388
4440,1773444300000,9980.907412541388
4441,1773444600000,9980.907412541388
4442,1773444900000,9980.907412541388
4443,1773445200000,9980.907412541388
4444,1773445500000,9980.907412541388
4445,1773445800000,9980.907412541388
4446,1773446100000,9980.907412541388
4447,1773446400000,9980.907412541388
4448,1773446700000,9980.907412541388
4449,1773447000000,9980.907412541388
4450,1773447300000,9980.907412541388
4451,1773447600000,9980.907412541388
4452,1773447900000,9980.907412541388
4453,1773448200000,9980.907412541388
4454,1773448500000,9980.907412541388
4455,1773448800000,9980.907412541388
4456,1773449100000,9980.907412541388
4457,1773449400000,9980.907412541388
4458,1773449700000,9980.907412541388
4459,1773450000000,9980.907412541388
4460,1773450300000,9980.907412541388
4461,1773450600000,9980.907412541388
4462,1773450900000,9980.907412541388
4463,1773451200000,9980.907412541388
4464,1773451500000,9980.907412541388
4465,1773451800000,9980.907412541388
4466,1773452100000,9980.907412541388
4467,1773452400000,9980.907412541388
4468,1773452700000,9980.907412541388
4469,1773453000000,9980.907412541388
4470,1773453300000,9980.907412541388
4471,1773453600000,9980.907412541388
4472,1773453900000,9980.907412541388
4473,1773454200000,9980.907412541388
4474,1773454500000,9980.907412541388
4475,1773454800000,9980.907412541388
4476,1773455100000,9980.907412541388
4477,1773455400000,9980.907412541388
4478,1773455700000,9980.907412541388
4479,1773456000000,9980.907412541388
4480,1773456300000,9980.907412541388
4481,1773456600000,9980.907412541388
4482,1773456900000,9980.907412541388
4483,1773457200000,9980.907412541388
4484,1773457500000,9980.907412541388
4485,1773457800000,9980.907412541388
4486,1773458100000,9980.907412541388
4487,1773458400000,9980.907412541388
4488,1773458700000,9980.907412541388
4489,1773459000000,9980.907412541388
4490,1773459300000,9980.907412541388
4491,1773459600000,9980.907412541388
4492,1773459900000,9980.907412541388
4493,1773460200000,9980.907412541388
4494,1773460500000,9980.907412541388
4495,1773460800000,9980.907412541388
4496,1773461100000,9980.907412541388
4497,1773461400000,9980.907412541388
4498,1773461700000,9980.907412541388
4499,1773462000000,9980.907412541388
4500,1773462300000,9980.907412541388
4501,1773462600000,9980.907412541388
4502,1773462900000,9980.907412541388
4503,1773463200000,9980.907412541388
4504,1773463500000,9980.907412541388
4505,1773463800000,9980.907412541388
4506,1773464100000,9980.907412541388
4507,1773464400000,9980.907412541388
4508,1773464700000,9980.907412541388
4509,1773465000000,9980.907412541388
4510,1773465300000,9980.907412541388
4511,1773465600000,9980.907412541388
4512,1773465900000,9980.907412541388
4513,1773466200000,9980.907412541388
4514,1773466500000,9980.907412541388
4515,1773466800000,9980.907412541388
4516,1773467100000,9980.907412541388
4517,1773467400000,9980.907412541388
4518,1773467700000,9980.907412541388
4519,1773468000000,9980.907412541388
4520,1773468300000,9980.907412541388
4521,1773468600000,9980.907412541388
4522,1773468900000,9980.907412541388
4523,1773469200000,9980.907412541388
4524,1773469500000,9980.907412541388
4525,1773469800000,9980.907412541388
4526,1773470100000,9980.907412541388
4527,1773470400000,9980.907412541388
4528,1773470700000,9980.907412541388
4529,1773471000000,9980.907412541388
4530,1773471300000,9980.907412541388
4531,1773471600000,9980.907412541388
4532,1773471900000,9980.907412541388
4533,1773472200000,9980.907412541388
4534,1773472500000,9980.907412541388
4535,1773472800000,9980.907412541388
4536,1773473100000,9980.907412541388
4537,1773473400000,9980.907412541388
4538,1773473700000,9980.907412541388
4539,1773474000000,9980.907412541388
4540,1773474300000,9980.907412541388
4541,1773474600000,9980.907412541388
4542,1773474900000,9980.907412541388
4543,1773475200000,9980.907412541388
4544,1773475500000,9980.907412541388
4545,1773475800000,9980.907412541388
4546,1773476100000,9980.907412541388
4547,1773476400000,9980.907412541388
4548,1773476700000,9980.907412541388
4549,1773477000000,9980.907412541388
4550,1773477300000,9980.907412541388
4551,1773477600000,9980.907412541388
4552,1773477900000,9980.907412541388
4553,1773478200000,9980.907412541388
4554,1773478500000,9980.907412541388
4555,1773478800000,9980.907412541388
4556,1773479100000,9980.907412541388
4557,1773479400000,9980.907412541388
4558,1773479700000,9980.907412541388
4559,1773480000000,9980.907412541388
4560,1773480300000,9980.907412541388
4561,1773480600000,9980.907412541388
4562,1773480900000,9980.907412541388
4563,1773481200000,9980.907412541388
4564,1773481500000,9980.907412541388
4565,1773481800000,9980.907412541388
4566,1773482100000,9980.907412541388
4567,1773482400000,9980.907412541388
4568,1773482700000,9980.907412541388
4569,1773483000000,9980.907412541388
4570,1773483300000,9980.907412541388
4571,1773483600000,9980.907412541388
4572,1773483900000,9980.907412541388
4573,1773484200000,9980.907412541388
4574,1773484500000,9980.907412541388
4575,1773484800000,9980.907412541388
4576,1773485100000,9980.907412541388
4577,1773485400000,9980.907412541388
4578,1773485700000,9980.907412541388
4579,1773486000000,9980.907412541388
4580,1773486300000,9980.907412541388
4581,1773486600000,9980.907412541388
4582,1773486900000,9980.907412541388
4583,1773487200000,9980.907412541388
4584,1773487500000,9980.907412541388
4585,1773487800000,9980.907412541388
4586,1773488100000,9980.907412541388
4587,1773488400000,9980.907412541388
4588,1773488700000,9980.907412541388
4589,1773489000000,9976.915049576373
4590,1773489300000,9980.52361513176
4591,1773489600000,9968.7837485249
4592,1773489900000,9968.831862732308
4593,1773490200000,9969.60169005079
4594,1773490500000,9969.527521896145
4595,1773490800000,9969.527521896145
4596,1773491100000,9969.527521896145
4597,1773491400000,9969.527521896145
4598,1773491700000,9969.527521896145
4599,1773492000000,9969.527521896145
4600,1773492300000,9969.527521896145
4601,1773492600000,9969.527521896145
4602,1773492900000,9969.527521896145
4603,1773493200000,9969.527521896145
4604,1773493500000,9969.527521896145
4605,1773493800000,9969.527521896145
4606,1773494100000,9969.527521896145
4607,1773494400000,9969.527521896145
4608,1773494700000,9969.527521896145
4609,1773495000000,9969.527521896145
4610,1773495300000,9969.527521896145
4611,1773495600000,9969.527521896145
4612,1773495900000,9969.527521896145
4613,1773496200000,9969.527521896145
4614,1773496500000,9969.527521896145
4615,1773496800000,9969.527521896145
4616,1773497100000,9969.527521896145
4617,1773497400000,9969.527521896145
4618,1773497700000,9969.527521896145
4619,1773498000000,9969.527521896145
4620,1773498300000,9969.527521896145
4621,1773498600000,9969.527521896145
4622,1773498900000,9969.527521896145
4623,1773499200000,9969.527521896145
4624,1773499500000,9969.527521896145
4625,1773499800000,9969.527521896145
4626,1773500100000,9969.527521896145
4627,1773500400000,9969.527521896145
4628,1773500700000,9969.527521896145
4629,1773501000000,9969.527521896145
4630,1773501300000,9969.527521896145
4631,1773501600000,9969.527521896145
4632,1773501900000,9969.527521896145
4633,1773502200000,9969.527521896145
4634,1773502500000,9969.527521896145
4635,1773502800000,9969.527521896145
4636,1773503100000,9969.527521896145
4637,1773503400000,9969.527521896145
4638,1773503700000,9969.527521896145
4639,1773504000000,9969.527521896145
4640,1773504300000,9969.527521896145
4641,1773504600000,9969.527521896145
4642,1773504900000,9969.527521896145
4643,1773505200000,9969.527521896145
4644,1773505500000,9969.527521896145
4645,1773505800000,9969.527521896145
4646,1773506100000,9969.527521896145
4647,1773506400000,9969.527521896145
4648,1773506700000,9969.527521896145
4649,1773507000000,9969.527521896145
4650,1773507300000,9969.527521896145
4651,1773507600000,9969.527521896145
4652,1773507900000,9969.527521896145
4653,1773508200000,9969.527521896145
4654,1773508500000,9969.527521896145
4655,1773508800000,9969.527521896145
4656,1773509100000,9969.527521896145
4657,1773509400000,9969.527521896145
4658,1773509700000,9969.527521896145
4659,1773510000000,9969.527521896145
4660,1773510300000,9969.527521896145
4661,1773510600000,9969.527521896145
4662,1773510900000,9969.527521896145
4663,1773511200000,9969.527521896145
4664,1773511500000,9969.527521896145
4665,1773511800000,9969.527521896145
4666,1773512100000,9969.527521896145
4667,1773512400000,9969.527521896145
4668,1773512700000,9969.527521896145
4669,1773513000000,9969.527521896145
4670,1773513300000,9969.527521896145
4671,1773513600000,9969.527521896145
4672,1773513900000,9969.527521896145
4673,1773514200000,9969.527521896145
4674,1773514500000,9969.527521896145
4675,1773514800000,9969.527521896145
4676,1773515100000,9969.527521896145
4677,1773515400000,9969.527521896145
4678,1773515700000,9969.527521896145
4679,1773516000000,9969.527521896145
4680,1773516300000,9969.527521896145
4681,1773516600000,9969.527521896145
4682,1773516900000,9969.527521896145
4683,1773517200000,9969.527521896145
4684,1773517500000,9969.527521896145
4685,1773517800000,9969.527521896145
4686,1773518100000,9969.527521896145
4687,1773518400000,9969.527521896145
4688,1773518700000,9969.527521896145
4689,1773519000000,9969.527521896145
4690,1773519300000,9969.527521896145
4691,1773519600000,9969.527521896145
4692,1773519900000,9969.527521896145
4693,1773520200000,9969.527521896145
4694,1773520500000,9969.527521896145
4695,1773520800000,9969.527521896145
4696,1773521100000,9969.527521896145
4697,1773521400000,9969.527521896145
4698,1773521700000,9969.527521896145
4699,1773522000000,9969.527521896145
4700,1773522300000,9969.527521896145
4701,1773522600000,9969.527521896145
4702,1773522900000,9969.527521896145
4703,1773523200000,9969.527521896145
4704,1773523500000,9969.527521896145
4705,1773523800000,9969.527521896145
4706,1773524100000,9969.527521896145
4707,1773524400000,9969.527521896145
4708,1773524700000,9969.527521896145
4709,1773525000000,9969.527521896145
4710,1773525300000,9969.527521896145
4711,1773525600000,9969.527521896145
4712,1773525900000,9969.527521896145
4713,1773526200000,9969.527521896145
4714,1773526500000,9969.527521896145
4715,1773526800000,9969.527521896145
4716,1773527100000,9969.527521896145
4717,1773527400000,9969.527521896145
4718,1773527700000,9969.527521896145
4719,1773528000000,9969.527521896145
4720,1773528300000,9969.527521896145
4721,1773528600000,9969.527521896145
4722,1773528900000,9969.527521896145
4723,1773529200000,9969.527521896145
4724,1773529500000,9969.527521896145
4725,1773529800000,9969.527521896145
4726,1773530100000,9969.527521896145
4727,1773530400000,9969.527521896145
4728,1773530700000,9969.527521896145
4729,1773531000000,9969.527521896145
4730,1773531300000,9969.527521896145
4731,1773531600000,9969.527521896145
4732,1773531900000,9969.527521896145
4733,1773532200000,9969.527521896145
4734,1773532500000,9969.527521896145
4735,1773532800000,9969.527521896145
4736,1773533100000,9969.527521896145
4737,1773533400000,9969.527521896145
4738,1773533700000,9969.527521896145
4739,1773534000000,9969.527521896145
4740,1773534300000,9969.527521896145
4741,1773534600000,9969.527521896145
4742,1773534900000,9969.527521896145
4743,1773535200000,9969.527521896145
4744,1773535500000,9969.527521896145
4745,1773535800000,9969.527521896145
4746,1773536100000,9969.527521896145
4747,1773536400000,9969.527521896145
4748,1773536700000,9969.527521896145
4749,1773537000000,9969.527521896145
4750,1773537300000,9969.527521896145
4751,1773537600000,9969.527521896145
4752,1773537900000,9969.527521896145
4753,1773538200000,9969.527521896145
4754,1773538500000,9969.527521896145
4755,1773538800000,9969.527521896145
4756,1773539100000,9969.527521896145
4757,1773539400000,9969.527521896145
4758,1773539700000,9969.527521896145
4759,1773540000000,9969.527521896145
4760,1773540300000,9969.527521896145
4761,1773540600000,9969.527521896145
4762,1773540900000,9969.527521896145
4763,1773541200000,9969.527521896145
4764,1773541500000,9969.527521896145
4765,1773541800000,9969.527521896145
4766,1773542100000,9969.527521896145
4767,1773542400000,9969.527521896145
4768,1773542700000,9969.527521896145
4769,1773543000000,9969.527521896145
4770,1773543300000,9969.527521896145
4771,1773543600000,9969.527521896145
4772,1773543900000,9969.527521896145
4773,1773544200000,9969.527521896145
4774,1773544500000,9969.527521896145
4775,1773544800000,9969.527521896145
4776,1773545100000,9969.527521896145
4777,1773545400000,9969.527521896145
4778,1773545700000,9969.527521896145
4779,1773546000000,9969.527521896145
4780,1773546300000,9969.527521896145
4781,1773546600000,9969.527521896145
4782,1773546900000,9969.527521896145
4783,1773547200000,9969.527521896145
4784,1773547500000,9969.527521896145
4785,1773547800000,9969.527521896145
4786,1773548100000,9969.527521896145
4787,1773548400000,9969.527521896145
4788,1773548700000,9969.527521896145
4789,1773549000000,9969.527521896145
4790,1773549300000,9969.527521896145
4791,1773549600000,9969.527521896145
4792,1773549900000,9969.527521896145
4793,1773550200000,9969.527521896145
4794,1773550500000,9969.527521896145
4795,1773550800000,9969.527521896145
4796,1773551100000,9969.527521896145
4797,1773551400000,9969.527521896145
4798,1773551700000,9969.527521896145
4799,1773552000000,9969.527521896145
4800,1773552300000,9969.527521896145
4801,1773552600000,9969.527521896145
4802,1773552900000,9969.527521896145
4803,1773553200000,9969.527521896145
4804,1773553500000,9969.527521896145
4805,1773553800000,9969.527521896145
4806,1773554100000,9969.527521896145
4807,1773554400000,9969.527521896145
4808,1773554700000,9969.527521896145
4809,1773555000000,9969.527521896145
4810,1773555300000,9969.527521896145
4811,1773555600000,9969.527521896145
4812,1773555900000,9969.527521896145
4813,1773556200000,9969.527521896145
4814,1773556500000,9969.527521896145
4815,1773556800000,9969.527521896145
4816,1773557100000,9969.527521896145
4817,1773557400000,9969.527521896145
4818,1773557700000,9969.527521896145
4819,1773558000000,9969.527521896145
4820,1773558300000,9969.527521896145
4821,1773558600000,9969.527521896145
4822,1773558900000,9969.527521896145
4823,1773559200000,9969.527521896145
4824,1773559500000,9969.527521896145
4825,1773559800000,9969.527521896145
4826,1773560100000,9969.527521896145
4827,1773560400000,9969.527521896145
4828,1773560700000,9969.527521896145
4829,1773561000000,9969.527521896145
4830,1773561300000,9969.527521896145
4831,1773561600000,9969.527521896145
4832,1773561900000,9969.527521896145
4833,1773562200000,9969.527521896145
4834,1773562500000,9969.527521896145
4835,1773562800000,9969.527521896145
4836,1773563100000,9969.527521896145
4837,1773563400000,9969.527521896145
4838,1773563700000,9969.527521896145
4839,1773564000000,9969.527521896145
4840,1773564300000,9969.527521896145
4841,1773564600000,9969.527521896145
4842,1773564900000,9969.527521896145
4843,1773565200000,9969.527521896145
4844,1773565500000,9969.527521896145
4845,1773565800000,9969.527521896145
4846,1773566100000,9969.527521896145
4847,1773566400000,9969.527521896145
4848,1773566700000,9969.527521896145
4849,1773567000000,9969.527521896145
4850,1773567300000,9969.527521896145
4851,1773567600000,9969.527521896145
4852,1773567900000,9969.527521896145
4853,1773568200000,9969.527521896145
4854,1773568500000,9969.527521896145
4855,1773568800000,9969.527521896145
4856,1773569100000,9969.527521896145
4857,1773569400000,9969.527521896145
4858,1773569700000,9969.527521896145
4859,1773570000000,9969.527521896145
4860,1773570300000,9969.527521896145
4861,1773570600000,9969.527521896145
4862,1773570900000,9969.527521896145
4863,1773571200000,9969.527521896145
4864,1773571500000,9969.527521896145
4865,1773571800000,9969.527521896145
4866,1773572100000,9969.527521896145
4867,1773572400000,9969.527521896145
4868,1773572700000,9969.527521896145
4869,1773573000000,9969.527521896145
4870,1773573300000,9969.527521896145
4871,1773573600000,9969.527521896145
4872,1773573900000,9969.527521896145
4873,1773574200000,9969.527521896145
4874,1773574500000,9969.527521896145
4875,1773574800000,9969.527521896145
4876,1773575100000,9969.527521896145
4877,1773575400000,9969.527521896145
4878,1773575700000,9969.527521896145
4879,1773576000000,9969.527521896145
4880,1773576300000,9969.527521896145
4881,1773576600000,9969.527521896145
4882,1773576900000,9969.527521896145
4883,1773577200000,9969.527521896145
4884,1773577500000,9969.527521896145
4885,1773577800000,9969.527521896145
4886,1773578100000,9969.527521896145
4887,1773578400000,9969.527521896145
4888,1773578700000,9969.527521896145
4889,1773579000000,9969.527521896145
4890,1773579300000,9969.527521896145
4891,1773579600000,9969.527521896145
4892,1773579900000,9969.527521896145
4893,1773580200000,9969.527521896145
4894,1773580500000,9969.527521896145
4895,1773580800000,9969.527521896145
4896,1773581100000,9969.527521896145
4897,1773581400000,9969.527521896145
4898,1773581700000,9969.527521896145
4899,1773582000000,9969.527521896145
4900,1773582300000,9969.527521896145
4901,1773582600000,9969.527521896145
4902,1773582900000,9969.527521896145
4903,1773583200000,9969.527521896145
4904,1773583500000,9969.527521896145
4905,1773583800000,9969.527521896145
4906,1773584100000,9969.527521896145
4907,1773584400000,9969.527521896145
4908,1773584700000,9969.527521896145
4909,1773585000000,9969.527521896145
4910,1773585300000,9969.527521896145
4911,1773585600000,9969.527521896145
4912,1773585900000,9969.527521896145
4913,1773586200000,9969.527521896145
4914,1773586500000,9969.527521896145
4915,1773586800000,9969.527521896145
4916,1773587100000,9969.527521896145
4917,1773587400000,9969.527521896145
4918,1773587700000,9969.527521896145
4919,1773588000000,9969.527521896145
4920,1773588300000,9969.527521896145
4921,1773588600000,9969.527521896145
4922,1773588900000,9969.527521896145
4923,1773589200000,9969.527521896145
4924,1773589500000,9969.527521896145
4925,1773589800000,9969.527521896145
4926,1773590100000,9969.527521896145
4927,1773590400000,9969.527521896145
4928,1773590700000,9969.527521896145
4929,1773591000000,9969.527521896145
4930,1773591300000,9969.527521896145
4931,1773591600000,9969.527521896145
4932,1773591900000,9969.527521896145
4933,1773592200000,9969.527521896145
4934,1773592500000,9969.527521896145
4935,1773592800000,9969.527521896145
4936,1773593100000,9969.527521896145
4937,1773593400000,9969.527521896145
4938,1773593700000,9969.527521896145
4939,1773594000000,9969.527521896145
4940,1773594300000,9969.527521896145
4941,1773594600000,9969.527521896145
4942,1773594900000,9969.527521896145
4943,1773595200000,9969.527521896145
4944,1773595500000,9969.527521896145
4945,1773595800000,9969.527521896145
4946,1773596100000,9969.527521896145
4947,1773596400000,9969.527521896145
4948,1773596700000,9969.527521896145
4949,1773597000000,9969.527521896145
4950,1773597300000,9969.527521896145
4951,1773597600000,9969.527521896145
4952,1773597900000,9969.527521896145
4953,1773598200000,9969.527521896145
4954,1773598500000,9969.527521896145
4955,1773598800000,9969.527521896145
4956,1773599100000,9969.527521896145
4957,1773599400000,9969.527521896145
4958,1773599700000,9969.527521896145
4959,1773600000000,9969.527521896145
4960,1773600300000,9969.527521896145
4961,1773600600000,9969.527521896145
4962,1773600900000,9969.527521896145
4963,1773601200000,9969.527521896145
4964,1773601500000,9969.527521896145
4965,1773601800000,9969.527521896145
4966,1773602100000,9969.527521896145
4967,1773602400000,9969.527521896145
4968,1773602700000,9969.527521896145
4969,1773603000000,9969.527521896145
4970,1773603300000,9969.527521896145
4971,1773603600000,9969.527521896145
4972,1773603900000,9969.527521896145
4973,1773604200000,9969.527521896145
4974,1773604500000,9969.527521896145
4975,1773604800000,9969.527521896145
4976,1773605100000,9969.527521896145
4977,1773605400000,9969.527521896145
4978,1773605700000,9969.527521896145
4979,1773606000000,9969.527521896145
4980,1773606300000,9969.527521896145
4981,1773606600000,9969.527521896145
4982,1773606900000,9969.527521896145
4983,1773607200000,9969.527521896145
4984,1773607500000,9969.527521896145
4985,1773607800000,9969.527521896145
4986,1773608100000,9969.527521896145
4987,1773608400000,9969.527521896145
4988,1773608700000,9969.527521896145
4989,1773609000000,9969.527521896145
4990,1773609300000,9969.527521896145
4991,1773609600000,9969.527521896145
4992,1773609900000,9969.527521896145
4993,1773610200000,9969.527521896145
4994,1773610500000,9969.527521896145
4995,1773610800000,9969.527521896145
4996,1773611100000,9969.527521896145
4997,1773611400000,9969.527521896145
4998,1773611700000,9969.527521896145
4999,1773612000000,9969.527521896145
5000,1773612300000,9969.527521896145
5001,1773612600000,9969.527521896145
5002,1773612900000,9969.527521896145
5003,1773613200000,9969.527521896145
5004,1773613500000,9969.527521896145
5005,1773613800000,9969.527521896145
5006,1773614100000,9969.527521896145
5007,1773614400000,9969.527521896145
5008,1773614700000,9969.527521896145
5009,1773615000000,9969.527521896145
5010,1773615300000,9969.527521896145
5011,1773615600000,9969.527521896145
5012,1773615900000,9969.527521896145
5013,1773616200000,9969.527521896145
5014,1773616500000,9969.527521896145
5015,1773616800000,9969.527521896145
5016,1773617100000,9969.527521896145
5017,1773617400000,9969.527521896145
5018,1773617700000,9969.527521896145
5019,1773618000000,9969.527521896145
5020,1773618300000,9969.527521896145
5021,1773618600000,9969.527521896145
5022,1773618900000,9969.527521896145
5023,1773619200000,9969.527521896145
5024,1773619500000,9969.527521896145
5025,1773619800000,9969.527521896145
5026,1773620100000,9969.527521896145
5027,1773620400000,9969.527521896145
5028,1773620700000,9969.527521896145
5029,1773621000000,9969.527521896145
5030,1773621300000,9969.527521896145
5031,1773621600000,9969.527521896145
5032,1773621900000,9969.527521896145
5033,1773622200000,9969.527521896145
5034,1773622500000,9969.527521896145
5035,1773622800000,9969.527521896145
5036,1773623100000,9969.527521896145
5037,1773623400000,9969.527521896145
5038,1773623700000,9969.527521896145
5039,1773624000000,9969.527521896145
5040,1773624300000,9969.527521896145
5041,1773624600000,9969.527521896145
5042,1773624900000,9969.527521896145
5043,1773625200000,9969.527521896145
5044,1773625500000,9969.527521896145
5045,1773625800000,9969.527521896145
5046,1773626100000,9969.527521896145
5047,1773626400000,9969.527521896145
5048,1773626700000,9969.527521896145
5049,1773627000000,9969.527521896145
5050,1773627300000,9969.527521896145
5051,1773627600000,9969.527521896145
5052,1773627900000,9969.527521896145
5053,1773628200000,9969.527521896145
5054,1773628500000,9969.527521896145
5055,1773628800000,9969.527521896145
5056,1773629100000,9969.527521896145
5057,1773629400000,9969.527521896145
5058,1773629700000,9969.527521896145
5059,1773630000000,9969.527521896145
5060,1773630300000,9969.527521896145
5061,1773630600000,9969.527521896145
5062,1773630900000,9969.527521896145
5063,1773631200000,9969.527521896145
5064,1773631500000,9969.527521896145
5065,1773631800000,9969.527521896145
5066,1773632100000,9969.527521896145
5067,1773632400000,9969.527521896145
5068,1773632700000,9969.527521896145
5069,1773633000000,9969.527521896145
5070,1773633300000,9969.527521896145
5071,1773633600000,9969.527521896145
5072,1773633900000,9969.527521896145
5073,1773634200000,9969.527521896145
5074,1773634500000,9969.527521896145
5075,1773634800000,9969.527521896145
5076,1773635100000,9969.527521896145
5077,1773635400000,9969.527521896145
5078,1773635700000,9969.527521896145
5079,1773636000000,9969.527521896145
5080,1773636300000,9969.527521896145
5081,1773636600000,9969.527521896145
5082,1773636900000,9969.527521896145
5083,1773637200000,9969.527521896145
5084,1773637500000,9969.527521896145
5085,1773637800000,9969.527521896145
5086,1773638100000,9969.527521896145
5087,1773638400000,9969.527521896145
5088,1773638700000,9969.527521896145
5089,1773639000000,9969.527521896145
5090,1773639300000,9969.527521896145
5091,1773639600000,9969.527521896145
5092,1773639900000,9969.527521896145
5093,1773640200000,9969.527521896145
5094,1773640500000,9969.527521896145
5095,1773640800000,9969.527521896145
5096,1773641100000,9969.527521896145
5097,1773641400000,9969.527521896145
5098,1773641700000,9969.527521896145
5099,1773642000000,9969.527521896145
5100,1773642300000,9969.527521896145
5101,1773642600000,9969.527521896145
5102,1773642900000,9969.527521896145
5103,1773643200000,9969.527521896145
5104,1773643500000,9969.527521896145
5105,1773643800000,9969.527521896145
5106,1773644100000,9969.527521896145
5107,1773644400000,9969.527521896145
5108,1773644700000,9969.527521896145
5109,1773645000000,9969.527521896145
5110,1773645300000,9969.527521896145
5111,1773645600000,9969.527521896145
5112,1773645900000,9969.527521896145
5113,1773646200000,9969.527521896145
5114,1773646500000,9969.527521896145
5115,1773646800000,9969.527521896145
5116,1773647100000,9969.527521896145
5117,1773647400000,9969.527521896145
5118,1773647700000,9969.527521896145
5119,1773648000000,9969.527521896145
5120,1773648300000,9969.527521896145
5121,1773648600000,9969.527521896145
5122,1773648900000,9969.527521896145
5123,1773649200000,9969.527521896145
5124,1773649500000,9969.527521896145
5125,1773649800000,9969.527521896145
5126,1773650100000,9969.527521896145
5127,1773650400000,9969.527521896145
5128,1773650700000,9969.527521896145
5129,1773651000000,9969.527521896145
5130,1773651300000,9969.527521896145
5131,1773651600000,9969.527521896145
5132,1773651900000,9969.527521896145
5133,1773652200000,9969.527521896145
5134,1773652500000,9969.527521896145
5135,1773652800000,9969.527521896145
5136,1773653100000,9969.527521896145
5137,1773653400000,9969.527521896145
5138,1773653700000,9969.527521896145
5139,1773654000000,9969.527521896145
5140,1773654300000,9969.527521896145
5141,1773654600000,9969.527521896145
5142,1773654900000,9969.527521896145
5143,1773655200000,9969.527521896145
5144,1773655500000,9969.527521896145
5145,1773655800000,9969.527521896145
5146,1773656100000,9969.527521896145
5147,1773656400000,9969.527521896145
5148,1773656700000,9969.527521896145
5149,1773657000000,9969.527521896145
5150,1773657300000,9969.527521896145
5151,1773657600000,9969.527521896145
5152,1773657900000,9969.527521896145
5153,1773658200000,9969.527521896145
5154,1773658500000,9969.527521896145
5155,1773658800000,9969.527521896145
5156,1773659100000,9969.527521896145
5157,1773659400000,9969.527521896145
5158,1773659700000,9969.527521896145
5159,1773660000000,9969.527521896145
5160,1773660300000,9969.527521896145
5161,1773660600000,9969.527521896145
5162,1773660900000,9969.527521896145
5163,1773661200000,9969.527521896145
5164,1773661500000,9969.527521896145
5165,1773661800000,9969.527521896145
5166,1773662100000,9969.527521896145
5167,1773662400000,9969.527521896145
5168,1773662700000,9969.527521896145
5169,1773663000000,9969.527521896145
5170,1773663300000,9969.527521896145
5171,1773663600000,9969.527521896145
5172,1773663900000,9969.527521896145
5173,1773664200000,9969.527521896145
5174,1773664500000,9969.527521896145
5175,1773664800000,9969.527521896145
5176,1773665100000,9969.527521896145
5177,1773665400000,9969.527521896145
5178,1773665700000,9969.527521896145
5179,1773666000000,9969.527521896145
5180,1773666300000,9969.527521896145
5181,1773666600000,9969.527521896145
5182,1773666900000,9969.527521896145
5183,1773667200000,9969.527521896145
5184,1773667500000,9969.527521896145
5185,1773667800000,9969.527521896145
5186,1773668100000,9969.527521896145
5187,1773668400000,9969.527521896145
5188,1773668700000,9969.527521896145
5189,1773669000000,9969.527521896145
5190,1773669300000,9969.527521896145
5191,1773669600000,9969.527521896145
5192,1773669900000,9969.527521896145
5193,1773670200000,9969.527521896145
5194,1773670500000,9969.527521896145
5195,1773670800000,9969.527521896145
5196,1773671100000,9969.527521896145
5197,1773671400000,9969.527521896145
5198,1773671700000,9969.527521896145
5199,1773672000000,9969.527521896145
5200,1773672300000,9969.527521896145
5201,1773672600000,9969.527521896145
5202,1773672900000,9969.527521896145
5203,1773673200000,9969.527521896145
5204,1773673500000,9969.527521896145
5205,1773673800000,9969.527521896145
5206,1773674100000,9969.527521896145
5207,1773674400000,9969.527521896145
5208,1773674700000,9969.527521896145
5209,1773675000000,9969.527521896145
5210,1773675300000,9969.527521896145
5211,1773675600000,9969.527521896145
5212,1773675900000,9969.527521896145
5213,1773676200000,9969.527521896145
5214,1773676500000,9969.527521896145
5215,1773676800000,9969.527521896145
5216,1773677100000,9969.527521896145
5217,1773677400000,9969.527521896145
5218,1773677700000,9969.527521896145
5219,1773678000000,9969.527521896145
5220,1773678300000,9969.527521896145
5221,1773678600000,9969.527521896145
5222,1773678900000,9969.527521896145
5223,1773679200000,9969.527521896145
5224,1773679500000,9969.527521896145
5225,1773679800000,9969.527521896145
5226,1773680100000,9969.527521896145
5227,1773680400000,9969.527521896145
5228,1773680700000,9969.527521896145
5229,1773681000000,9969.527521896145
5230,1773681300000,9969.527521896145
5231,1773681600000,9969.527521896145
5232,1773681900000,9969.527521896145
5233,1773682200000,9969.527521896145
5234,1773682500000,9969.527521896145
5235,1773682800000,9969.527521896145
5236,1773683100000,9969.527521896145
5237,1773683400000,9969.527521896145
5238,1773683700000,9969.527521896145
5239,1773684000000,9969.527521896145
5240,1773684300000,9969.527521896145
5241,1773684600000,9969.527521896145
5242,1773684900000,9969.527521896145
5243,1773685200000,9969.527521896145
5244,1773685500000,9969.527521896145
5245,1773685800000,9969.527521896145
5246,1773686100000,9969.527521896145
5247,1773686400000,9969.527521896145
5248,1773686700000,9969.527521896145
5249,1773687000000,9969.527521896145
5250,1773687300000,9969.527521896145
5251,1773687600000,9969.527521896145
5252,1773687900000,9969.527521896145
5253,1773688200000,9969.527521896145
5254,1773688500000,9969.527521896145
5255,1773688800000,9969.527521896145
5256,1773689100000,9969.527521896145
5257,1773689400000,9969.527521896145
5258,1773689700000,9969.527521896145
5259,1773690000000,9969.527521896145
5260,1773690300000,9969.527521896145
5261,1773690600000,9969.527521896145
5262,1773690900000,9969.527521896145
5263,1773691200000,9969.527521896145
5264,1773691500000,9969.527521896145
5265,1773691800000,9969.527521896145
5266,1773692100000,9969.527521896145
5267,1773692400000,9969.527521896145
5268,1773692700000,9969.527521896145
5269,1773693000000,9969.527521896145
5270,1773693300000,9969.527521896145
5271,1773693600000,9969.527521896145
5272,1773693900000,9969.527521896145
5273,1773694200000,9969.527521896145
5274,1773694500000,9969.527521896145
5275,1773694800000,9969.527521896145
5276,1773695100000,9969.527521896145
5277,1773695400000,9969.527521896145
5278,1773695700000,9969.527521896145
5279,1773696000000,9969.527521896145
5280,1773696300000,9969.527521896145
5281,1773696600000,9969.527521896145
5282,1773696900000,9969.527521896145
5283,1773697200000,9969.527521896145
5284,1773697500000,9969.527521896145
5285,1773697800000,9969.527521896145
5286,1773698100000,9969.527521896145
5287,1773698400000,9969.527521896145
5288,1773698700000,9969.527521896145
5289,1773699000000,9969.527521896145
5290,1773699300000,9969.527521896145
5291,1773699600000,9969.527521896145
5292,1773699900000,9969.527521896145
5293,1773700200000,9969.527521896145
5294,1773700500000,9969.527521896145
5295,1773700800000,9969.527521896145
5296,1773701100000,9969.527521896145
5297,1773701400000,9969.527521896145
5298,1773701700000,9969.527521896145
5299,1773702000000,9969.527521896145
5300,1773702300000,9969.527521896145
5301,1773702600000,9969.527521896145
5302,1773702900000,9969.527521896145
5303,1773703200000,9969.527521896145
5304,1773703500000,9969.527521896145
5305,1773703800000,9969.527521896145
5306,1773704100000,9969.527521896145
5307,1773704400000,9969.527521896145
5308,1773704700000,9969.527521896145
5309,1773705000000,9969.527521896145
5310,1773705300000,9969.527521896145
5311,1773705600000,9969.527521896145
5312,1773705900000,9969.527521896145
5313,1773706200000,9969.527521896145
5314,1773706500000,9969.527521896145
5315,1773706800000,9969.527521896145
5316,1773707100000,9969.527521896145
5317,1773707400000,9969.527521896145
5318,1773707700000,9969.527521896145
5319,1773708000000,9969.527521896145
5320,1773708300000,9969.527521896145
5321,1773708600000,9969.527521896145
5322,1773708900000,9969.527521896145
5323,1773709200000,9969.527521896145
5324,1773709500000,9969.527521896145
5325,1773709800000,9969.527521896145
5326,1773710100000,9969.527521896145
5327,1773710400000,9969.527521896145
5328,1773710700000,9969.527521896145
5329,1773711000000,9969.527521896145
5330,1773711300000,9969.527521896145
5331,1773711600000,9969.527521896145
5332,1773711900000,9969.527521896145
5333,1773712200000,9969.527521896145
5334,1773712500000,9969.527521896145
5335,1773712800000,9969.527521896145
5336,1773713100000,9969.527521896145
5337,1773713400000,9969.527521896145
5338,1773713700000,9969.527521896145
5339,1773714000000,9969.527521896145
5340,1773714300000,9969.527521896145
5341,1773714600000,9969.527521896145
5342,1773714900000,9969.527521896145
5343,1773715200000,9969.527521896145
5344,1773715500000,9969.527521896145
5345,1773715800000,9969.527521896145
5346,1773716100000,9969.527521896145
5347,1773716400000,9969.527521896145
5348,1773716700000,9969.527521896145
5349,1773717000000,9969.527521896145
5350,1773717300000,9969.527521896145
5351,1773717600000,9969.527521896145
5352,1773717900000,9969.527521896145
5353,1773718200000,9969.527521896145
5354,1773718500000,9969.527521896145
5355,1773718800000,9969.527521896145
5356,1773719100000,9969.527521896145
5357,1773719400000,9969.527521896145
5358,1773719700000,9969.527521896145
5359,1773720000000,9969.527521896145
5360,1773720300000,9969.527521896145
5361,1773720600000,9969.527521896145
5362,1773720900000,9969.527521896145
5363,1773721200000,9969.527521896145
5364,1773721500000,9969.527521896145
5365,1773721800000,9969.527521896145
5366,1773722100000,9969.527521896145
5367,1773722400000,9969.527521896145
5368,1773722700000,9969.527521896145
5369,1773723000000,9969.527521896145
5370,1773723300000,9969.527521896145
5371,1773723600000,9969.527521896145
5372,1773723900000,9969.527521896145
5373,1773724200000,9969.527521896145
5374,1773724500000,9969.527521896145
5375,1773724800000,9969.527521896145
5376,1773725100000,9969.527521896145
5377,1773725400000,9969.527521896145
5378,1773725700000,9969.527521896145
5379,1773726000000,9969.527521896145
5380,1773726300000,9969.527521896145
5381,1773726600000,9969.527521896145
5382,1773726900000,9969.527521896145
5383,1773727200000,9969.527521896145
5384,1773727500000,9969.527521896145
5385,1773727800000,9969.527521896145
5386,1773728100000,9969.527521896145
5387,1773728400000,9969.527521896145
5388,1773728700000,9969.527521896145
5389,1773729000000,9969.527521896145
5390,1773729300000,9969.527521896145
5391,1773729600000,9969.527521896145
5392,1773729900000,9969.527521896145
5393,1773730200000,9969.527521896145
5394,1773730500000,9969.527521896145
5395,1773730800000,9969.527521896145
5396,1773731100000,9969.527521896145
5397,1773731400000,9969.527521896145
5398,1773731700000,9969.527521896145
5399,1773732000000,9969.527521896145
5400,1773732300000,9969.527521896145
5401,1773732600000,9969.527521896145
5402,1773732900000,9969.527521896145
5403,1773733200000,9969.527521896145
5404,1773733500000,9969.527521896145
5405,1773733800000,9969.527521896145
5406,1773734100000,9969.527521896145
5407,1773734400000,9969.527521896145
5408,1773734700000,9969.527521896145
5409,1773735000000,9969.527521896145
5410,1773735300000,9969.527521896145
5411,1773735600000,9969.527521896145
5412,1773735900000,9969.527521896145
5413,1773736200000,9969.527521896145
5414,1773736500000,9969.527521896145
5415,1773736800000,9969.527521896145
5416,1773737100000,9969.527521896145
5417,1773737400000,9969.527521896145
5418,1773737700000,9969.527521896145
5419,1773738000000,9969.527521896145
5420,1773738300000,9969.527521896145
5421,1773738600000,9969.527521896145
5422,1773738900000,9969.527521896145
5423,1773739200000,9969.527521896145
5424,1773739500000,9969.527521896145
5425,1773739800000,9969.527521896145
5426,1773740100000,9969.527521896145
5427,1773740400000,9969.527521896145
5428,1773740700000,9969.527521896145
5429,1773741000000,9969.527521896145
5430,1773741300000,9969.527521896145
5431,1773741600000,9969.527521896145
5432,1773741900000,9969.527521896145
5433,1773742200000,9969.527521896145
5434,1773742500000,9969.527521896145
5435,1773742800000,9969.527521896145
5436,1773743100000,9969.527521896145
5437,1773743400000,9969.527521896145
5438,1773743700000,9969.527521896145
5439,1773744000000,9969.527521896145
5440,1773744300000,9969.527521896145
5441,1773744600000,9969.527521896145
5442,1773744900000,9969.527521896145
5443,1773745200000,9969.527521896145
5444,1773745500000,9969.527521896145
5445,1773745800000,9969.527521896145
5446,1773746100000,9969.527521896145
5447,1773746400000,9969.527521896145
5448,1773746700000,9969.527521896145
5449,1773747000000,9969.527521896145
5450,1773747300000,9969.527521896145
5451,1773747600000,9969.527521896145
5452,1773747900000,9969.527521896145
5453,1773748200000,9969.527521896145
5454,1773748500000,9969.527521896145
5455,1773748800000,9969.527521896145
5456,1773749100000,9969.527521896145
5457,1773749400000,9969.527521896145
5458,1773749700000,9969.527521896145
5459,1773750000000,9969.527521896145
5460,1773750300000,9969.527521896145
5461,1773750600000,9969.527521896145
5462,1773750900000,9969.527521896145
5463,1773751200000,9969.527521896145
5464,1773751500000,9969.527521896145
5465,1773751800000,9969.527521896145
5466,1773752100000,9969.527521896145
5467,1773752400000,9969.527521896145
5468,1773752700000,9969.527521896145
5469,1773753000000,9969.527521896145
5470,1773753300000,9969.527521896145
5471,1773753600000,9969.527521896145
5472,1773753900000,9969.527521896145
5473,1773754200000,9969.527521896145
5474,1773754500000,9969.527521896145
5475,1773754800000,9969.527521896145
5476,1773755100000,9969.527521896145
5477,1773755400000,9969.527521896145
5478,1773755700000,9969.527521896145
5479,1773756000000,9969.527521896145
5480,1773756300000,9969.527521896145
5481,1773756600000,9969.527521896145
5482,1773756900000,9969.527521896145
5483,1773757200000,9969.527521896145
5484,1773757500000,9969.527521896145
5485,1773757800000,9969.527521896145
5486,1773758100000,9969.527521896145
5487,1773758400000,9969.527521896145
5488,1773758700000,9969.527521896145
5489,1773759000000,9969.527521896145
5490,1773759300000,9969.527521896145
5491,1773759600000,9969.527521896145
5492,1773759900000,9969.527521896145
5493,1773760200000,9969.527521896145
5494,1773760500000,9969.527521896145
5495,1773760800000,9969.527521896145
5496,1773761100000,9969.527521896145
5497,1773761400000,9969.527521896145
5498,1773761700000,9969.527521896145
5499,1773762000000,9969.527521896145
5500,1773762300000,9969.527521896145
5501,1773762600000,9969.527521896145
5502,1773762900000,9969.527521896145
5503,1773763200000,9969.527521896145
5504,1773763500000,9969.527521896145
5505,1773763800000,9969.527521896145
5506,1773764100000,9969.527521896145
5507,1773764400000,9969.527521896145
5508,1773764700000,9969.527521896145
5509,1773765000000,9969.527521896145
5510,1773765300000,9969.527521896145
5511,1773765600000,9969.527521896145
5512,1773765900000,9969.527521896145
5513,1773766200000,9969.527521896145
5514,1773766500000,9969.527521896145
5515,1773766800000,9969.527521896145
5516,1773767100000,9969.527521896145
5517,1773767400000,9969.527521896145
5518,1773767700000,9969.527521896145
5519,1773768000000,9969.527521896145
5520,1773768300000,9969.527521896145
5521,1773768600000,9969.527521896145
5522,1773768900000,9969.527521896145
5523,1773769200000,9969.527521896145
5524,1773769500000,9969.527521896145
5525,1773769800000,9969.527521896145
5526,1773770100000,9969.527521896145
5527,1773770400000,9969.527521896145
5528,1773770700000,9969.527521896145
5529,1773771000000,9969.527521896145
5530,1773771300000,9969.527521896145
5531,1773771600000,9969.527521896145
5532,1773771900000,9969.527521896145
5533,1773772200000,9969.527521896145
5534,1773772500000,9969.527521896145
5535,1773772800000,9969.527521896145
5536,1773773100000,9969.527521896145
5537,1773773400000,9969.527521896145
5538,1773773700000,9969.527521896145
5539,1773774000000,9969.527521896145
5540,1773774300000,9969.527521896145
5541,1773774600000,9969.527521896145
5542,1773774900000,9969.527521896145
5543,1773775200000,9969.527521896145
5544,1773775500000,9969.527521896145
5545,1773775800000,9969.527521896145
5546,1773776100000,9969.527521896145
5547,1773776400000,9969.527521896145
5548,1773776700000,9969.527521896145
5549,1773777000000,9969.527521896145
5550,1773777300000,9969.527521896145
5551,1773777600000,9969.527521896145
5552,1773777900000,9969.527521896145
5553,1773778200000,9969.527521896145
5554,1773778500000,9969.527521896145
5555,1773778800000,9969.527521896145
5556,1773779100000,9969.527521896145
5557,1773779400000,9969.527521896145
5558,1773779700000,9969.527521896145
5559,1773780000000,9969.527521896145
5560,1773780300000,9969.527521896145
5561,1773780600000,9969.527521896145
5562,1773780900000,9969.527521896145
5563,1773781200000,9969.527521896145
5564,1773781500000,9969.527521896145
5565,1773781800000,9969.527521896145
5566,1773782100000,9969.527521896145
5567,1773782400000,9969.527521896145
5568,1773782700000,9969.527521896145
5569,1773783000000,9969.527521896145
5570,1773783300000,9969.527521896145
5571,1773783600000,9969.527521896145
5572,1773783900000,9969.527521896145
5573,1773784200000,9969.527521896145
5574,1773784500000,9969.527521896145
5575,1773784800000,9969.527521896145
5576,1773785100000,9969.527521896145
5577,1773785400000,9969.527521896145
5578,1773785700000,9969.527521896145
5579,1773786000000,9969.527521896145
5580,1773786300000,9969.527521896145
5581,1773786600000,9969.527521896145
5582,1773786900000,9969.527521896145
5583,1773787200000,9969.527521896145
5584,1773787500000,9969.527521896145
5585,1773787800000,9969.527521896145
5586,1773788100000,9969.527521896145
5587,1773788400000,9969.527521896145
5588,1773788700000,9969.527521896145
5589,1773789000000,9969.527521896145
5590,1773789300000,9969.527521896145
5591,1773789600000,9969.527521896145
5592,1773789900000,9969.527521896145
5593,1773790200000,9969.527521896145
5594,1773790500000,9969.527521896145
5595,1773790800000,9969.527521896145
5596,1773791100000,9969.527521896145
5597,1773791400000,9969.527521896145
5598,1773791700000,9969.527521896145
5599,1773792000000,9969.527521896145
5600,1773792300000,9969.527521896145
5601,1773792600000,9969.527521896145
5602,1773792900000,9969.527521896145
5603,1773793200000,9969.527521896145
5604,1773793500000,9969.527521896145
5605,1773793800000,9969.527521896145
5606,1773794100000,9969.527521896145
5607,1773794400000,9969.527521896145
5608,1773794700000,9969.527521896145
5609,1773795000000,9969.527521896145
5610,1773795300000,9969.527521896145
5611,1773795600000,9969.527521896145
5612,1773795900000,9969.527521896145
5613,1773796200000,9969.527521896145
5614,1773796500000,9969.527521896145
5615,1773796800000,9969.527521896145
5616,1773797100000,9969.527521896145
5617,1773797400000,9969.527521896145
5618,1773797700000,9969.527521896145
5619,1773798000000,9969.527521896145
5620,1773798300000,9969.527521896145
5621,1773798600000,9969.527521896145
5622,1773798900000,9969.527521896145
5623,1773799200000,9969.527521896145
5624,1773799500000,9969.527521896145
5625,1773799800000,9969.527521896145
5626,1773800100000,9969.527521896145
5627,1773800400000,9969.527521896145
5628,1773800700000,9969.527521896145
5629,1773801000000,9969.527521896145
5630,1773801300000,9969.527521896145
5631,1773801600000,9969.527521896145
5632,1773801900000,9969.527521896145
5633,1773802200000,9969.527521896145
5634,1773802500000,9969.527521896145
5635,1773802800000,9969.527521896145
5636,1773803100000,9969.527521896145
5637,1773803400000,9969.527521896145
5638,1773803700000,9969.527521896145
5639,1773804000000,9969.527521896145
5640,1773804300000,9969.527521896145
5641,1773804600000,9969.527521896145
5642,1773804900000,9969.527521896145
5643,1773805200000,9969.527521896145
5644,1773805500000,9969.527521896145
5645,1773805800000,9969.527521896145
5646,1773806100000,9969.527521896145
5647,1773806400000,9969.527521896145
5648,1773806700000,9969.527521896145
5649,1773807000000,9969.527521896145
5650,1773807300000,9969.527521896145
5651,1773807600000,9969.527521896145
5652,1773807900000,9969.527521896145
5653,1773808200000,9969.527521896145
5654,1773808500000,9969.527521896145
5655,1773808800000,9969.527521896145
5656,1773809100000,9969.527521896145
5657,1773809400000,9969.527521896145
5658,1773809700000,9969.527521896145
5659,1773810000000,9969.527521896145
5660,1773810300000,9969.527521896145
5661,1773810600000,9969.527521896145
5662,1773810900000,9969.527521896145
5663,1773811200000,9969.527521896145
5664,1773811500000,9969.527521896145
5665,1773811800000,9969.527521896145
5666,1773812100000,9969.527521896145
5667,1773812400000,9969.527521896145
5668,1773812700000,9969.527521896145
5669,1773813000000,9969.527521896145
5670,1773813300000,9969.527521896145
5671,1773813600000,9969.527521896145
5672,1773813900000,9969.527521896145
5673,1773814200000,9969.527521896145
5674,1773814500000,9969.527521896145
5675,1773814800000,9969.527521896145
5676,1773815100000,9969.527521896145
5677,1773815400000,9969.527521896145
5678,1773815700000,9969.527521896145
5679,1773816000000,9969.527521896145
5680,1773816300000,9969.527521896145
5681,1773816600000,9969.527521896145
5682,1773816900000,9969.527521896145
5683,1773817200000,9969.527521896145
5684,1773817500000,9969.527521896145
5685,1773817800000,9969.527521896145
5686,1773818100000,9969.527521896145
5687,1773818400000,9969.527521896145
5688,1773818700000,9969.527521896145
5689,1773819000000,9969.527521896145
5690,1773819300000,9969.527521896145
5691,1773819600000,9969.527521896145
5692,1773819900000,9969.527521896145
5693,1773820200000,9969.527521896145
5694,1773820500000,9969.527521896145
5695,1773820800000,9969.527521896145
5696,1773821100000,9969.527521896145
5697,1773821400000,9969.527521896145
5698,1773821700000,9969.527521896145
5699,1773822000000,9969.527521896145
5700,1773822300000,9969.527521896145
5701,1773822600000,9969.527521896145
5702,1773822900000,9969.527521896145
5703,1773823200000,9969.527521896145
5704,1773823500000,9969.527521896145
5705,1773823800000,9969.527521896145
5706,1773824100000,9969.527521896145
5707,1773824400000,9969.527521896145
5708,1773824700000,9969.527521896145
5709,1773825000000,9969.527521896145
5710,1773825300000,9969.527521896145
5711,1773825600000,9969.527521896145
5712,1773825900000,9969.527521896145
5713,1773826200000,9969.527521896145
5714,1773826500000,9969.527521896145
5715,1773826800000,9969.527521896145
5716,1773827100000,9969.527521896145
5717,1773827400000,9969.527521896145
5718,1773827700000,9969.527521896145
5719,1773828000000,9969.527521896145
5720,1773828300000,9969.527521896145
5721,1773828600000,9969.527521896145
5722,1773828900000,9969.527521896145
5723,1773829200000,9969.527521896145
5724,1773829500000,9969.527521896145
5725,1773829800000,9969.527521896145
5726,1773830100000,9969.527521896145
5727,1773830400000,9969.527521896145
5728,1773830700000,9969.527521896145
5729,1773831000000,9969.527521896145
5730,1773831300000,9969.527521896145
5731,1773831600000,9969.527521896145
5732,1773831900000,9969.527521896145
5733,1773832200000,9969.527521896145
5734,1773832500000,9969.527521896145
5735,1773832800000,9969.527521896145
5736,1773833100000,9969.527521896145
5737,1773833400000,9969.527521896145
5738,1773833700000,9969.527521896145
5739,1773834000000,9969.527521896145
5740,1773834300000,9969.527521896145
5741,1773834600000,9969.527521896145
5742,1773834900000,9969.527521896145
5743,1773835200000,9969.527521896145
5744,1773835500000,9969.527521896145
5745,1773835800000,9969.527521896145
5746,1773836100000,9969.527521896145
5747,1773836400000,9969.527521896145
5748,1773836700000,9969.527521896145
5749,1773837000000,9969.527521896145
5750,1773837300000,9969.527521896145
5751,1773837600000,9969.527521896145
5752,1773837900000,9969.527521896145
5753,1773838200000,9969.527521896145
5754,1773838500000,9969.527521896145
5755,1773838800000,9969.527521896145
5756,1773839100000,9969.527521896145
5757,1773839400000,9969.527521896145
5758,1773839700000,9969.527521896145
5759,1773840000000,9969.527521896145
5760,1773840300000,9969.527521896145
5761,1773840600000,9969.527521896145
5762,1773840900000,9969.527521896145
5763,1773841200000,9969.527521896145
5764,1773841500000,9969.527521896145
5765,1773841800000,9969.527521896145
5766,1773842100000,9969.527521896145
5767,1773842400000,9969.527521896145
5768,1773842700000,9969.527521896145
5769,1773843000000,9969.527521896145
5770,1773843300000,9969.527521896145
5771,1773843600000,9969.527521896145
5772,1773843900000,9969.527521896145
5773,1773844200000,9969.527521896145
5774,1773844500000,9969.527521896145
5775,1773844800000,9969.527521896145
5776,1773845100000,9969.527521896145
5777,1773845400000,9969.527521896145
5778,1773845700000,9969.527521896145
5779,1773846000000,9969.527521896145
5780,1773846300000,9969.527521896145
5781,1773846600000,9969.527521896145
5782,1773846900000,9969.527521896145
5783,1773847200000,9969.527521896145
5784,1773847500000,9969.527521896145
5785,1773847800000,9969.527521896145
5786,1773848100000,9969.527521896145
5787,1773848400000,9969.527521896145
5788,1773848700000,9969.527521896145
5789,1773849000000,9969.527521896145
5790,1773849300000,9969.527521896145
5791,1773849600000,9969.527521896145
5792,1773849900000,9969.527521896145
5793,1773850200000,9969.527521896145
5794,1773850500000,9969.527521896145
5795,1773850800000,9969.527521896145
5796,1773851100000,9969.527521896145
5797,1773851400000,9969.527521896145
5798,1773851700000,9969.527521896145
5799,1773852000000,9969.527521896145
5800,1773852300000,9969.527521896145
5801,1773852600000,9969.527521896145
5802,1773852900000,9969.527521896145
5803,1773853200000,9969.527521896145
5804,1773853500000,9969.527521896145
5805,1773853800000,9969.527521896145
5806,1773854100000,9969.527521896145
5807,1773854400000,9969.527521896145
5808,1773854700000,9969.527521896145
5809,1773855000000,9969.527521896145
5810,1773855300000,9969.527521896145
5811,1773855600000,9965.539710887388
5812,1773855900000,9955.635802412058
5813,1773856200000,9968.750567059755
5814,1773856500000,9967.755653879585
5815,1773856800000,9906.206706688143
5816,1773857100000,9927.235553450833
5817,1773857400000,9917.964771544699
5818,1773857700000,10007.05472449631
5819,1773858000000,9999.231089034063
5820,1773858300000,9994.980096355153
5821,1773858600000,10010.220357342307
5822,1773858900000,9988.467937357675
5823,1773859200000,9985.844984428135
5824,1773859500000,10016.506399707929
5825,1773859800000,10081.582766356338
5826,1773860100000,10070.955284659065
5827,1773860400000,10016.8681863189
5828,1773860700000,10018.993682658354
5829,1773861000000,10037.399576491505
5830,1773861300000,10006.285927947998
5831,1773861600000,10027.314774710687
5832,1773861900000,10015.918496465101
5833,1773862200000,10011.124823869735
5834,1773862500000,10026.048521572287
5835,1773862800000,10023.309319133752
5836,1773863100000,10023.309319133752
5837,1773863400000,10023.309319133752
5838,1773863700000,10023.309319133752
5839,1773864000000,10023.309319133752
5840,1773864300000,10023.309319133752
5841,1773864600000,10023.309319133752
5842,1773864900000,10023.309319133752
5843,1773865200000,10023.309319133752
5844,1773865500000,10023.309319133752
5845,1773865800000,10023.309319133752
5846,1773866100000,10023.309319133752
5847,1773866400000,10023.309319133752
5848,1773866700000,10023.309319133752
5849,1773867000000,10023.309319133752
5850,1773867300000,10023.309319133752
5851,1773867600000,10023.309319133752
5852,1773867900000,10023.309319133752
5853,1773868200000,10023.309319133752
5854,1773868500000,10023.309319133752
5855,1773868800000,10023.309319133752
5856,1773869100000,10023.309319133752
5857,1773869400000,10023.309319133752
5858,1773869700000,10023.309319133752
5859,1773870000000,10023.309319133752
5860,1773870300000,10023.309319133752
5861,1773870600000,10023.309319133752
5862,1773870900000,10023.309319133752
5863,1773871200000,10023.309319133752
5864,1773871500000,10023.309319133752
5865,1773871800000,10023.309319133752
5866,1773872100000,10023.309319133752
5867,1773872400000,10023.309319133752
5868,1773872700000,10023.309319133752
5869,1773873000000,10023.309319133752
5870,1773873300000,10023.309319133752
5871,1773873600000,10023.309319133752
5872,1773873900000,10023.309319133752
5873,1773874200000,10023.309319133752
5874,1773874500000,10023.309319133752
5875,1773874800000,10023.309319133752
5876,1773875100000,10023.309319133752
5877,1773875400000,10023.309319133752
5878,1773875700000,10023.309319133752
5879,1773876000000,10023.309319133752
5880,1773876300000,10023.309319133752
5881,1773876600000,10023.309319133752
5882,1773876900000,10023.309319133752
5883,1773877200000,10023.309319133752
5884,1773877500000,10023.309319133752
5885,1773877800000,10023.309319133752
5886,1773878100000,10023.309319133752
5887,1773878400000,10023.309319133752
5888,1773878700000,10023.309319133752
5889,1773879000000,10023.309319133752
5890,1773879300000,10023.309319133752
5891,1773879600000,10023.309319133752
5892,1773879900000,10023.309319133752
5893,1773880200000,10023.309319133752
5894,1773880500000,10023.309319133752
5895,1773880800000,10023.309319133752
5896,1773881100000,10023.309319133752
5897,1773881400000,10023.309319133752
5898,1773881700000,10023.309319133752
5899,1773882000000,10023.309319133752
5900,1773882300000,10023.309319133752
5901,1773882600000,10023.309319133752
5902,1773882900000,10023.309319133752
5903,1773883200000,10023.309319133752
5904,1773883500000,10023.309319133752
5905,1773883800000,10023.309319133752
5906,1773884100000,10023.309319133752
5907,1773884400000,10023.309319133752
5908,1773884700000,10023.309319133752
5909,1773885000000,10023.309319133752
5910,1773885300000,10023.309319133752
5911,1773885600000,10023.309319133752
5912,1773885900000,10023.309319133752
5913,1773886200000,10023.309319133752
5914,1773886500000,10023.309319133752
5915,1773886800000,10023.309319133752
5916,1773887100000,10023.309319133752
5917,1773887400000,10023.309319133752
5918,1773887700000,10023.309319133752
5919,1773888000000,10023.309319133752
5920,1773888300000,10023.309319133752
5921,1773888600000,10023.309319133752
5922,1773888900000,10023.309319133752
5923,1773889200000,10023.309319133752
5924,1773889500000,10023.309319133752
5925,1773889800000,10023.309319133752
5926,1773890100000,10023.309319133752
5927,1773890400000,10023.309319133752
5928,1773890700000,10023.309319133752
5929,1773891000000,10023.309319133752
5930,1773891300000,10023.309319133752
5931,1773891600000,10023.309319133752
5932,1773891900000,10023.309319133752
5933,1773892200000,10023.309319133752
5934,1773892500000,10023.309319133752
5935,1773892800000,10023.309319133752
5936,1773893100000,10023.309319133752
5937,1773893400000,10023.309319133752
5938,1773893700000,10023.309319133752
5939,1773894000000,10023.309319133752
5940,1773894300000,10023.309319133752
5941,1773894600000,10023.309319133752
5942,1773894900000,10023.309319133752
5943,1773895200000,10023.309319133752
5944,1773895500000,10023.309319133752
5945,1773895800000,10023.309319133752
5946,1773896100000,10023.309319133752
5947,1773896400000,10023.309319133752
5948,1773896700000,10023.309319133752
5949,1773897000000,10023.309319133752
5950,1773897300000,10023.309319133752
5951,1773897600000,10023.309319133752
5952,1773897900000,10023.309319133752
5953,1773898200000,10023.309319133752
5954,1773898500000,10023.309319133752
5955,1773898800000,10023.309319133752
5956,1773899100000,10023.309319133752
5957,1773899400000,10023.309319133752
5958,1773899700000,10023.309319133752
5959,1773900000000,10023.309319133752
5960,1773900300000,10023.309319133752
5961,1773900600000,10023.309319133752
5962,1773900900000,10023.309319133752
5963,1773901200000,10023.309319133752
5964,1773901500000,10023.309319133752
5965,1773901800000,10023.309319133752
5966,1773902100000,10023.309319133752
5967,1773902400000,10023.309319133752
5968,1773902700000,10023.309319133752
5969,1773903000000,10023.309319133752
5970,1773903300000,10023.309319133752
5971,1773903600000,10023.309319133752
5972,1773903900000,10023.309319133752
5973,1773904200000,10023.309319133752
5974,1773904500000,10023.309319133752
5975,1773904800000,10023.309319133752
5976,1773905100000,10023.309319133752
5977,1773905400000,10023.309319133752
5978,1773905700000,10023.309319133752
5979,1773906000000,10023.309319133752
5980,1773906300000,10023.309319133752
5981,1773906600000,10023.309319133752
5982,1773906900000,10023.309319133752
5983,1773907200000,10023.309319133752
5984,1773907500000,10023.309319133752
5985,1773907800000,10023.309319133752
5986,1773908100000,10023.309319133752
5987,1773908400000,10023.309319133752
5988,1773908700000,10023.309319133752
5989,1773909000000,10023.309319133752
5990,1773909300000,10023.309319133752
5991,1773909600000,10023.309319133752
5992,1773909900000,10023.309319133752
5993,1773910200000,10023.309319133752
5994,1773910500000,10023.309319133752
5995,1773910800000,10023.309319133752
5996,1773911100000,10023.309319133752
5997,1773911400000,10023.309319133752
5998,1773911700000,10023.309319133752
5999,1773912000000,10023.309319133752
6000,1773912300000,10023.309319133752
6001,1773912600000,10023.309319133752
6002,1773912900000,10023.309319133752
6003,1773913200000,10023.309319133752
6004,1773913500000,10023.309319133752
6005,1773913800000,10023.309319133752
6006,1773914100000,10023.309319133752
6007,1773914400000,10023.309319133752
6008,1773914700000,10023.309319133752
6009,1773915000000,10023.309319133752
6010,1773915300000,10023.309319133752
6011,1773915600000,10023.309319133752
6012,1773915900000,10023.309319133752
6013,1773916200000,10023.309319133752
6014,1773916500000,10023.309319133752
6015,1773916800000,10023.309319133752
6016,1773917100000,10023.309319133752
6017,1773917400000,10023.309319133752
6018,1773917700000,10023.309319133752
6019,1773918000000,10023.309319133752
6020,1773918300000,10023.309319133752
6021,1773918600000,10023.309319133752
6022,1773918900000,10023.309319133752
6023,1773919200000,10023.309319133752
6024,1773919500000,10023.309319133752
6025,1773919800000,10023.309319133752
6026,1773920100000,10023.309319133752
6027,1773920400000,10023.309319133752
6028,1773920700000,10023.309319133752
6029,1773921000000,10023.309319133752
6030,1773921300000,10023.309319133752
6031,1773921600000,10023.309319133752
6032,1773921900000,10023.309319133752
6033,1773922200000,10023.309319133752
6034,1773922500000,10023.309319133752
6035,1773922800000,10023.309319133752
6036,1773923100000,10023.309319133752
6037,1773923400000,10023.309319133752
6038,1773923700000,10023.309319133752
6039,1773924000000,10023.309319133752
6040,1773924300000,10023.309319133752
6041,1773924600000,10023.309319133752
6042,1773924900000,10023.309319133752
6043,1773925200000,10023.309319133752
6044,1773925500000,10023.309319133752
6045,1773925800000,10023.309319133752
6046,1773926100000,10023.309319133752
6047,1773926400000,10023.309319133752
6048,1773926700000,10023.309319133752
6049,1773927000000,10023.309319133752
6050,1773927300000,10023.309319133752
6051,1773927600000,10023.309319133752
6052,1773927900000,10023.309319133752
6053,1773928200000,10023.309319133752
6054,1773928500000,10023.309319133752
6055,1773928800000,10023.309319133752
6056,1773929100000,10023.309319133752
6057,1773929400000,10023.309319133752
6058,1773929700000,10023.309319133752
6059,1773930000000,10023.309319133752
6060,1773930300000,10023.309319133752
6061,1773930600000,10023.309319133752
6062,1773930900000,10023.309319133752
6063,1773931200000,10023.309319133752
6064,1773931500000,10023.309319133752
6065,1773931800000,10023.309319133752
6066,1773932100000,10023.309319133752
6067,1773932400000,10023.309319133752
6068,1773932700000,10023.309319133752
6069,1773933000000,10023.309319133752
6070,1773933300000,10023.309319133752
6071,1773933600000,10023.309319133752
6072,1773933900000,10023.309319133752
6073,1773934200000,10023.309319133752
6074,1773934500000,10023.309319133752
6075,1773934800000,10023.309319133752
6076,1773935100000,10023.309319133752
6077,1773935400000,10023.309319133752
6078,1773935700000,10023.309319133752
6079,1773936000000,10023.309319133752
6080,1773936300000,10023.309319133752
6081,1773936600000,10023.309319133752
6082,1773936900000,10023.309319133752
6083,1773937200000,10023.309319133752
6084,1773937500000,10023.309319133752
6085,1773937800000,10023.309319133752
6086,1773938100000,10023.309319133752
6087,1773938400000,10023.309319133752
6088,1773938700000,10023.309319133752
6089,1773939000000,10023.309319133752
6090,1773939300000,10023.309319133752
6091,1773939600000,10023.309319133752
6092,1773939900000,10023.309319133752
6093,1773940200000,10023.309319133752
6094,1773940500000,10023.309319133752
6095,1773940800000,10023.309319133752
6096,1773941100000,10023.309319133752
6097,1773941400000,10023.309319133752
6098,1773941700000,10023.309319133752
6099,1773942000000,10023.309319133752
6100,1773942300000,10023.309319133752
6101,1773942600000,10023.309319133752
6102,1773942900000,10023.309319133752
6103,1773943200000,10023.309319133752
6104,1773943500000,10023.309319133752
6105,1773943800000,10023.309319133752
6106,1773944100000,10023.309319133752
6107,1773944400000,10023.309319133752
6108,1773944700000,10023.309319133752
6109,1773945000000,10023.309319133752
6110,1773945300000,10023.309319133752
6111,1773945600000,10023.309319133752
6112,1773945900000,10023.309319133752
6113,1773946200000,10023.309319133752
6114,1773946500000,10023.309319133752
6115,1773946800000,10023.309319133752
6116,1773947100000,10023.309319133752
6117,1773947400000,10023.309319133752
6118,1773947700000,10023.309319133752
6119,1773948000000,10023.309319133752
6120,1773948300000,10023.309319133752
6121,1773948600000,10023.309319133752
6122,1773948900000,10023.309319133752
6123,1773949200000,10023.309319133752
6124,1773949500000,10023.309319133752
6125,1773949800000,10023.309319133752
6126,1773950100000,10023.309319133752
6127,1773950400000,10023.309319133752
6128,1773950700000,10023.309319133752
6129,1773951000000,10023.309319133752
6130,1773951300000,10023.309319133752
6131,1773951600000,10023.309319133752
6132,1773951900000,10023.309319133752
6133,1773952200000,10023.309319133752
6134,1773952500000,10023.309319133752
6135,1773952800000,10023.309319133752
6136,1773953100000,10023.309319133752
6137,1773953400000,10023.309319133752
6138,1773953700000,10023.309319133752
6139,1773954000000,10023.309319133752
6140,1773954300000,10023.309319133752
6141,1773954600000,10023.309319133752
6142,1773954900000,10023.309319133752
6143,1773955200000,10023.309319133752
6144,1773955500000,10023.309319133752
6145,1773955800000,10023.309319133752
6146,1773956100000,10023.309319133752
6147,1773956400000,10023.309319133752
6148,1773956700000,10023.309319133752
6149,1773957000000,10023.309319133752
6150,1773957300000,10023.309319133752
6151,1773957600000,10023.309319133752
6152,1773957900000,10023.309319133752
6153,1773958200000,10023.309319133752
6154,1773958500000,10023.309319133752
6155,1773958800000,10023.309319133752
6156,1773959100000,10023.309319133752
6157,1773959400000,10023.309319133752
6158,1773959700000,10023.309319133752
6159,1773960000000,10023.309319133752
6160,1773960300000,10023.309319133752
6161,1773960600000,10023.309319133752
6162,1773960900000,10023.309319133752
6163,1773961200000,10023.309319133752
6164,1773961500000,10023.309319133752
6165,1773961800000,10023.309319133752
6166,1773962100000,10023.309319133752
6167,1773962400000,10023.309319133752
6168,1773962700000,10023.309319133752
6169,1773963000000,10023.309319133752
6170,1773963300000,10023.309319133752
6171,1773963600000,10023.309319133752
6172,1773963900000,10023.309319133752
6173,1773964200000,10023.309319133752
6174,1773964500000,10023.309319133752
6175,1773964800000,10023.309319133752
6176,1773965100000,10023.309319133752
6177,1773965400000,10023.309319133752
6178,1773965700000,10023.309319133752
6179,1773966000000,10023.309319133752
6180,1773966300000,10023.309319133752
6181,1773966600000,10023.309319133752
6182,1773966900000,10023.309319133752
6183,1773967200000,10023.309319133752
6184,1773967500000,10023.309319133752
6185,1773967800000,10023.309319133752
6186,1773968100000,10023.309319133752
6187,1773968400000,10023.309319133752
6188,1773968700000,10023.309319133752
6189,1773969000000,10023.309319133752
6190,1773969300000,10023.309319133752
6191,1773969600000,10023.309319133752
6192,1773969900000,10023.309319133752
6193,1773970200000,10023.309319133752
6194,1773970500000,10023.309319133752
6195,1773970800000,10023.309319133752
6196,1773971100000,10023.309319133752
6197,1773971400000,10023.309319133752
6198,1773971700000,10023.309319133752
6199,1773972000000,10023.309319133752
6200,1773972300000,10023.309319133752
6201,1773972600000,10023.309319133752
6202,1773972900000,10023.309319133752
6203,1773973200000,10023.309319133752
6204,1773973500000,10023.309319133752
6205,1773973800000,10023.309319133752
6206,1773974100000,10023.309319133752
6207,1773974400000,10023.309319133752
6208,1773974700000,10023.309319133752
6209,1773975000000,10023.309319133752
6210,1773975300000,10023.309319133752
6211,1773975600000,10023.309319133752
6212,1773975900000,10023.309319133752
6213,1773976200000,10023.309319133752
6214,1773976500000,10023.309319133752
6215,1773976800000,10023.309319133752
6216,1773977100000,10023.309319133752
6217,1773977400000,10023.309319133752
6218,1773977700000,10023.309319133752
6219,1773978000000,10023.309319133752
6220,1773978300000,10023.309319133752
6221,1773978600000,10023.309319133752
6222,1773978900000,10023.309319133752
6223,1773979200000,10023.309319133752
6224,1773979500000,10023.309319133752
6225,1773979800000,10023.309319133752
6226,1773980100000,10023.309319133752
6227,1773980400000,10023.309319133752
6228,1773980700000,10023.309319133752
6229,1773981000000,10023.309319133752
6230,1773981300000,10023.309319133752
6231,1773981600000,10023.309319133752
6232,1773981900000,10023.309319133752
6233,1773982200000,10023.309319133752
6234,1773982500000,10023.309319133752
6235,1773982800000,10023.309319133752
6236,1773983100000,10023.309319133752
6237,1773983400000,10023.309319133752
6238,1773983700000,10023.309319133752
6239,1773984000000,10023.309319133752
6240,1773984300000,10023.309319133752
6241,1773984600000,10023.309319133752
6242,1773984900000,10023.309319133752
6243,1773985200000,10023.309319133752
6244,1773985500000,10023.309319133752
6245,1773985800000,10023.309319133752
6246,1773986100000,10023.309319133752
6247,1773986400000,10023.309319133752
6248,1773986700000,10023.309319133752
6249,1773987000000,10023.309319133752
6250,1773987300000,10023.309319133752
6251,1773987600000,10023.309319133752
6252,1773987900000,10023.309319133752
6253,1773988200000,10023.309319133752
6254,1773988500000,10023.309319133752
6255,1773988800000,10023.309319133752
6256,1773989100000,10023.309319133752
6257,1773989400000,10023.309319133752
6258,1773989700000,10023.309319133752
6259,1773990000000,10023.309319133752
6260,1773990300000,10023.309319133752
6261,1773990600000,10023.309319133752
6262,1773990900000,10023.309319133752
6263,1773991200000,10023.309319133752
6264,1773991500000,10023.309319133752
6265,1773991800000,10023.309319133752
6266,1773992100000,10023.309319133752
6267,1773992400000,10023.309319133752
6268,1773992700000,10023.309319133752
6269,1773993000000,10023.309319133752
6270,1773993300000,10023.309319133752
6271,1773993600000,10023.309319133752
6272,1773993900000,10023.309319133752
6273,1773994200000,10023.309319133752
6274,1773994500000,10023.309319133752
6275,1773994800000,10023.309319133752
6276,1773995100000,10023.309319133752
6277,1773995400000,10023.309319133752
6278,1773995700000,10023.309319133752
6279,1773996000000,10023.309319133752
6280,1773996300000,10023.309319133752
6281,1773996600000,10023.309319133752
6282,1773996900000,10023.309319133752
6283,1773997200000,10023.309319133752
6284,1773997500000,10023.309319133752
6285,1773997800000,10023.309319133752
6286,1773998100000,10023.309319133752
6287,1773998400000,10023.309319133752
6288,1773998700000,10023.309319133752
6289,1773999000000,10023.309319133752
6290,1773999300000,10023.309319133752
6291,1773999600000,10023.309319133752
6292,1773999900000,10023.309319133752
6293,1774000200000,10023.309319133752
6294,1774000500000,10023.309319133752
6295,1774000800000,10023.309319133752
6296,1774001100000,10023.309319133752
6297,1774001400000,10023.309319133752
6298,1774001700000,10023.309319133752
6299,1774002000000,10023.309319133752
6300,1774002300000,10023.309319133752
6301,1774002600000,10023.309319133752
6302,1774002900000,10023.309319133752
6303,1774003200000,10023.309319133752
6304,1774003500000,10023.309319133752
6305,1774003800000,10023.309319133752
6306,1774004100000,10023.309319133752
6307,1774004400000,10023.309319133752
6308,1774004700000,10023.309319133752
6309,1774005000000,10023.309319133752
6310,1774005300000,10023.309319133752
6311,1774005600000,10023.309319133752
6312,1774005900000,10023.309319133752
6313,1774006200000,10023.309319133752
6314,1774006500000,10023.309319133752
6315,1774006800000,10023.309319133752
6316,1774007100000,10023.309319133752
6317,1774007400000,10023.309319133752
6318,1774007700000,10023.309319133752
6319,1774008000000,10023.309319133752
6320,1774008300000,10023.309319133752
6321,1774008600000,10023.309319133752
6322,1774008900000,10023.309319133752
6323,1774009200000,10023.309319133752
6324,1774009500000,10023.309319133752
6325,1774009800000,10023.309319133752
6326,1774010100000,10023.309319133752
6327,1774010400000,10023.309319133752
6328,1774010700000,10023.309319133752
6329,1774011000000,10023.309319133752
6330,1774011300000,10023.309319133752
6331,1774011600000,10023.309319133752
6332,1774011900000,10023.309319133752
6333,1774012200000,10023.309319133752
6334,1774012500000,10023.309319133752
6335,1774012800000,10023.309319133752
6336,1774013100000,10023.309319133752
6337,1774013400000,10023.309319133752
6338,1774013700000,10023.309319133752
6339,1774014000000,10023.309319133752
6340,1774014300000,10023.309319133752
6341,1774014600000,10023.309319133752
6342,1774014900000,10023.309319133752
6343,1774015200000,10023.309319133752
6344,1774015500000,10023.309319133752
6345,1774015800000,10023.309319133752
6346,1774016100000,10023.309319133752
6347,1774016400000,10023.309319133752
6348,1774016700000,10023.309319133752
6349,1774017000000,10023.309319133752
6350,1774017300000,10023.309319133752
6351,1774017600000,10023.309319133752
6352,1774017900000,10023.309319133752
6353,1774018200000,10023.309319133752
6354,1774018500000,10023.309319133752
6355,1774018800000,10023.309319133752
6356,1774019100000,10023.309319133752
6357,1774019400000,10023.309319133752
6358,1774019700000,10023.309319133752
6359,1774020000000,10023.309319133752
6360,1774020300000,10023.309319133752
6361,1774020600000,10023.309319133752
6362,1774020900000,10023.309319133752
6363,1774021200000,10023.309319133752
6364,1774021500000,10023.309319133752
6365,1774021800000,10023.309319133752
6366,1774022100000,10023.309319133752
6367,1774022400000,10023.309319133752
6368,1774022700000,10023.309319133752
6369,1774023000000,10023.309319133752
6370,1774023300000,10023.309319133752
6371,1774023600000,10023.309319133752
6372,1774023900000,10023.309319133752
6373,1774024200000,10023.309319133752
6374,1774024500000,10023.309319133752
6375,1774024800000,10023.309319133752
6376,1774025100000,10023.309319133752
6377,1774025400000,10023.309319133752
6378,1774025700000,10023.309319133752
6379,1774026000000,10023.309319133752
6380,1774026300000,10023.309319133752
6381,1774026600000,10023.309319133752
6382,1774026900000,10023.309319133752
6383,1774027200000,10023.309319133752
6384,1774027500000,10023.309319133752
6385,1774027800000,10023.309319133752
6386,1774028100000,10023.309319133752
6387,1774028400000,10023.309319133752
6388,1774028700000,10023.309319133752
6389,1774029000000,10023.309319133752
6390,1774029300000,10023.309319133752
6391,1774029600000,10023.309319133752
6392,1774029900000,10023.309319133752
6393,1774030200000,10023.309319133752
6394,1774030500000,10023.309319133752
6395,1774030800000,10023.309319133752
6396,1774031100000,10023.309319133752
6397,1774031400000,10023.309319133752
6398,1774031700000,10023.309319133752
6399,1774032000000,10023.309319133752
6400,1774032300000,10023.309319133752
6401,1774032600000,10023.309319133752
6402,1774032900000,10023.309319133752
6403,1774033200000,10023.309319133752
6404,1774033500000,10023.309319133752
6405,1774033800000,10023.309319133752
6406,1774034100000,10023.309319133752
6407,1774034400000,10023.309319133752
6408,1774034700000,10023.309319133752
6409,1774035000000,10023.309319133752
6410,1774035300000,10023.309319133752
6411,1774035600000,10023.309319133752
6412,1774035900000,10023.309319133752
6413,1774036200000,10023.309319133752
6414,1774036500000,10023.309319133752
6415,1774036800000,10023.309319133752
6416,1774037100000,10023.309319133752
6417,1774037400000,10023.309319133752
6418,1774037700000,10023.309319133752
6419,1774038000000,10023.309319133752
6420,1774038300000,10023.309319133752
6421,1774038600000,10023.309319133752
6422,1774038900000,10023.309319133752
6423,1774039200000,10023.309319133752
6424,1774039500000,10023.309319133752
6425,1774039800000,10023.309319133752
6426,1774040100000,10023.309319133752
6427,1774040400000,10023.309319133752
6428,1774040700000,10023.309319133752
6429,1774041000000,10023.309319133752
6430,1774041300000,10023.309319133752
6431,1774041600000,10023.309319133752
6432,1774041900000,10023.309319133752
6433,1774042200000,10023.309319133752
6434,1774042500000,10023.309319133752
6435,1774042800000,10023.309319133752
6436,1774043100000,10023.309319133752
6437,1774043400000,10023.309319133752
6438,1774043700000,10023.309319133752
6439,1774044000000,10023.309319133752
6440,1774044300000,10023.309319133752
6441,1774044600000,10023.309319133752
6442,1774044900000,10023.309319133752
6443,1774045200000,10023.309319133752
6444,1774045500000,10023.309319133752
6445,1774045800000,10023.309319133752
6446,1774046100000,10023.309319133752
6447,1774046400000,10023.309319133752
6448,1774046700000,10023.309319133752
6449,1774047000000,10023.309319133752
6450,1774047300000,10023.309319133752
6451,1774047600000,10023.309319133752
6452,1774047900000,10023.309319133752
6453,1774048200000,10023.309319133752
6454,1774048500000,10023.309319133752
6455,1774048800000,10023.309319133752
6456,1774049100000,10023.309319133752
6457,1774049400000,10023.309319133752
6458,1774049700000,10023.309319133752
6459,1774050000000,10023.309319133752
6460,1774050300000,10023.309319133752
6461,1774050600000,10023.309319133752
6462,1774050900000,10023.309319133752
6463,1774051200000,10023.309319133752
6464,1774051500000,10023.309319133752
6465,1774051800000,10023.309319133752
6466,1774052100000,10023.309319133752
6467,1774052400000,10023.309319133752
6468,1774052700000,10023.309319133752
6469,1774053000000,10023.309319133752
6470,1774053300000,10023.309319133752
6471,1774053600000,10023.309319133752
6472,1774053900000,10023.309319133752
6473,1774054200000,10023.309319133752
6474,1774054500000,10023.309319133752
6475,1774054800000,10023.309319133752
6476,1774055100000,10023.309319133752
6477,1774055400000,10023.309319133752
6478,1774055700000,10023.309319133752
6479,1774056000000,10023.309319133752
6480,1774056300000,10023.309319133752
6481,1774056600000,10023.309319133752
6482,1774056900000,10023.309319133752
6483,1774057200000,10023.309319133752
6484,1774057500000,10023.309319133752
6485,1774057800000,10023.309319133752
6486,1774058100000,10023.309319133752
6487,1774058400000,10023.309319133752
6488,1774058700000,10023.309319133752
6489,1774059000000,10023.309319133752
6490,1774059300000,10023.309319133752
6491,1774059600000,10023.309319133752
6492,1774059900000,10023.309319133752
6493,1774060200000,10023.309319133752
6494,1774060500000,10023.309319133752
6495,1774060800000,10023.309319133752
6496,1774061100000,10023.309319133752
6497,1774061400000,10023.309319133752
6498,1774061700000,10023.309319133752
6499,1774062000000,10023.309319133752
6500,1774062300000,10023.309319133752
6501,1774062600000,10023.309319133752
6502,1774062900000,10023.309319133752
6503,1774063200000,10023.309319133752
6504,1774063500000,10023.309319133752
6505,1774063800000,10023.309319133752
6506,1774064100000,10023.309319133752
6507,1774064400000,10023.309319133752
6508,1774064700000,10023.309319133752
6509,1774065000000,10023.309319133752
6510,1774065300000,10023.309319133752
6511,1774065600000,10023.309319133752
6512,1774065900000,10023.309319133752
6513,1774066200000,10023.309319133752
6514,1774066500000,10023.309319133752
6515,1774066800000,10023.309319133752
6516,1774067100000,10023.309319133752
6517,1774067400000,10023.309319133752
6518,1774067700000,10023.309319133752
6519,1774068000000,10023.309319133752
6520,1774068300000,10023.309319133752
6521,1774068600000,10023.309319133752
6522,1774068900000,10023.309319133752
6523,1774069200000,10023.309319133752
6524,1774069500000,10023.309319133752
6525,1774069800000,10023.309319133752
6526,1774070100000,10023.309319133752
6527,1774070400000,10023.309319133752
6528,1774070700000,10023.309319133752
6529,1774071000000,10023.309319133752
6530,1774071300000,10023.309319133752
6531,1774071600000,10023.309319133752
6532,1774071900000,10023.309319133752
6533,1774072200000,10023.309319133752
6534,1774072500000,10023.309319133752
6535,1774072800000,10023.309319133752
6536,1774073100000,10023.309319133752
6537,1774073400000,10023.309319133752
6538,1774073700000,10023.309319133752
6539,1774074000000,10023.309319133752
6540,1774074300000,10023.309319133752
6541,1774074600000,10023.309319133752
6542,1774074900000,10023.309319133752
6543,1774075200000,10023.309319133752
6544,1774075500000,10023.309319133752
6545,1774075800000,10023.309319133752
6546,1774076100000,10023.309319133752
6547,1774076400000,10023.309319133752
6548,1774076700000,10023.309319133752
6549,1774077000000,10023.309319133752
6550,1774077300000,10023.309319133752
6551,1774077600000,10023.309319133752
6552,1774077900000,10023.309319133752
6553,1774078200000,10023.309319133752
6554,1774078500000,10023.309319133752
6555,1774078800000,10023.309319133752
6556,1774079100000,10023.309319133752
6557,1774079400000,10023.309319133752
6558,1774079700000,10023.309319133752
6559,1774080000000,10023.309319133752
6560,1774080300000,10023.309319133752
6561,1774080600000,10023.309319133752
6562,1774080900000,10023.309319133752
6563,1774081200000,10023.309319133752
6564,1774081500000,10023.309319133752
6565,1774081800000,10023.309319133752
6566,1774082100000,10023.309319133752
6567,1774082400000,10023.309319133752
6568,1774082700000,10023.309319133752
6569,1774083000000,10023.309319133752
6570,1774083300000,10023.309319133752
6571,1774083600000,10023.309319133752
6572,1774083900000,10023.309319133752
6573,1774084200000,10023.309319133752
6574,1774084500000,10023.309319133752
6575,1774084800000,10023.309319133752
6576,1774085100000,10023.309319133752
6577,1774085400000,10023.309319133752
6578,1774085700000,10023.309319133752
6579,1774086000000,10023.309319133752
6580,1774086300000,10023.309319133752
6581,1774086600000,10023.309319133752
6582,1774086900000,10023.309319133752
6583,1774087200000,10023.309319133752
6584,1774087500000,10023.309319133752
6585,1774087800000,10023.309319133752
6586,1774088100000,10023.309319133752
6587,1774088400000,10023.309319133752
6588,1774088700000,10023.309319133752
6589,1774089000000,10023.309319133752
6590,1774089300000,10023.309319133752
6591,1774089600000,10023.309319133752
6592,1774089900000,10023.309319133752
6593,1774090200000,10023.309319133752
6594,1774090500000,10023.309319133752
6595,1774090800000,10023.309319133752
6596,1774091100000,10023.309319133752
6597,1774091400000,10023.309319133752
6598,1774091700000,10023.309319133752
6599,1774092000000,10023.309319133752
6600,1774092300000,10023.309319133752
6601,1774092600000,10023.309319133752
6602,1774092900000,10023.309319133752
6603,1774093200000,10023.309319133752
6604,1774093500000,10023.309319133752
6605,1774093800000,10023.309319133752
6606,1774094100000,10023.309319133752
6607,1774094400000,10023.309319133752
6608,1774094700000,10023.309319133752
6609,1774095000000,10023.309319133752
6610,1774095300000,10023.309319133752
6611,1774095600000,10023.309319133752
6612,1774095900000,10023.309319133752
6613,1774096200000,10023.309319133752
6614,1774096500000,10023.309319133752
6615,1774096800000,10023.309319133752
6616,1774097100000,10023.309319133752
6617,1774097400000,10023.309319133752
6618,1774097700000,10023.309319133752
6619,1774098000000,10023.309319133752
6620,1774098300000,10023.309319133752
6621,1774098600000,10023.309319133752
6622,1774098900000,10023.309319133752
6623,1774099200000,10023.309319133752
6624,1774099500000,10023.309319133752
6625,1774099800000,10023.309319133752
6626,1774100100000,10023.309319133752
6627,1774100400000,10023.309319133752
6628,1774100700000,10023.309319133752
6629,1774101000000,10023.309319133752
6630,1774101300000,10023.309319133752
6631,1774101600000,10023.309319133752
6632,1774101900000,10023.309319133752
6633,1774102200000,10023.309319133752
6634,1774102500000,10023.309319133752
6635,1774102800000,10023.309319133752
6636,1774103100000,10023.309319133752
6637,1774103400000,10023.309319133752
6638,1774103700000,10023.309319133752
6639,1774104000000,10023.309319133752
6640,1774104300000,10023.309319133752
6641,1774104600000,10023.309319133752
6642,1774104900000,10023.309319133752
6643,1774105200000,10023.309319133752
6644,1774105500000,10023.309319133752
6645,1774105800000,10023.309319133752
6646,1774106100000,10023.309319133752
6647,1774106400000,10023.309319133752
6648,1774106700000,10023.309319133752
6649,1774107000000,10023.309319133752
6650,1774107300000,10023.309319133752
6651,1774107600000,10023.309319133752
6652,1774107900000,10023.309319133752
6653,1774108200000,10023.309319133752
6654,1774108500000,10023.309319133752
6655,1774108800000,10023.309319133752
6656,1774109100000,10023.309319133752
6657,1774109400000,10023.309319133752
6658,1774109700000,10023.309319133752
6659,1774110000000,10023.309319133752
6660,1774110300000,10023.309319133752
6661,1774110600000,10023.309319133752
6662,1774110900000,10023.309319133752
6663,1774111200000,10023.309319133752
6664,1774111500000,10023.309319133752
6665,1774111800000,10023.309319133752
6666,1774112100000,10023.309319133752
6667,1774112400000,10023.309319133752
6668,1774112700000,10023.309319133752
6669,1774113000000,10023.309319133752
6670,1774113300000,10023.309319133752
6671,1774113600000,10023.309319133752
6672,1774113900000,10023.309319133752
6673,1774114200000,10023.309319133752
6674,1774114500000,10023.309319133752
6675,1774114800000,10023.309319133752
6676,1774115100000,10023.309319133752
6677,1774115400000,10023.309319133752
6678,1774115700000,10023.309319133752
6679,1774116000000,10023.309319133752
6680,1774116300000,10023.309319133752
6681,1774116600000,10023.309319133752
6682,1774116900000,10023.309319133752
6683,1774117200000,10023.309319133752
6684,1774117500000,10023.309319133752
6685,1774117800000,10023.309319133752
6686,1774118100000,10023.309319133752
6687,1774118400000,10023.309319133752
6688,1774118700000,10023.309319133752
6689,1774119000000,10023.309319133752
6690,1774119300000,10023.309319133752
6691,1774119600000,10023.309319133752
6692,1774119900000,10023.309319133752
6693,1774120200000,10023.309319133752
6694,1774120500000,10023.309319133752
6695,1774120800000,10023.309319133752
6696,1774121100000,10023.309319133752
6697,1774121400000,10023.309319133752
6698,1774121700000,10023.309319133752
6699,1774122000000,10023.309319133752
6700,1774122300000,10023.309319133752
6701,1774122600000,10023.309319133752
6702,1774122900000,10023.309319133752
6703,1774123200000,10023.309319133752
6704,1774123500000,10023.309319133752
6705,1774123800000,10023.309319133752
6706,1774124100000,10023.309319133752
6707,1774124400000,10023.309319133752
6708,1774124700000,10023.309319133752
6709,1774125000000,10023.309319133752
6710,1774125300000,10023.309319133752
6711,1774125600000,10023.309319133752
6712,1774125900000,10023.309319133752
6713,1774126200000,10023.309319133752
6714,1774126500000,10023.309319133752
6715,1774126800000,10023.309319133752
6716,1774127100000,10023.309319133752
6717,1774127400000,10023.309319133752
6718,1774127700000,10023.309319133752
6719,1774128000000,10023.309319133752
6720,1774128300000,10023.309319133752
6721,1774128600000,10023.309319133752
6722,1774128900000,10023.309319133752
6723,1774129200000,10023.309319133752
6724,1774129500000,10023.309319133752
6725,1774129800000,10023.309319133752
6726,1774130100000,10023.309319133752
6727,1774130400000,10023.309319133752
6728,1774130700000,10023.309319133752
6729,1774131000000,10023.309319133752
6730,1774131300000,10023.309319133752
6731,1774131600000,10023.309319133752
6732,1774131900000,10023.309319133752
6733,1774132200000,10023.309319133752
6734,1774132500000,10023.309319133752
6735,1774132800000,10023.309319133752
6736,1774133100000,10023.309319133752
6737,1774133400000,10023.309319133752
6738,1774133700000,10023.309319133752
6739,1774134000000,10023.309319133752
6740,1774134300000,10023.309319133752
6741,1774134600000,10023.309319133752
6742,1774134900000,10023.309319133752
6743,1774135200000,10023.309319133752
6744,1774135500000,10023.309319133752
6745,1774135800000,10023.309319133752
6746,1774136100000,10023.309319133752
6747,1774136400000,10023.309319133752
6748,1774136700000,10023.309319133752
6749,1774137000000,10023.309319133752
6750,1774137300000,10023.309319133752
6751,1774137600000,10023.309319133752
6752,1774137900000,10023.309319133752
6753,1774138200000,10023.309319133752
6754,1774138500000,10023.309319133752
6755,1774138800000,10023.309319133752
6756,1774139100000,10023.309319133752
6757,1774139400000,10023.309319133752
6758,1774139700000,10023.309319133752
6759,1774140000000,10023.309319133752
6760,1774140300000,10023.309319133752
6761,1774140600000,10023.309319133752
6762,1774140900000,10023.309319133752
6763,1774141200000,10023.309319133752
6764,1774141500000,10023.309319133752
6765,1774141800000,10023.309319133752
6766,1774142100000,10023.309319133752
6767,1774142400000,10023.309319133752
6768,1774142700000,10023.309319133752
6769,1774143000000,10023.309319133752
6770,1774143300000,10023.309319133752
6771,1774143600000,10023.309319133752
6772,1774143900000,10023.309319133752
6773,1774144200000,10023.309319133752
6774,1774144500000,10023.309319133752
6775,1774144800000,10023.309319133752
6776,1774145100000,10023.309319133752
6777,1774145400000,10023.309319133752
6778,1774145700000,10023.309319133752
6779,1774146000000,10023.309319133752
6780,1774146300000,10023.309319133752
6781,1774146600000,10023.309319133752
6782,1774146900000,10023.309319133752
6783,1774147200000,10023.309319133752
6784,1774147500000,10023.309319133752
6785,1774147800000,10023.309319133752
6786,1774148100000,10023.309319133752
6787,1774148400000,10023.309319133752
6788,1774148700000,10023.309319133752
6789,1774149000000,10023.309319133752
6790,1774149300000,10023.309319133752
6791,1774149600000,10023.309319133752
6792,1774149900000,10023.309319133752
6793,1774150200000,10023.309319133752
6794,1774150500000,10023.309319133752
6795,1774150800000,10023.309319133752
6796,1774151100000,10023.309319133752
6797,1774151400000,10023.309319133752
6798,1774151700000,10023.309319133752
6799,1774152000000,10023.309319133752
6800,1774152300000,10023.309319133752
6801,1774152600000,10023.309319133752
6802,1774152900000,10023.309319133752
6803,1774153200000,10023.309319133752
6804,1774153500000,10023.309319133752
6805,1774153800000,10023.309319133752
6806,1774154100000,10023.309319133752
6807,1774154400000,10023.309319133752
6808,1774154700000,10023.309319133752
6809,1774155000000,10023.309319133752
6810,1774155300000,10023.309319133752
6811,1774155600000,10023.309319133752
6812,1774155900000,10023.309319133752
6813,1774156200000,10023.309319133752
6814,1774156500000,10023.309319133752
6815,1774156800000,10023.309319133752
6816,1774157100000,10023.309319133752
6817,1774157400000,10023.309319133752
6818,1774157700000,10023.309319133752
6819,1774158000000,10023.309319133752
6820,1774158300000,10023.309319133752
6821,1774158600000,10023.309319133752
6822,1774158900000,10023.309319133752
6823,1774159200000,10023.309319133752
6824,1774159500000,10023.309319133752
6825,1774159800000,10023.309319133752
6826,1774160100000,10023.309319133752
6827,1774160400000,10023.309319133752
6828,1774160700000,10023.309319133752
6829,1774161000000,10023.309319133752
6830,1774161300000,10023.309319133752
6831,1774161600000,10023.309319133752
6832,1774161900000,10023.309319133752
6833,1774162200000,10023.309319133752
6834,1774162500000,10023.309319133752
6835,1774162800000,10023.309319133752
6836,1774163100000,10023.309319133752
6837,1774163400000,10023.309319133752
6838,1774163700000,10023.309319133752
6839,1774164000000,10023.309319133752
6840,1774164300000,10023.309319133752
6841,1774164600000,10023.309319133752
6842,1774164900000,10023.309319133752
6843,1774165200000,10023.309319133752
6844,1774165500000,10023.309319133752
6845,1774165800000,10023.309319133752
6846,1774166100000,10023.309319133752
6847,1774166400000,10023.309319133752
6848,1774166700000,10023.309319133752
6849,1774167000000,10023.309319133752
6850,1774167300000,10023.309319133752
6851,1774167600000,10023.309319133752
6852,1774167900000,10023.309319133752
6853,1774168200000,10023.309319133752
6854,1774168500000,10023.309319133752
6855,1774168800000,10023.309319133752
6856,1774169100000,10023.309319133752
6857,1774169400000,10023.309319133752
6858,1774169700000,10023.309319133752
6859,1774170000000,10023.309319133752
6860,1774170300000,10023.309319133752
6861,1774170600000,10023.309319133752
6862,1774170900000,10023.309319133752
6863,1774171200000,10023.309319133752
6864,1774171500000,10023.309319133752
6865,1774171800000,10023.309319133752
6866,1774172100000,10023.309319133752
6867,1774172400000,10023.309319133752
6868,1774172700000,10023.309319133752
6869,1774173000000,10023.309319133752
6870,1774173300000,10023.309319133752
6871,1774173600000,10023.309319133752
6872,1774173900000,10023.309319133752
6873,1774174200000,10023.309319133752
6874,1774174500000,10023.309319133752
6875,1774174800000,10023.309319133752
6876,1774175100000,10023.309319133752
6877,1774175400000,10023.309319133752
6878,1774175700000,10023.309319133752
6879,1774176000000,10023.309319133752
6880,1774176300000,10023.309319133752
6881,1774176600000,10023.309319133752
6882,1774176900000,10023.309319133752
6883,1774177200000,10023.309319133752
6884,1774177500000,10023.309319133752
6885,1774177800000,10023.309319133752
6886,1774178100000,10023.309319133752
6887,1774178400000,10023.309319133752
6888,1774178700000,10023.309319133752
6889,1774179000000,10023.309319133752
6890,1774179300000,10023.309319133752
6891,1774179600000,10023.309319133752
6892,1774179900000,10023.309319133752
6893,1774180200000,10023.309319133752
6894,1774180500000,10023.309319133752
6895,1774180800000,10023.309319133752
6896,1774181100000,10023.309319133752
6897,1774181400000,10023.309319133752
6898,1774181700000,10023.309319133752
6899,1774182000000,10023.309319133752
6900,1774182300000,10023.309319133752
6901,1774182600000,10023.309319133752
6902,1774182900000,10023.309319133752
6903,1774183200000,10023.309319133752
6904,1774183500000,10023.309319133752
6905,1774183800000,10023.309319133752
6906,1774184100000,10023.309319133752
6907,1774184400000,10023.309319133752
6908,1774184700000,10023.309319133752
6909,1774185000000,10023.309319133752
6910,1774185300000,10023.309319133752
6911,1774185600000,10023.309319133752
6912,1774185900000,10023.309319133752
6913,1774186200000,10023.309319133752
6914,1774186500000,10023.309319133752
6915,1774186800000,10023.309319133752
6916,1774187100000,10023.309319133752
6917,1774187400000,10023.309319133752
6918,1774187700000,10023.309319133752
6919,1774188000000,10023.309319133752
6920,1774188300000,10023.309319133752
6921,1774188600000,10023.309319133752
6922,1774188900000,10023.309319133752
6923,1774189200000,10023.309319133752
6924,1774189500000,10023.309319133752
6925,1774189800000,10023.309319133752
6926,1774190100000,10023.309319133752
6927,1774190400000,10023.309319133752
6928,1774190700000,10023.309319133752
6929,1774191000000,10023.309319133752
6930,1774191300000,10023.309319133752
6931,1774191600000,10023.309319133752
6932,1774191900000,10023.309319133752
6933,1774192200000,10023.309319133752
6934,1774192500000,10023.309319133752
6935,1774192800000,10023.309319133752
6936,1774193100000,10023.309319133752
6937,1774193400000,10023.309319133752
6938,1774193700000,10023.309319133752
6939,1774194000000,10023.309319133752
6940,1774194300000,10023.309319133752
6941,1774194600000,10023.309319133752
6942,1774194900000,10023.309319133752
6943,1774195200000,10023.309319133752
6944,1774195500000,10023.309319133752
6945,1774195800000,10023.309319133752
6946,1774196100000,10023.309319133752
6947,1774196400000,10023.309319133752
6948,1774196700000,10023.309319133752
6949,1774197000000,10023.309319133752
6950,1774197300000,10023.309319133752
6951,1774197600000,10023.309319133752
6952,1774197900000,10023.309319133752
6953,1774198200000,10023.309319133752
6954,1774198500000,10023.309319133752
6955,1774198800000,10023.309319133752
6956,1774199100000,10023.309319133752
6957,1774199400000,10023.309319133752
6958,1774199700000,10023.309319133752
6959,1774200000000,10023.309319133752
6960,1774200300000,10023.309319133752
6961,1774200600000,10023.309319133752
6962,1774200900000,10023.309319133752
6963,1774201200000,10023.309319133752
6964,1774201500000,10023.309319133752
6965,1774201800000,10023.309319133752
6966,1774202100000,10023.309319133752
6967,1774202400000,10023.309319133752
6968,1774202700000,10023.309319133752
6969,1774203000000,10023.309319133752
6970,1774203300000,10023.309319133752
6971,1774203600000,10023.309319133752
6972,1774203900000,10023.309319133752
6973,1774204200000,10023.309319133752
6974,1774204500000,10023.309319133752
6975,1774204800000,10023.309319133752
6976,1774205100000,10023.309319133752
6977,1774205400000,10023.309319133752
6978,1774205700000,10023.309319133752
6979,1774206000000,10023.309319133752
6980,1774206300000,10023.309319133752
6981,1774206600000,10023.309319133752
6982,1774206900000,10023.309319133752
6983,1774207200000,10023.309319133752
6984,1774207500000,10023.309319133752
6985,1774207800000,10023.309319133752
6986,1774208100000,10023.309319133752
6987,1774208400000,10023.309319133752
6988,1774208700000,10023.309319133752
6989,1774209000000,10023.309319133752
6990,1774209300000,10023.309319133752
6991,1774209600000,10023.309319133752
6992,1774209900000,10023.309319133752
6993,1774210200000,10023.309319133752
6994,1774210500000,10023.309319133752
6995,1774210800000,10023.309319133752
6996,1774211100000,10023.309319133752
6997,1774211400000,10023.309319133752
6998,1774211700000,10023.309319133752
6999,1774212000000,10023.309319133752
7000,1774212300000,10023.309319133752
7001,1774212600000,10023.309319133752
7002,1774212900000,10023.309319133752
7003,1774213200000,10023.309319133752
7004,1774213500000,10023.309319133752
7005,1774213800000,10023.309319133752
7006,1774214100000,10023.309319133752
7007,1774214400000,10023.309319133752
7008,1774214700000,10023.309319133752
7009,1774215000000,10023.309319133752
7010,1774215300000,10023.309319133752
7011,1774215600000,10023.309319133752
7012,1774215900000,10023.309319133752
7013,1774216200000,10023.309319133752
7014,1774216500000,10023.309319133752
7015,1774216800000,10023.309319133752
7016,1774217100000,10023.309319133752
7017,1774217400000,10023.309319133752
7018,1774217700000,10023.309319133752
7019,1774218000000,10023.309319133752
7020,1774218300000,10023.309319133752
7021,1774218600000,10023.309319133752
7022,1774218900000,10023.309319133752
7023,1774219200000,10023.309319133752
7024,1774219500000,10023.309319133752
7025,1774219800000,10023.309319133752
7026,1774220100000,10023.309319133752
7027,1774220400000,10023.309319133752
7028,1774220700000,10023.309319133752
7029,1774221000000,10023.309319133752
7030,1774221300000,10023.309319133752
7031,1774221600000,10023.309319133752
7032,1774221900000,10023.309319133752
7033,1774222200000,10023.309319133752
7034,1774222500000,10023.309319133752
7035,1774222800000,10023.309319133752
7036,1774223100000,10023.309319133752
7037,1774223400000,10023.309319133752
7038,1774223700000,10023.309319133752
7039,1774224000000,10023.309319133752
7040,1774224300000,10023.309319133752
7041,1774224600000,10023.309319133752
7042,1774224900000,10023.309319133752
7043,1774225200000,10023.309319133752
7044,1774225500000,10023.309319133752
7045,1774225800000,10023.309319133752
7046,1774226100000,10023.309319133752
7047,1774226400000,10023.309319133752
7048,1774226700000,10023.309319133752
7049,1774227000000,10023.309319133752
7050,1774227300000,10023.309319133752
7051,1774227600000,10023.309319133752
7052,1774227900000,10023.309319133752
7053,1774228200000,10023.309319133752
7054,1774228500000,10023.309319133752
7055,1774228800000,10023.309319133752
7056,1774229100000,10023.309319133752
7057,1774229400000,10023.309319133752
7058,1774229700000,10023.309319133752
7059,1774230000000,10023.309319133752
7060,1774230300000,10023.309319133752
7061,1774230600000,10023.309319133752
7062,1774230900000,10023.309319133752
7063,1774231200000,10023.309319133752
7064,1774231500000,10023.309319133752
7065,1774231800000,10023.309319133752
7066,1774232100000,10023.309319133752
7067,1774232400000,10023.309319133752
7068,1774232700000,10023.309319133752
7069,1774233000000,10023.309319133752
7070,1774233300000,10023.309319133752
7071,1774233600000,10023.309319133752
7072,1774233900000,10023.309319133752
7073,1774234200000,10023.309319133752
7074,1774234500000,10023.309319133752
7075,1774234800000,10023.309319133752
7076,1774235100000,10023.309319133752
7077,1774235400000,10023.309319133752
7078,1774235700000,10023.309319133752
7079,1774236000000,10023.309319133752
7080,1774236300000,10023.309319133752
7081,1774236600000,10023.309319133752
7082,1774236900000,10023.309319133752
7083,1774237200000,10023.309319133752
7084,1774237500000,10023.309319133752
7085,1774237800000,10023.309319133752
7086,1774238100000,10023.309319133752
7087,1774238400000,10023.309319133752
7088,1774238700000,10023.309319133752
7089,1774239000000,10023.309319133752
7090,1774239300000,10023.309319133752
7091,1774239600000,10023.309319133752
7092,1774239900000,10023.309319133752
7093,1774240200000,10023.309319133752
7094,1774240500000,10023.309319133752
7095,1774240800000,10023.309319133752
7096,1774241100000,10023.309319133752
7097,1774241400000,10023.309319133752
7098,1774241700000,10023.309319133752
7099,1774242000000,10023.309319133752
7100,1774242300000,10023.309319133752
7101,1774242600000,10023.309319133752
7102,1774242900000,10023.309319133752
7103,1774243200000,10023.309319133752
7104,1774243500000,10023.309319133752
7105,1774243800000,10023.309319133752
7106,1774244100000,10023.309319133752
7107,1774244400000,10023.309319133752
7108,1774244700000,10023.309319133752
7109,1774245000000,10023.309319133752
7110,1774245300000,10023.309319133752
7111,1774245600000,10023.309319133752
7112,1774245900000,10023.309319133752
7113,1774246200000,10023.309319133752
7114,1774246500000,10023.309319133752
7115,1774246800000,10023.309319133752
7116,1774247100000,10023.309319133752
7117,1774247400000,10023.309319133752
7118,1774247700000,10023.309319133752
7119,1774248000000,10023.309319133752
7120,1774248300000,10023.309319133752
7121,1774248600000,10023.309319133752
7122,1774248900000,10023.309319133752
7123,1774249200000,10023.309319133752
7124,1774249500000,10023.309319133752
7125,1774249800000,10023.309319133752
7126,1774250100000,10023.309319133752
7127,1774250400000,10023.309319133752
7128,1774250700000,10023.309319133752
7129,1774251000000,10023.309319133752
7130,1774251300000,10023.309319133752
7131,1774251600000,10023.309319133752
7132,1774251900000,10023.309319133752
7133,1774252200000,10023.309319133752
7134,1774252500000,10023.309319133752
7135,1774252800000,10023.309319133752
7136,1774253100000,10023.309319133752
7137,1774253400000,10023.309319133752
7138,1774253700000,10023.309319133752
7139,1774254000000,10023.309319133752
7140,1774254300000,10023.309319133752
7141,1774254600000,10023.309319133752
7142,1774254900000,10023.309319133752
7143,1774255200000,10023.309319133752
7144,1774255500000,10023.309319133752
7145,1774255800000,10023.309319133752
7146,1774256100000,10023.309319133752
7147,1774256400000,10023.309319133752
7148,1774256700000,10023.309319133752
7149,1774257000000,10023.309319133752
7150,1774257300000,10023.309319133752
7151,1774257600000,10023.309319133752
7152,1774257900000,10023.309319133752
7153,1774258200000,10023.309319133752
7154,1774258500000,10023.309319133752
7155,1774258800000,10023.309319133752
7156,1774259100000,10023.309319133752
7157,1774259400000,10023.309319133752
7158,1774259700000,10023.309319133752
7159,1774260000000,10023.309319133752
7160,1774260300000,10023.309319133752
7161,1774260600000,10023.309319133752
7162,1774260900000,10023.309319133752
7163,1774261200000,10023.309319133752
7164,1774261500000,10023.309319133752
7165,1774261800000,10023.309319133752
7166,1774262100000,10023.309319133752
7167,1774262400000,10023.309319133752
7168,1774262700000,10023.309319133752
7169,1774263000000,10023.309319133752
7170,1774263300000,10023.309319133752
7171,1774263600000,10023.309319133752
7172,1774263900000,10023.309319133752
7173,1774264200000,10023.309319133752
7174,1774264500000,10023.309319133752
7175,1774264800000,10023.309319133752
7176,1774265100000,10023.309319133752
7177,1774265400000,10023.309319133752
7178,1774265700000,10023.309319133752
7179,1774266000000,10023.309319133752
7180,1774266300000,10023.309319133752
7181,1774266600000,10023.309319133752
7182,1774266900000,10023.309319133752
7183,1774267200000,10023.309319133752
7184,1774267500000,10023.309319133752
7185,1774267800000,10023.309319133752
7186,1774268100000,10023.309319133752
7187,1774268400000,10023.309319133752
7188,1774268700000,10023.309319133752
7189,1774269000000,10023.309319133752
7190,1774269300000,10023.309319133752
7191,1774269600000,10023.309319133752
7192,1774269900000,10023.309319133752
7193,1774270200000,10023.309319133752
7194,1774270500000,10023.309319133752
7195,1774270800000,10023.309319133752
7196,1774271100000,10023.309319133752
7197,1774271400000,10023.309319133752
7198,1774271700000,10023.309319133752
7199,1774272000000,10023.309319133752
7200,1774272300000,10023.309319133752
7201,1774272600000,10023.309319133752
7202,1774272900000,10023.309319133752
7203,1774273200000,10023.309319133752
7204,1774273500000,10023.309319133752
7205,1774273800000,10023.309319133752
7206,1774274100000,10023.309319133752
7207,1774274400000,10023.309319133752
7208,1774274700000,10023.309319133752
7209,1774275000000,10023.309319133752
7210,1774275300000,10023.309319133752
7211,1774275600000,10023.309319133752
7212,1774275900000,10023.309319133752
7213,1774276200000,10023.309319133752
7214,1774276500000,10023.309319133752
7215,1774276800000,10023.309319133752
7216,1774277100000,10023.309319133752
7217,1774277400000,10023.309319133752
7218,1774277700000,10023.309319133752
7219,1774278000000,10023.309319133752
7220,1774278300000,10023.309319133752
7221,1774278600000,10023.309319133752
7222,1774278900000,10023.309319133752
7223,1774279200000,10023.309319133752
7224,1774279500000,10023.309319133752
7225,1774279800000,10023.309319133752
7226,1774280100000,10023.309319133752
7227,1774280400000,10023.309319133752
7228,1774280700000,10023.309319133752
7229,1774281000000,10023.309319133752
7230,1774281300000,10023.309319133752
7231,1774281600000,10023.309319133752
7232,1774281900000,10023.309319133752
7233,1774282200000,10023.309319133752
7234,1774282500000,10023.309319133752
7235,1774282800000,10023.309319133752
7236,1774283100000,10023.309319133752
7237,1774283400000,10023.309319133752
7238,1774283700000,10023.309319133752
7239,1774284000000,10023.309319133752
7240,1774284300000,10023.309319133752
7241,1774284600000,10023.309319133752
7242,1774284900000,10023.309319133752
7243,1774285200000,10023.309319133752
7244,1774285500000,10023.309319133752
7245,1774285800000,10023.309319133752
7246,1774286100000,10023.309319133752
7247,1774286400000,10023.309319133752
7248,1774286700000,10023.309319133752
7249,1774287000000,10023.309319133752
7250,1774287300000,10023.309319133752
7251,1774287600000,10023.309319133752
7252,1774287900000,10023.309319133752
7253,1774288200000,10023.309319133752
7254,1774288500000,10023.309319133752
7255,1774288800000,10023.309319133752
7256,1774289100000,10023.309319133752
7257,1774289400000,10023.309319133752
7258,1774289700000,10023.309319133752
7259,1774290000000,10023.309319133752
7260,1774290300000,10023.309319133752
7261,1774290600000,10023.309319133752
7262,1774290900000,10023.309319133752
7263,1774291200000,10023.309319133752
7264,1774291500000,10023.309319133752
7265,1774291800000,10023.309319133752
7266,1774292100000,10023.309319133752
7267,1774292400000,10023.309319133752
7268,1774292700000,10023.309319133752
7269,1774293000000,10023.309319133752
7270,1774293300000,10023.309319133752
7271,1774293600000,10023.309319133752
7272,1774293900000,10023.309319133752
7273,1774294200000,10023.309319133752
7274,1774294500000,10023.309319133752
7275,1774294800000,10023.309319133752
7276,1774295100000,10023.309319133752
7277,1774295400000,10023.309319133752
7278,1774295700000,10023.309319133752
7279,1774296000000,10023.309319133752
7280,1774296300000,10023.309319133752
7281,1774296600000,10023.309319133752
7282,1774296900000,10023.309319133752
7283,1774297200000,10023.309319133752
7284,1774297500000,10023.309319133752
7285,1774297800000,10023.309319133752
7286,1774298100000,10023.309319133752
7287,1774298400000,10023.309319133752
7288,1774298700000,10023.309319133752
7289,1774299000000,10023.309319133752
7290,1774299300000,10023.309319133752
7291,1774299600000,10023.309319133752
7292,1774299900000,10023.309319133752
7293,1774300200000,10023.309319133752
7294,1774300500000,10023.309319133752
7295,1774300800000,10023.309319133752
7296,1774301100000,10023.309319133752
7297,1774301400000,10023.309319133752
7298,1774301700000,10023.309319133752
7299,1774302000000,10023.309319133752
7300,1774302300000,10023.309319133752
7301,1774302600000,10023.309319133752
7302,1774302900000,10023.309319133752
7303,1774303200000,10023.309319133752
7304,1774303500000,10023.309319133752
7305,1774303800000,10023.309319133752
7306,1774304100000,10023.309319133752
7307,1774304400000,10023.309319133752
7308,1774304700000,10023.309319133752
7309,1774305000000,10023.309319133752
7310,1774305300000,10023.309319133752
7311,1774305600000,10023.309319133752
7312,1774305900000,10023.309319133752
7313,1774306200000,10023.309319133752
7314,1774306500000,10023.309319133752
7315,1774306800000,10023.309319133752
7316,1774307100000,10023.309319133752
7317,1774307400000,10023.309319133752
7318,1774307700000,10023.309319133752
7319,1774308000000,10023.309319133752
7320,1774308300000,10023.309319133752
7321,1774308600000,10023.309319133752
7322,1774308900000,10023.309319133752
7323,1774309200000,10023.309319133752
7324,1774309500000,10023.309319133752
7325,1774309800000,10023.309319133752
7326,1774310100000,10023.309319133752
7327,1774310400000,10023.309319133752
7328,1774310700000,10023.309319133752
7329,1774311000000,10023.309319133752
7330,1774311300000,10023.309319133752
7331,1774311600000,10023.309319133752
7332,1774311900000,10023.309319133752
7333,1774312200000,10023.309319133752
7334,1774312500000,10023.309319133752
7335,1774312800000,10023.309319133752
7336,1774313100000,10023.309319133752
7337,1774313400000,10023.309319133752
7338,1774313700000,10023.309319133752
7339,1774314000000,10023.309319133752
7340,1774314300000,10023.309319133752
7341,1774314600000,10023.309319133752
7342,1774314900000,10023.309319133752
7343,1774315200000,10023.309319133752
7344,1774315500000,10023.309319133752
7345,1774315800000,10023.309319133752
7346,1774316100000,10023.309319133752
7347,1774316400000,10023.309319133752
7348,1774316700000,10023.309319133752
7349,1774317000000,10023.309319133752
7350,1774317300000,10023.309319133752
7351,1774317600000,10023.309319133752
7352,1774317900000,10023.309319133752
7353,1774318200000,10023.309319133752
7354,1774318500000,10023.309319133752
7355,1774318800000,10023.309319133752
7356,1774319100000,10023.309319133752
7357,1774319400000,10023.309319133752
7358,1774319700000,10023.309319133752
7359,1774320000000,10023.309319133752
7360,1774320300000,10023.309319133752
7361,1774320600000,10023.309319133752
7362,1774320900000,10023.309319133752
7363,1774321200000,10023.309319133752
7364,1774321500000,10023.309319133752
7365,1774321800000,10023.309319133752
7366,1774322100000,10023.309319133752
7367,1774322400000,10023.309319133752
7368,1774322700000,10023.309319133752
7369,1774323000000,10023.309319133752
7370,1774323300000,10023.309319133752
7371,1774323600000,10023.309319133752
7372,1774323900000,10023.309319133752
7373,1774324200000,10023.309319133752
7374,1774324500000,10023.309319133752
7375,1774324800000,10023.309319133752
7376,1774325100000,10023.309319133752
7377,1774325400000,10023.309319133752
7378,1774325700000,10023.309319133752
7379,1774326000000,10023.309319133752
7380,1774326300000,10023.309319133752
7381,1774326600000,10023.309319133752
7382,1774326900000,10023.309319133752
7383,1774327200000,10023.309319133752
7384,1774327500000,10023.309319133752
7385,1774327800000,10023.309319133752
7386,1774328100000,10023.309319133752
7387,1774328400000,10023.309319133752
7388,1774328700000,10023.309319133752
7389,1774329000000,10023.309319133752
7390,1774329300000,10023.309319133752
7391,1774329600000,10023.309319133752
7392,1774329900000,10023.309319133752
7393,1774330200000,10023.309319133752
7394,1774330500000,10023.309319133752
7395,1774330800000,10023.309319133752
7396,1774331100000,10023.309319133752
7397,1774331400000,10023.309319133752
7398,1774331700000,10023.309319133752
7399,1774332000000,10023.309319133752
7400,1774332300000,10023.309319133752
7401,1774332600000,10023.309319133752
7402,1774332900000,10023.309319133752
7403,1774333200000,10023.309319133752
7404,1774333500000,10023.309319133752
7405,1774333800000,10023.309319133752
7406,1774334100000,10023.309319133752
7407,1774334400000,10023.309319133752
7408,1774334700000,10023.309319133752
7409,1774335000000,10023.309319133752
7410,1774335300000,10023.309319133752
7411,1774335600000,10023.309319133752
7412,1774335900000,10023.309319133752
7413,1774336200000,10023.309319133752
7414,1774336500000,10023.309319133752
7415,1774336800000,10023.309319133752
7416,1774337100000,10023.309319133752
7417,1774337400000,10023.309319133752
7418,1774337700000,10023.309319133752
7419,1774338000000,10023.309319133752
7420,1774338300000,10023.309319133752
7421,1774338600000,10023.309319133752
7422,1774338900000,10023.309319133752
7423,1774339200000,10023.309319133752
7424,1774339500000,10023.309319133752
7425,1774339800000,10023.309319133752
7426,1774340100000,10023.309319133752
7427,1774340400000,10023.309319133752
7428,1774340700000,10023.309319133752
7429,1774341000000,10023.309319133752
7430,1774341300000,10023.309319133752
7431,1774341600000,10023.309319133752
7432,1774341900000,10023.309319133752
7433,1774342200000,10023.309319133752
7434,1774342500000,10023.309319133752
7435,1774342800000,10023.309319133752
7436,1774343100000,10023.309319133752
7437,1774343400000,10023.309319133752
7438,1774343700000,10023.309319133752
7439,1774344000000,10023.309319133752
7440,1774344300000,10023.309319133752
7441,1774344600000,10023.309319133752
7442,1774344900000,10023.309319133752
7443,1774345200000,10023.309319133752
7444,1774345500000,10023.309319133752
7445,1774345800000,10023.309319133752
7446,1774346100000,10023.309319133752
7447,1774346400000,10023.309319133752
7448,1774346700000,10023.309319133752
7449,1774347000000,10023.309319133752
7450,1774347300000,10023.309319133752
7451,1774347600000,10023.309319133752
7452,1774347900000,10023.309319133752
7453,1774348200000,10023.309319133752
7454,1774348500000,10023.309319133752
7455,1774348800000,10023.309319133752
7456,1774349100000,10023.309319133752
7457,1774349400000,10023.309319133752
7458,1774349700000,10023.309319133752
7459,1774350000000,10023.309319133752
7460,1774350300000,10023.309319133752
7461,1774350600000,10023.309319133752
7462,1774350900000,10023.309319133752
7463,1774351200000,10023.309319133752
7464,1774351500000,10023.309319133752
7465,1774351800000,10023.309319133752
7466,1774352100000,10023.309319133752
7467,1774352400000,10023.309319133752
7468,1774352700000,10023.309319133752
7469,1774353000000,10023.309319133752
7470,1774353300000,10023.309319133752
7471,1774353600000,10023.309319133752
7472,1774353900000,10023.309319133752
7473,1774354200000,10023.309319133752
7474,1774354500000,10023.309319133752
7475,1774354800000,10023.309319133752
7476,1774355100000,10023.309319133752
7477,1774355400000,10023.309319133752
7478,1774355700000,10023.309319133752
7479,1774356000000,10023.309319133752
7480,1774356300000,10023.309319133752
7481,1774356600000,10023.309319133752
7482,1774356900000,10023.309319133752
7483,1774357200000,10023.309319133752
7484,1774357500000,10023.309319133752
7485,1774357800000,10023.309319133752
7486,1774358100000,10023.309319133752
7487,1774358400000,10023.309319133752
7488,1774358700000,10023.309319133752
7489,1774359000000,10023.309319133752
7490,1774359300000,10023.309319133752
7491,1774359600000,10023.309319133752
7492,1774359900000,10023.309319133752
7493,1774360200000,10023.309319133752
7494,1774360500000,10023.309319133752
7495,1774360800000,10023.309319133752
7496,1774361100000,10023.309319133752
7497,1774361400000,10023.309319133752
7498,1774361700000,10023.309319133752
7499,1774362000000,10023.309319133752
7500,1774362300000,10023.309319133752
7501,1774362600000,10023.309319133752
7502,1774362900000,10023.309319133752
7503,1774363200000,10023.309319133752
7504,1774363500000,10023.309319133752
7505,1774363800000,10023.309319133752
7506,1774364100000,10023.309319133752
7507,1774364400000,10023.309319133752
7508,1774364700000,10023.309319133752
7509,1774365000000,10023.309319133752
7510,1774365300000,10023.309319133752
7511,1774365600000,10023.309319133752
7512,1774365900000,10023.309319133752
7513,1774366200000,10023.309319133752
7514,1774366500000,10023.309319133752
7515,1774366800000,10023.309319133752
7516,1774367100000,10023.309319133752
7517,1774367400000,10023.309319133752
7518,1774367700000,10023.309319133752
7519,1774368000000,10023.309319133752
7520,1774368300000,10023.309319133752
7521,1774368600000,10023.309319133752
7522,1774368900000,10023.309319133752
7523,1774369200000,10023.309319133752
7524,1774369500000,10023.309319133752
7525,1774369800000,10023.309319133752
7526,1774370100000,10023.309319133752
7527,1774370400000,10023.309319133752
7528,1774370700000,10023.309319133752
7529,1774371000000,10023.309319133752
7530,1774371300000,10023.309319133752
7531,1774371600000,10023.309319133752
7532,1774371900000,10023.309319133752
7533,1774372200000,10023.309319133752
7534,1774372500000,10023.309319133752
7535,1774372800000,10023.309319133752
7536,1774373100000,10023.309319133752
7537,1774373400000,10023.309319133752
7538,1774373700000,10023.309319133752
7539,1774374000000,10023.309319133752
7540,1774374300000,10023.309319133752
7541,1774374600000,10023.309319133752
7542,1774374900000,10023.309319133752
7543,1774375200000,10023.309319133752
7544,1774375500000,10023.309319133752
7545,1774375800000,10023.309319133752
7546,1774376100000,10023.309319133752
7547,1774376400000,10023.309319133752
7548,1774376700000,10023.309319133752
7549,1774377000000,10023.309319133752
7550,1774377300000,10023.309319133752
7551,1774377600000,10023.309319133752
7552,1774377900000,10023.309319133752
7553,1774378200000,10023.309319133752
7554,1774378500000,10023.309319133752
7555,1774378800000,10023.309319133752
7556,1774379100000,10023.309319133752
7557,1774379400000,10023.309319133752
7558,1774379700000,10023.309319133752
7559,1774380000000,10023.309319133752
7560,1774380300000,10023.309319133752
7561,1774380600000,10023.309319133752
7562,1774380900000,10023.309319133752
7563,1774381200000,10023.309319133752
7564,1774381500000,10023.309319133752
7565,1774381800000,10023.309319133752
7566,1774382100000,10023.309319133752
7567,1774382400000,10023.309319133752
7568,1774382700000,10023.309319133752
7569,1774383000000,10023.309319133752
7570,1774383300000,10023.309319133752
7571,1774383600000,10023.309319133752
7572,1774383900000,10023.309319133752
7573,1774384200000,10023.309319133752
7574,1774384500000,10023.309319133752
7575,1774384800000,10023.309319133752
7576,1774385100000,10023.309319133752
7577,1774385400000,10023.309319133752
7578,1774385700000,10023.309319133752
7579,1774386000000,10023.309319133752
7580,1774386300000,10023.309319133752
7581,1774386600000,10023.309319133752
7582,1774386900000,10023.309319133752
7583,1774387200000,10023.309319133752
7584,1774387500000,10023.309319133752
7585,1774387800000,10023.309319133752
7586,1774388100000,10023.309319133752
7587,1774388400000,10023.309319133752
7588,1774388700000,10023.309319133752
7589,1774389000000,10023.309319133752
7590,1774389300000,10023.309319133752
7591,1774389600000,10023.309319133752
7592,1774389900000,10023.309319133752
7593,1774390200000,10023.309319133752
7594,1774390500000,10023.309319133752
7595,1774390800000,10023.309319133752
7596,1774391100000,10023.309319133752
7597,1774391400000,10023.309319133752
7598,1774391700000,10023.309319133752
7599,1774392000000,10023.309319133752
7600,1774392300000,10023.309319133752
7601,1774392600000,10023.309319133752
7602,1774392900000,10023.309319133752
7603,1774393200000,10023.309319133752
7604,1774393500000,10023.309319133752
7605,1774393800000,10023.309319133752
7606,1774394100000,10023.309319133752
7607,1774394400000,10023.309319133752
7608,1774394700000,10023.309319133752
7609,1774395000000,10023.309319133752
7610,1774395300000,10023.309319133752
7611,1774395600000,10023.309319133752
7612,1774395900000,10023.309319133752
7613,1774396200000,10023.309319133752
7614,1774396500000,10023.309319133752
7615,1774396800000,10023.309319133752
7616,1774397100000,10023.309319133752
7617,1774397400000,10023.309319133752
7618,1774397700000,10023.309319133752
7619,1774398000000,10023.309319133752
7620,1774398300000,10023.309319133752
7621,1774398600000,10023.309319133752
7622,1774398900000,10023.309319133752
7623,1774399200000,10023.309319133752
7624,1774399500000,10023.309319133752
7625,1774399800000,10023.309319133752
7626,1774400100000,10023.309319133752
7627,1774400400000,10023.309319133752
7628,1774400700000,10023.309319133752
7629,1774401000000,10023.309319133752
7630,1774401300000,10023.309319133752
7631,1774401600000,10023.309319133752
7632,1774401900000,10023.309319133752
7633,1774402200000,10023.309319133752
7634,1774402500000,10023.309319133752
7635,1774402800000,10023.309319133752
7636,1774403100000,10023.309319133752
7637,1774403400000,10023.309319133752
7638,1774403700000,10023.309319133752
7639,1774404000000,10023.309319133752
7640,1774404300000,10023.309319133752
7641,1774404600000,10023.309319133752
7642,1774404900000,10023.309319133752
7643,1774405200000,10023.309319133752
7644,1774405500000,10023.309319133752
7645,1774405800000,10023.309319133752
7646,1774406100000,10023.309319133752
7647,1774406400000,10023.309319133752
7648,1774406700000,10023.309319133752
7649,1774407000000,10023.309319133752
7650,1774407300000,10023.309319133752
7651,1774407600000,10023.309319133752
7652,1774407900000,10023.309319133752
7653,1774408200000,10023.309319133752
7654,1774408500000,10023.309319133752
7655,1774408800000,10023.309319133752
7656,1774409100000,10023.309319133752
7657,1774409400000,10023.309319133752
7658,1774409700000,10023.309319133752
7659,1774410000000,10023.309319133752
7660,1774410300000,10023.309319133752
7661,1774410600000,10023.309319133752
7662,1774410900000,10023.309319133752
7663,1774411200000,10023.309319133752
7664,1774411500000,10023.309319133752
7665,1774411800000,10023.309319133752
7666,1774412100000,10023.309319133752
7667,1774412400000,10023.309319133752
7668,1774412700000,10023.309319133752
7669,1774413000000,10023.309319133752
7670,1774413300000,10023.309319133752
7671,1774413600000,10023.309319133752
7672,1774413900000,10023.309319133752
7673,1774414200000,10023.309319133752
7674,1774414500000,10023.309319133752
7675,1774414800000,10023.309319133752
7676,1774415100000,10023.309319133752
7677,1774415400000,10023.309319133752
7678,1774415700000,10023.309319133752
7679,1774416000000,10023.309319133752
7680,1774416300000,10023.309319133752
7681,1774416600000,10023.309319133752
7682,1774416900000,10023.309319133752
7683,1774417200000,10023.309319133752
7684,1774417500000,10023.309319133752
7685,1774417800000,10023.309319133752
7686,1774418100000,10023.309319133752
7687,1774418400000,10023.309319133752
7688,1774418700000,10023.309319133752
7689,1774419000000,10023.309319133752
7690,1774419300000,10023.309319133752
7691,1774419600000,10023.309319133752
7692,1774419900000,10023.309319133752
7693,1774420200000,10023.309319133752
7694,1774420500000,10023.309319133752
7695,1774420800000,10023.309319133752
7696,1774421100000,10023.309319133752
7697,1774421400000,10023.309319133752
7698,1774421700000,10023.309319133752
7699,1774422000000,10023.309319133752
7700,1774422300000,10023.309319133752
7701,1774422600000,10023.309319133752
7702,1774422900000,10023.309319133752
7703,1774423200000,10023.309319133752
7704,1774423500000,10023.309319133752
7705,1774423800000,10023.309319133752
7706,1774424100000,10023.309319133752
7707,1774424400000,10023.309319133752
7708,1774424700000,10023.309319133752
7709,1774425000000,10023.309319133752
7710,1774425300000,10023.309319133752
7711,1774425600000,10023.309319133752
7712,1774425900000,10023.309319133752
7713,1774426200000,10023.309319133752
7714,1774426500000,10023.309319133752
7715,1774426800000,10023.309319133752
7716,1774427100000,10023.309319133752
7717,1774427400000,10023.309319133752
7718,1774427700000,10023.309319133752
7719,1774428000000,10023.309319133752
7720,1774428300000,10023.309319133752
7721,1774428600000,10023.309319133752
7722,1774428900000,10023.309319133752
7723,1774429200000,10023.309319133752
7724,1774429500000,10023.309319133752
7725,1774429800000,10023.309319133752
7726,1774430100000,10023.309319133752
7727,1774430400000,10023.309319133752
7728,1774430700000,10023.309319133752
7729,1774431000000,10023.309319133752
7730,1774431300000,10023.309319133752
7731,1774431600000,10023.309319133752
7732,1774431900000,10023.309319133752
7733,1774432200000,10023.309319133752
7734,1774432500000,10023.309319133752
7735,1774432800000,10023.309319133752
7736,1774433100000,10023.309319133752
7737,1774433400000,10023.309319133752
7738,1774433700000,10023.309319133752
7739,1774434000000,10023.309319133752
7740,1774434300000,10023.309319133752
7741,1774434600000,10023.309319133752
7742,1774434900000,10023.309319133752
7743,1774435200000,10023.309319133752
7744,1774435500000,10023.309319133752
7745,1774435800000,10023.309319133752
7746,1774436100000,10023.309319133752
7747,1774436400000,10023.309319133752
7748,1774436700000,10023.309319133752
7749,1774437000000,10023.309319133752
7750,1774437300000,10023.309319133752
7751,1774437600000,10023.309319133752
7752,1774437900000,10023.309319133752
7753,1774438200000,10023.309319133752
7754,1774438500000,10023.309319133752
7755,1774438800000,10023.309319133752
7756,1774439100000,10023.309319133752
7757,1774439400000,10023.309319133752
7758,1774439700000,10023.309319133752
7759,1774440000000,10023.309319133752
7760,1774440300000,10023.309319133752
7761,1774440600000,10023.309319133752
7762,1774440900000,10023.309319133752
7763,1774441200000,10023.309319133752
7764,1774441500000,10023.309319133752
7765,1774441800000,10023.309319133752
7766,1774442100000,10023.309319133752
7767,1774442400000,10023.309319133752
7768,1774442700000,10023.309319133752
7769,1774443000000,10023.309319133752
7770,1774443300000,10023.309319133752
7771,1774443600000,10023.309319133752
7772,1774443900000,10023.309319133752
7773,1774444200000,10023.309319133752
7774,1774444500000,10023.309319133752
7775,1774444800000,10023.309319133752
7776,1774445100000,10023.309319133752
7777,1774445400000,10023.309319133752
7778,1774445700000,10023.309319133752
7779,1774446000000,10023.309319133752
7780,1774446300000,10023.309319133752
7781,1774446600000,10023.309319133752
7782,1774446900000,10023.309319133752
7783,1774447200000,10023.309319133752
7784,1774447500000,10023.309319133752
7785,1774447800000,10023.309319133752
7786,1774448100000,10023.309319133752
7787,1774448400000,10023.309319133752
7788,1774448700000,10023.309319133752
7789,1774449000000,10023.309319133752
7790,1774449300000,10023.309319133752
7791,1774449600000,10023.309319133752
7792,1774449900000,10023.309319133752
7793,1774450200000,10023.309319133752
7794,1774450500000,10023.309319133752
7795,1774450800000,10023.309319133752
7796,1774451100000,10023.309319133752
7797,1774451400000,10023.309319133752
7798,1774451700000,10023.309319133752
7799,1774452000000,10023.309319133752
7800,1774452300000,10023.309319133752
7801,1774452600000,10023.309319133752
7802,1774452900000,10023.309319133752
7803,1774453200000,10023.309319133752
7804,1774453500000,10023.309319133752
7805,1774453800000,10023.309319133752
7806,1774454100000,10023.309319133752
7807,1774454400000,10023.309319133752
7808,1774454700000,10023.309319133752
7809,1774455000000,10023.309319133752
7810,1774455300000,10023.309319133752
7811,1774455600000,10023.309319133752
7812,1774455900000,10023.309319133752
7813,1774456200000,10023.309319133752
7814,1774456500000,10023.309319133752
7815,1774456800000,10023.309319133752
7816,1774457100000,10023.309319133752
7817,1774457400000,10023.309319133752
7818,1774457700000,10023.309319133752
7819,1774458000000,10023.309319133752
7820,1774458300000,10023.309319133752
7821,1774458600000,10023.309319133752
7822,1774458900000,10023.309319133752
7823,1774459200000,10023.309319133752
7824,1774459500000,10023.309319133752
7825,1774459800000,10023.309319133752
7826,1774460100000,10023.309319133752
7827,1774460400000,10023.309319133752
7828,1774460700000,10023.309319133752
7829,1774461000000,10023.309319133752
7830,1774461300000,10023.309319133752
7831,1774461600000,10023.309319133752
7832,1774461900000,10023.309319133752
7833,1774462200000,10023.309319133752
7834,1774462500000,10023.309319133752
7835,1774462800000,10023.309319133752
7836,1774463100000,10023.309319133752
7837,1774463400000,10023.309319133752
7838,1774463700000,10023.309319133752
7839,1774464000000,10023.309319133752
7840,1774464300000,10023.309319133752
7841,1774464600000,10023.309319133752
7842,1774464900000,10023.309319133752
7843,1774465200000,10023.309319133752
7844,1774465500000,10023.309319133752
7845,1774465800000,10023.309319133752
7846,1774466100000,10023.309319133752
7847,1774466400000,10023.309319133752
7848,1774466700000,10023.309319133752
7849,1774467000000,10023.309319133752
7850,1774467300000,10023.309319133752
7851,1774467600000,10023.309319133752
7852,1774467900000,10023.309319133752
7853,1774468200000,10023.309319133752
7854,1774468500000,10023.309319133752
7855,1774468800000,10023.309319133752
7856,1774469100000,10023.309319133752
7857,1774469400000,10023.309319133752
7858,1774469700000,10023.309319133752
7859,1774470000000,10023.309319133752
7860,1774470300000,10023.309319133752
7861,1774470600000,10023.309319133752
7862,1774470900000,10023.309319133752
7863,1774471200000,10023.309319133752
7864,1774471500000,10023.309319133752
7865,1774471800000,10023.309319133752
7866,1774472100000,10023.309319133752
7867,1774472400000,10023.309319133752
7868,1774472700000,10023.309319133752
7869,1774473000000,10023.309319133752
7870,1774473300000,10023.309319133752
7871,1774473600000,10023.309319133752
7872,1774473900000,10023.309319133752
7873,1774474200000,10023.309319133752
7874,1774474500000,10023.309319133752
7875,1774474800000,10023.309319133752
7876,1774475100000,10023.309319133752
7877,1774475400000,10023.309319133752
7878,1774475700000,10023.309319133752
7879,1774476000000,10023.309319133752
7880,1774476300000,10023.309319133752
7881,1774476600000,10023.309319133752
7882,1774476900000,10023.309319133752
7883,1774477200000,10023.309319133752
7884,1774477500000,10023.309319133752
7885,1774477800000,10023.309319133752
7886,1774478100000,10023.309319133752
7887,1774478400000,10023.309319133752
7888,1774478700000,10023.309319133752
7889,1774479000000,10023.309319133752
7890,1774479300000,10023.309319133752
7891,1774479600000,10023.309319133752
7892,1774479900000,10023.309319133752
7893,1774480200000,10023.309319133752
7894,1774480500000,10023.309319133752
7895,1774480800000,10023.309319133752
7896,1774481100000,10023.309319133752
7897,1774481400000,10023.309319133752
7898,1774481700000,10023.309319133752
7899,1774482000000,10023.309319133752
7900,1774482300000,10023.309319133752
7901,1774482600000,10023.309319133752
7902,1774482900000,10023.309319133752
7903,1774483200000,10023.309319133752
7904,1774483500000,10023.309319133752
7905,1774483800000,10023.309319133752
7906,1774484100000,10023.309319133752
7907,1774484400000,10023.309319133752
7908,1774484700000,10023.309319133752
7909,1774485000000,10023.309319133752
7910,1774485300000,10023.309319133752
7911,1774485600000,10023.309319133752
7912,1774485900000,10023.309319133752
7913,1774486200000,10023.309319133752
7914,1774486500000,10023.309319133752
7915,1774486800000,10023.309319133752
7916,1774487100000,10023.309319133752
7917,1774487400000,10023.309319133752
7918,1774487700000,10023.309319133752
7919,1774488000000,10023.309319133752
7920,1774488300000,10023.309319133752
7921,1774488600000,10023.309319133752
7922,1774488900000,10023.309319133752
7923,1774489200000,10023.309319133752
7924,1774489500000,10023.309319133752
7925,1774489800000,10023.309319133752
7926,1774490100000,10023.309319133752
7927,1774490400000,10023.309319133752
7928,1774490700000,10023.309319133752
7929,1774491000000,10023.309319133752
7930,1774491300000,10023.309319133752
7931,1774491600000,10023.309319133752
7932,1774491900000,10023.309319133752
7933,1774492200000,10023.309319133752
7934,1774492500000,10023.309319133752
7935,1774492800000,10023.309319133752
7936,1774493100000,10023.309319133752
7937,1774493400000,10023.309319133752
7938,1774493700000,10023.309319133752
7939,1774494000000,10023.309319133752
7940,1774494300000,10023.309319133752
7941,1774494600000,10023.309319133752
7942,1774494900000,10023.309319133752
7943,1774495200000,10023.309319133752
7944,1774495500000,10023.309319133752
7945,1774495800000,10023.309319133752
7946,1774496100000,10023.309319133752
7947,1774496400000,10023.309319133752
7948,1774496700000,10023.309319133752
7949,1774497000000,10023.309319133752
7950,1774497300000,10023.309319133752
7951,1774497600000,10023.309319133752
7952,1774497900000,10023.309319133752
7953,1774498200000,10023.309319133752
7954,1774498500000,10023.309319133752
7955,1774498800000,10023.309319133752
7956,1774499100000,10023.309319133752
7957,1774499400000,10023.309319133752
7958,1774499700000,10023.309319133752
7959,1774500000000,10023.309319133752
7960,1774500300000,10023.309319133752
7961,1774500600000,10023.309319133752
7962,1774500900000,10023.309319133752
7963,1774501200000,10023.309319133752
7964,1774501500000,10023.309319133752
7965,1774501800000,10023.309319133752
7966,1774502100000,10023.309319133752
7967,1774502400000,10023.309319133752
7968,1774502700000,10023.309319133752
7969,1774503000000,10023.309319133752
7970,1774503300000,10023.309319133752
7971,1774503600000,10023.309319133752
7972,1774503900000,10023.309319133752
7973,1774504200000,10023.309319133752
7974,1774504500000,10023.309319133752
7975,1774504800000,10023.309319133752
7976,1774505100000,10023.309319133752
7977,1774505400000,10023.309319133752
7978,1774505700000,10023.309319133752
7979,1774506000000,10023.309319133752
7980,1774506300000,10023.309319133752
7981,1774506600000,10023.309319133752
7982,1774506900000,10023.309319133752
7983,1774507200000,10023.309319133752
7984,1774507500000,10023.309319133752
7985,1774507800000,10023.309319133752
7986,1774508100000,10023.309319133752
7987,1774508400000,10023.309319133752
7988,1774508700000,10023.309319133752
7989,1774509000000,10023.309319133752
7990,1774509300000,10023.309319133752
7991,1774509600000,10023.309319133752
7992,1774509900000,10023.309319133752
7993,1774510200000,10023.309319133752
7994,1774510500000,10023.309319133752
7995,1774510800000,10023.309319133752
7996,1774511100000,10023.309319133752
7997,1774511400000,10023.309319133752
7998,1774511700000,10023.309319133752
7999,1774512000000,10023.309319133752
8000,1774512300000,10023.309319133752
8001,1774512600000,10023.309319133752
8002,1774512900000,10023.309319133752
8003,1774513200000,10023.309319133752
8004,1774513500000,10023.309319133752
8005,1774513800000,10023.309319133752
8006,1774514100000,10023.309319133752
8007,1774514400000,10023.309319133752
8008,1774514700000,10023.309319133752
8009,1774515000000,10023.309319133752
8010,1774515300000,10023.309319133752
8011,1774515600000,10023.309319133752
8012,1774515900000,10023.309319133752
8013,1774516200000,10023.309319133752
8014,1774516500000,10023.309319133752
8015,1774516800000,10023.309319133752
8016,1774517100000,10023.309319133752
8017,1774517400000,10023.309319133752
8018,1774517700000,10023.309319133752
8019,1774518000000,10023.309319133752
8020,1774518300000,10023.309319133752
8021,1774518600000,10023.309319133752
8022,1774518900000,10023.309319133752
8023,1774519200000,10023.309319133752
8024,1774519500000,10023.309319133752
8025,1774519800000,10023.309319133752
8026,1774520100000,10023.309319133752
8027,1774520400000,10023.309319133752
8028,1774520700000,10023.309319133752
8029,1774521000000,10023.309319133752
8030,1774521300000,10023.309319133752
8031,1774521600000,10023.309319133752
8032,1774521900000,10023.309319133752
8033,1774522200000,10023.309319133752
8034,1774522500000,10023.309319133752
8035,1774522800000,10023.309319133752
8036,1774523100000,10023.309319133752
8037,1774523400000,10023.309319133752
8038,1774523700000,10023.309319133752
8039,1774524000000,10023.309319133752
8040,1774524300000,10023.309319133752
8041,1774524600000,10023.309319133752
8042,1774524900000,10023.309319133752
8043,1774525200000,10023.309319133752
8044,1774525500000,10023.309319133752
8045,1774525800000,10023.309319133752
8046,1774526100000,10023.309319133752
8047,1774526400000,10023.309319133752
8048,1774526700000,10023.309319133752
8049,1774527000000,10023.309319133752
8050,1774527300000,10023.309319133752
8051,1774527600000,10023.309319133752
8052,1774527900000,10023.309319133752
8053,1774528200000,10023.309319133752
8054,1774528500000,10023.309319133752
8055,1774528800000,10023.309319133752
8056,1774529100000,10023.309319133752
8057,1774529400000,10023.309319133752
8058,1774529700000,10023.309319133752
8059,1774530000000,10023.309319133752
8060,1774530300000,10023.309319133752
8061,1774530600000,10023.309319133752
8062,1774530900000,10023.309319133752
8063,1774531200000,10023.309319133752
8064,1774531500000,10023.309319133752
8065,1774531800000,10023.309319133752
8066,1774532100000,10023.309319133752
8067,1774532400000,10023.309319133752
8068,1774532700000,10023.309319133752
8069,1774533000000,10023.309319133752
8070,1774533300000,10019.2999954061
8071,1774533600000,10021.659871616386
8072,1774533900000,10025.512730735225
8073,1774534200000,10026.764909948846
8074,1774534500000,10045.499437414192
8075,1774534800000,10052.627226784041
8076,1774535100000,10045.258633719266
8077,1774535400000,10005.911309968138
8078,1774535700000,10030.376965372756
8079,1774536000000,10037.841879915504
8080,1774536300000,10048.389081753323
8081,1774536600000,10070.73566464258
8082,1774536900000,10043.139561203905
8083,1774537200000,10060.910873889543
8084,1774537500000,10075.792542236055
8085,1774537800000,10125.398103391086
8086,1774538100000,10108.397362529216
8087,1774538400000,10089.470192107925
8088,1774538700000,10094.43074822343
8089,1774539000000,10100.06555468473
8090,1774539300000,10096.45349926082
8091,1774539600000,10101.799341288206
8092,1774539900000,10077.230859088018
8093,1774540200000,10077.230859088018
8094,1774540500000,10077.230859088018
8095,1774540800000,10077.230859088018
8096,1774541100000,10077.230859088018
8097,1774541400000,10077.230859088018
8098,1774541700000,10077.230859088018
8099,1774542000000,10077.230859088018
8100,1774542300000,10077.230859088018
8101,1774542600000,10077.230859088018
8102,1774542900000,10077.230859088018
8103,1774543200000,10077.230859088018
8104,1774543500000,10077.230859088018
8105,1774543800000,10077.230859088018
8106,1774544100000,10077.230859088018
8107,1774544400000,10077.230859088018
8108,1774544700000,10077.230859088018
8109,1774545000000,10077.230859088018
8110,1774545300000,10077.230859088018
8111,1774545600000,10077.230859088018
8112,1774545900000,10077.230859088018
8113,1774546200000,10077.230859088018
8114,1774546500000,10077.230859088018
8115,1774546800000,10077.230859088018
8116,1774547100000,10077.230859088018
8117,1774547400000,10077.230859088018
8118,1774547700000,10077.230859088018
8119,1774548000000,10077.230859088018
8120,1774548300000,10077.230859088018
8121,1774548600000,10077.230859088018
8122,1774548900000,10077.230859088018
8123,1774549200000,10077.230859088018
8124,1774549500000,10077.230859088018
8125,1774549800000,10077.230859088018
8126,1774550100000,10077.230859088018
8127,1774550400000,10077.230859088018
8128,1774550700000,10077.230859088018
8129,1774551000000,10077.230859088018
8130,1774551300000,10077.230859088018
8131,1774551600000,10077.230859088018
8132,1774551900000,10077.230859088018
8133,1774552200000,10077.230859088018
8134,1774552500000,10077.230859088018
8135,1774552800000,10077.230859088018
8136,1774553100000,10077.230859088018
8137,1774553400000,10077.230859088018
8138,1774553700000,10077.230859088018
8139,1774554000000,10077.230859088018
8140,1774554300000,10077.230859088018
8141,1774554600000,10077.230859088018
8142,1774554900000,10077.230859088018
8143,1774555200000,10077.230859088018
8144,1774555500000,10077.230859088018
8145,1774555800000,10077.230859088018
8146,1774556100000,10077.230859088018
8147,1774556400000,10077.230859088018
8148,1774556700000,10077.230859088018
8149,1774557000000,10077.230859088018
8150,1774557300000,10077.230859088018
8151,1774557600000,10077.230859088018
8152,1774557900000,10077.230859088018
8153,1774558200000,10077.230859088018
8154,1774558500000,10077.230859088018
8155,1774558800000,10077.230859088018
8156,1774559100000,10077.230859088018
8157,1774559400000,10077.230859088018
8158,1774559700000,10077.230859088018
8159,1774560000000,10077.230859088018
8160,1774560300000,10077.230859088018
8161,1774560600000,10077.230859088018
8162,1774560900000,10077.230859088018
8163,1774561200000,10077.230859088018
8164,1774561500000,10077.230859088018
8165,1774561800000,10077.230859088018
8166,1774562100000,10077.230859088018
8167,1774562400000,10077.230859088018
8168,1774562700000,10077.230859088018
8169,1774563000000,10077.230859088018
8170,1774563300000,10077.230859088018
8171,1774563600000,10077.230859088018
8172,1774563900000,10077.230859088018
8173,1774564200000,10077.230859088018
8174,1774564500000,10077.230859088018
8175,1774564800000,10077.230859088018
8176,1774565100000,10077.230859088018
8177,1774565400000,10077.230859088018
8178,1774565700000,10077.230859088018
8179,1774566000000,10077.230859088018
8180,1774566300000,10077.230859088018
8181,1774566600000,10077.230859088018
8182,1774566900000,10077.230859088018
8183,1774567200000,10077.230859088018
8184,1774567500000,10077.230859088018
8185,1774567800000,10077.230859088018
8186,1774568100000,10077.230859088018
8187,1774568400000,10077.230859088018
8188,1774568700000,10077.230859088018
8189,1774569000000,10077.230859088018
8190,1774569300000,10077.230859088018
8191,1774569600000,10077.230859088018
8192,1774569900000,10077.230859088018
8193,1774570200000,10077.230859088018
8194,1774570500000,10077.230859088018
8195,1774570800000,10077.230859088018
8196,1774571100000,10077.230859088018
8197,1774571400000,10077.230859088018
8198,1774571700000,10077.230859088018
8199,1774572000000,10077.230859088018
8200,1774572300000,10077.230859088018
8201,1774572600000,10077.230859088018
8202,1774572900000,10077.230859088018
8203,1774573200000,10077.230859088018
8204,1774573500000,10077.230859088018
8205,1774573800000,10077.230859088018
8206,1774574100000,10077.230859088018
8207,1774574400000,10077.230859088018
8208,1774574700000,10077.230859088018
8209,1774575000000,10077.230859088018
8210,1774575300000,10077.230859088018
8211,1774575600000,10077.230859088018
8212,1774575900000,10077.230859088018
8213,1774576200000,10077.230859088018
8214,1774576500000,10077.230859088018
8215,1774576800000,10077.230859088018
8216,1774577100000,10077.230859088018
8217,1774577400000,10077.230859088018
8218,1774577700000,10077.230859088018
8219,1774578000000,10077.230859088018
8220,1774578300000,10077.230859088018
8221,1774578600000,10077.230859088018
8222,1774578900000,10077.230859088018
8223,1774579200000,10077.230859088018
8224,1774579500000,10077.230859088018
8225,1774579800000,10077.230859088018
8226,1774580100000,10077.230859088018
8227,1774580400000,10077.230859088018
8228,1774580700000,10077.230859088018
8229,1774581000000,10077.230859088018
8230,1774581300000,10077.230859088018
8231,1774581600000,10077.230859088018
8232,1774581900000,10077.230859088018
8233,1774582200000,10077.230859088018
8234,1774582500000,10077.230859088018
8235,1774582800000,10077.230859088018
8236,1774583100000,10077.230859088018
8237,1774583400000,10077.230859088018
8238,1774583700000,10077.230859088018
8239,1774584000000,10077.230859088018
8240,1774584300000,10077.230859088018
8241,1774584600000,10077.230859088018
8242,1774584900000,10077.230859088018
8243,1774585200000,10077.230859088018
8244,1774585500000,10077.230859088018
8245,1774585800000,10077.230859088018
8246,1774586100000,10077.230859088018
8247,1774586400000,10077.230859088018
8248,1774586700000,10077.230859088018
8249,1774587000000,10077.230859088018
8250,1774587300000,10077.230859088018
8251,1774587600000,10077.230859088018
8252,1774587900000,10077.230859088018
8253,1774588200000,10077.230859088018
8254,1774588500000,10077.230859088018
8255,1774588800000,10077.230859088018
8256,1774589100000,10077.230859088018
8257,1774589400000,10077.230859088018
8258,1774589700000,10077.230859088018
8259,1774590000000,10077.230859088018
8260,1774590300000,10077.230859088018
8261,1774590600000,10077.230859088018
8262,1774590900000,10077.230859088018
8263,1774591200000,10077.230859088018
8264,1774591500000,10077.230859088018
8265,1774591800000,10077.230859088018
8266,1774592100000,10077.230859088018
8267,1774592400000,10077.230859088018
8268,1774592700000,10077.230859088018
8269,1774593000000,10077.230859088018
8270,1774593300000,10077.230859088018
8271,1774593600000,10077.230859088018
8272,1774593900000,10077.230859088018
8273,1774594200000,10077.230859088018
8274,1774594500000,10077.230859088018
8275,1774594800000,10077.230859088018
8276,1774595100000,10077.230859088018
8277,1774595400000,10077.230859088018
8278,1774595700000,10077.230859088018
8279,1774596000000,10077.230859088018
8280,1774596300000,10077.230859088018
8281,1774596600000,10077.230859088018
8282,1774596900000,10077.230859088018
8283,1774597200000,10077.230859088018
8284,1774597500000,10077.230859088018
8285,1774597800000,10077.230859088018
8286,1774598100000,10077.230859088018
8287,1774598400000,10077.230859088018
8288,1774598700000,10077.230859088018
8289,1774599000000,10077.230859088018
8290,1774599300000,10077.230859088018
8291,1774599600000,10077.230859088018
8292,1774599900000,10077.230859088018
8293,1774600200000,10077.230859088018
8294,1774600500000,10077.230859088018
8295,1774600800000,10077.230859088018
8296,1774601100000,10077.230859088018
8297,1774601400000,10077.230859088018
8298,1774601700000,10077.230859088018
8299,1774602000000,10077.230859088018
8300,1774602300000,10077.230859088018
8301,1774602600000,10077.230859088018
8302,1774602900000,10077.230859088018
8303,1774603200000,10077.230859088018
8304,1774603500000,10077.230859088018
8305,1774603800000,10077.230859088018
8306,1774604100000,10077.230859088018
8307,1774604400000,10077.230859088018
8308,1774604700000,10077.230859088018
8309,1774605000000,10077.230859088018
8310,1774605300000,10077.230859088018
8311,1774605600000,10077.230859088018
8312,1774605900000,10077.230859088018
8313,1774606200000,10077.230859088018
8314,1774606500000,10077.230859088018
8315,1774606800000,10077.230859088018
8316,1774607100000,10077.230859088018
8317,1774607400000,10077.230859088018
8318,1774607700000,10077.230859088018
8319,1774608000000,10077.230859088018
8320,1774608300000,10077.230859088018
8321,1774608600000,10077.230859088018
8322,1774608900000,10077.230859088018
8323,1774609200000,10077.230859088018
8324,1774609500000,10077.230859088018
8325,1774609800000,10077.230859088018
8326,1774610100000,10077.230859088018
8327,1774610400000,10077.230859088018
8328,1774610700000,10077.230859088018
8329,1774611000000,10077.230859088018
8330,1774611300000,10077.230859088018
8331,1774611600000,10077.230859088018
8332,1774611900000,10077.230859088018
8333,1774612200000,10077.230859088018
8334,1774612500000,10077.230859088018
8335,1774612800000,10077.230859088018
8336,1774613100000,10077.230859088018
8337,1774613400000,10077.230859088018
8338,1774613700000,10077.230859088018
8339,1774614000000,10077.230859088018
8340,1774614300000,10077.230859088018
8341,1774614600000,10077.230859088018
8342,1774614900000,10077.230859088018
8343,1774615200000,10077.230859088018
8344,1774615500000,10077.230859088018
8345,1774615800000,10077.230859088018
8346,1774616100000,10077.230859088018
8347,1774616400000,10077.230859088018
8348,1774616700000,10077.230859088018
8349,1774617000000,10077.230859088018
8350,1774617300000,10077.230859088018
8351,1774617600000,10077.230859088018
8352,1774617900000,10077.230859088018
8353,1774618200000,10077.230859088018
8354,1774618500000,10077.230859088018
8355,1774618800000,10077.230859088018
8356,1774619100000,10077.230859088018
8357,1774619400000,10077.230859088018
8358,1774619700000,10077.230859088018
8359,1774620000000,10077.230859088018
8360,1774620300000,10077.230859088018
8361,1774620600000,10077.230859088018
8362,1774620900000,10077.230859088018
8363,1774621200000,10077.230859088018
8364,1774621500000,10077.230859088018
8365,1774621800000,10077.230859088018
8366,1774622100000,10077.230859088018
8367,1774622400000,10077.230859088018
8368,1774622700000,10077.230859088018
8369,1774623000000,10077.230859088018
8370,1774623300000,10077.230859088018
8371,1774623600000,10077.230859088018
8372,1774623900000,10077.230859088018
8373,1774624200000,10077.230859088018
8374,1774624500000,10077.230859088018
8375,1774624800000,10077.230859088018
8376,1774625100000,10077.230859088018
8377,1774625400000,10077.230859088018
8378,1774625700000,10077.230859088018
8379,1774626000000,10073.199966744383
8380,1774626300000,10091.743833192417
8381,1774626600000,10115.32679378394
8382,1774626900000,10115.981876022593
8383,1774627200000,10143.797675694645
8384,1774627500000,10154.631728103142
8385,1774627800000,10136.188643537978
8386,1774628100000,10140.723828267117
8387,1774628400000,10157.806357413541
8388,1774628700000,10145.964486176345
8389,1774629000000,10147.07308688791
8390,1774629300000,10161.535287079721
8391,1774629600000,10136.793334835196
8392,1774629900000,10121.776834287604
8393,1774630200000,10135.98707977224
8394,1774630500000,10140.270309794203
8395,1774630800000,10131.099158453057
8396,1774631100000,10105.349387379834
8397,1774631400000,10103.43453160531
8398,1774631700000,10128.478829498443
8399,1774632000000,10148.584815130958
8400,1774632300000,10155.589155990407
8401,1774632600000,10153.119999860097
8402,1774632900000,10153.321563625836
8403,1774633200000,10186.52471388771
8404,1774633500000,10186.52471388771
8405,1774633800000,10186.52471388771
8406,1774634100000,10186.52471388771
8407,1774634400000,10186.52471388771
8408,1774634700000,10186.52471388771
8409,1774635000000,10186.52471388771
8410,1774635300000,10186.52471388771
8411,1774635600000,10186.52471388771
8412,1774635900000,10186.52471388771
8413,1774636200000,10186.52471388771
8414,1774636500000,10186.52471388771
8415,1774636800000,10186.52471388771
8416,1774637100000,10186.52471388771
8417,1774637400000,10186.52471388771
8418,1774637700000,10186.52471388771
8419,1774638000000,10186.52471388771
8420,1774638300000,10186.52471388771
8421,1774638600000,10186.52471388771
8422,1774638900000,10186.52471388771
8423,1774639200000,10186.52471388771
8424,1774639500000,10186.52471388771
8425,1774639800000,10186.52471388771
8426,1774640100000,10186.52471388771
8427,1774640400000,10186.52471388771
8428,1774640700000,10186.52471388771
8429,1774641000000,10186.52471388771
8430,1774641300000,10186.52471388771
8431,1774641600000,10186.52471388771
8432,1774641900000,10186.52471388771
8433,1774642200000,10186.52471388771
8434,1774642500000,10186.52471388771
8435,1774642800000,10186.52471388771
8436,1774643100000,10186.52471388771
8437,1774643400000,10186.52471388771
8438,1774643700000,10186.52471388771
8439,1774644000000,10186.52471388771
8440,1774644300000,10186.52471388771
8441,1774644600000,10186.52471388771
8442,1774644900000,10186.52471388771
8443,1774645200000,10186.52471388771
8444,1774645500000,10186.52471388771
8445,1774645800000,10186.52471388771
8446,1774646100000,10186.52471388771
8447,1774646400000,10186.52471388771
8448,1774646700000,10186.52471388771
8449,1774647000000,10186.52471388771
8450,1774647300000,10186.52471388771
8451,1774647600000,10186.52471388771
8452,1774647900000,10186.52471388771
8453,1774648200000,10186.52471388771
8454,1774648500000,10186.52471388771
8455,1774648800000,10186.52471388771
8456,1774649100000,10186.52471388771
8457,1774649400000,10186.52471388771
8458,1774649700000,10186.52471388771
8459,1774650000000,10186.52471388771
8460,1774650300000,10186.52471388771
8461,1774650600000,10186.52471388771
8462,1774650900000,10186.52471388771
8463,1774651200000,10186.52471388771
8464,1774651500000,10186.52471388771
8465,1774651800000,10186.52471388771
8466,1774652100000,10186.52471388771
8467,1774652400000,10186.52471388771
8468,1774652700000,10186.52471388771
8469,1774653000000,10186.52471388771
8470,1774653300000,10186.52471388771
8471,1774653600000,10186.52471388771
8472,1774653900000,10186.52471388771
8473,1774654200000,10186.52471388771
8474,1774654500000,10186.52471388771
8475,1774654800000,10186.52471388771
8476,1774655100000,10186.52471388771
8477,1774655400000,10186.52471388771
8478,1774655700000,10186.52471388771
8479,1774656000000,10186.52471388771
8480,1774656300000,10186.52471388771
8481,1774656600000,10186.52471388771
8482,1774656900000,10186.52471388771
8483,1774657200000,10186.52471388771
8484,1774657500000,10186.52471388771
8485,1774657800000,10186.52471388771
8486,1774658100000,10186.52471388771
8487,1774658400000,10186.52471388771
8488,1774658700000,10186.52471388771
8489,1774659000000,10186.52471388771
8490,1774659300000,10186.52471388771
8491,1774659600000,10186.52471388771
8492,1774659900000,10186.52471388771
8493,1774660200000,10186.52471388771
8494,1774660500000,10186.52471388771
8495,1774660800000,10186.52471388771
8496,1774661100000,10186.52471388771
8497,1774661400000,10186.52471388771
8498,1774661700000,10186.52471388771
8499,1774662000000,10186.52471388771
8500,1774662300000,10186.52471388771
8501,1774662600000,10186.52471388771
8502,1774662900000,10186.52471388771
8503,1774663200000,10186.52471388771
8504,1774663500000,10186.52471388771
8505,1774663800000,10186.52471388771
8506,1774664100000,10186.52471388771
8507,1774664400000,10186.52471388771
8508,1774664700000,10186.52471388771
8509,1774665000000,10186.52471388771
8510,1774665300000,10186.52471388771
8511,1774665600000,10186.52471388771
8512,1774665900000,10186.52471388771
8513,1774666200000,10186.52471388771
8514,1774666500000,10186.52471388771
8515,1774666800000,10186.52471388771
8516,1774667100000,10186.52471388771
8517,1774667400000,10186.52471388771
8518,1774667700000,10186.52471388771
8519,1774668000000,10186.52471388771
8520,1774668300000,10186.52471388771
8521,1774668600000,10186.52471388771
8522,1774668900000,10186.52471388771
8523,1774669200000,10186.52471388771
8524,1774669500000,10186.52471388771
8525,1774669800000,10186.52471388771
8526,1774670100000,10186.52471388771
8527,1774670400000,10186.52471388771
8528,1774670700000,10186.52471388771
8529,1774671000000,10186.52471388771
8530,1774671300000,10186.52471388771
8531,1774671600000,10186.52471388771
8532,1774671900000,10186.52471388771
8533,1774672200000,10186.52471388771
8534,1774672500000,10186.52471388771
8535,1774672800000,10186.52471388771
8536,1774673100000,10186.52471388771
8537,1774673400000,10186.52471388771
8538,1774673700000,10186.52471388771
8539,1774674000000,10186.52471388771
8540,1774674300000,10186.52471388771
8541,1774674600000,10186.52471388771
8542,1774674900000,10186.52471388771
8543,1774675200000,10186.52471388771
8544,1774675500000,10186.52471388771
8545,1774675800000,10186.52471388771
8546,1774676100000,10186.52471388771
8547,1774676400000,10186.52471388771
8548,1774676700000,10186.52471388771
8549,1774677000000,10186.52471388771
8550,1774677300000,10186.52471388771
8551,1774677600000,10186.52471388771
8552,1774677900000,10186.52471388771
8553,1774678200000,10186.52471388771
8554,1774678500000,10186.52471388771
8555,1774678800000,10186.52471388771
8556,1774679100000,10186.52471388771
8557,1774679400000,10186.52471388771
8558,1774679700000,10186.52471388771
8559,1774680000000,10186.52471388771
8560,1774680300000,10186.52471388771
8561,1774680600000,10186.52471388771
8562,1774680900000,10186.52471388771
8563,1774681200000,10186.52471388771
8564,1774681500000,10186.52471388771
8565,1774681800000,10186.52471388771
8566,1774682100000,10186.52471388771
8567,1774682400000,10186.52471388771
8568,1774682700000,10186.52471388771
8569,1774683000000,10186.52471388771
8570,1774683300000,10186.52471388771
8571,1774683600000,10186.52471388771
8572,1774683900000,10186.52471388771
8573,1774684200000,10186.52471388771
8574,1774684500000,10186.52471388771
8575,1774684800000,10186.52471388771
8576,1774685100000,10186.52471388771
8577,1774685400000,10186.52471388771
8578,1774685700000,10186.52471388771
8579,1774686000000,10186.52471388771
8580,1774686300000,10186.52471388771
8581,1774686600000,10186.52471388771
8582,1774686900000,10186.52471388771
8583,1774687200000,10186.52471388771
8584,1774687500000,10186.52471388771
8585,1774687800000,10186.52471388771
8586,1774688100000,10186.52471388771
8587,1774688400000,10186.52471388771
8588,1774688700000,10186.52471388771
8589,1774689000000,10186.52471388771
8590,1774689300000,10186.52471388771
8591,1774689600000,10186.52471388771
8592,1774689900000,10186.52471388771
8593,1774690200000,10186.52471388771
8594,1774690500000,10186.52471388771
8595,1774690800000,10186.52471388771
8596,1774691100000,10186.52471388771
8597,1774691400000,10186.52471388771
8598,1774691700000,10186.52471388771
8599,1774692000000,10186.52471388771
8600,1774692300000,10186.52471388771
8601,1774692600000,10186.52471388771
8602,1774692900000,10186.52471388771
8603,1774693200000,10186.52471388771
8604,1774693500000,10186.52471388771
8605,1774693800000,10186.52471388771
8606,1774694100000,10186.52471388771
8607,1774694400000,10186.52471388771
8608,1774694700000,10186.52471388771
8609,1774695000000,10186.52471388771
8610,1774695300000,10186.52471388771
8611,1774695600000,10186.52471388771
8612,1774695900000,10186.52471388771
8613,1774696200000,10186.52471388771
8614,1774696500000,10186.52471388771
8615,1774696800000,10186.52471388771
8616,1774697100000,10186.52471388771
8617,1774697400000,10186.52471388771
8618,1774697700000,10186.52471388771
8619,1774698000000,10186.52471388771
8620,1774698300000,10186.52471388771
8621,1774698600000,10186.52471388771
8622,1774698900000,10186.52471388771
8623,1774699200000,10186.52471388771
8624,1774699500000,10186.52471388771
8625,1774699800000,10186.52471388771
8626,1774700100000,10186.52471388771
8627,1774700400000,10186.52471388771
8628,1774700700000,10186.52471388771
8629,1774701000000,10186.52471388771
8630,1774701300000,10186.52471388771
8631,1774701600000,10186.52471388771
8632,1774701900000,10186.52471388771
8633,1774702200000,10186.52471388771
8634,1774702500000,10186.52471388771
8635,1774702800000,10186.52471388771
8636,1774703100000,10186.52471388771
8637,1774703400000,10186.52471388771
8638,1774703700000,10186.52471388771
8639,1774704000000,10186.52471388771
8640,1774704300000,10186.52471388771
8641,1774704600000,10186.52471388771
8642,1774704900000,10186.52471388771
8643,1774705200000,10186.52471388771
8644,1774705500000,10186.52471388771
8645,1774705800000,10186.52471388771
8646,1774706100000,10186.52471388771
8647,1774706400000,10186.52471388771
8648,1774706700000,10186.52471388771
8649,1774707000000,10186.52471388771
8650,1774707300000,10186.52471388771
8651,1774707600000,10186.52471388771
8652,1774707900000,10186.52471388771
8653,1774708200000,10186.52471388771
8654,1774708500000,10186.52471388771
8655,1774708800000,10186.52471388771
8656,1774709100000,10186.52471388771
8657,1774709400000,10186.52471388771
8658,1774709700000,10186.52471388771
8659,1774710000000,10186.52471388771
8660,1774710300000,10186.52471388771
8661,1774710600000,10186.52471388771
8662,1774710900000,10186.52471388771
8663,1774711200000,10186.52471388771
8664,1774711500000,10186.52471388771
8665,1774711800000,10186.52471388771
8666,1774712100000,10186.52471388771
8667,1774712400000,10186.52471388771
8668,1774712700000,10186.52471388771
8669,1774713000000,10186.52471388771
8670,1774713300000,10186.52471388771
8671,1774713600000,10186.52471388771
8672,1774713900000,10186.52471388771
8673,1774714200000,10186.52471388771
8674,1774714500000,10186.52471388771
8675,1774714800000,10186.52471388771
8676,1774715100000,10186.52471388771
8677,1774715400000,10186.52471388771
8678,1774715700000,10186.52471388771
8679,1774716000000,10186.52471388771
8680,1774716300000,10186.52471388771
8681,1774716600000,10186.52471388771
8682,1774716900000,10186.52471388771
8683,1774717200000,10186.52471388771
8684,1774717500000,10186.52471388771
8685,1774717800000,10186.52471388771
8686,1774718100000,10186.52471388771
8687,1774718400000,10186.52471388771
8688,1774718700000,10186.52471388771
8689,1774719000000,10186.52471388771
8690,1774719300000,10186.52471388771
8691,1774719600000,10186.52471388771
8692,1774719900000,10186.52471388771
8693,1774720200000,10186.52471388771
8694,1774720500000,10186.52471388771
8695,1774720800000,10186.52471388771
8696,1774721100000,10186.52471388771
8697,1774721400000,10186.52471388771
8698,1774721700000,10186.52471388771
8699,1774722000000,10186.52471388771
8700,1774722300000,10186.52471388771
8701,1774722600000,10186.52471388771
8702,1774722900000,10186.52471388771
8703,1774723200000,10186.52471388771
8704,1774723500000,10186.52471388771
8705,1774723800000,10186.52471388771
8706,1774724100000,10186.52471388771
8707,1774724400000,10186.52471388771
8708,1774724700000,10186.52471388771
8709,1774725000000,10186.52471388771
8710,1774725300000,10186.52471388771
8711,1774725600000,10186.52471388771
8712,1774725900000,10186.52471388771
8713,1774726200000,10186.52471388771
8714,1774726500000,10186.52471388771
8715,1774726800000,10186.52471388771
8716,1774727100000,10186.52471388771
8717,1774727400000,10186.52471388771
8718,1774727700000,10186.52471388771
8719,1774728000000,10186.52471388771
8720,1774728300000,10186.52471388771
8721,1774728600000,10186.52471388771
8722,1774728900000,10186.52471388771
8723,1774729200000,10186.52471388771
8724,1774729500000,10186.52471388771
8725,1774729800000,10186.52471388771
8726,1774730100000,10186.52471388771
8727,1774730400000,10186.52471388771
8728,1774730700000,10186.52471388771
8729,1774731000000,10186.52471388771
8730,1774731300000,10186.52471388771
8731,1774731600000,10186.52471388771
8732,1774731900000,10186.52471388771
8733,1774732200000,10186.52471388771
8734,1774732500000,10186.52471388771
8735,1774732800000,10186.52471388771
8736,1774733100000,10186.52471388771
8737,1774733400000,10186.52471388771
8738,1774733700000,10186.52471388771
8739,1774734000000,10186.52471388771
8740,1774734300000,10186.52471388771
8741,1774734600000,10186.52471388771
8742,1774734900000,10186.52471388771
8743,1774735200000,10186.52471388771
8744,1774735500000,10186.52471388771
8745,1774735800000,10186.52471388771
8746,1774736100000,10186.52471388771
8747,1774736400000,10186.52471388771
8748,1774736700000,10186.52471388771
8749,1774737000000,10186.52471388771
8750,1774737300000,10186.52471388771
8751,1774737600000,10186.52471388771
8752,1774737900000,10186.52471388771
8753,1774738200000,10186.52471388771
8754,1774738500000,10186.52471388771
8755,1774738800000,10186.52471388771
8756,1774739100000,10186.52471388771
8757,1774739400000,10186.52471388771
8758,1774739700000,10186.52471388771
8759,1774740000000,10186.52471388771
8760,1774740300000,10186.52471388771
8761,1774740600000,10186.52471388771
8762,1774740900000,10186.52471388771
8763,1774741200000,10186.52471388771
8764,1774741500000,10186.52471388771
8765,1774741800000,10186.52471388771
8766,1774742100000,10186.52471388771
8767,1774742400000,10186.52471388771
8768,1774742700000,10186.52471388771
8769,1774743000000,10186.52471388771
8770,1774743300000,10186.52471388771
8771,1774743600000,10186.52471388771
8772,1774743900000,10186.52471388771
8773,1774744200000,10186.52471388771
8774,1774744500000,10186.52471388771
8775,1774744800000,10186.52471388771
8776,1774745100000,10186.52471388771
8777,1774745400000,10186.52471388771
8778,1774745700000,10186.52471388771
8779,1774746000000,10186.52471388771
8780,1774746300000,10186.52471388771
8781,1774746600000,10186.52471388771
8782,1774746900000,10186.52471388771
8783,1774747200000,10186.52471388771
8784,1774747500000,10186.52471388771
8785,1774747800000,10186.52471388771
8786,1774748100000,10186.52471388771
8787,1774748400000,10186.52471388771
8788,1774748700000,10186.52471388771
8789,1774749000000,10186.52471388771
8790,1774749300000,10186.52471388771
8791,1774749600000,10186.52471388771
8792,1774749900000,10186.52471388771
8793,1774750200000,10186.52471388771
8794,1774750500000,10186.52471388771
8795,1774750800000,10186.52471388771
8796,1774751100000,10186.52471388771
8797,1774751400000,10186.52471388771
8798,1774751700000,10186.52471388771
8799,1774752000000,10186.52471388771
8800,1774752300000,10186.52471388771
8801,1774752600000,10186.52471388771
8802,1774752900000,10186.52471388771
8803,1774753200000,10186.52471388771
8804,1774753500000,10186.52471388771
8805,1774753800000,10186.52471388771
8806,1774754100000,10186.52471388771
8807,1774754400000,10186.52471388771
8808,1774754700000,10186.52471388771
8809,1774755000000,10186.52471388771
8810,1774755300000,10186.52471388771
8811,1774755600000,10186.52471388771
8812,1774755900000,10186.52471388771
8813,1774756200000,10186.52471388771
8814,1774756500000,10186.52471388771
8815,1774756800000,10186.52471388771
8816,1774757100000,10186.52471388771
8817,1774757400000,10186.52471388771
8818,1774757700000,10186.52471388771
8819,1774758000000,10186.52471388771
8820,1774758300000,10186.52471388771
8821,1774758600000,10186.52471388771
8822,1774758900000,10186.52471388771
8823,1774759200000,10186.52471388771
8824,1774759500000,10186.52471388771
8825,1774759800000,10186.52471388771
8826,1774760100000,10186.52471388771
8827,1774760400000,10186.52471388771
8828,1774760700000,10186.52471388771
8829,1774761000000,10186.52471388771
8830,1774761300000,10186.52471388771
8831,1774761600000,10186.52471388771
8832,1774761900000,10186.52471388771
8833,1774762200000,10186.52471388771
8834,1774762500000,10186.52471388771
8835,1774762800000,10186.52471388771
8836,1774763100000,10186.52471388771
8837,1774763400000,10186.52471388771
8838,1774763700000,10186.52471388771
8839,1774764000000,10186.52471388771
8840,1774764300000,10186.52471388771
8841,1774764600000,10186.52471388771
8842,1774764900000,10186.52471388771
8843,1774765200000,10186.52471388771
8844,1774765500000,10186.52471388771
8845,1774765800000,10186.52471388771
8846,1774766100000,10186.52471388771
8847,1774766400000,10186.52471388771
8848,1774766700000,10186.52471388771
8849,1774767000000,10186.52471388771
8850,1774767300000,10186.52471388771
8851,1774767600000,10186.52471388771
8852,1774767900000,10186.52471388771
8853,1774768200000,10186.52471388771
8854,1774768500000,10186.52471388771
8855,1774768800000,10186.52471388771
8856,1774769100000,10186.52471388771
8857,1774769400000,10186.52471388771
8858,1774769700000,10186.52471388771
8859,1774770000000,10186.52471388771
8860,1774770300000,10186.52471388771
8861,1774770600000,10186.52471388771
8862,1774770900000,10186.52471388771
8863,1774771200000,10186.52471388771
8864,1774771500000,10186.52471388771
8865,1774771800000,10186.52471388771
8866,1774772100000,10186.52471388771
8867,1774772400000,10186.52471388771
8868,1774772700000,10186.52471388771
8869,1774773000000,10186.52471388771
8870,1774773300000,10186.52471388771
8871,1774773600000,10186.52471388771
8872,1774773900000,10186.52471388771
8873,1774774200000,10186.52471388771
8874,1774774500000,10186.52471388771
8875,1774774800000,10186.52471388771
8876,1774775100000,10186.52471388771
8877,1774775400000,10186.52471388771
8878,1774775700000,10186.52471388771
8879,1774776000000,10186.52471388771
8880,1774776300000,10186.52471388771
8881,1774776600000,10186.52471388771
8882,1774776900000,10186.52471388771
8883,1774777200000,10186.52471388771
8884,1774777500000,10186.52471388771
8885,1774777800000,10186.52471388771
8886,1774778100000,10186.52471388771
8887,1774778400000,10186.52471388771
8888,1774778700000,10186.52471388771
8889,1774779000000,10186.52471388771
8890,1774779300000,10186.52471388771
8891,1774779600000,10186.52471388771
8892,1774779900000,10186.52471388771
8893,1774780200000,10186.52471388771
8894,1774780500000,10186.52471388771
8895,1774780800000,10186.52471388771
8896,1774781100000,10186.52471388771
8897,1774781400000,10186.52471388771
8898,1774781700000,10186.52471388771
8899,1774782000000,10186.52471388771
8900,1774782300000,10186.52471388771
8901,1774782600000,10186.52471388771
8902,1774782900000,10186.52471388771
8903,1774783200000,10186.52471388771
8904,1774783500000,10186.52471388771
8905,1774783800000,10186.52471388771
8906,1774784100000,10186.52471388771
8907,1774784400000,10186.52471388771
8908,1774784700000,10186.52471388771
8909,1774785000000,10186.52471388771
8910,1774785300000,10186.52471388771
8911,1774785600000,10186.52471388771
8912,1774785900000,10186.52471388771
8913,1774786200000,10186.52471388771
8914,1774786500000,10186.52471388771
8915,1774786800000,10186.52471388771
8916,1774787100000,10186.52471388771
8917,1774787400000,10186.52471388771
8918,1774787700000,10186.52471388771
8919,1774788000000,10186.52471388771
8920,1774788300000,10186.52471388771
8921,1774788600000,10186.52471388771
8922,1774788900000,10186.52471388771
8923,1774789200000,10186.52471388771
8924,1774789500000,10186.52471388771
8925,1774789800000,10186.52471388771
8926,1774790100000,10186.52471388771
8927,1774790400000,10186.52471388771
8928,1774790700000,10186.52471388771
8929,1774791000000,10186.52471388771
8930,1774791300000,10186.52471388771
8931,1774791600000,10186.52471388771
8932,1774791900000,10186.52471388771
8933,1774792200000,10186.52471388771
8934,1774792500000,10186.52471388771
8935,1774792800000,10186.52471388771
8936,1774793100000,10186.52471388771
8937,1774793400000,10186.52471388771
8938,1774793700000,10186.52471388771
8939,1774794000000,10186.52471388771
8940,1774794300000,10186.52471388771
8941,1774794600000,10186.52471388771
8942,1774794900000,10186.52471388771
8943,1774795200000,10186.52471388771
8944,1774795500000,10186.52471388771
8945,1774795800000,10186.52471388771
8946,1774796100000,10186.52471388771
8947,1774796400000,10186.52471388771
8948,1774796700000,10186.52471388771
8949,1774797000000,10186.52471388771
8950,1774797300000,10186.52471388771
8951,1774797600000,10186.52471388771
8952,1774797900000,10186.52471388771
8953,1774798200000,10186.52471388771
8954,1774798500000,10186.52471388771
8955,1774798800000,10186.52471388771
8956,1774799100000,10186.52471388771
8957,1774799400000,10186.52471388771
8958,1774799700000,10186.52471388771
8959,1774800000000,10186.52471388771
8960,1774800300000,10186.52471388771
8961,1774800600000,10186.52471388771
8962,1774800900000,10186.52471388771
8963,1774801200000,10186.52471388771
8964,1774801500000,10186.52471388771
8965,1774801800000,10186.52471388771
8966,1774802100000,10186.52471388771
8967,1774802400000,10186.52471388771
8968,1774802700000,10186.52471388771
8969,1774803000000,10186.52471388771
8970,1774803300000,10186.52471388771
8971,1774803600000,10186.52471388771
8972,1774803900000,10186.52471388771
8973,1774804200000,10186.52471388771
8974,1774804500000,10186.52471388771
8975,1774804800000,10186.52471388771
8976,1774805100000,10186.52471388771
8977,1774805400000,10186.52471388771
8978,1774805700000,10186.52471388771
8979,1774806000000,10186.52471388771
8980,1774806300000,10186.52471388771
8981,1774806600000,10186.52471388771
8982,1774806900000,10186.52471388771
8983,1774807200000,10186.52471388771
8984,1774807500000,10186.52471388771
8985,1774807800000,10186.52471388771
8986,1774808100000,10186.52471388771
8987,1774808400000,10186.52471388771
8988,1774808700000,10186.52471388771
8989,1774809000000,10186.52471388771
8990,1774809300000,10186.52471388771
8991,1774809600000,10186.52471388771
8992,1774809900000,10186.52471388771
8993,1774810200000,10186.52471388771
8994,1774810500000,10186.52471388771
8995,1774810800000,10186.52471388771
8996,1774811100000,10186.52471388771
8997,1774811400000,10186.52471388771
8998,1774811700000,10186.52471388771
8999,1774812000000,10186.52471388771
9000,1774812300000,10186.52471388771
9001,1774812600000,10186.52471388771
9002,1774812900000,10186.52471388771
9003,1774813200000,10186.52471388771
9004,1774813500000,10186.52471388771
9005,1774813800000,10186.52471388771
9006,1774814100000,10186.52471388771
9007,1774814400000,10186.52471388771
9008,1774814700000,10186.52471388771
9009,1774815000000,10186.52471388771
9010,1774815300000,10186.52471388771
9011,1774815600000,10186.52471388771
9012,1774815900000,10186.52471388771
9013,1774816200000,10186.52471388771
9014,1774816500000,10186.52471388771
9015,1774816800000,10186.52471388771
9016,1774817100000,10186.52471388771
9017,1774817400000,10186.52471388771
9018,1774817700000,10186.52471388771
9019,1774818000000,10186.52471388771
9020,1774818300000,10186.52471388771
9021,1774818600000,10186.52471388771
9022,1774818900000,10186.52471388771
9023,1774819200000,10186.52471388771
9024,1774819500000,10186.52471388771
9025,1774819800000,10186.52471388771
9026,1774820100000,10186.52471388771
9027,1774820400000,10186.52471388771
9028,1774820700000,10186.52471388771
9029,1774821000000,10186.52471388771
9030,1774821300000,10186.52471388771
9031,1774821600000,10186.52471388771
9032,1774821900000,10186.52471388771
9033,1774822200000,10186.52471388771
9034,1774822500000,10186.52471388771
9035,1774822800000,10186.52471388771
9036,1774823100000,10186.52471388771
9037,1774823400000,10186.52471388771
9038,1774823700000,10186.52471388771
9039,1774824000000,10186.52471388771
9040,1774824300000,10186.52471388771
9041,1774824600000,10186.52471388771
9042,1774824900000,10186.52471388771
9043,1774825200000,10186.52471388771
9044,1774825500000,10186.52471388771
9045,1774825800000,10186.52471388771
9046,1774826100000,10186.52471388771
9047,1774826400000,10186.52471388771
9048,1774826700000,10186.52471388771
9049,1774827000000,10186.52471388771
9050,1774827300000,10186.52471388771
9051,1774827600000,10186.52471388771
9052,1774827900000,10186.52471388771
9053,1774828200000,10186.52471388771
9054,1774828500000,10186.52471388771
9055,1774828800000,10186.52471388771
9056,1774829100000,10186.52471388771
9057,1774829400000,10186.52471388771
9058,1774829700000,10186.52471388771
9059,1774830000000,10186.52471388771
9060,1774830300000,10186.52471388771
9061,1774830600000,10186.52471388771
9062,1774830900000,10186.52471388771
9063,1774831200000,10186.52471388771
9064,1774831500000,10186.52471388771
9065,1774831800000,10186.52471388771
9066,1774832100000,10186.52471388771
9067,1774832400000,10186.52471388771
9068,1774832700000,10186.52471388771
9069,1774833000000,10186.52471388771
9070,1774833300000,10186.52471388771
9071,1774833600000,10186.52471388771
9072,1774833900000,10186.52471388771
9073,1774834200000,10186.52471388771
9074,1774834500000,10186.52471388771
9075,1774834800000,10186.52471388771
9076,1774835100000,10186.52471388771
9077,1774835400000,10186.52471388771
9078,1774835700000,10186.52471388771
9079,1774836000000,10186.52471388771
9080,1774836300000,10186.52471388771
9081,1774836600000,10186.52471388771
9082,1774836900000,10186.52471388771
9083,1774837200000,10186.52471388771
9084,1774837500000,10186.52471388771
9085,1774837800000,10186.52471388771
9086,1774838100000,10186.52471388771
9087,1774838400000,10186.52471388771
9088,1774838700000,10186.52471388771
9089,1774839000000,10186.52471388771
9090,1774839300000,10186.52471388771
9091,1774839600000,10186.52471388771
9092,1774839900000,10186.52471388771
9093,1774840200000,10186.52471388771
9094,1774840500000,10186.52471388771
9095,1774840800000,10186.52471388771
9096,1774841100000,10186.52471388771
9097,1774841400000,10186.52471388771
9098,1774841700000,10186.52471388771
9099,1774842000000,10186.52471388771
9100,1774842300000,10186.52471388771
9101,1774842600000,10186.52471388771
9102,1774842900000,10186.52471388771
9103,1774843200000,10186.52471388771
9104,1774843500000,10186.52471388771
9105,1774843800000,10186.52471388771
9106,1774844100000,10186.52471388771
9107,1774844400000,10186.52471388771
9108,1774844700000,10186.52471388771
9109,1774845000000,10186.52471388771
9110,1774845300000,10186.52471388771
9111,1774845600000,10186.52471388771
9112,1774845900000,10186.52471388771
9113,1774846200000,10186.52471388771
9114,1774846500000,10186.52471388771
9115,1774846800000,10186.52471388771
9116,1774847100000,10186.52471388771
9117,1774847400000,10186.52471388771
9118,1774847700000,10186.52471388771
9119,1774848000000,10186.52471388771
9120,1774848300000,10186.52471388771
9121,1774848600000,10186.52471388771
9122,1774848900000,10186.52471388771
9123,1774849200000,10186.52471388771
9124,1774849500000,10186.52471388771
9125,1774849800000,10186.52471388771
9126,1774850100000,10186.52471388771
9127,1774850400000,10186.52471388771
9128,1774850700000,10186.52471388771
9129,1774851000000,10186.52471388771
9130,1774851300000,10186.52471388771
9131,1774851600000,10186.52471388771
9132,1774851900000,10186.52471388771
9133,1774852200000,10186.52471388771
9134,1774852500000,10186.52471388771
9135,1774852800000,10186.52471388771
9136,1774853100000,10186.52471388771
9137,1774853400000,10186.52471388771
9138,1774853700000,10186.52471388771
9139,1774854000000,10186.52471388771
9140,1774854300000,10186.52471388771
9141,1774854600000,10186.52471388771
9142,1774854900000,10186.52471388771
9143,1774855200000,10186.52471388771
9144,1774855500000,10186.52471388771
9145,1774855800000,10186.52471388771
9146,1774856100000,10186.52471388771
9147,1774856400000,10186.52471388771
9148,1774856700000,10186.52471388771
9149,1774857000000,10186.52471388771
9150,1774857300000,10186.52471388771
9151,1774857600000,10186.52471388771
9152,1774857900000,10186.52471388771
9153,1774858200000,10186.52471388771
9154,1774858500000,10186.52471388771
9155,1774858800000,10186.52471388771
9156,1774859100000,10186.52471388771
9157,1774859400000,10186.52471388771
9158,1774859700000,10186.52471388771
9159,1774860000000,10186.52471388771
9160,1774860300000,10186.52471388771
9161,1774860600000,10186.52471388771
9162,1774860900000,10186.52471388771
9163,1774861200000,10186.52471388771
9164,1774861500000,10186.52471388771
9165,1774861800000,10186.52471388771
9166,1774862100000,10186.52471388771
9167,1774862400000,10186.52471388771
9168,1774862700000,10186.52471388771
9169,1774863000000,10186.52471388771
9170,1774863300000,10186.52471388771
9171,1774863600000,10186.52471388771
9172,1774863900000,10186.52471388771
9173,1774864200000,10186.52471388771
9174,1774864500000,10186.52471388771
9175,1774864800000,10186.52471388771
9176,1774865100000,10186.52471388771
9177,1774865400000,10186.52471388771
9178,1774865700000,10186.52471388771
9179,1774866000000,10186.52471388771
9180,1774866300000,10186.52471388771
9181,1774866600000,10186.52471388771
9182,1774866900000,10186.52471388771
9183,1774867200000,10186.52471388771
9184,1774867500000,10186.52471388771
9185,1774867800000,10186.52471388771
9186,1774868100000,10186.52471388771
9187,1774868400000,10186.52471388771
9188,1774868700000,10186.52471388771
9189,1774869000000,10186.52471388771
9190,1774869300000,10186.52471388771
9191,1774869600000,10186.52471388771
9192,1774869900000,10186.52471388771
9193,1774870200000,10186.52471388771
9194,1774870500000,10186.52471388771
9195,1774870800000,10186.52471388771
9196,1774871100000,10186.52471388771
9197,1774871400000,10186.52471388771
9198,1774871700000,10186.52471388771
9199,1774872000000,10186.52471388771
9200,1774872300000,10186.52471388771
9201,1774872600000,10186.52471388771
9202,1774872900000,10186.52471388771
9203,1774873200000,10186.52471388771
9204,1774873500000,10186.52471388771
9205,1774873800000,10186.52471388771
9206,1774874100000,10186.52471388771
9207,1774874400000,10186.52471388771
9208,1774874700000,10186.52471388771
9209,1774875000000,10186.52471388771
9210,1774875300000,10186.52471388771
9211,1774875600000,10186.52471388771
9212,1774875900000,10186.52471388771
9213,1774876200000,10186.52471388771
9214,1774876500000,10186.52471388771
9215,1774876800000,10186.52471388771
9216,1774877100000,10186.52471388771
9217,1774877400000,10186.52471388771
9218,1774877700000,10186.52471388771
9219,1774878000000,10186.52471388771
9220,1774878300000,10186.52471388771
9221,1774878600000,10186.52471388771
9222,1774878900000,10186.52471388771
9223,1774879200000,10186.52471388771
9224,1774879500000,10186.52471388771
9225,1774879800000,10186.52471388771
9226,1774880100000,10186.52471388771
9227,1774880400000,10186.52471388771
9228,1774880700000,10186.52471388771
9229,1774881000000,10186.52471388771
9230,1774881300000,10186.52471388771
9231,1774881600000,10186.52471388771
9232,1774881900000,10186.52471388771
9233,1774882200000,10186.52471388771
9234,1774882500000,10186.52471388771
9235,1774882800000,10186.52471388771
9236,1774883100000,10186.52471388771
9237,1774883400000,10186.52471388771
9238,1774883700000,10186.52471388771
9239,1774884000000,10186.52471388771
9240,1774884300000,10186.52471388771
9241,1774884600000,10186.52471388771
9242,1774884900000,10186.52471388771
9243,1774885200000,10186.52471388771
9244,1774885500000,10186.52471388771
9245,1774885800000,10186.52471388771
9246,1774886100000,10186.52471388771
9247,1774886400000,10186.52471388771
9248,1774886700000,10186.52471388771
9249,1774887000000,10186.52471388771
9250,1774887300000,10186.52471388771
9251,1774887600000,10186.52471388771
9252,1774887900000,10186.52471388771
9253,1774888200000,10186.52471388771
9254,1774888500000,10186.52471388771
9255,1774888800000,10186.52471388771
9256,1774889100000,10186.52471388771
9257,1774889400000,10186.52471388771
9258,1774889700000,10186.52471388771
9259,1774890000000,10186.52471388771
9260,1774890300000,10186.52471388771
9261,1774890600000,10186.52471388771
9262,1774890900000,10186.52471388771
9263,1774891200000,10186.52471388771
9264,1774891500000,10186.52471388771
9265,1774891800000,10186.52471388771
9266,1774892100000,10186.52471388771
9267,1774892400000,10186.52471388771
9268,1774892700000,10186.52471388771
9269,1774893000000,10186.52471388771
9270,1774893300000,10186.52471388771
9271,1774893600000,10186.52471388771
9272,1774893900000,10186.52471388771
9273,1774894200000,10186.52471388771
9274,1774894500000,10186.52471388771
9275,1774894800000,10186.52471388771
9276,1774895100000,10186.52471388771
9277,1774895400000,10186.52471388771
9278,1774895700000,10186.52471388771
9279,1774896000000,10186.52471388771
9280,1774896300000,10186.52471388771
9281,1774896600000,10186.52471388771
9282,1774896900000,10186.52471388771
9283,1774897200000,10186.52471388771
9284,1774897500000,10186.52471388771
9285,1774897800000,10186.52471388771
9286,1774898100000,10186.52471388771
9287,1774898400000,10186.52471388771
9288,1774898700000,10186.52471388771
9289,1774899000000,10186.52471388771
9290,1774899300000,10186.52471388771
9291,1774899600000,10186.52471388771
9292,1774899900000,10186.52471388771
9293,1774900200000,10186.52471388771
9294,1774900500000,10186.52471388771
9295,1774900800000,10186.52471388771
9296,1774901100000,10186.52471388771
9297,1774901400000,10186.52471388771
9298,1774901700000,10186.52471388771
9299,1774902000000,10186.52471388771
9300,1774902300000,10186.52471388771
9301,1774902600000,10186.52471388771
9302,1774902900000,10186.52471388771
9303,1774903200000,10186.52471388771
9304,1774903500000,10186.52471388771
9305,1774903800000,10186.52471388771
9306,1774904100000,10186.52471388771
9307,1774904400000,10186.52471388771
9308,1774904700000,10186.52471388771
9309,1774905000000,10186.52471388771
9310,1774905300000,10186.52471388771
9311,1774905600000,10186.52471388771
9312,1774905900000,10186.52471388771
9313,1774906200000,10186.52471388771
9314,1774906500000,10186.52471388771
9315,1774906800000,10186.52471388771
9316,1774907100000,10186.52471388771
9317,1774907400000,10186.52471388771
9318,1774907700000,10186.52471388771
9319,1774908000000,10186.52471388771
9320,1774908300000,10186.52471388771
9321,1774908600000,10186.52471388771
9322,1774908900000,10186.52471388771
9323,1774909200000,10186.52471388771
9324,1774909500000,10186.52471388771
9325,1774909800000,10186.52471388771
9326,1774910100000,10186.52471388771
9327,1774910400000,10186.52471388771
9328,1774910700000,10186.52471388771
9329,1774911000000,10186.52471388771
9330,1774911300000,10186.52471388771
9331,1774911600000,10186.52471388771
9332,1774911900000,10186.52471388771
9333,1774912200000,10186.52471388771
9334,1774912500000,10186.52471388771
9335,1774912800000,10186.52471388771
9336,1774913100000,10186.52471388771
9337,1774913400000,10186.52471388771
9338,1774913700000,10186.52471388771
9339,1774914000000,10186.52471388771
9340,1774914300000,10186.52471388771
9341,1774914600000,10186.52471388771
9342,1774914900000,10186.52471388771
9343,1774915200000,10186.52471388771
9344,1774915500000,10186.52471388771
9345,1774915800000,10186.52471388771
9346,1774916100000,10186.52471388771
9347,1774916400000,10186.52471388771
9348,1774916700000,10186.52471388771
9349,1774917000000,10186.52471388771
9350,1774917300000,10186.52471388771
9351,1774917600000,10186.52471388771
9352,1774917900000,10186.52471388771
9353,1774918200000,10182.450104002155
9354,1774918500000,10172.737733224529
9355,1774918800000,10182.049593866996
9356,1774919100000,10186.572698310116
9357,1774919400000,10186.572698310116
9358,1774919700000,10186.572698310116
9359,1774920000000,10186.572698310116
9360,1774920300000,10186.572698310116
9361,1774920600000,10186.572698310116
9362,1774920900000,10186.572698310116
9363,1774921200000,10186.572698310116
9364,1774921500000,10186.572698310116
9365,1774921800000,10186.572698310116
9366,1774922100000,10186.572698310116
9367,1774922400000,10186.572698310116
9368,1774922700000,10186.572698310116
9369,1774923000000,10186.572698310116
9370,1774923300000,10186.572698310116
9371,1774923600000,10186.572698310116
9372,1774923900000,10186.572698310116
9373,1774924200000,10186.572698310116
9374,1774924500000,10186.572698310116
9375,1774924800000,10186.572698310116
9376,1774925100000,10186.572698310116
9377,1774925400000,10186.572698310116
9378,1774925700000,10186.572698310116
9379,1774926000000,10186.572698310116
9380,1774926300000,10186.572698310116
9381,1774926600000,10186.572698310116
9382,1774926900000,10186.572698310116
9383,1774927200000,10186.572698310116
9384,1774927500000,10186.572698310116
9385,1774927800000,10186.572698310116
9386,1774928100000,10186.572698310116
9387,1774928400000,10186.572698310116
9388,1774928700000,10186.572698310116
9389,1774929000000,10186.572698310116
9390,1774929300000,10186.572698310116
9391,1774929600000,10186.572698310116
9392,1774929900000,10186.572698310116
9393,1774930200000,10186.572698310116
9394,1774930500000,10186.572698310116
9395,1774930800000,10186.572698310116
9396,1774931100000,10186.572698310116
9397,1774931400000,10186.572698310116
9398,1774931700000,10186.572698310116
9399,1774932000000,10186.572698310116
9400,1774932300000,10186.572698310116
9401,1774932600000,10186.572698310116
9402,1774932900000,10186.572698310116
9403,1774933200000,10186.572698310116
9404,1774933500000,10186.572698310116
9405,1774933800000,10186.572698310116
9406,1774934100000,10186.572698310116
9407,1774934400000,10186.572698310116
9408,1774934700000,10186.572698310116
9409,1774935000000,10186.572698310116
9410,1774935300000,10186.572698310116
9411,1774935600000,10186.572698310116
9412,1774935900000,10186.572698310116
9413,1774936200000,10186.572698310116
9414,1774936500000,10186.572698310116
9415,1774936800000,10186.572698310116
9416,1774937100000,10186.572698310116
9417,1774937400000,10186.572698310116
9418,1774937700000,10186.572698310116
9419,1774938000000,10186.572698310116
9420,1774938300000,10186.572698310116
9421,1774938600000,10186.572698310116
9422,1774938900000,10186.572698310116
9423,1774939200000,10186.572698310116
9424,1774939500000,10186.572698310116
9425,1774939800000,10186.572698310116
9426,1774940100000,10186.572698310116
9427,1774940400000,10186.572698310116
9428,1774940700000,10186.572698310116
9429,1774941000000,10186.572698310116
9430,1774941300000,10186.572698310116
9431,1774941600000,10186.572698310116
9432,1774941900000,10186.572698310116
9433,1774942200000,10186.572698310116
9434,1774942500000,10186.572698310116
9435,1774942800000,10186.572698310116
9436,1774943100000,10186.572698310116
9437,1774943400000,10186.572698310116
9438,1774943700000,10186.572698310116
9439,1774944000000,10186.572698310116
9440,1774944300000,10186.572698310116
9441,1774944600000,10186.572698310116
9442,1774944900000,10186.572698310116
9443,1774945200000,10186.572698310116
9444,1774945500000,10186.572698310116
9445,1774945800000,10186.572698310116
9446,1774946100000,10186.572698310116
9447,1774946400000,10186.572698310116
9448,1774946700000,10186.572698310116
9449,1774947000000,10186.572698310116
9450,1774947300000,10186.572698310116
9451,1774947600000,10186.572698310116
9452,1774947900000,10186.572698310116
9453,1774948200000,10186.572698310116
9454,1774948500000,10186.572698310116
9455,1774948800000,10186.572698310116
9456,1774949100000,10186.572698310116
9457,1774949400000,10186.572698310116
9458,1774949700000,10186.572698310116
9459,1774950000000,10186.572698310116
9460,1774950300000,10186.572698310116
9461,1774950600000,10186.572698310116
9462,1774950900000,10186.572698310116
9463,1774951200000,10186.572698310116
9464,1774951500000,10186.572698310116
9465,1774951800000,10186.572698310116
9466,1774952100000,10186.572698310116
9467,1774952400000,10186.572698310116
9468,1774952700000,10186.572698310116
9469,1774953000000,10186.572698310116
9470,1774953300000,10186.572698310116
9471,1774953600000,10186.572698310116
9472,1774953900000,10186.572698310116
9473,1774954200000,10186.572698310116
9474,1774954500000,10186.572698310116
9475,1774954800000,10186.572698310116
9476,1774955100000,10186.572698310116
9477,1774955400000,10186.572698310116
9478,1774955700000,10186.572698310116
9479,1774956000000,10186.572698310116
9480,1774956300000,10186.572698310116
9481,1774956600000,10186.572698310116
9482,1774956900000,10186.572698310116
9483,1774957200000,10186.572698310116
9484,1774957500000,10186.572698310116
9485,1774957800000,10186.572698310116
9486,1774958100000,10186.572698310116
9487,1774958400000,10186.572698310116
9488,1774958700000,10186.572698310116
9489,1774959000000,10186.572698310116
9490,1774959300000,10186.572698310116
9491,1774959600000,10186.572698310116
9492,1774959900000,10186.572698310116
9493,1774960200000,10186.572698310116
9494,1774960500000,10186.572698310116
9495,1774960800000,10186.572698310116
9496,1774961100000,10186.572698310116
9497,1774961400000,10186.572698310116
9498,1774961700000,10186.572698310116
9499,1774962000000,10186.572698310116
9500,1774962300000,10186.572698310116
9501,1774962600000,10186.572698310116
9502,1774962900000,10186.572698310116
9503,1774963200000,10186.572698310116
9504,1774963500000,10186.572698310116
9505,1774963800000,10186.572698310116
9506,1774964100000,10186.572698310116
9507,1774964400000,10186.572698310116
9508,1774964700000,10186.572698310116
9509,1774965000000,10186.572698310116
9510,1774965300000,10186.572698310116
9511,1774965600000,10186.572698310116
9512,1774965900000,10186.572698310116
9513,1774966200000,10186.572698310116
9514,1774966500000,10186.572698310116
9515,1774966800000,10186.572698310116
9516,1774967100000,10186.572698310116
9517,1774967400000,10186.572698310116
9518,1774967700000,10186.572698310116
9519,1774968000000,10186.572698310116
9520,1774968300000,10186.572698310116
9521,1774968600000,10186.572698310116
9522,1774968900000,10186.572698310116
9523,1774969200000,10186.572698310116
9524,1774969500000,10186.572698310116
9525,1774969800000,10186.572698310116
9526,1774970100000,10186.572698310116
9527,1774970400000,10186.572698310116
9528,1774970700000,10186.572698310116
9529,1774971000000,10186.572698310116
9530,1774971300000,10186.572698310116
9531,1774971600000,10186.572698310116
9532,1774971900000,10186.572698310116
9533,1774972200000,10186.572698310116
9534,1774972500000,10186.572698310116
9535,1774972800000,10186.572698310116
9536,1774973100000,10186.572698310116
9537,1774973400000,10186.572698310116
9538,1774973700000,10186.572698310116
9539,1774974000000,10186.572698310116
9540,1774974300000,10186.572698310116
9541,1774974600000,10186.572698310116
9542,1774974900000,10186.572698310116
9543,1774975200000,10186.572698310116
9544,1774975500000,10186.572698310116
9545,1774975800000,10186.572698310116
9546,1774976100000,10186.572698310116
9547,1774976400000,10186.572698310116
9548,1774976700000,10186.572698310116
9549,1774977000000,10186.572698310116
9550,1774977300000,10186.572698310116
9551,1774977600000,10186.572698310116
9552,1774977900000,10186.572698310116
9553,1774978200000,10186.572698310116
9554,1774978500000,10186.572698310116
9555,1774978800000,10186.572698310116
9556,1774979100000,10186.572698310116
9557,1774979400000,10186.572698310116
9558,1774979700000,10186.572698310116
9559,1774980000000,10186.572698310116
9560,1774980300000,10186.572698310116
9561,1774980600000,10186.572698310116
9562,1774980900000,10186.572698310116
9563,1774981200000,10186.572698310116
9564,1774981500000,10186.572698310116
9565,1774981800000,10186.572698310116
9566,1774982100000,10186.572698310116
9567,1774982400000,10186.572698310116
9568,1774982700000,10186.572698310116
9569,1774983000000,10186.572698310116
9570,1774983300000,10186.572698310116
9571,1774983600000,10186.572698310116
9572,1774983900000,10186.572698310116
9573,1774984200000,10186.572698310116
9574,1774984500000,10186.572698310116
9575,1774984800000,10186.572698310116
9576,1774985100000,10186.572698310116
9577,1774985400000,10186.572698310116
9578,1774985700000,10186.572698310116
9579,1774986000000,10186.572698310116
9580,1774986300000,10186.572698310116
9581,1774986600000,10186.572698310116
9582,1774986900000,10186.572698310116
9583,1774987200000,10186.572698310116
9584,1774987500000,10186.572698310116
9585,1774987800000,10186.572698310116
9586,1774988100000,10186.572698310116
9587,1774988400000,10186.572698310116
9588,1774988700000,10186.572698310116
9589,1774989000000,10186.572698310116
9590,1774989300000,10186.572698310116
9591,1774989600000,10186.572698310116
9592,1774989900000,10186.572698310116
9593,1774990200000,10186.572698310116
9594,1774990500000,10186.572698310116
9595,1774990800000,10186.572698310116
9596,1774991100000,10186.572698310116
9597,1774991400000,10186.572698310116
9598,1774991700000,10186.572698310116
9599,1774992000000,10186.572698310116
9600,1774992300000,10186.572698310116
9601,1774992600000,10186.572698310116
9602,1774992900000,10186.572698310116
9603,1774993200000,10186.572698310116
9604,1774993500000,10186.572698310116
9605,1774993800000,10186.572698310116
9606,1774994100000,10186.572698310116
9607,1774994400000,10186.572698310116
9608,1774994700000,10186.572698310116
9609,1774995000000,10186.572698310116
9610,1774995300000,10186.572698310116
9611,1774995600000,10186.572698310116
9612,1774995900000,10186.572698310116
9613,1774996200000,10186.572698310116
9614,1774996500000,10186.572698310116
9615,1774996800000,10186.572698310116
9616,1774997100000,10186.572698310116
9617,1774997400000,10186.572698310116
9618,1774997700000,10186.572698310116
9619,1774998000000,10186.572698310116
9620,1774998300000,10186.572698310116
9621,1774998600000,10186.572698310116
9622,1774998900000,10186.572698310116
9623,1774999200000,10186.572698310116
9624,1774999500000,10186.572698310116
9625,1774999800000,10186.572698310116
9626,1775000100000,10186.572698310116
9627,1775000400000,10186.572698310116
9628,1775000700000,10186.572698310116
9629,1775001000000,10186.572698310116
9630,1775001300000,10186.572698310116
9631,1775001600000,10186.572698310116
9632,1775001900000,10186.572698310116
9633,1775002200000,10186.572698310116
9634,1775002500000,10186.572698310116
9635,1775002800000,10186.572698310116
9636,1775003100000,10186.572698310116
9637,1775003400000,10186.572698310116
9638,1775003700000,10186.572698310116
9639,1775004000000,10186.572698310116
9640,1775004300000,10186.572698310116
9641,1775004600000,10186.572698310116
9642,1775004900000,10186.572698310116
9643,1775005200000,10186.572698310116
9644,1775005500000,10186.572698310116
9645,1775005800000,10186.572698310116
9646,1775006100000,10186.572698310116
9647,1775006400000,10186.572698310116
9648,1775006700000,10186.572698310116
9649,1775007000000,10186.572698310116
9650,1775007300000,10186.572698310116
9651,1775007600000,10186.572698310116
9652,1775007900000,10186.572698310116
9653,1775008200000,10186.572698310116
9654,1775008500000,10186.572698310116
9655,1775008800000,10186.572698310116
9656,1775009100000,10186.572698310116
9657,1775009400000,10186.572698310116
9658,1775009700000,10186.572698310116
9659,1775010000000,10186.572698310116
9660,1775010300000,10186.572698310116
9661,1775010600000,10186.572698310116
9662,1775010900000,10186.572698310116
9663,1775011200000,10186.572698310116
9664,1775011500000,10186.572698310116
9665,1775011800000,10186.572698310116
9666,1775012100000,10186.572698310116
9667,1775012400000,10186.572698310116
9668,1775012700000,10186.572698310116
9669,1775013000000,10186.572698310116
9670,1775013300000,10186.572698310116
9671,1775013600000,10186.572698310116
9672,1775013900000,10186.572698310116
9673,1775014200000,10186.572698310116
9674,1775014500000,10186.572698310116
9675,1775014800000,10186.572698310116
9676,1775015100000,10186.572698310116
9677,1775015400000,10186.572698310116
9678,1775015700000,10186.572698310116
9679,1775016000000,10186.572698310116
9680,1775016300000,10186.572698310116
9681,1775016600000,10186.572698310116
9682,1775016900000,10186.572698310116
9683,1775017200000,10186.572698310116
9684,1775017500000,10186.572698310116
9685,1775017800000,10186.572698310116
9686,1775018100000,10186.572698310116
9687,1775018400000,10186.572698310116
9688,1775018700000,10186.572698310116
9689,1775019000000,10186.572698310116
9690,1775019300000,10186.572698310116
9691,1775019600000,10186.572698310116
9692,1775019900000,10186.572698310116
9693,1775020200000,10186.572698310116
9694,1775020500000,10186.572698310116
9695,1775020800000,10186.572698310116
9696,1775021100000,10186.572698310116
9697,1775021400000,10186.572698310116
9698,1775021700000,10186.572698310116
9699,1775022000000,10186.572698310116
9700,1775022300000,10186.572698310116
9701,1775022600000,10186.572698310116
9702,1775022900000,10186.572698310116
9703,1775023200000,10186.572698310116
9704,1775023500000,10186.572698310116
9705,1775023800000,10186.572698310116
9706,1775024100000,10186.572698310116
9707,1775024400000,10186.572698310116
9708,1775024700000,10186.572698310116
9709,1775025000000,10186.572698310116
9710,1775025300000,10186.572698310116
9711,1775025600000,10186.572698310116
9712,1775025900000,10186.572698310116
9713,1775026200000,10186.572698310116
9714,1775026500000,10186.572698310116
9715,1775026800000,10186.572698310116
9716,1775027100000,10186.572698310116
9717,1775027400000,10186.572698310116
9718,1775027700000,10186.572698310116
9719,1775028000000,10186.572698310116
9720,1775028300000,10186.572698310116
9721,1775028600000,10186.572698310116
9722,1775028900000,10186.572698310116
9723,1775029200000,10186.572698310116
9724,1775029500000,10186.572698310116
9725,1775029800000,10186.572698310116
9726,1775030100000,10186.572698310116
9727,1775030400000,10186.572698310116
9728,1775030700000,10186.572698310116
9729,1775031000000,10186.572698310116
9730,1775031300000,10186.572698310116
9731,1775031600000,10186.572698310116
9732,1775031900000,10186.572698310116
9733,1775032200000,10186.572698310116
9734,1775032500000,10186.572698310116
9735,1775032800000,10186.572698310116
9736,1775033100000,10186.572698310116
9737,1775033400000,10186.572698310116
9738,1775033700000,10186.572698310116
9739,1775034000000,10186.572698310116
9740,1775034300000,10186.572698310116
9741,1775034600000,10186.572698310116
9742,1775034900000,10186.572698310116
9743,1775035200000,10186.572698310116
9744,1775035500000,10186.572698310116
9745,1775035800000,10186.572698310116
9746,1775036100000,10186.572698310116
9747,1775036400000,10186.572698310116
9748,1775036700000,10186.572698310116
9749,1775037000000,10186.572698310116
9750,1775037300000,10186.572698310116
9751,1775037600000,10186.572698310116
9752,1775037900000,10186.572698310116
9753,1775038200000,10186.572698310116
9754,1775038500000,10186.572698310116
9755,1775038800000,10186.572698310116
9756,1775039100000,10186.572698310116
9757,1775039400000,10186.572698310116
9758,1775039700000,10186.572698310116
9759,1775040000000,10186.572698310116
9760,1775040300000,10186.572698310116
9761,1775040600000,10186.572698310116
9762,1775040900000,10186.572698310116
9763,1775041200000,10186.572698310116
9764,1775041500000,10186.572698310116
9765,1775041800000,10186.572698310116
9766,1775042100000,10186.572698310116
9767,1775042400000,10186.572698310116
9768,1775042700000,10186.572698310116
9769,1775043000000,10186.572698310116
9770,1775043300000,10186.572698310116
9771,1775043600000,10186.572698310116
9772,1775043900000,10186.572698310116
9773,1775044200000,10186.572698310116
9774,1775044500000,10186.572698310116
9775,1775044800000,10186.572698310116
9776,1775045100000,10186.572698310116
9777,1775045400000,10186.572698310116
9778,1775045700000,10186.572698310116
9779,1775046000000,10186.572698310116
9780,1775046300000,10186.572698310116
9781,1775046600000,10186.572698310116
9782,1775046900000,10186.572698310116
9783,1775047200000,10186.572698310116
9784,1775047500000,10186.572698310116
9785,1775047800000,10186.572698310116
9786,1775048100000,10186.572698310116
9787,1775048400000,10186.572698310116
9788,1775048700000,10186.572698310116
9789,1775049000000,10186.572698310116
9790,1775049300000,10186.572698310116
9791,1775049600000,10186.572698310116
9792,1775049900000,10186.572698310116
9793,1775050200000,10186.572698310116
9794,1775050500000,10186.572698310116
9795,1775050800000,10186.572698310116
9796,1775051100000,10186.572698310116
9797,1775051400000,10186.572698310116
9798,1775051700000,10186.572698310116
9799,1775052000000,10186.572698310116
9800,1775052300000,10186.572698310116
9801,1775052600000,10186.572698310116
9802,1775052900000,10186.572698310116
9803,1775053200000,10186.572698310116
9804,1775053500000,10186.572698310116
9805,1775053800000,10186.572698310116
9806,1775054100000,10186.572698310116
9807,1775054400000,10186.572698310116
9808,1775054700000,10186.572698310116
9809,1775055000000,10186.572698310116
9810,1775055300000,10186.572698310116
9811,1775055600000,10186.572698310116
9812,1775055900000,10186.572698310116
9813,1775056200000,10186.572698310116
9814,1775056500000,10186.572698310116
9815,1775056800000,10186.572698310116
9816,1775057100000,10186.572698310116
9817,1775057400000,10186.572698310116
9818,1775057700000,10186.572698310116
9819,1775058000000,10186.572698310116
9820,1775058300000,10186.572698310116
9821,1775058600000,10186.572698310116
9822,1775058900000,10186.572698310116
9823,1775059200000,10186.572698310116
9824,1775059500000,10186.572698310116
9825,1775059800000,10186.572698310116
9826,1775060100000,10186.572698310116
9827,1775060400000,10186.572698310116
9828,1775060700000,10186.572698310116
9829,1775061000000,10186.572698310116
9830,1775061300000,10186.572698310116
9831,1775061600000,10186.572698310116
9832,1775061900000,10186.572698310116
9833,1775062200000,10186.572698310116
9834,1775062500000,10186.572698310116
9835,1775062800000,10186.572698310116
9836,1775063100000,10186.572698310116
9837,1775063400000,10186.572698310116
9838,1775063700000,10186.572698310116
9839,1775064000000,10186.572698310116
9840,1775064300000,10186.572698310116
9841,1775064600000,10186.572698310116
9842,1775064900000,10186.572698310116
9843,1775065200000,10186.572698310116
9844,1775065500000,10186.572698310116
9845,1775065800000,10186.572698310116
9846,1775066100000,10186.572698310116
9847,1775066400000,10186.572698310116
9848,1775066700000,10186.572698310116
9849,1775067000000,10186.572698310116
9850,1775067300000,10186.572698310116
9851,1775067600000,10186.572698310116
9852,1775067900000,10186.572698310116
9853,1775068200000,10186.572698310116
9854,1775068500000,10186.572698310116
9855,1775068800000,10186.572698310116
9856,1775069100000,10186.572698310116
9857,1775069400000,10186.572698310116
9858,1775069700000,10186.572698310116
9859,1775070000000,10186.572698310116
9860,1775070300000,10186.572698310116
9861,1775070600000,10186.572698310116
9862,1775070900000,10186.572698310116
9863,1775071200000,10186.572698310116
9864,1775071500000,10186.572698310116
9865,1775071800000,10186.572698310116
9866,1775072100000,10186.572698310116
9867,1775072400000,10186.572698310116
9868,1775072700000,10186.572698310116
9869,1775073000000,10186.572698310116
9870,1775073300000,10186.572698310116
9871,1775073600000,10186.572698310116
9872,1775073900000,10186.572698310116
9873,1775074200000,10186.572698310116
9874,1775074500000,10186.572698310116
9875,1775074800000,10186.572698310116
9876,1775075100000,10186.572698310116
9877,1775075400000,10186.572698310116
9878,1775075700000,10186.572698310116
9879,1775076000000,10186.572698310116
9880,1775076300000,10186.572698310116
9881,1775076600000,10186.572698310116
9882,1775076900000,10186.572698310116
9883,1775077200000,10186.572698310116
9884,1775077500000,10186.572698310116
9885,1775077800000,10186.572698310116
9886,1775078100000,10186.572698310116
9887,1775078400000,10186.572698310116
9888,1775078700000,10186.572698310116
9889,1775079000000,10186.572698310116
9890,1775079300000,10186.572698310116
9891,1775079600000,10186.572698310116
9892,1775079900000,10186.572698310116
9893,1775080200000,10186.572698310116
9894,1775080500000,10186.572698310116
9895,1775080800000,10186.572698310116
9896,1775081100000,10186.572698310116
9897,1775081400000,10186.572698310116
9898,1775081700000,10186.572698310116
9899,1775082000000,10186.572698310116
9900,1775082300000,10186.572698310116
9901,1775082600000,10186.572698310116
9902,1775082900000,10186.572698310116
9903,1775083200000,10186.572698310116
9904,1775083500000,10186.572698310116
9905,1775083800000,10186.572698310116
9906,1775084100000,10186.572698310116
9907,1775084400000,10186.572698310116
9908,1775084700000,10186.572698310116
9909,1775085000000,10186.572698310116
9910,1775085300000,10186.572698310116
9911,1775085600000,10186.572698310116
9912,1775085900000,10186.572698310116
9913,1775086200000,10186.572698310116
9914,1775086500000,10186.572698310116
9915,1775086800000,10186.572698310116
9916,1775087100000,10186.572698310116
9917,1775087400000,10186.572698310116
9918,1775087700000,10186.572698310116
9919,1775088000000,10186.572698310116
9920,1775088300000,10186.572698310116
9921,1775088600000,10186.572698310116
9922,1775088900000,10186.572698310116
9923,1775089200000,10186.572698310116
9924,1775089500000,10186.572698310116
9925,1775089800000,10186.572698310116
9926,1775090100000,10186.572698310116
9927,1775090400000,10186.572698310116
9928,1775090700000,10186.572698310116
9929,1775091000000,10186.572698310116
9930,1775091300000,10186.572698310116
9931,1775091600000,10186.572698310116
9932,1775091900000,10186.572698310116
9933,1775092200000,10186.572698310116
9934,1775092500000,10186.572698310116
9935,1775092800000,10186.572698310116
9936,1775093100000,10186.572698310116
9937,1775093400000,10186.572698310116
9938,1775093700000,10186.572698310116
9939,1775094000000,10186.572698310116
9940,1775094300000,10186.572698310116
9941,1775094600000,10186.572698310116
9942,1775094900000,10186.572698310116
9943,1775095200000,10186.572698310116
9944,1775095500000,10186.572698310116
9945,1775095800000,10186.572698310116
9946,1775096100000,10186.572698310116
9947,1775096400000,10186.572698310116
9948,1775096700000,10186.572698310116
9949,1775097000000,10186.572698310116
9950,1775097300000,10186.572698310116
9951,1775097600000,10186.572698310116
9952,1775097900000,10186.572698310116
9953,1775098200000,10186.572698310116
9954,1775098500000,10186.572698310116
9955,1775098800000,10186.572698310116
9956,1775099100000,10186.572698310116
9957,1775099400000,10186.572698310116
9958,1775099700000,10186.572698310116
9959,1775100000000,10186.572698310116
9960,1775100300000,10186.572698310116
9961,1775100600000,10186.572698310116
9962,1775100900000,10186.572698310116
9963,1775101200000,10186.572698310116
9964,1775101500000,10186.572698310116
9965,1775101800000,10186.572698310116
9966,1775102100000,10186.572698310116
9967,1775102400000,10186.572698310116
9968,1775102700000,10186.572698310116
9969,1775103000000,10186.572698310116
9970,1775103300000,10186.572698310116
9971,1775103600000,10186.572698310116
9972,1775103900000,10186.572698310116
9973,1775104200000,10186.572698310116
9974,1775104500000,10186.572698310116
9975,1775104800000,10186.572698310116
9976,1775105100000,10186.572698310116
9977,1775105400000,10186.572698310116
9978,1775105700000,10186.572698310116
9979,1775106000000,10186.572698310116
9980,1775106300000,10186.572698310116
9981,1775106600000,10186.572698310116
9982,1775106900000,10186.572698310116
9983,1775107200000,10186.572698310116
9984,1775107500000,10186.572698310116
9985,1775107800000,10186.572698310116
9986,1775108100000,10186.572698310116
9987,1775108400000,10186.572698310116
9988,1775108700000,10186.572698310116
9989,1775109000000,10186.572698310116
9990,1775109300000,10186.572698310116
9991,1775109600000,10186.572698310116
9992,1775109900000,10186.572698310116
9993,1775110200000,10186.572698310116
9994,1775110500000,10186.572698310116
9995,1775110800000,10186.572698310116
9996,1775111100000,10186.572698310116
9997,1775111400000,10186.572698310116
9998,1775111700000,10186.572698310116
9999,1775112000000,10186.572698310116
10000,1775112300000,10186.572698310116
10001,1775112600000,10186.572698310116
10002,1775112900000,10186.572698310116
10003,1775113200000,10186.572698310116
10004,1775113500000,10186.572698310116
10005,1775113800000,10186.572698310116
10006,1775114100000,10186.572698310116
10007,1775114400000,10186.572698310116
10008,1775114700000,10186.572698310116
10009,1775115000000,10186.572698310116
10010,1775115300000,10186.572698310116
10011,1775115600000,10186.572698310116
10012,1775115900000,10186.572698310116
10013,1775116200000,10186.572698310116
10014,1775116500000,10186.572698310116
10015,1775116800000,10186.572698310116
10016,1775117100000,10186.572698310116
10017,1775117400000,10186.572698310116
10018,1775117700000,10186.572698310116
10019,1775118000000,10186.572698310116
10020,1775118300000,10186.572698310116
10021,1775118600000,10186.572698310116
10022,1775118900000,10186.572698310116
10023,1775119200000,10186.572698310116
10024,1775119500000,10186.572698310116
10025,1775119800000,10186.572698310116
10026,1775120100000,10186.572698310116
10027,1775120400000,10186.572698310116
10028,1775120700000,10186.572698310116
10029,1775121000000,10186.572698310116
10030,1775121300000,10186.572698310116
10031,1775121600000,10186.572698310116
10032,1775121900000,10186.572698310116
10033,1775122200000,10186.572698310116
10034,1775122500000,10186.572698310116
10035,1775122800000,10186.572698310116
10036,1775123100000,10186.572698310116
10037,1775123400000,10186.572698310116
10038,1775123700000,10186.572698310116
10039,1775124000000,10186.572698310116
10040,1775124300000,10186.572698310116
10041,1775124600000,10186.572698310116
10042,1775124900000,10186.572698310116
10043,1775125200000,10186.572698310116
10044,1775125500000,10186.572698310116
10045,1775125800000,10186.572698310116
10046,1775126100000,10186.572698310116
10047,1775126400000,10186.572698310116
10048,1775126700000,10186.572698310116
10049,1775127000000,10186.572698310116
10050,1775127300000,10186.572698310116
10051,1775127600000,10186.572698310116
10052,1775127900000,10186.572698310116
10053,1775128200000,10186.572698310116
10054,1775128500000,10186.572698310116
10055,1775128800000,10186.572698310116
10056,1775129100000,10186.572698310116
10057,1775129400000,10186.572698310116
10058,1775129700000,10186.572698310116
10059,1775130000000,10186.572698310116
10060,1775130300000,10186.572698310116
10061,1775130600000,10186.572698310116
10062,1775130900000,10186.572698310116
10063,1775131200000,10186.572698310116
10064,1775131500000,10186.572698310116
10065,1775131800000,10186.572698310116
10066,1775132100000,10186.572698310116
10067,1775132400000,10186.572698310116
10068,1775132700000,10186.572698310116
10069,1775133000000,10186.572698310116
10070,1775133300000,10186.572698310116
10071,1775133600000,10186.572698310116
10072,1775133900000,10186.572698310116
10073,1775134200000,10186.572698310116
10074,1775134500000,10186.572698310116
10075,1775134800000,10186.572698310116
10076,1775135100000,10186.572698310116
10077,1775135400000,10186.572698310116
10078,1775135700000,10186.572698310116
10079,1775136000000,10186.572698310116
10080,1775136300000,10186.572698310116
10081,1775136600000,10186.572698310116
10082,1775136900000,10186.572698310116
10083,1775137200000,10186.572698310116
10084,1775137500000,10186.572698310116
10085,1775137800000,10186.572698310116
10086,1775138100000,10186.572698310116
10087,1775138400000,10186.572698310116
10088,1775138700000,10186.572698310116
10089,1775139000000,10186.572698310116
10090,1775139300000,10186.572698310116
10091,1775139600000,10186.572698310116
10092,1775139900000,10186.572698310116
10093,1775140200000,10186.572698310116
10094,1775140500000,10186.572698310116
10095,1775140800000,10186.572698310116
10096,1775141100000,10186.572698310116
10097,1775141400000,10186.572698310116
10098,1775141700000,10186.572698310116
10099,1775142000000,10186.572698310116
10100,1775142300000,10186.572698310116
10101,1775142600000,10186.572698310116
10102,1775142900000,10186.572698310116
10103,1775143200000,10186.572698310116
10104,1775143500000,10186.572698310116
10105,1775143800000,10186.572698310116
10106,1775144100000,10186.572698310116
10107,1775144400000,10186.572698310116
10108,1775144700000,10186.572698310116
10109,1775145000000,10186.572698310116
10110,1775145300000,10186.572698310116
10111,1775145600000,10186.572698310116
10112,1775145900000,10186.572698310116
10113,1775146200000,10186.572698310116
10114,1775146500000,10186.572698310116
10115,1775146800000,10186.572698310116
10116,1775147100000,10186.572698310116
10117,1775147400000,10186.572698310116
10118,1775147700000,10186.572698310116
10119,1775148000000,10186.572698310116
10120,1775148300000,10186.572698310116
10121,1775148600000,10186.572698310116
10122,1775148900000,10186.572698310116
10123,1775149200000,10186.572698310116
10124,1775149500000,10186.572698310116
10125,1775149800000,10186.572698310116
10126,1775150100000,10186.572698310116
10127,1775150400000,10186.572698310116
10128,1775150700000,10186.572698310116
10129,1775151000000,10186.572698310116
10130,1775151300000,10186.572698310116
10131,1775151600000,10186.572698310116
10132,1775151900000,10186.572698310116
10133,1775152200000,10186.572698310116
10134,1775152500000,10186.572698310116
10135,1775152800000,10186.572698310116
10136,1775153100000,10186.572698310116
10137,1775153400000,10186.572698310116
10138,1775153700000,10186.572698310116
10139,1775154000000,10186.572698310116
10140,1775154300000,10186.572698310116
10141,1775154600000,10186.572698310116
10142,1775154900000,10186.572698310116
10143,1775155200000,10186.572698310116
10144,1775155500000,10186.572698310116
10145,1775155800000,10186.572698310116
10146,1775156100000,10186.572698310116
10147,1775156400000,10186.572698310116
10148,1775156700000,10186.572698310116
10149,1775157000000,10186.572698310116
10150,1775157300000,10186.572698310116
10151,1775157600000,10186.572698310116
10152,1775157900000,10186.572698310116
10153,1775158200000,10186.572698310116
10154,1775158500000,10186.572698310116
10155,1775158800000,10186.572698310116
10156,1775159100000,10186.572698310116
10157,1775159400000,10186.572698310116
10158,1775159700000,10186.572698310116
10159,1775160000000,10186.572698310116
10160,1775160300000,10186.572698310116
10161,1775160600000,10186.572698310116
10162,1775160900000,10186.572698310116
10163,1775161200000,10186.572698310116
10164,1775161500000,10186.572698310116
10165,1775161800000,10186.572698310116
10166,1775162100000,10186.572698310116
10167,1775162400000,10186.572698310116
10168,1775162700000,10186.572698310116
10169,1775163000000,10186.572698310116
10170,1775163300000,10186.572698310116
10171,1775163600000,10186.572698310116
10172,1775163900000,10186.572698310116
10173,1775164200000,10186.572698310116
10174,1775164500000,10186.572698310116
10175,1775164800000,10186.572698310116
10176,1775165100000,10186.572698310116
10177,1775165400000,10186.572698310116
10178,1775165700000,10186.572698310116
10179,1775166000000,10186.572698310116
10180,1775166300000,10186.572698310116
10181,1775166600000,10186.572698310116
10182,1775166900000,10186.572698310116
10183,1775167200000,10186.572698310116
10184,1775167500000,10186.572698310116
10185,1775167800000,10186.572698310116
10186,1775168100000,10186.572698310116
10187,1775168400000,10186.572698310116
10188,1775168700000,10186.572698310116
10189,1775169000000,10186.572698310116
10190,1775169300000,10186.572698310116
10191,1775169600000,10186.572698310116
10192,1775169900000,10186.572698310116
10193,1775170200000,10186.572698310116
10194,1775170500000,10186.572698310116
10195,1775170800000,10186.572698310116
10196,1775171100000,10186.572698310116
10197,1775171400000,10186.572698310116
10198,1775171700000,10186.572698310116
10199,1775172000000,10186.572698310116
10200,1775172300000,10186.572698310116
10201,1775172600000,10186.572698310116
10202,1775172900000,10186.572698310116
10203,1775173200000,10186.572698310116
10204,1775173500000,10186.572698310116
10205,1775173800000,10186.572698310116
10206,1775174100000,10186.572698310116
10207,1775174400000,10186.572698310116
10208,1775174700000,10186.572698310116
10209,1775175000000,10186.572698310116
10210,1775175300000,10186.572698310116
10211,1775175600000,10186.572698310116
10212,1775175900000,10186.572698310116
10213,1775176200000,10186.572698310116
10214,1775176500000,10186.572698310116
10215,1775176800000,10186.572698310116
10216,1775177100000,10186.572698310116
10217,1775177400000,10186.572698310116
10218,1775177700000,10186.572698310116
10219,1775178000000,10186.572698310116
10220,1775178300000,10186.572698310116
10221,1775178600000,10186.572698310116
10222,1775178900000,10186.572698310116
10223,1775179200000,10186.572698310116
10224,1775179500000,10186.572698310116
10225,1775179800000,10186.572698310116
10226,1775180100000,10186.572698310116
10227,1775180400000,10186.572698310116
10228,1775180700000,10186.572698310116
10229,1775181000000,10186.572698310116
10230,1775181300000,10186.572698310116
10231,1775181600000,10186.572698310116
10232,1775181900000,10186.572698310116
10233,1775182200000,10186.572698310116
10234,1775182500000,10186.572698310116
10235,1775182800000,10186.572698310116
10236,1775183100000,10186.572698310116
10237,1775183400000,10186.572698310116
10238,1775183700000,10186.572698310116
10239,1775184000000,10186.572698310116
10240,1775184300000,10186.572698310116
10241,1775184600000,10186.572698310116
10242,1775184900000,10186.572698310116
10243,1775185200000,10186.572698310116
10244,1775185500000,10186.572698310116
10245,1775185800000,10186.572698310116
10246,1775186100000,10186.572698310116
10247,1775186400000,10186.572698310116
10248,1775186700000,10186.572698310116
10249,1775187000000,10186.572698310116
10250,1775187300000,10186.572698310116
10251,1775187600000,10186.572698310116
10252,1775187900000,10186.572698310116
10253,1775188200000,10186.572698310116
10254,1775188500000,10186.572698310116
10255,1775188800000,10186.572698310116
10256,1775189100000,10186.572698310116
10257,1775189400000,10186.572698310116
10258,1775189700000,10186.572698310116
10259,1775190000000,10186.572698310116
10260,1775190300000,10186.572698310116
10261,1775190600000,10186.572698310116
10262,1775190900000,10186.572698310116
10263,1775191200000,10186.572698310116
10264,1775191500000,10186.572698310116
10265,1775191800000,10186.572698310116
10266,1775192100000,10186.572698310116
10267,1775192400000,10186.572698310116
10268,1775192700000,10186.572698310116
10269,1775193000000,10186.572698310116
10270,1775193300000,10186.572698310116
10271,1775193600000,10186.572698310116
10272,1775193900000,10186.572698310116
10273,1775194200000,10186.572698310116
10274,1775194500000,10186.572698310116
10275,1775194800000,10186.572698310116
10276,1775195100000,10186.572698310116
10277,1775195400000,10186.572698310116
10278,1775195700000,10186.572698310116
10279,1775196000000,10186.572698310116
10280,1775196300000,10186.572698310116
10281,1775196600000,10186.572698310116
10282,1775196900000,10186.572698310116
10283,1775197200000,10186.572698310116
10284,1775197500000,10186.572698310116
10285,1775197800000,10186.572698310116
10286,1775198100000,10186.572698310116
10287,1775198400000,10186.572698310116
10288,1775198700000,10186.572698310116
10289,1775199000000,10186.572698310116
10290,1775199300000,10186.572698310116
10291,1775199600000,10186.572698310116
10292,1775199900000,10186.572698310116
10293,1775200200000,10186.572698310116
10294,1775200500000,10186.572698310116
10295,1775200800000,10186.572698310116
10296,1775201100000,10186.572698310116
10297,1775201400000,10186.572698310116
10298,1775201700000,10186.572698310116
10299,1775202000000,10186.572698310116
10300,1775202300000,10186.572698310116
10301,1775202600000,10186.572698310116
10302,1775202900000,10186.572698310116
10303,1775203200000,10186.572698310116
10304,1775203500000,10186.572698310116
10305,1775203800000,10186.572698310116
10306,1775204100000,10186.572698310116
10307,1775204400000,10186.572698310116
10308,1775204700000,10186.572698310116
10309,1775205000000,10186.572698310116
10310,1775205300000,10186.572698310116
10311,1775205600000,10186.572698310116
10312,1775205900000,10186.572698310116
10313,1775206200000,10186.572698310116
10314,1775206500000,10186.572698310116
10315,1775206800000,10186.572698310116
10316,1775207100000,10186.572698310116
10317,1775207400000,10186.572698310116
10318,1775207700000,10186.572698310116
10319,1775208000000,10186.572698310116
10320,1775208300000,10186.572698310116
10321,1775208600000,10186.572698310116
10322,1775208900000,10186.572698310116
10323,1775209200000,10186.572698310116
10324,1775209500000,10186.572698310116
10325,1775209800000,10186.572698310116
10326,1775210100000,10186.572698310116
10327,1775210400000,10186.572698310116
10328,1775210700000,10186.572698310116
10329,1775211000000,10186.572698310116
10330,1775211300000,10186.572698310116
10331,1775211600000,10186.572698310116
10332,1775211900000,10186.572698310116
10333,1775212200000,10186.572698310116
10334,1775212500000,10186.572698310116
10335,1775212800000,10186.572698310116
10336,1775213100000,10186.572698310116
10337,1775213400000,10186.572698310116
10338,1775213700000,10186.572698310116
10339,1775214000000,10186.572698310116
10340,1775214300000,10186.572698310116
10341,1775214600000,10186.572698310116
10342,1775214900000,10186.572698310116
10343,1775215200000,10186.572698310116
10344,1775215500000,10186.572698310116
10345,1775215800000,10186.572698310116
10346,1775216100000,10186.572698310116
10347,1775216400000,10186.572698310116
10348,1775216700000,10186.572698310116
10349,1775217000000,10186.572698310116
10350,1775217300000,10186.572698310116
10351,1775217600000,10186.572698310116
10352,1775217900000,10186.572698310116
10353,1775218200000,10186.572698310116
10354,1775218500000,10186.572698310116
10355,1775218800000,10186.572698310116
10356,1775219100000,10186.572698310116
10357,1775219400000,10186.572698310116
10358,1775219700000,10186.572698310116
10359,1775220000000,10186.572698310116
10360,1775220300000,10186.572698310116
10361,1775220600000,10186.572698310116
10362,1775220900000,10186.572698310116
10363,1775221200000,10186.572698310116
10364,1775221500000,10186.572698310116
10365,1775221800000,10186.572698310116
10366,1775222100000,10186.572698310116
10367,1775222400000,10186.572698310116
10368,1775222700000,10186.572698310116
10369,1775223000000,10186.572698310116
10370,1775223300000,10186.572698310116
10371,1775223600000,10186.572698310116
10372,1775223900000,10186.572698310116
10373,1775224200000,10186.572698310116
10374,1775224500000,10186.572698310116
10375,1775224800000,10186.572698310116
10376,1775225100000,10186.572698310116
10377,1775225400000,10186.572698310116
10378,1775225700000,10186.572698310116
10379,1775226000000,10186.572698310116
10380,1775226300000,10186.572698310116
10381,1775226600000,10186.572698310116
10382,1775226900000,10186.572698310116
10383,1775227200000,10186.572698310116
10384,1775227500000,10186.572698310116
10385,1775227800000,10186.572698310116
10386,1775228100000,10186.572698310116
10387,1775228400000,10186.572698310116
10388,1775228700000,10186.572698310116
10389,1775229000000,10186.572698310116
10390,1775229300000,10186.572698310116
10391,1775229600000,10186.572698310116
10392,1775229900000,10186.572698310116
10393,1775230200000,10186.572698310116
10394,1775230500000,10186.572698310116
10395,1775230800000,10186.572698310116
10396,1775231100000,10186.572698310116
10397,1775231400000,10186.572698310116
10398,1775231700000,10186.572698310116
10399,1775232000000,10186.572698310116
10400,1775232300000,10186.572698310116
10401,1775232600000,10186.572698310116
10402,1775232900000,10186.572698310116
10403,1775233200000,10186.572698310116
10404,1775233500000,10186.572698310116
10405,1775233800000,10186.572698310116
10406,1775234100000,10186.572698310116
10407,1775234400000,10186.572698310116
10408,1775234700000,10186.572698310116
10409,1775235000000,10186.572698310116
10410,1775235300000,10186.572698310116
10411,1775235600000,10186.572698310116
10412,1775235900000,10186.572698310116
10413,1775236200000,10186.572698310116
10414,1775236500000,10186.572698310116
10415,1775236800000,10186.572698310116
10416,1775237100000,10186.572698310116
10417,1775237400000,10186.572698310116
10418,1775237700000,10186.572698310116
10419,1775238000000,10186.572698310116
10420,1775238300000,10186.572698310116
10421,1775238600000,10186.572698310116
10422,1775238900000,10186.572698310116
10423,1775239200000,10186.572698310116
10424,1775239500000,10186.572698310116
10425,1775239800000,10186.572698310116
10426,1775240100000,10186.572698310116
10427,1775240400000,10186.572698310116
10428,1775240700000,10186.572698310116
10429,1775241000000,10186.572698310116
10430,1775241300000,10186.572698310116
10431,1775241600000,10186.572698310116
10432,1775241900000,10186.572698310116
10433,1775242200000,10186.572698310116
10434,1775242500000,10186.572698310116
10435,1775242800000,10186.572698310116
10436,1775243100000,10186.572698310116
10437,1775243400000,10186.572698310116
10438,1775243700000,10186.572698310116
10439,1775244000000,10186.572698310116
10440,1775244300000,10186.572698310116
10441,1775244600000,10186.572698310116
10442,1775244900000,10186.572698310116
10443,1775245200000,10186.572698310116
10444,1775245500000,10186.572698310116
10445,1775245800000,10186.572698310116
10446,1775246100000,10186.572698310116
10447,1775246400000,10186.572698310116
10448,1775246700000,10186.572698310116
10449,1775247000000,10186.572698310116
10450,1775247300000,10186.572698310116
10451,1775247600000,10186.572698310116
10452,1775247900000,10186.572698310116
10453,1775248200000,10186.572698310116
10454,1775248500000,10186.572698310116
10455,1775248800000,10186.572698310116
10456,1775249100000,10186.572698310116
10457,1775249400000,10186.572698310116
10458,1775249700000,10186.572698310116
10459,1775250000000,10186.572698310116
10460,1775250300000,10186.572698310116
10461,1775250600000,10186.572698310116
10462,1775250900000,10186.572698310116
10463,1775251200000,10186.572698310116
10464,1775251500000,10186.572698310116
10465,1775251800000,10186.572698310116
10466,1775252100000,10186.572698310116
10467,1775252400000,10186.572698310116
10468,1775252700000,10186.572698310116
10469,1775253000000,10186.572698310116
10470,1775253300000,10186.572698310116
10471,1775253600000,10186.572698310116
10472,1775253900000,10186.572698310116
10473,1775254200000,10186.572698310116
10474,1775254500000,10186.572698310116
10475,1775254800000,10186.572698310116
10476,1775255100000,10186.572698310116
10477,1775255400000,10186.572698310116
10478,1775255700000,10186.572698310116
10479,1775256000000,10186.572698310116
10480,1775256300000,10186.572698310116
10481,1775256600000,10186.572698310116
10482,1775256900000,10186.572698310116
10483,1775257200000,10186.572698310116
10484,1775257500000,10186.572698310116
10485,1775257800000,10186.572698310116
10486,1775258100000,10186.572698310116
10487,1775258400000,10186.572698310116
10488,1775258700000,10186.572698310116
10489,1775259000000,10186.572698310116
10490,1775259300000,10186.572698310116
10491,1775259600000,10186.572698310116
10492,1775259900000,10186.572698310116
10493,1775260200000,10186.572698310116
10494,1775260500000,10186.572698310116
10495,1775260800000,10186.572698310116
10496,1775261100000,10186.572698310116
10497,1775261400000,10186.572698310116
10498,1775261700000,10186.572698310116
10499,1775262000000,10186.572698310116
10500,1775262300000,10186.572698310116
10501,1775262600000,10186.572698310116
10502,1775262900000,10186.572698310116
10503,1775263200000,10186.572698310116
10504,1775263500000,10186.572698310116
10505,1775263800000,10186.572698310116
10506,1775264100000,10186.572698310116
10507,1775264400000,10186.572698310116
10508,1775264700000,10186.572698310116
10509,1775265000000,10186.572698310116
10510,1775265300000,10186.572698310116
10511,1775265600000,10186.572698310116
10512,1775265900000,10186.572698310116
10513,1775266200000,10186.572698310116
10514,1775266500000,10186.572698310116
10515,1775266800000,10186.572698310116
10516,1775267100000,10186.572698310116
10517,1775267400000,10186.572698310116
10518,1775267700000,10186.572698310116
10519,1775268000000,10186.572698310116
10520,1775268300000,10186.572698310116
10521,1775268600000,10186.572698310116
10522,1775268900000,10186.572698310116
10523,1775269200000,10186.572698310116
10524,1775269500000,10186.572698310116
10525,1775269800000,10186.572698310116
10526,1775270100000,10186.572698310116
10527,1775270400000,10186.572698310116
10528,1775270700000,10186.572698310116
10529,1775271000000,10186.572698310116
10530,1775271300000,10186.572698310116
10531,1775271600000,10186.572698310116
10532,1775271900000,10186.572698310116
10533,1775272200000,10186.572698310116
10534,1775272500000,10186.572698310116
10535,1775272800000,10186.572698310116
10536,1775273100000,10186.572698310116
10537,1775273400000,10186.572698310116
10538,1775273700000,10186.572698310116
10539,1775274000000,10186.572698310116
10540,1775274300000,10186.572698310116
10541,1775274600000,10186.572698310116
10542,1775274900000,10186.572698310116
10543,1775275200000,10186.572698310116
10544,1775275500000,10186.572698310116
10545,1775275800000,10186.572698310116
10546,1775276100000,10186.572698310116
10547,1775276400000,10186.572698310116
10548,1775276700000,10186.572698310116
10549,1775277000000,10186.572698310116
10550,1775277300000,10186.572698310116
10551,1775277600000,10186.572698310116
10552,1775277900000,10186.572698310116
10553,1775278200000,10186.572698310116
10554,1775278500000,10186.572698310116
10555,1775278800000,10186.572698310116
10556,1775279100000,10186.572698310116
10557,1775279400000,10186.572698310116
10558,1775279700000,10186.572698310116
10559,1775280000000,10186.572698310116
10560,1775280300000,10186.572698310116
10561,1775280600000,10186.572698310116
10562,1775280900000,10186.572698310116
10563,1775281200000,10186.572698310116
10564,1775281500000,10186.572698310116
10565,1775281800000,10186.572698310116
10566,1775282100000,10186.572698310116
10567,1775282400000,10186.572698310116
10568,1775282700000,10186.572698310116
10569,1775283000000,10186.572698310116
10570,1775283300000,10186.572698310116
10571,1775283600000,10186.572698310116
10572,1775283900000,10186.572698310116
10573,1775284200000,10186.572698310116
10574,1775284500000,10186.572698310116
10575,1775284800000,10186.572698310116
10576,1775285100000,10186.572698310116
10577,1775285400000,10186.572698310116
10578,1775285700000,10186.572698310116
10579,1775286000000,10186.572698310116
10580,1775286300000,10186.572698310116
10581,1775286600000,10186.572698310116
10582,1775286900000,10186.572698310116
10583,1775287200000,10186.572698310116
10584,1775287500000,10186.572698310116
10585,1775287800000,10186.572698310116
10586,1775288100000,10186.572698310116
10587,1775288400000,10186.572698310116
10588,1775288700000,10186.572698310116
10589,1775289000000,10186.572698310116
10590,1775289300000,10186.572698310116
10591,1775289600000,10186.572698310116
10592,1775289900000,10186.572698310116
10593,1775290200000,10186.572698310116
10594,1775290500000,10186.572698310116
10595,1775290800000,10186.572698310116
10596,1775291100000,10186.572698310116
10597,1775291400000,10186.572698310116
10598,1775291700000,10186.572698310116
10599,1775292000000,10186.572698310116
10600,1775292300000,10186.572698310116
10601,1775292600000,10186.572698310116
10602,1775292900000,10186.572698310116
10603,1775293200000,10186.572698310116
10604,1775293500000,10186.572698310116
10605,1775293800000,10186.572698310116
10606,1775294100000,10186.572698310116
10607,1775294400000,10186.572698310116
10608,1775294700000,10186.572698310116
10609,1775295000000,10186.572698310116
10610,1775295300000,10186.572698310116
10611,1775295600000,10186.572698310116
10612,1775295900000,10186.572698310116
10613,1775296200000,10186.572698310116
10614,1775296500000,10186.572698310116
10615,1775296800000,10186.572698310116
10616,1775297100000,10186.572698310116
10617,1775297400000,10186.572698310116
10618,1775297700000,10186.572698310116
10619,1775298000000,10186.572698310116
10620,1775298300000,10186.572698310116
10621,1775298600000,10186.572698310116
10622,1775298900000,10186.572698310116
10623,1775299200000,10186.572698310116
10624,1775299500000,10186.572698310116
10625,1775299800000,10186.572698310116
10626,1775300100000,10186.572698310116
10627,1775300400000,10186.572698310116
10628,1775300700000,10186.572698310116
10629,1775301000000,10186.572698310116
10630,1775301300000,10186.572698310116
10631,1775301600000,10186.572698310116
10632,1775301900000,10186.572698310116
10633,1775302200000,10186.572698310116
10634,1775302500000,10186.572698310116
10635,1775302800000,10186.572698310116
10636,1775303100000,10186.572698310116
10637,1775303400000,10186.572698310116
10638,1775303700000,10186.572698310116
10639,1775304000000,10186.572698310116
10640,1775304300000,10186.572698310116
10641,1775304600000,10186.572698310116
10642,1775304900000,10186.572698310116
10643,1775305200000,10186.572698310116
10644,1775305500000,10186.572698310116
10645,1775305800000,10186.572698310116
10646,1775306100000,10186.572698310116
10647,1775306400000,10186.572698310116
10648,1775306700000,10186.572698310116
10649,1775307000000,10186.572698310116
10650,1775307300000,10186.572698310116
10651,1775307600000,10186.572698310116
10652,1775307900000,10186.572698310116
10653,1775308200000,10186.572698310116
10654,1775308500000,10186.572698310116
10655,1775308800000,10186.572698310116
10656,1775309100000,10186.572698310116
10657,1775309400000,10186.572698310116
10658,1775309700000,10186.572698310116
10659,1775310000000,10186.572698310116
10660,1775310300000,10186.572698310116
10661,1775310600000,10186.572698310116
10662,1775310900000,10186.572698310116
10663,1775311200000,10186.572698310116
10664,1775311500000,10186.572698310116
10665,1775311800000,10186.572698310116
10666,1775312100000,10186.572698310116
10667,1775312400000,10186.572698310116
10668,1775312700000,10186.572698310116
10669,1775313000000,10186.572698310116
10670,1775313300000,10186.572698310116
10671,1775313600000,10186.572698310116
10672,1775313900000,10186.572698310116
10673,1775314200000,10186.572698310116
10674,1775314500000,10186.572698310116
10675,1775314800000,10186.572698310116
10676,1775315100000,10186.572698310116
10677,1775315400000,10186.572698310116
10678,1775315700000,10186.572698310116
10679,1775316000000,10186.572698310116
10680,1775316300000,10186.572698310116
10681,1775316600000,10186.572698310116
10682,1775316900000,10186.572698310116
10683,1775317200000,10186.572698310116
10684,1775317500000,10186.572698310116
10685,1775317800000,10186.572698310116
10686,1775318100000,10186.572698310116
10687,1775318400000,10186.572698310116
10688,1775318700000,10186.572698310116
10689,1775319000000,10186.572698310116
10690,1775319300000,10186.572698310116
10691,1775319600000,10186.572698310116
10692,1775319900000,10186.572698310116
10693,1775320200000,10186.572698310116
10694,1775320500000,10186.572698310116
10695,1775320800000,10186.572698310116
10696,1775321100000,10186.572698310116
10697,1775321400000,10186.572698310116
10698,1775321700000,10186.572698310116
10699,1775322000000,10186.572698310116
10700,1775322300000,10186.572698310116
10701,1775322600000,10186.572698310116
10702,1775322900000,10186.572698310116
10703,1775323200000,10186.572698310116
10704,1775323500000,10186.572698310116
10705,1775323800000,10186.572698310116
10706,1775324100000,10186.572698310116
10707,1775324400000,10186.572698310116
10708,1775324700000,10186.572698310116
10709,1775325000000,10186.572698310116
10710,1775325300000,10186.572698310116
10711,1775325600000,10186.572698310116
10712,1775325900000,10186.572698310116
10713,1775326200000,10186.572698310116
10714,1775326500000,10186.572698310116
10715,1775326800000,10186.572698310116
10716,1775327100000,10186.572698310116
10717,1775327400000,10186.572698310116
10718,1775327700000,10186.572698310116
10719,1775328000000,10186.572698310116
10720,1775328300000,10186.572698310116
10721,1775328600000,10186.572698310116
10722,1775328900000,10186.572698310116
10723,1775329200000,10186.572698310116
10724,1775329500000,10186.572698310116
10725,1775329800000,10186.572698310116
10726,1775330100000,10186.572698310116
10727,1775330400000,10186.572698310116
10728,1775330700000,10186.572698310116
10729,1775331000000,10186.572698310116
10730,1775331300000,10186.572698310116
10731,1775331600000,10186.572698310116
10732,1775331900000,10186.572698310116
10733,1775332200000,10186.572698310116
10734,1775332500000,10186.572698310116
10735,1775332800000,10186.572698310116
10736,1775333100000,10186.572698310116
10737,1775333400000,10186.572698310116
10738,1775333700000,10186.572698310116
10739,1775334000000,10186.572698310116
10740,1775334300000,10186.572698310116
10741,1775334600000,10186.572698310116
10742,1775334900000,10186.572698310116
10743,1775335200000,10186.572698310116
10744,1775335500000,10186.572698310116
10745,1775335800000,10186.572698310116
10746,1775336100000,10186.572698310116
10747,1775336400000,10186.572698310116
10748,1775336700000,10186.572698310116
10749,1775337000000,10186.572698310116
10750,1775337300000,10186.572698310116
10751,1775337600000,10186.572698310116
10752,1775337900000,10186.572698310116
10753,1775338200000,10186.572698310116
10754,1775338500000,10186.572698310116
10755,1775338800000,10186.572698310116
10756,1775339100000,10186.572698310116
10757,1775339400000,10186.572698310116
10758,1775339700000,10186.572698310116
10759,1775340000000,10186.572698310116
10760,1775340300000,10186.572698310116
10761,1775340600000,10186.572698310116
10762,1775340900000,10186.572698310116
10763,1775341200000,10186.572698310116
10764,1775341500000,10186.572698310116
10765,1775341800000,10186.572698310116
10766,1775342100000,10186.572698310116
10767,1775342400000,10186.572698310116
10768,1775342700000,10186.572698310116
10769,1775343000000,10186.572698310116
10770,1775343300000,10186.572698310116
10771,1775343600000,10186.572698310116
10772,1775343900000,10186.572698310116
10773,1775344200000,10186.572698310116
10774,1775344500000,10186.572698310116
10775,1775344800000,10186.572698310116
10776,1775345100000,10186.572698310116
10777,1775345400000,10186.572698310116
10778,1775345700000,10186.572698310116
10779,1775346000000,10186.572698310116
10780,1775346300000,10186.572698310116
10781,1775346600000,10186.572698310116
10782,1775346900000,10186.572698310116
10783,1775347200000,10186.572698310116
10784,1775347500000,10186.572698310116
10785,1775347800000,10186.572698310116
10786,1775348100000,10186.572698310116
10787,1775348400000,10186.572698310116
10788,1775348700000,10186.572698310116
10789,1775349000000,10186.572698310116
10790,1775349300000,10186.572698310116
10791,1775349600000,10186.572698310116
10792,1775349900000,10186.572698310116
10793,1775350200000,10186.572698310116
10794,1775350500000,10186.572698310116
10795,1775350800000,10186.572698310116
10796,1775351100000,10186.572698310116
10797,1775351400000,10186.572698310116
10798,1775351700000,10186.572698310116
10799,1775352000000,10186.572698310116
10800,1775352300000,10186.572698310116
10801,1775352600000,10186.572698310116
10802,1775352900000,10186.572698310116
10803,1775353200000,10186.572698310116
10804,1775353500000,10186.572698310116
10805,1775353800000,10186.572698310116
10806,1775354100000,10186.572698310116
10807,1775354400000,10186.572698310116
10808,1775354700000,10186.572698310116
10809,1775355000000,10186.572698310116
10810,1775355300000,10186.572698310116
10811,1775355600000,10186.572698310116
10812,1775355900000,10186.572698310116
10813,1775356200000,10186.572698310116
10814,1775356500000,10186.572698310116
10815,1775356800000,10186.572698310116
10816,1775357100000,10186.572698310116
10817,1775357400000,10186.572698310116
10818,1775357700000,10186.572698310116
10819,1775358000000,10186.572698310116
10820,1775358300000,10186.572698310116
10821,1775358600000,10186.572698310116
10822,1775358900000,10186.572698310116
10823,1775359200000,10186.572698310116
10824,1775359500000,10186.572698310116
10825,1775359800000,10186.572698310116
10826,1775360100000,10186.572698310116
10827,1775360400000,10186.572698310116
10828,1775360700000,10186.572698310116
10829,1775361000000,10186.572698310116
10830,1775361300000,10186.572698310116
10831,1775361600000,10186.572698310116
10832,1775361900000,10186.572698310116
10833,1775362200000,10186.572698310116
10834,1775362500000,10186.572698310116
10835,1775362800000,10186.572698310116
10836,1775363100000,10186.572698310116
10837,1775363400000,10186.572698310116
10838,1775363700000,10186.572698310116
10839,1775364000000,10186.572698310116
10840,1775364300000,10186.572698310116
10841,1775364600000,10186.572698310116
10842,1775364900000,10186.572698310116
10843,1775365200000,10186.572698310116
10844,1775365500000,10186.572698310116
10845,1775365800000,10186.572698310116
10846,1775366100000,10186.572698310116
10847,1775366400000,10186.572698310116
10848,1775366700000,10186.572698310116
10849,1775367000000,10186.572698310116
10850,1775367300000,10186.572698310116
10851,1775367600000,10186.572698310116
10852,1775367900000,10186.572698310116
10853,1775368200000,10186.572698310116
10854,1775368500000,10186.572698310116
10855,1775368800000,10186.572698310116
10856,1775369100000,10186.572698310116
10857,1775369400000,10186.572698310116
10858,1775369700000,10186.572698310116
10859,1775370000000,10186.572698310116
10860,1775370300000,10186.572698310116
10861,1775370600000,10186.572698310116
10862,1775370900000,10186.572698310116
10863,1775371200000,10186.572698310116
10864,1775371500000,10186.572698310116
10865,1775371800000,10186.572698310116
10866,1775372100000,10186.572698310116
10867,1775372400000,10186.572698310116
10868,1775372700000,10186.572698310116
10869,1775373000000,10186.572698310116
10870,1775373300000,10186.572698310116
10871,1775373600000,10186.572698310116
10872,1775373900000,10186.572698310116
10873,1775374200000,10186.572698310116
10874,1775374500000,10186.572698310116
10875,1775374800000,10186.572698310116
10876,1775375100000,10186.572698310116
10877,1775375400000,10186.572698310116
10878,1775375700000,10186.572698310116
10879,1775376000000,10186.572698310116
10880,1775376300000,10186.572698310116
10881,1775376600000,10186.572698310116
10882,1775376900000,10186.572698310116
10883,1775377200000,10186.572698310116
10884,1775377500000,10186.572698310116
10885,1775377800000,10186.572698310116
10886,1775378100000,10186.572698310116
10887,1775378400000,10186.572698310116
10888,1775378700000,10186.572698310116
10889,1775379000000,10186.572698310116
10890,1775379300000,10186.572698310116
10891,1775379600000,10186.572698310116
10892,1775379900000,10186.572698310116
10893,1775380200000,10186.572698310116
10894,1775380500000,10186.572698310116
10895,1775380800000,10186.572698310116
10896,1775381100000,10186.572698310116
10897,1775381400000,10186.572698310116
10898,1775381700000,10186.572698310116
10899,1775382000000,10186.572698310116
10900,1775382300000,10186.572698310116
10901,1775382600000,10186.572698310116
10902,1775382900000,10186.572698310116
10903,1775383200000,10186.572698310116
10904,1775383500000,10186.572698310116
10905,1775383800000,10186.572698310116
10906,1775384100000,10186.572698310116
10907,1775384400000,10186.572698310116
10908,1775384700000,10186.572698310116
10909,1775385000000,10186.572698310116
10910,1775385300000,10186.572698310116
10911,1775385600000,10186.572698310116
10912,1775385900000,10186.572698310116
10913,1775386200000,10186.572698310116
10914,1775386500000,10186.572698310116
10915,1775386800000,10186.572698310116
10916,1775387100000,10186.572698310116
10917,1775387400000,10186.572698310116
10918,1775387700000,10186.572698310116
10919,1775388000000,10186.572698310116
10920,1775388300000,10186.572698310116
10921,1775388600000,10186.572698310116
10922,1775388900000,10186.572698310116
10923,1775389200000,10186.572698310116
10924,1775389500000,10186.572698310116
10925,1775389800000,10186.572698310116
10926,1775390100000,10186.572698310116
10927,1775390400000,10186.572698310116
10928,1775390700000,10186.572698310116
10929,1775391000000,10186.572698310116
10930,1775391300000,10186.572698310116
10931,1775391600000,10186.572698310116
10932,1775391900000,10186.572698310116
10933,1775392200000,10186.572698310116
10934,1775392500000,10186.572698310116
10935,1775392800000,10186.572698310116
10936,1775393100000,10186.572698310116
10937,1775393400000,10186.572698310116
10938,1775393700000,10186.572698310116
10939,1775394000000,10186.572698310116
10940,1775394300000,10186.572698310116
10941,1775394600000,10186.572698310116
10942,1775394900000,10186.572698310116
10943,1775395200000,10186.572698310116
10944,1775395500000,10186.572698310116
10945,1775395800000,10186.572698310116
10946,1775396100000,10186.572698310116
10947,1775396400000,10186.572698310116
10948,1775396700000,10186.572698310116
10949,1775397000000,10186.572698310116
10950,1775397300000,10186.572698310116
10951,1775397600000,10186.572698310116
10952,1775397900000,10186.572698310116
10953,1775398200000,10186.572698310116
10954,1775398500000,10186.572698310116
10955,1775398800000,10186.572698310116
10956,1775399100000,10186.572698310116
10957,1775399400000,10186.572698310116
10958,1775399700000,10186.572698310116
10959,1775400000000,10186.572698310116
10960,1775400300000,10186.572698310116
10961,1775400600000,10186.572698310116
10962,1775400900000,10186.572698310116
10963,1775401200000,10186.572698310116
10964,1775401500000,10186.572698310116
10965,1775401800000,10186.572698310116
10966,1775402100000,10186.572698310116
10967,1775402400000,10186.572698310116
10968,1775402700000,10186.572698310116
10969,1775403000000,10186.572698310116
10970,1775403300000,10186.572698310116
10971,1775403600000,10186.572698310116
10972,1775403900000,10186.572698310116
10973,1775404200000,10186.572698310116
10974,1775404500000,10186.572698310116
10975,1775404800000,10186.572698310116
10976,1775405100000,10186.572698310116
10977,1775405400000,10186.572698310116
10978,1775405700000,10186.572698310116
10979,1775406000000,10186.572698310116
10980,1775406300000,10186.572698310116
10981,1775406600000,10186.572698310116
10982,1775406900000,10186.572698310116
10983,1775407200000,10186.572698310116
10984,1775407500000,10186.572698310116
10985,1775407800000,10186.572698310116
10986,1775408100000,10186.572698310116
10987,1775408400000,10186.572698310116
10988,1775408700000,10186.572698310116
10989,1775409000000,10186.572698310116
10990,1775409300000,10186.572698310116
10991,1775409600000,10186.572698310116
10992,1775409900000,10186.572698310116
10993,1775410200000,10186.572698310116
10994,1775410500000,10186.572698310116
10995,1775410800000,10186.572698310116
10996,1775411100000,10186.572698310116
10997,1775411400000,10186.572698310116
10998,1775411700000,10186.572698310116
10999,1775412000000,10186.572698310116
11000,1775412300000,10186.572698310116
11001,1775412600000,10186.572698310116
11002,1775412900000,10186.572698310116
11003,1775413200000,10186.572698310116
11004,1775413500000,10186.572698310116
11005,1775413800000,10186.572698310116
11006,1775414100000,10186.572698310116
11007,1775414400000,10186.572698310116
11008,1775414700000,10186.572698310116
11009,1775415000000,10186.572698310116
11010,1775415300000,10186.572698310116
11011,1775415600000,10186.572698310116
11012,1775415900000,10186.572698310116
11013,1775416200000,10186.572698310116
11014,1775416500000,10186.572698310116
11015,1775416800000,10186.572698310116
11016,1775417100000,10186.572698310116
11017,1775417400000,10186.572698310116
11018,1775417700000,10186.572698310116
11019,1775418000000,10186.572698310116
11020,1775418300000,10186.572698310116
11021,1775418600000,10186.572698310116
11022,1775418900000,10186.572698310116
11023,1775419200000,10186.572698310116
11024,1775419500000,10186.572698310116
11025,1775419800000,10186.572698310116
11026,1775420100000,10186.572698310116
11027,1775420400000,10186.572698310116
11028,1775420700000,10186.572698310116
11029,1775421000000,10186.572698310116
11030,1775421300000,10186.572698310116
11031,1775421600000,10186.572698310116
11032,1775421900000,10186.572698310116
11033,1775422200000,10186.572698310116
11034,1775422500000,10186.572698310116
11035,1775422800000,10186.572698310116
11036,1775423100000,10186.572698310116
11037,1775423400000,10186.572698310116
11038,1775423700000,10186.572698310116
11039,1775424000000,10186.572698310116
11040,1775424300000,10186.572698310116
11041,1775424600000,10186.572698310116
11042,1775424900000,10186.572698310116
11043,1775425200000,10186.572698310116
11044,1775425500000,10186.572698310116
11045,1775425800000,10186.572698310116
11046,1775426100000,10186.572698310116
11047,1775426400000,10186.572698310116
11048,1775426700000,10186.572698310116
11049,1775427000000,10186.572698310116
11050,1775427300000,10186.572698310116
11051,1775427600000,10186.572698310116
11052,1775427900000,10186.572698310116
11053,1775428200000,10186.572698310116
11054,1775428500000,10186.572698310116
11055,1775428800000,10186.572698310116
11056,1775429100000,10186.572698310116
11057,1775429400000,10186.572698310116
11058,1775429700000,10186.572698310116
11059,1775430000000,10186.572698310116
11060,1775430300000,10186.572698310116
11061,1775430600000,10186.572698310116
11062,1775430900000,10186.572698310116
11063,1775431200000,10186.572698310116
11064,1775431500000,10186.572698310116
11065,1775431800000,10186.572698310116
11066,1775432100000,10186.572698310116
11067,1775432400000,10186.572698310116
11068,1775432700000,10186.572698310116
11069,1775433000000,10186.572698310116
11070,1775433300000,10186.572698310116
11071,1775433600000,10186.572698310116
11072,1775433900000,10186.572698310116
11073,1775434200000,10186.572698310116
11074,1775434500000,10186.572698310116
11075,1775434800000,10186.572698310116
11076,1775435100000,10186.572698310116
11077,1775435400000,10186.572698310116
11078,1775435700000,10186.572698310116
11079,1775436000000,10186.572698310116
11080,1775436300000,10186.572698310116
11081,1775436600000,10186.572698310116
11082,1775436900000,10186.572698310116
11083,1775437200000,10186.572698310116
11084,1775437500000,10186.572698310116
11085,1775437800000,10186.572698310116
11086,1775438100000,10186.572698310116
11087,1775438400000,10186.572698310116
11088,1775438700000,10186.572698310116
11089,1775439000000,10186.572698310116
11090,1775439300000,10186.572698310116
11091,1775439600000,10186.572698310116
11092,1775439900000,10186.572698310116
11093,1775440200000,10186.572698310116
11094,1775440500000,10186.572698310116
11095,1775440800000,10186.572698310116
11096,1775441100000,10186.572698310116
11097,1775441400000,10186.572698310116
11098,1775441700000,10186.572698310116
11099,1775442000000,10186.572698310116
11100,1775442300000,10186.572698310116
11101,1775442600000,10186.572698310116
11102,1775442900000,10186.572698310116
11103,1775443200000,10186.572698310116
11104,1775443500000,10186.572698310116
11105,1775443800000,10186.572698310116
11106,1775444100000,10186.572698310116
11107,1775444400000,10186.572698310116
11108,1775444700000,10186.572698310116
11109,1775445000000,10186.572698310116
11110,1775445300000,10186.572698310116
11111,1775445600000,10186.572698310116
11112,1775445900000,10186.572698310116
11113,1775446200000,10186.572698310116
11114,1775446500000,10186.572698310116
11115,1775446800000,10186.572698310116
11116,1775447100000,10186.572698310116
11117,1775447400000,10186.572698310116
11118,1775447700000,10186.572698310116
11119,1775448000000,10186.572698310116
11120,1775448300000,10186.572698310116
11121,1775448600000,10186.572698310116
11122,1775448900000,10186.572698310116
11123,1775449200000,10186.572698310116
11124,1775449500000,10186.572698310116
11125,1775449800000,10186.572698310116
11126,1775450100000,10186.572698310116
11127,1775450400000,10186.572698310116
11128,1775450700000,10186.572698310116
11129,1775451000000,10186.572698310116
11130,1775451300000,10186.572698310116
11131,1775451600000,10186.572698310116
11132,1775451900000,10186.572698310116
11133,1775452200000,10186.572698310116
11134,1775452500000,10186.572698310116
11135,1775452800000,10186.572698310116
11136,1775453100000,10186.572698310116
11137,1775453400000,10186.572698310116
11138,1775453700000,10186.572698310116
11139,1775454000000,10186.572698310116
11140,1775454300000,10186.572698310116
11141,1775454600000,10186.572698310116
11142,1775454900000,10186.572698310116
11143,1775455200000,10186.572698310116
11144,1775455500000,10186.572698310116
11145,1775455800000,10186.572698310116
11146,1775456100000,10186.572698310116
11147,1775456400000,10186.572698310116
11148,1775456700000,10186.572698310116
11149,1775457000000,10186.572698310116
11150,1775457300000,10186.572698310116
11151,1775457600000,10186.572698310116
11152,1775457900000,10186.572698310116
11153,1775458200000,10186.572698310116
11154,1775458500000,10186.572698310116
11155,1775458800000,10186.572698310116
11156,1775459100000,10186.572698310116
11157,1775459400000,10186.572698310116
11158,1775459700000,10186.572698310116
11159,1775460000000,10186.572698310116
11160,1775460300000,10186.572698310116
11161,1775460600000,10186.572698310116
11162,1775460900000,10186.572698310116
11163,1775461200000,10186.572698310116
11164,1775461500000,10186.572698310116
11165,1775461800000,10186.572698310116
11166,1775462100000,10186.572698310116
11167,1775462400000,10186.572698310116
11168,1775462700000,10186.572698310116
11169,1775463000000,10186.572698310116
11170,1775463300000,10186.572698310116
11171,1775463600000,10186.572698310116
11172,1775463900000,10186.572698310116
11173,1775464200000,10186.572698310116
11174,1775464500000,10186.572698310116
11175,1775464800000,10186.572698310116
11176,1775465100000,10186.572698310116
11177,1775465400000,10186.572698310116
11178,1775465700000,10186.572698310116
11179,1775466000000,10186.572698310116
11180,1775466300000,10186.572698310116
11181,1775466600000,10186.572698310116
11182,1775466900000,10186.572698310116
11183,1775467200000,10186.572698310116
11184,1775467500000,10186.572698310116
11185,1775467800000,10186.572698310116
11186,1775468100000,10186.572698310116
11187,1775468400000,10186.572698310116
11188,1775468700000,10186.572698310116
11189,1775469000000,10186.572698310116
11190,1775469300000,10186.572698310116
11191,1775469600000,10186.572698310116
11192,1775469900000,10186.572698310116
11193,1775470200000,10186.572698310116
11194,1775470500000,10186.572698310116
11195,1775470800000,10186.572698310116
11196,1775471100000,10186.572698310116
11197,1775471400000,10186.572698310116
11198,1775471700000,10186.572698310116
11199,1775472000000,10186.572698310116
11200,1775472300000,10186.572698310116
11201,1775472600000,10186.572698310116
11202,1775472900000,10186.572698310116
11203,1775473200000,10186.572698310116
11204,1775473500000,10186.572698310116
11205,1775473800000,10186.572698310116
11206,1775474100000,10186.572698310116
11207,1775474400000,10186.572698310116
11208,1775474700000,10186.572698310116
11209,1775475000000,10186.572698310116
11210,1775475300000,10186.572698310116
11211,1775475600000,10186.572698310116
11212,1775475900000,10186.572698310116
11213,1775476200000,10186.572698310116
11214,1775476500000,10186.572698310116
11215,1775476800000,10186.572698310116
11216,1775477100000,10186.572698310116
11217,1775477400000,10186.572698310116
11218,1775477700000,10186.572698310116
11219,1775478000000,10186.572698310116
11220,1775478300000,10186.572698310116
11221,1775478600000,10186.572698310116
11222,1775478900000,10186.572698310116
11223,1775479200000,10186.572698310116
11224,1775479500000,10186.572698310116
11225,1775479800000,10186.572698310116
11226,1775480100000,10186.572698310116
11227,1775480400000,10186.572698310116
11228,1775480700000,10186.572698310116
11229,1775481000000,10186.572698310116
11230,1775481300000,10186.572698310116
11231,1775481600000,10186.572698310116
11232,1775481900000,10186.572698310116
11233,1775482200000,10186.572698310116
11234,1775482500000,10186.572698310116
11235,1775482800000,10186.572698310116
11236,1775483100000,10186.572698310116
11237,1775483400000,10186.572698310116
11238,1775483700000,10186.572698310116
11239,1775484000000,10186.572698310116
11240,1775484300000,10186.572698310116
11241,1775484600000,10186.572698310116
11242,1775484900000,10186.572698310116
11243,1775485200000,10186.572698310116
11244,1775485500000,10186.572698310116
11245,1775485800000,10186.572698310116
11246,1775486100000,10186.572698310116
11247,1775486400000,10186.572698310116
11248,1775486700000,10186.572698310116
11249,1775487000000,10186.572698310116
11250,1775487300000,10186.572698310116
11251,1775487600000,10186.572698310116
11252,1775487900000,10186.572698310116
11253,1775488200000,10186.572698310116
11254,1775488500000,10186.572698310116
11255,1775488800000,10186.572698310116
11256,1775489100000,10186.572698310116
11257,1775489400000,10186.572698310116
11258,1775489700000,10186.572698310116
11259,1775490000000,10186.572698310116
11260,1775490300000,10186.572698310116
11261,1775490600000,10186.572698310116
11262,1775490900000,10186.572698310116
11263,1775491200000,10186.572698310116
11264,1775491500000,10186.572698310116
11265,1775491800000,10186.572698310116
11266,1775492100000,10186.572698310116
11267,1775492400000,10186.572698310116
11268,1775492700000,10186.572698310116
11269,1775493000000,10186.572698310116
11270,1775493300000,10186.572698310116
11271,1775493600000,10186.572698310116
11272,1775493900000,10186.572698310116
11273,1775494200000,10186.572698310116
11274,1775494500000,10186.572698310116
11275,1775494800000,10186.572698310116
11276,1775495100000,10186.572698310116
11277,1775495400000,10186.572698310116
11278,1775495700000,10186.572698310116
11279,1775496000000,10186.572698310116
11280,1775496300000,10186.572698310116
11281,1775496600000,10186.572698310116
11282,1775496900000,10186.572698310116
11283,1775497200000,10186.572698310116
11284,1775497500000,10186.572698310116
11285,1775497800000,10186.572698310116
11286,1775498100000,10186.572698310116
11287,1775498400000,10186.572698310116
11288,1775498700000,10186.572698310116
11289,1775499000000,10186.572698310116
11290,1775499300000,10186.572698310116
11291,1775499600000,10186.572698310116
11292,1775499900000,10186.572698310116
11293,1775500200000,10186.572698310116
11294,1775500500000,10186.572698310116
11295,1775500800000,10186.572698310116
11296,1775501100000,10186.572698310116
11297,1775501400000,10186.572698310116
11298,1775501700000,10186.572698310116
11299,1775502000000,10186.572698310116
11300,1775502300000,10186.572698310116
11301,1775502600000,10186.572698310116
11302,1775502900000,10186.572698310116
11303,1775503200000,10186.572698310116
11304,1775503500000,10186.572698310116
11305,1775503800000,10186.572698310116
11306,1775504100000,10186.572698310116
11307,1775504400000,10186.572698310116
11308,1775504700000,10186.572698310116
11309,1775505000000,10186.572698310116
11310,1775505300000,10186.572698310116
11311,1775505600000,10186.572698310116
11312,1775505900000,10186.572698310116
11313,1775506200000,10186.572698310116
11314,1775506500000,10186.572698310116
11315,1775506800000,10186.572698310116
11316,1775507100000,10186.572698310116
11317,1775507400000,10186.572698310116
11318,1775507700000,10186.572698310116
11319,1775508000000,10186.572698310116
11320,1775508300000,10186.572698310116
11321,1775508600000,10186.572698310116
11322,1775508900000,10186.572698310116
11323,1775509200000,10186.572698310116
11324,1775509500000,10186.572698310116
11325,1775509800000,10186.572698310116
11326,1775510100000,10186.572698310116
11327,1775510400000,10186.572698310116
11328,1775510700000,10186.572698310116
11329,1775511000000,10186.572698310116
11330,1775511300000,10186.572698310116
11331,1775511600000,10186.572698310116
11332,1775511900000,10186.572698310116
11333,1775512200000,10186.572698310116
11334,1775512500000,10186.572698310116
11335,1775512800000,10186.572698310116
11336,1775513100000,10186.572698310116
11337,1775513400000,10186.572698310116
11338,1775513700000,10186.572698310116
11339,1775514000000,10186.572698310116
11340,1775514300000,10186.572698310116
11341,1775514600000,10186.572698310116
11342,1775514900000,10186.572698310116
11343,1775515200000,10186.572698310116
11344,1775515500000,10186.572698310116
11345,1775515800000,10186.572698310116
11346,1775516100000,10186.572698310116
11347,1775516400000,10186.572698310116
11348,1775516700000,10186.572698310116
11349,1775517000000,10186.572698310116
11350,1775517300000,10186.572698310116
11351,1775517600000,10186.572698310116
11352,1775517900000,10186.572698310116
11353,1775518200000,10186.572698310116
11354,1775518500000,10186.572698310116
11355,1775518800000,10186.572698310116
11356,1775519100000,10186.572698310116
11357,1775519400000,10186.572698310116
11358,1775519700000,10186.572698310116
11359,1775520000000,10186.572698310116
11360,1775520300000,10186.572698310116
11361,1775520600000,10186.572698310116
11362,1775520900000,10186.572698310116
11363,1775521200000,10186.572698310116
11364,1775521500000,10186.572698310116
11365,1775521800000,10186.572698310116
11366,1775522100000,10186.572698310116
11367,1775522400000,10186.572698310116
11368,1775522700000,10186.572698310116
11369,1775523000000,10186.572698310116
11370,1775523300000,10186.572698310116
11371,1775523600000,10186.572698310116
11372,1775523900000,10186.572698310116
11373,1775524200000,10186.572698310116
11374,1775524500000,10186.572698310116
11375,1775524800000,10186.572698310116
11376,1775525100000,10186.572698310116
11377,1775525400000,10186.572698310116
11378,1775525700000,10186.572698310116
11379,1775526000000,10186.572698310116
11380,1775526300000,10186.572698310116
11381,1775526600000,10186.572698310116
11382,1775526900000,10186.572698310116
11383,1775527200000,10186.572698310116
11384,1775527500000,10186.572698310116
11385,1775527800000,10186.572698310116
11386,1775528100000,10186.572698310116
11387,1775528400000,10186.572698310116
11388,1775528700000,10186.572698310116
11389,1775529000000,10186.572698310116
11390,1775529300000,10186.572698310116
11391,1775529600000,10186.572698310116
11392,1775529900000,10186.572698310116
11393,1775530200000,10186.572698310116
11394,1775530500000,10186.572698310116
11395,1775530800000,10186.572698310116
11396,1775531100000,10186.572698310116
11397,1775531400000,10186.572698310116
11398,1775531700000,10186.572698310116
11399,1775532000000,10186.572698310116
11400,1775532300000,10186.572698310116
11401,1775532600000,10186.572698310116
11402,1775532900000,10186.572698310116
11403,1775533200000,10186.572698310116
11404,1775533500000,10186.572698310116
11405,1775533800000,10186.572698310116
11406,1775534100000,10186.572698310116
11407,1775534400000,10186.572698310116
11408,1775534700000,10186.572698310116
11409,1775535000000,10186.572698310116
11410,1775535300000,10186.572698310116
11411,1775535600000,10186.572698310116
11412,1775535900000,10186.572698310116
11413,1775536200000,10186.572698310116
11414,1775536500000,10186.572698310116
11415,1775536800000,10186.572698310116
11416,1775537100000,10186.572698310116
11417,1775537400000,10186.572698310116
11418,1775537700000,10186.572698310116
11419,1775538000000,10186.572698310116
11420,1775538300000,10186.572698310116
11421,1775538600000,10186.572698310116
11422,1775538900000,10186.572698310116
11423,1775539200000,10186.572698310116
11424,1775539500000,10186.572698310116
11425,1775539800000,10186.572698310116
11426,1775540100000,10186.572698310116
11427,1775540400000,10186.572698310116
11428,1775540700000,10186.572698310116
11429,1775541000000,10186.572698310116
11430,1775541300000,10186.572698310116
11431,1775541600000,10186.572698310116
11432,1775541900000,10186.572698310116
11433,1775542200000,10186.572698310116
11434,1775542500000,10186.572698310116
11435,1775542800000,10186.572698310116
11436,1775543100000,10186.572698310116
11437,1775543400000,10186.572698310116
11438,1775543700000,10186.572698310116
11439,1775544000000,10186.572698310116
11440,1775544300000,10186.572698310116
11441,1775544600000,10186.572698310116
11442,1775544900000,10186.572698310116
11443,1775545200000,10186.572698310116
11444,1775545500000,10186.572698310116
11445,1775545800000,10186.572698310116
11446,1775546100000,10186.572698310116
11447,1775546400000,10186.572698310116
11448,1775546700000,10186.572698310116
11449,1775547000000,10186.572698310116
11450,1775547300000,10186.572698310116
11451,1775547600000,10186.572698310116
11452,1775547900000,10186.572698310116
11453,1775548200000,10186.572698310116
11454,1775548500000,10186.572698310116
11455,1775548800000,10186.572698310116
11456,1775549100000,10186.572698310116
11457,1775549400000,10186.572698310116
11458,1775549700000,10186.572698310116
11459,1775550000000,10186.572698310116
11460,1775550300000,10186.572698310116
11461,1775550600000,10186.572698310116
11462,1775550900000,10186.572698310116
11463,1775551200000,10186.572698310116
11464,1775551500000,10186.572698310116
11465,1775551800000,10186.572698310116
11466,1775552100000,10186.572698310116
11467,1775552400000,10186.572698310116
11468,1775552700000,10186.572698310116
11469,1775553000000,10186.572698310116
11470,1775553300000,10186.572698310116
11471,1775553600000,10186.572698310116
11472,1775553900000,10186.572698310116
11473,1775554200000,10186.572698310116
11474,1775554500000,10186.572698310116
11475,1775554800000,10186.572698310116
11476,1775555100000,10186.572698310116
11477,1775555400000,10186.572698310116
11478,1775555700000,10186.572698310116
11479,1775556000000,10186.572698310116
11480,1775556300000,10186.572698310116
11481,1775556600000,10186.572698310116
11482,1775556900000,10186.572698310116
11483,1775557200000,10186.572698310116
11484,1775557500000,10186.572698310116
11485,1775557800000,10186.572698310116
11486,1775558100000,10186.572698310116
11487,1775558400000,10186.572698310116
11488,1775558700000,10186.572698310116
11489,1775559000000,10186.572698310116
11490,1775559300000,10186.572698310116
11491,1775559600000,10186.572698310116
11492,1775559900000,10186.572698310116
11493,1775560200000,10186.572698310116
11494,1775560500000,10186.572698310116
11495,1775560800000,10186.572698310116
11496,1775561100000,10186.572698310116
11497,1775561400000,10186.572698310116
11498,1775561700000,10186.572698310116
11499,1775562000000,10186.572698310116
11500,1775562300000,10186.572698310116
11501,1775562600000,10186.572698310116
11502,1775562900000,10186.572698310116
11503,1775563200000,10186.572698310116
11504,1775563500000,10186.572698310116
11505,1775563800000,10186.572698310116
11506,1775564100000,10186.572698310116
11507,1775564400000,10186.572698310116
11508,1775564700000,10186.572698310116
11509,1775565000000,10186.572698310116
11510,1775565300000,10186.572698310116
11511,1775565600000,10186.572698310116
11512,1775565900000,10186.572698310116
11513,1775566200000,10186.572698310116
11514,1775566500000,10186.572698310116
11515,1775566800000,10186.572698310116
11516,1775567100000,10186.572698310116
11517,1775567400000,10186.572698310116
11518,1775567700000,10186.572698310116
11519,1775568000000,10186.572698310116
11520,1775568300000,10186.572698310116
11521,1775568600000,10186.572698310116
11522,1775568900000,10186.572698310116
11523,1775569200000,10186.572698310116
11524,1775569500000,10186.572698310116
11525,1775569800000,10186.572698310116
11526,1775570100000,10186.572698310116
11527,1775570400000,10186.572698310116
11528,1775570700000,10186.572698310116
11529,1775571000000,10186.572698310116
11530,1775571300000,10186.572698310116
11531,1775571600000,10186.572698310116
11532,1775571900000,10186.572698310116
11533,1775572200000,10186.572698310116
11534,1775572500000,10186.572698310116
11535,1775572800000,10186.572698310116
11536,1775573100000,10186.572698310116
11537,1775573400000,10186.572698310116
11538,1775573700000,10186.572698310116
11539,1775574000000,10186.572698310116
11540,1775574300000,10186.572698310116
11541,1775574600000,10186.572698310116
11542,1775574900000,10186.572698310116
11543,1775575200000,10186.572698310116
11544,1775575500000,10186.572698310116
11545,1775575800000,10186.572698310116
11546,1775576100000,10186.572698310116
11547,1775576400000,10186.572698310116
11548,1775576700000,10186.572698310116
11549,1775577000000,10186.572698310116
11550,1775577300000,10186.572698310116
11551,1775577600000,10186.572698310116
11552,1775577900000,10186.572698310116
11553,1775578200000,10186.572698310116
11554,1775578500000,10186.572698310116
11555,1775578800000,10186.572698310116
11556,1775579100000,10186.572698310116
11557,1775579400000,10186.572698310116
11558,1775579700000,10186.572698310116
11559,1775580000000,10186.572698310116
11560,1775580300000,10186.572698310116
11561,1775580600000,10186.572698310116
11562,1775580900000,10186.572698310116
11563,1775581200000,10186.572698310116
11564,1775581500000,10186.572698310116
11565,1775581800000,10186.572698310116
11566,1775582100000,10186.572698310116
11567,1775582400000,10186.572698310116
11568,1775582700000,10186.572698310116
11569,1775583000000,10186.572698310116
11570,1775583300000,10186.572698310116
11571,1775583600000,10186.572698310116
11572,1775583900000,10186.572698310116
11573,1775584200000,10186.572698310116
11574,1775584500000,10186.572698310116
11575,1775584800000,10186.572698310116
11576,1775585100000,10186.572698310116
11577,1775585400000,10186.572698310116
11578,1775585700000,10186.572698310116
11579,1775586000000,10186.572698310116
11580,1775586300000,10186.572698310116
11581,1775586600000,10186.572698310116
11582,1775586900000,10186.572698310116
11583,1775587200000,10186.572698310116
11584,1775587500000,10186.572698310116
11585,1775587800000,10186.572698310116
11586,1775588100000,10186.572698310116
11587,1775588400000,10186.572698310116
11588,1775588700000,10186.572698310116
11589,1775589000000,10186.572698310116
11590,1775589300000,10186.572698310116
11591,1775589600000,10186.572698310116
11592,1775589900000,10186.572698310116
11593,1775590200000,10186.572698310116
11594,1775590500000,10186.572698310116
11595,1775590800000,10186.572698310116
11596,1775591100000,10186.572698310116
11597,1775591400000,10186.572698310116
11598,1775591700000,10186.572698310116
11599,1775592000000,10186.572698310116
11600,1775592300000,10186.572698310116
11601,1775592600000,10186.572698310116
11602,1775592900000,10186.572698310116
11603,1775593200000,10186.572698310116
11604,1775593500000,10186.572698310116
11605,1775593800000,10186.572698310116
11606,1775594100000,10186.572698310116
11607,1775594400000,10186.572698310116
11608,1775594700000,10186.572698310116
11609,1775595000000,10186.572698310116
11610,1775595300000,10186.572698310116
11611,1775595600000,10186.572698310116
11612,1775595900000,10186.572698310116
11613,1775596200000,10186.572698310116
11614,1775596500000,10186.572698310116
11615,1775596800000,10186.572698310116
11616,1775597100000,10186.572698310116
11617,1775597400000,10186.572698310116
11618,1775597700000,10186.572698310116
11619,1775598000000,10186.572698310116
11620,1775598300000,10186.572698310116
11621,1775598600000,10186.572698310116
11622,1775598900000,10186.572698310116
11623,1775599200000,10186.572698310116
11624,1775599500000,10186.572698310116
11625,1775599800000,10186.572698310116
11626,1775600100000,10186.572698310116
11627,1775600400000,10186.572698310116
11628,1775600700000,10186.572698310116
11629,1775601000000,10186.572698310116
11630,1775601300000,10186.572698310116
11631,1775601600000,10186.572698310116
11632,1775601900000,10186.572698310116
11633,1775602200000,10186.572698310116
11634,1775602500000,10186.572698310116
11635,1775602800000,10186.572698310116
11636,1775603100000,10186.572698310116
11637,1775603400000,10186.572698310116
11638,1775603700000,10186.572698310116
11639,1775604000000,10186.572698310116
11640,1775604300000,10186.572698310116
11641,1775604600000,10186.572698310116
11642,1775604900000,10186.572698310116
11643,1775605200000,10186.572698310116
11644,1775605500000,10186.572698310116
11645,1775605800000,10186.572698310116
11646,1775606100000,10186.572698310116
11647,1775606400000,10186.572698310116
11648,1775606700000,10186.572698310116
11649,1775607000000,10186.572698310116
11650,1775607300000,10186.572698310116
11651,1775607600000,10186.572698310116
11652,1775607900000,10186.572698310116
11653,1775608200000,10186.572698310116
11654,1775608500000,10186.572698310116
11655,1775608800000,10186.572698310116
11656,1775609100000,10186.572698310116
11657,1775609400000,10186.572698310116
11658,1775609700000,10186.572698310116
11659,1775610000000,10186.572698310116
11660,1775610300000,10186.572698310116
11661,1775610600000,10186.572698310116
11662,1775610900000,10186.572698310116
11663,1775611200000,10186.572698310116
11664,1775611500000,10186.572698310116
11665,1775611800000,10186.572698310116
11666,1775612100000,10186.572698310116
11667,1775612400000,10186.572698310116
11668,1775612700000,10186.572698310116
11669,1775613000000,10186.572698310116
11670,1775613300000,10186.572698310116
11671,1775613600000,10186.572698310116
11672,1775613900000,10186.572698310116
11673,1775614200000,10186.572698310116
11674,1775614500000,10186.572698310116
11675,1775614800000,10186.572698310116
11676,1775615100000,10186.572698310116
11677,1775615400000,10186.572698310116
11678,1775615700000,10186.572698310116
11679,1775616000000,10186.572698310116
11680,1775616300000,10186.572698310116
11681,1775616600000,10186.572698310116
11682,1775616900000,10186.572698310116
11683,1775617200000,10186.572698310116
11684,1775617500000,10186.572698310116
11685,1775617800000,10186.572698310116
11686,1775618100000,10186.572698310116
11687,1775618400000,10186.572698310116
11688,1775618700000,10186.572698310116
11689,1775619000000,10186.572698310116
11690,1775619300000,10186.572698310116
11691,1775619600000,10186.572698310116
11692,1775619900000,10186.572698310116
11693,1775620200000,10186.572698310116
11694,1775620500000,10186.572698310116
11695,1775620800000,10186.572698310116
11696,1775621100000,10186.572698310116
11697,1775621400000,10186.572698310116
11698,1775621700000,10186.572698310116
11699,1775622000000,10186.572698310116
11700,1775622300000,10186.572698310116
11701,1775622600000,10186.572698310116
11702,1775622900000,10186.572698310116
11703,1775623200000,10186.572698310116
11704,1775623500000,10186.572698310116
11705,1775623800000,10186.572698310116
11706,1775624100000,10186.572698310116
11707,1775624400000,10186.572698310116
11708,1775624700000,10186.572698310116
11709,1775625000000,10186.572698310116
11710,1775625300000,10186.572698310116
11711,1775625600000,10186.572698310116
11712,1775625900000,10186.572698310116
11713,1775626200000,10186.572698310116
11714,1775626500000,10186.572698310116
11715,1775626800000,10186.572698310116
11716,1775627100000,10186.572698310116
11717,1775627400000,10186.572698310116
11718,1775627700000,10186.572698310116
11719,1775628000000,10186.572698310116
11720,1775628300000,10186.572698310116
11721,1775628600000,10186.572698310116
11722,1775628900000,10186.572698310116
11723,1775629200000,10186.572698310116
11724,1775629500000,10186.572698310116
11725,1775629800000,10186.572698310116
11726,1775630100000,10186.572698310116
11727,1775630400000,10186.572698310116
11728,1775630700000,10186.572698310116
11729,1775631000000,10186.572698310116
11730,1775631300000,10186.572698310116
11731,1775631600000,10186.572698310116
11732,1775631900000,10186.572698310116
11733,1775632200000,10186.572698310116
11734,1775632500000,10186.572698310116
11735,1775632800000,10186.572698310116
11736,1775633100000,10186.572698310116
11737,1775633400000,10186.572698310116
11738,1775633700000,10186.572698310116
11739,1775634000000,10186.572698310116
11740,1775634300000,10186.572698310116
11741,1775634600000,10186.572698310116
11742,1775634900000,10186.572698310116
11743,1775635200000,10186.572698310116
11744,1775635500000,10186.572698310116
11745,1775635800000,10186.572698310116
11746,1775636100000,10186.572698310116
11747,1775636400000,10186.572698310116
11748,1775636700000,10186.572698310116
11749,1775637000000,10186.572698310116
11750,1775637300000,10186.572698310116
11751,1775637600000,10186.572698310116
11752,1775637900000,10186.572698310116
11753,1775638200000,10186.572698310116
11754,1775638500000,10186.572698310116
11755,1775638800000,10186.572698310116
11756,1775639100000,10186.572698310116
11757,1775639400000,10186.572698310116
11758,1775639700000,10186.572698310116
11759,1775640000000,10186.572698310116
11760,1775640300000,10186.572698310116
11761,1775640600000,10186.572698310116
11762,1775640900000,10186.572698310116
11763,1775641200000,10186.572698310116
11764,1775641500000,10186.572698310116
11765,1775641800000,10186.572698310116
11766,1775642100000,10186.572698310116
11767,1775642400000,10186.572698310116
11768,1775642700000,10186.572698310116
11769,1775643000000,10186.572698310116
11770,1775643300000,10186.572698310116
11771,1775643600000,10186.572698310116
11772,1775643900000,10186.572698310116
11773,1775644200000,10186.572698310116
11774,1775644500000,10186.572698310116
11775,1775644800000,10186.572698310116
11776,1775645100000,10186.572698310116
11777,1775645400000,10186.572698310116
11778,1775645700000,10186.572698310116
11779,1775646000000,10186.572698310116
11780,1775646300000,10186.572698310116
11781,1775646600000,10186.572698310116
11782,1775646900000,10186.572698310116
11783,1775647200000,10186.572698310116
11784,1775647500000,10186.572698310116
11785,1775647800000,10186.572698310116
11786,1775648100000,10186.572698310116
11787,1775648400000,10186.572698310116
11788,1775648700000,10186.572698310116
11789,1775649000000,10186.572698310116
11790,1775649300000,10186.572698310116
11791,1775649600000,10186.572698310116
11792,1775649900000,10186.572698310116
11793,1775650200000,10186.572698310116
11794,1775650500000,10186.572698310116
11795,1775650800000,10186.572698310116
11796,1775651100000,10186.572698310116
11797,1775651400000,10186.572698310116
11798,1775651700000,10186.572698310116
11799,1775652000000,10186.572698310116
11800,1775652300000,10186.572698310116
11801,1775652600000,10186.572698310116
11802,1775652900000,10186.572698310116
11803,1775653200000,10186.572698310116
11804,1775653500000,10186.572698310116
11805,1775653800000,10186.572698310116
11806,1775654100000,10186.572698310116
11807,1775654400000,10186.572698310116
11808,1775654700000,10186.572698310116
11809,1775655000000,10186.572698310116
11810,1775655300000,10186.572698310116
11811,1775655600000,10186.572698310116
11812,1775655900000,10186.572698310116
11813,1775656200000,10186.572698310116
11814,1775656500000,10186.572698310116
11815,1775656800000,10186.572698310116
11816,1775657100000,10186.572698310116
11817,1775657400000,10186.572698310116
11818,1775657700000,10186.572698310116
11819,1775658000000,10186.572698310116
11820,1775658300000,10186.572698310116
11821,1775658600000,10186.572698310116
11822,1775658900000,10186.572698310116
11823,1775659200000,10186.572698310116
11824,1775659500000,10186.572698310116
11825,1775659800000,10186.572698310116
11826,1775660100000,10186.572698310116
11827,1775660400000,10186.572698310116
11828,1775660700000,10186.572698310116
11829,1775661000000,10186.572698310116
11830,1775661300000,10186.572698310116
11831,1775661600000,10186.572698310116
11832,1775661900000,10186.572698310116
11833,1775662200000,10186.572698310116
11834,1775662500000,10186.572698310116
11835,1775662800000,10186.572698310116
11836,1775663100000,10186.572698310116
11837,1775663400000,10186.572698310116
11838,1775663700000,10186.572698310116
11839,1775664000000,10186.572698310116
11840,1775664300000,10186.572698310116
11841,1775664600000,10186.572698310116
11842,1775664900000,10186.572698310116
11843,1775665200000,10186.572698310116
11844,1775665500000,10186.572698310116
11845,1775665800000,10186.572698310116
11846,1775666100000,10186.572698310116
11847,1775666400000,10186.572698310116
11848,1775666700000,10186.572698310116
11849,1775667000000,10186.572698310116
11850,1775667300000,10186.572698310116
11851,1775667600000,10186.572698310116
11852,1775667900000,10186.572698310116
11853,1775668200000,10186.572698310116
11854,1775668500000,10186.572698310116
11855,1775668800000,10186.572698310116
11856,1775669100000,10186.572698310116
11857,1775669400000,10186.572698310116
11858,1775669700000,10186.572698310116
11859,1775670000000,10186.572698310116
11860,1775670300000,10186.572698310116
11861,1775670600000,10186.572698310116
11862,1775670900000,10186.572698310116
11863,1775671200000,10186.572698310116
11864,1775671500000,10186.572698310116
11865,1775671800000,10186.572698310116
11866,1775672100000,10186.572698310116
11867,1775672400000,10186.572698310116
11868,1775672700000,10186.572698310116
11869,1775673000000,10186.572698310116
11870,1775673300000,10186.572698310116
11871,1775673600000,10186.572698310116
11872,1775673900000,10186.572698310116
11873,1775674200000,10186.572698310116
11874,1775674500000,10186.572698310116
11875,1775674800000,10186.572698310116
11876,1775675100000,10186.572698310116
11877,1775675400000,10186.572698310116
11878,1775675700000,10186.572698310116
11879,1775676000000,10186.572698310116
11880,1775676300000,10186.572698310116
11881,1775676600000,10186.572698310116
11882,1775676900000,10186.572698310116
11883,1775677200000,10186.572698310116
11884,1775677500000,10186.572698310116
11885,1775677800000,10186.572698310116
11886,1775678100000,10186.572698310116
11887,1775678400000,10186.572698310116
11888,1775678700000,10186.572698310116
11889,1775679000000,10186.572698310116
11890,1775679300000,10186.572698310116
11891,1775679600000,10186.572698310116
11892,1775679900000,10186.572698310116
11893,1775680200000,10186.572698310116
11894,1775680500000,10186.572698310116
11895,1775680800000,10186.572698310116
11896,1775681100000,10186.572698310116
11897,1775681400000,10186.572698310116
11898,1775681700000,10186.572698310116
11899,1775682000000,10186.572698310116
11900,1775682300000,10186.572698310116
11901,1775682600000,10186.572698310116
11902,1775682900000,10186.572698310116
11903,1775683200000,10186.572698310116
11904,1775683500000,10186.572698310116
11905,1775683800000,10186.572698310116
11906,1775684100000,10186.572698310116
11907,1775684400000,10186.572698310116
11908,1775684700000,10186.572698310116
11909,1775685000000,10186.572698310116
11910,1775685300000,10186.572698310116
11911,1775685600000,10186.572698310116
11912,1775685900000,10186.572698310116
11913,1775686200000,10186.572698310116
11914,1775686500000,10186.572698310116
11915,1775686800000,10186.572698310116
11916,1775687100000,10186.572698310116
11917,1775687400000,10186.572698310116
11918,1775687700000,10186.572698310116
11919,1775688000000,10186.572698310116
11920,1775688300000,10186.572698310116
11921,1775688600000,10186.572698310116
11922,1775688900000,10186.572698310116
11923,1775689200000,10186.572698310116
11924,1775689500000,10186.572698310116
11925,1775689800000,10186.572698310116
11926,1775690100000,10186.572698310116
11927,1775690400000,10186.572698310116
11928,1775690700000,10186.572698310116
11929,1775691000000,10186.572698310116
11930,1775691300000,10186.572698310116
11931,1775691600000,10186.572698310116
11932,1775691900000,10186.572698310116
11933,1775692200000,10186.572698310116
11934,1775692500000,10186.572698310116
11935,1775692800000,10186.572698310116
11936,1775693100000,10186.572698310116
11937,1775693400000,10186.572698310116
11938,1775693700000,10186.572698310116
11939,1775694000000,10186.572698310116
11940,1775694300000,10186.572698310116
11941,1775694600000,10186.572698310116
11942,1775694900000,10186.572698310116
11943,1775695200000,10186.572698310116
11944,1775695500000,10186.572698310116
11945,1775695800000,10186.572698310116
11946,1775696100000,10186.572698310116
11947,1775696400000,10186.572698310116
11948,1775696700000,10186.572698310116
11949,1775697000000,10186.572698310116
11950,1775697300000,10186.572698310116
11951,1775697600000,10186.572698310116
11952,1775697900000,10186.572698310116
11953,1775698200000,10186.572698310116
11954,1775698500000,10186.572698310116
11955,1775698800000,10186.572698310116
11956,1775699100000,10186.572698310116
11957,1775699400000,10186.572698310116
11958,1775699700000,10186.572698310116
11959,1775700000000,10186.572698310116
11960,1775700300000,10186.572698310116
11961,1775700600000,10186.572698310116
11962,1775700900000,10186.572698310116
11963,1775701200000,10186.572698310116
11964,1775701500000,10186.572698310116
11965,1775701800000,10186.572698310116
11966,1775702100000,10186.572698310116
11967,1775702400000,10186.572698310116
11968,1775702700000,10186.572698310116
11969,1775703000000,10186.572698310116
11970,1775703300000,10186.572698310116
11971,1775703600000,10186.572698310116
11972,1775703900000,10186.572698310116
11973,1775704200000,10186.572698310116
11974,1775704500000,10186.572698310116
11975,1775704800000,10186.572698310116
11976,1775705100000,10186.572698310116
11977,1775705400000,10186.572698310116
11978,1775705700000,10186.572698310116
11979,1775706000000,10186.572698310116
11980,1775706300000,10186.572698310116
11981,1775706600000,10186.572698310116
11982,1775706900000,10186.572698310116
11983,1775707200000,10186.572698310116
11984,1775707500000,10186.572698310116
11985,1775707800000,10186.572698310116
11986,1775708100000,10186.572698310116
11987,1775708400000,10186.572698310116
11988,1775708700000,10186.572698310116
11989,1775709000000,10186.572698310116
11990,1775709300000,10186.572698310116
11991,1775709600000,10186.572698310116
11992,1775709900000,10186.572698310116
11993,1775710200000,10186.572698310116
11994,1775710500000,10186.572698310116
11995,1775710800000,10186.572698310116
11996,1775711100000,10186.572698310116
11997,1775711400000,10186.572698310116
11998,1775711700000,10186.572698310116
11999,1775712000000,10186.572698310116
12000,1775712300000,10186.572698310116
12001,1775712600000,10186.572698310116
12002,1775712900000,10186.572698310116
12003,1775713200000,10186.572698310116
12004,1775713500000,10186.572698310116
12005,1775713800000,10186.572698310116
12006,1775714100000,10186.572698310116
12007,1775714400000,10186.572698310116
12008,1775714700000,10186.572698310116
12009,1775715000000,10186.572698310116
12010,1775715300000,10186.572698310116
12011,1775715600000,10186.572698310116
12012,1775715900000,10186.572698310116
12013,1775716200000,10186.572698310116
12014,1775716500000,10186.572698310116
12015,1775716800000,10186.572698310116
12016,1775717100000,10186.572698310116
12017,1775717400000,10186.572698310116
12018,1775717700000,10186.572698310116
12019,1775718000000,10186.572698310116
12020,1775718300000,10186.572698310116
12021,1775718600000,10186.572698310116
12022,1775718900000,10186.572698310116
12023,1775719200000,10186.572698310116
12024,1775719500000,10186.572698310116
12025,1775719800000,10186.572698310116
12026,1775720100000,10186.572698310116
12027,1775720400000,10186.572698310116
12028,1775720700000,10186.572698310116
12029,1775721000000,10186.572698310116
12030,1775721300000,10186.572698310116
12031,1775721600000,10186.572698310116
12032,1775721900000,10186.572698310116
12033,1775722200000,10186.572698310116
12034,1775722500000,10186.572698310116
12035,1775722800000,10186.572698310116
12036,1775723100000,10186.572698310116
12037,1775723400000,10186.572698310116
12038,1775723700000,10186.572698310116
12039,1775724000000,10186.572698310116
12040,1775724300000,10186.572698310116
12041,1775724600000,10186.572698310116
12042,1775724900000,10186.572698310116
12043,1775725200000,10186.572698310116
12044,1775725500000,10186.572698310116
12045,1775725800000,10186.572698310116
12046,1775726100000,10186.572698310116
12047,1775726400000,10186.572698310116
12048,1775726700000,10186.572698310116
12049,1775727000000,10186.572698310116
12050,1775727300000,10186.572698310116
12051,1775727600000,10186.572698310116
12052,1775727900000,10186.572698310116
12053,1775728200000,10186.572698310116
12054,1775728500000,10186.572698310116
12055,1775728800000,10186.572698310116
12056,1775729100000,10186.572698310116
12057,1775729400000,10186.572698310116
12058,1775729700000,10186.572698310116
12059,1775730000000,10186.572698310116
12060,1775730300000,10186.572698310116
12061,1775730600000,10186.572698310116
12062,1775730900000,10186.572698310116
12063,1775731200000,10186.572698310116
12064,1775731500000,10186.572698310116
12065,1775731800000,10186.572698310116
12066,1775732100000,10186.572698310116
12067,1775732400000,10186.572698310116
12068,1775732700000,10186.572698310116
12069,1775733000000,10186.572698310116
12070,1775733300000,10186.572698310116
12071,1775733600000,10186.572698310116
12072,1775733900000,10186.572698310116
12073,1775734200000,10186.572698310116
12074,1775734500000,10186.572698310116
12075,1775734800000,10186.572698310116
12076,1775735100000,10186.572698310116
12077,1775735400000,10186.572698310116
12078,1775735700000,10186.572698310116
12079,1775736000000,10186.572698310116
12080,1775736300000,10186.572698310116
12081,1775736600000,10186.572698310116
12082,1775736900000,10186.572698310116
12083,1775737200000,10186.572698310116
12084,1775737500000,10186.572698310116
12085,1775737800000,10186.572698310116
12086,1775738100000,10186.572698310116
12087,1775738400000,10186.572698310116
12088,1775738700000,10186.572698310116
12089,1775739000000,10186.572698310116
12090,1775739300000,10186.572698310116
12091,1775739600000,10186.572698310116
12092,1775739900000,10186.572698310116
12093,1775740200000,10186.572698310116
12094,1775740500000,10186.572698310116
12095,1775740800000,10186.572698310116
12096,1775741100000,10186.572698310116
12097,1775741400000,10186.572698310116
12098,1775741700000,10186.572698310116
12099,1775742000000,10186.572698310116
12100,1775742300000,10186.572698310116
12101,1775742600000,10186.572698310116
12102,1775742900000,10186.572698310116
12103,1775743200000,10186.572698310116
12104,1775743500000,10186.572698310116
12105,1775743800000,10186.572698310116
12106,1775744100000,10186.572698310116
12107,1775744400000,10186.572698310116
12108,1775744700000,10186.572698310116
12109,1775745000000,10186.572698310116
12110,1775745300000,10186.572698310116
12111,1775745600000,10186.572698310116
12112,1775745900000,10186.572698310116
12113,1775746200000,10186.572698310116
12114,1775746500000,10186.572698310116
12115,1775746800000,10186.572698310116
12116,1775747100000,10186.572698310116
12117,1775747400000,10186.572698310116
12118,1775747700000,10186.572698310116
12119,1775748000000,10186.572698310116
12120,1775748300000,10186.572698310116
12121,1775748600000,10186.572698310116
12122,1775748900000,10186.572698310116
12123,1775749200000,10186.572698310116
12124,1775749500000,10186.572698310116
12125,1775749800000,10186.572698310116
12126,1775750100000,10186.572698310116
12127,1775750400000,10186.572698310116
12128,1775750700000,10186.572698310116
12129,1775751000000,10186.572698310116
12130,1775751300000,10186.572698310116
12131,1775751600000,10186.572698310116
12132,1775751900000,10186.572698310116
12133,1775752200000,10186.572698310116
12134,1775752500000,10186.572698310116
12135,1775752800000,10186.572698310116
12136,1775753100000,10186.572698310116
12137,1775753400000,10186.572698310116
12138,1775753700000,10186.572698310116
12139,1775754000000,10186.572698310116
12140,1775754300000,10186.572698310116
12141,1775754600000,10186.572698310116
12142,1775754900000,10186.572698310116
12143,1775755200000,10186.572698310116
12144,1775755500000,10186.572698310116
12145,1775755800000,10186.572698310116
12146,1775756100000,10186.572698310116
12147,1775756400000,10186.572698310116
12148,1775756700000,10186.572698310116
12149,1775757000000,10186.572698310116
12150,1775757300000,10186.572698310116
12151,1775757600000,10186.572698310116
12152,1775757900000,10186.572698310116
12153,1775758200000,10186.572698310116
12154,1775758500000,10186.572698310116
12155,1775758800000,10186.572698310116
12156,1775759100000,10186.572698310116
12157,1775759400000,10186.572698310116
12158,1775759700000,10186.572698310116
12159,1775760000000,10186.572698310116
12160,1775760300000,10186.572698310116
12161,1775760600000,10186.572698310116
12162,1775760900000,10186.572698310116
12163,1775761200000,10186.572698310116
12164,1775761500000,10186.572698310116
12165,1775761800000,10186.572698310116
12166,1775762100000,10186.572698310116
12167,1775762400000,10186.572698310116
12168,1775762700000,10186.572698310116
12169,1775763000000,10186.572698310116
12170,1775763300000,10186.572698310116
12171,1775763600000,10186.572698310116
12172,1775763900000,10186.572698310116
12173,1775764200000,10186.572698310116
12174,1775764500000,10186.572698310116
12175,1775764800000,10186.572698310116
12176,1775765100000,10186.572698310116
12177,1775765400000,10186.572698310116
12178,1775765700000,10186.572698310116
12179,1775766000000,10186.572698310116
12180,1775766300000,10186.572698310116
12181,1775766600000,10186.572698310116
12182,1775766900000,10186.572698310116
12183,1775767200000,10186.572698310116
12184,1775767500000,10186.572698310116
12185,1775767800000,10186.572698310116
12186,1775768100000,10186.572698310116
12187,1775768400000,10186.572698310116
12188,1775768700000,10186.572698310116
12189,1775769000000,10186.572698310116
12190,1775769300000,10186.572698310116
12191,1775769600000,10186.572698310116
12192,1775769900000,10186.572698310116
12193,1775770200000,10186.572698310116
12194,1775770500000,10186.572698310116
12195,1775770800000,10186.572698310116
12196,1775771100000,10186.572698310116
12197,1775771400000,10186.572698310116
12198,1775771700000,10186.572698310116
12199,1775772000000,10186.572698310116
12200,1775772300000,10186.572698310116
12201,1775772600000,10186.572698310116
12202,1775772900000,10186.572698310116
12203,1775773200000,10186.572698310116
12204,1775773500000,10186.572698310116
12205,1775773800000,10186.572698310116
12206,1775774100000,10186.572698310116
12207,1775774400000,10186.572698310116
12208,1775774700000,10186.572698310116
12209,1775775000000,10186.572698310116
12210,1775775300000,10186.572698310116
12211,1775775600000,10186.572698310116
12212,1775775900000,10186.572698310116
12213,1775776200000,10186.572698310116
12214,1775776500000,10186.572698310116
12215,1775776800000,10186.572698310116
12216,1775777100000,10186.572698310116
12217,1775777400000,10186.572698310116
12218,1775777700000,10186.572698310116
12219,1775778000000,10186.572698310116
12220,1775778300000,10186.572698310116
12221,1775778600000,10186.572698310116
12222,1775778900000,10186.572698310116
12223,1775779200000,10186.572698310116
12224,1775779500000,10186.572698310116
12225,1775779800000,10186.572698310116
12226,1775780100000,10186.572698310116
12227,1775780400000,10186.572698310116
12228,1775780700000,10186.572698310116
12229,1775781000000,10186.572698310116
12230,1775781300000,10186.572698310116
12231,1775781600000,10186.572698310116
12232,1775781900000,10186.572698310116
12233,1775782200000,10186.572698310116
12234,1775782500000,10186.572698310116
12235,1775782800000,10186.572698310116
12236,1775783100000,10186.572698310116
12237,1775783400000,10186.572698310116
12238,1775783700000,10186.572698310116
12239,1775784000000,10186.572698310116
12240,1775784300000,10186.572698310116
12241,1775784600000,10186.572698310116
12242,1775784900000,10186.572698310116
12243,1775785200000,10186.572698310116
12244,1775785500000,10186.572698310116
12245,1775785800000,10186.572698310116
12246,1775786100000,10186.572698310116
12247,1775786400000,10186.572698310116
12248,1775786700000,10186.572698310116
12249,1775787000000,10186.572698310116
12250,1775787300000,10186.572698310116
12251,1775787600000,10186.572698310116
12252,1775787900000,10186.572698310116
12253,1775788200000,10186.572698310116
12254,1775788500000,10186.572698310116
12255,1775788800000,10186.572698310116
12256,1775789100000,10186.572698310116
12257,1775789400000,10186.572698310116
12258,1775789700000,10186.572698310116
12259,1775790000000,10186.572698310116
12260,1775790300000,10186.572698310116
12261,1775790600000,10186.572698310116
12262,1775790900000,10186.572698310116
12263,1775791200000,10186.572698310116
12264,1775791500000,10186.572698310116
12265,1775791800000,10186.572698310116
12266,1775792100000,10186.572698310116
12267,1775792400000,10186.572698310116
12268,1775792700000,10186.572698310116
12269,1775793000000,10186.572698310116
12270,1775793300000,10186.572698310116
12271,1775793600000,10186.572698310116
12272,1775793900000,10186.572698310116
12273,1775794200000,10186.572698310116
12274,1775794500000,10186.572698310116
12275,1775794800000,10186.572698310116
12276,1775795100000,10186.572698310116
12277,1775795400000,10186.572698310116
12278,1775795700000,10186.572698310116
12279,1775796000000,10186.572698310116
12280,1775796300000,10186.572698310116
12281,1775796600000,10186.572698310116
12282,1775796900000,10186.572698310116
12283,1775797200000,10186.572698310116
12284,1775797500000,10182.49806923079
12285,1775797800000,10180.36231499252
12286,1775798100000,10176.88385018136
12287,1775798400000,10176.88385018136
12288,1775798700000,10176.88385018136
12289,1775799000000,10176.88385018136
12290,1775799300000,10176.88385018136
12291,1775799600000,10176.88385018136
12292,1775799900000,10176.88385018136
12293,1775800200000,10176.88385018136
12294,1775800500000,10176.88385018136
12295,1775800800000,10176.88385018136
12296,1775801100000,10176.88385018136
12297,1775801400000,10176.88385018136
12298,1775801700000,10176.88385018136
12299,1775802000000,10176.88385018136
12300,1775802300000,10176.88385018136
12301,1775802600000,10176.88385018136
12302,1775802900000,10176.88385018136
12303,1775803200000,10176.88385018136
12304,1775803500000,10176.88385018136
12305,1775803800000,10176.88385018136
12306,1775804100000,10176.88385018136
12307,1775804400000,10176.88385018136
12308,1775804700000,10176.88385018136
12309,1775805000000,10176.88385018136
12310,1775805300000,10176.88385018136
12311,1775805600000,10176.88385018136
12312,1775805900000,10176.88385018136
12313,1775806200000,10176.88385018136
12314,1775806500000,10176.88385018136
12315,1775806800000,10176.88385018136
12316,1775807100000,10176.88385018136
12317,1775807400000,10176.88385018136
12318,1775807700000,10176.88385018136
12319,1775808000000,10176.88385018136
12320,1775808300000,10176.88385018136
12321,1775808600000,10176.88385018136
12322,1775808900000,10176.88385018136
12323,1775809200000,10176.88385018136
12324,1775809500000,10176.88385018136
12325,1775809800000,10176.88385018136
12326,1775810100000,10176.88385018136
12327,1775810400000,10176.88385018136
12328,1775810700000,10176.88385018136
12329,1775811000000,10176.88385018136
12330,1775811300000,10176.88385018136
12331,1775811600000,10176.88385018136
12332,1775811900000,10176.88385018136
12333,1775812200000,10176.88385018136
12334,1775812500000,10176.88385018136
12335,1775812800000,10176.88385018136
12336,1775813100000,10176.88385018136
12337,1775813400000,10176.88385018136
12338,1775813700000,10176.88385018136
12339,1775814000000,10176.88385018136
12340,1775814300000,10176.88385018136
12341,1775814600000,10176.88385018136
12342,1775814900000,10176.88385018136
12343,1775815200000,10176.88385018136
12344,1775815500000,10176.88385018136
12345,1775815800000,10176.88385018136
12346,1775816100000,10176.88385018136
12347,1775816400000,10176.88385018136
12348,1775816700000,10176.88385018136
12349,1775817000000,10176.88385018136
12350,1775817300000,10176.88385018136
12351,1775817600000,10176.88385018136
12352,1775817900000,10176.88385018136
12353,1775818200000,10176.88385018136
12354,1775818500000,10176.88385018136
12355,1775818800000,10176.88385018136
12356,1775819100000,10176.88385018136
12357,1775819400000,10176.88385018136
12358,1775819700000,10176.88385018136
12359,1775820000000,10176.88385018136
12360,1775820300000,10176.88385018136
12361,1775820600000,10176.88385018136
12362,1775820900000,10176.88385018136
12363,1775821200000,10176.88385018136
12364,1775821500000,10176.88385018136
12365,1775821800000,10176.88385018136
12366,1775822100000,10176.88385018136
12367,1775822400000,10176.88385018136
12368,1775822700000,10176.88385018136
12369,1775823000000,10176.88385018136
12370,1775823300000,10176.88385018136
12371,1775823600000,10176.88385018136
12372,1775823900000,10176.88385018136
12373,1775824200000,10176.88385018136
12374,1775824500000,10176.88385018136
12375,1775824800000,10176.88385018136
12376,1775825100000,10176.88385018136
12377,1775825400000,10176.88385018136
12378,1775825700000,10176.88385018136
12379,1775826000000,10176.88385018136
12380,1775826300000,10176.88385018136
12381,1775826600000,10176.88385018136
12382,1775826900000,10176.88385018136
12383,1775827200000,10176.88385018136
12384,1775827500000,10176.88385018136
12385,1775827800000,10176.88385018136
12386,1775828100000,10176.88385018136
12387,1775828400000,10176.88385018136
12388,1775828700000,10176.88385018136
12389,1775829000000,10176.88385018136
12390,1775829300000,10176.88385018136
12391,1775829600000,10176.88385018136
12392,1775829900000,10176.88385018136
12393,1775830200000,10176.88385018136
12394,1775830500000,10176.88385018136
12395,1775830800000,10176.88385018136
12396,1775831100000,10176.88385018136
12397,1775831400000,10176.88385018136
12398,1775831700000,10176.88385018136
12399,1775832000000,10176.88385018136
12400,1775832300000,10176.88385018136
12401,1775832600000,10176.88385018136
12402,1775832900000,10176.88385018136
12403,1775833200000,10176.88385018136
12404,1775833500000,10176.88385018136
12405,1775833800000,10176.88385018136
12406,1775834100000,10176.88385018136
12407,1775834400000,10176.88385018136
12408,1775834700000,10176.88385018136
12409,1775835000000,10176.88385018136
12410,1775835300000,10176.88385018136
12411,1775835600000,10176.88385018136
12412,1775835900000,10176.88385018136
12413,1775836200000,10176.88385018136
12414,1775836500000,10176.88385018136
12415,1775836800000,10176.88385018136
12416,1775837100000,10176.88385018136
12417,1775837400000,10176.88385018136
12418,1775837700000,10176.88385018136
12419,1775838000000,10176.88385018136
12420,1775838300000,10176.88385018136
12421,1775838600000,10176.88385018136
12422,1775838900000,10176.88385018136
12423,1775839200000,10176.88385018136
12424,1775839500000,10176.88385018136
12425,1775839800000,10176.88385018136
12426,1775840100000,10176.88385018136
12427,1775840400000,10176.88385018136
12428,1775840700000,10176.88385018136
12429,1775841000000,10176.88385018136
12430,1775841300000,10176.88385018136
12431,1775841600000,10176.88385018136
12432,1775841900000,10176.88385018136
12433,1775842200000,10176.88385018136
12434,1775842500000,10176.88385018136
12435,1775842800000,10176.88385018136
12436,1775843100000,10176.88385018136
12437,1775843400000,10176.88385018136
12438,1775843700000,10176.88385018136
12439,1775844000000,10176.88385018136
12440,1775844300000,10176.88385018136
12441,1775844600000,10176.88385018136
12442,1775844900000,10176.88385018136
12443,1775845200000,10176.88385018136
12444,1775845500000,10176.88385018136
12445,1775845800000,10176.88385018136
12446,1775846100000,10176.88385018136
12447,1775846400000,10176.88385018136
12448,1775846700000,10176.88385018136
12449,1775847000000,10176.88385018136
12450,1775847300000,10176.88385018136
12451,1775847600000,10176.88385018136
12452,1775847900000,10176.88385018136
12453,1775848200000,10176.88385018136
12454,1775848500000,10176.88385018136
12455,1775848800000,10176.88385018136
12456,1775849100000,10176.88385018136
12457,1775849400000,10176.88385018136
12458,1775849700000,10176.88385018136
12459,1775850000000,10176.88385018136
12460,1775850300000,10176.88385018136
12461,1775850600000,10176.88385018136
12462,1775850900000,10176.88385018136
12463,1775851200000,10176.88385018136
12464,1775851500000,10176.88385018136
12465,1775851800000,10176.88385018136
12466,1775852100000,10176.88385018136
12467,1775852400000,10176.88385018136
12468,1775852700000,10176.88385018136
12469,1775853000000,10176.88385018136
12470,1775853300000,10176.88385018136
12471,1775853600000,10176.88385018136
12472,1775853900000,10176.88385018136
12473,1775854200000,10176.88385018136
12474,1775854500000,10176.88385018136
12475,1775854800000,10176.88385018136
12476,1775855100000,10176.88385018136
12477,1775855400000,10176.88385018136
12478,1775855700000,10176.88385018136
12479,1775856000000,10176.88385018136
12480,1775856300000,10176.88385018136
12481,1775856600000,10176.88385018136
12482,1775856900000,10176.88385018136
12483,1775857200000,10176.88385018136
12484,1775857500000,10176.88385018136
12485,1775857800000,10176.88385018136
12486,1775858100000,10176.88385018136
12487,1775858400000,10176.88385018136
12488,1775858700000,10176.88385018136
12489,1775859000000,10176.88385018136
12490,1775859300000,10176.88385018136
12491,1775859600000,10176.88385018136
12492,1775859900000,10176.88385018136
12493,1775860200000,10176.88385018136
12494,1775860500000,10176.88385018136
12495,1775860800000,10176.88385018136
12496,1775861100000,10176.88385018136
12497,1775861400000,10176.88385018136
12498,1775861700000,10176.88385018136
12499,1775862000000,10176.88385018136
12500,1775862300000,10176.88385018136
12501,1775862600000,10176.88385018136
12502,1775862900000,10176.88385018136
12503,1775863200000,10176.88385018136
12504,1775863500000,10176.88385018136
12505,1775863800000,10176.88385018136
12506,1775864100000,10176.88385018136
12507,1775864400000,10176.88385018136
12508,1775864700000,10176.88385018136
12509,1775865000000,10176.88385018136
12510,1775865300000,10176.88385018136
12511,1775865600000,10176.88385018136
12512,1775865900000,10176.88385018136
12513,1775866200000,10176.88385018136
12514,1775866500000,10176.88385018136
12515,1775866800000,10176.88385018136
12516,1775867100000,10176.88385018136
12517,1775867400000,10176.88385018136
12518,1775867700000,10176.88385018136
12519,1775868000000,10176.88385018136
12520,1775868300000,10176.88385018136
12521,1775868600000,10176.88385018136
12522,1775868900000,10176.88385018136
12523,1775869200000,10176.88385018136
12524,1775869500000,10176.88385018136
12525,1775869800000,10176.88385018136
12526,1775870100000,10176.88385018136
12527,1775870400000,10176.88385018136
12528,1775870700000,10176.88385018136
12529,1775871000000,10176.88385018136
12530,1775871300000,10176.88385018136
12531,1775871600000,10176.88385018136
12532,1775871900000,10176.88385018136
12533,1775872200000,10176.88385018136
12534,1775872500000,10176.88385018136
12535,1775872800000,10176.88385018136
12536,1775873100000,10176.88385018136
12537,1775873400000,10176.88385018136
12538,1775873700000,10176.88385018136
12539,1775874000000,10176.88385018136
12540,1775874300000,10176.88385018136
12541,1775874600000,10176.88385018136
12542,1775874900000,10176.88385018136
12543,1775875200000,10176.88385018136
12544,1775875500000,10176.88385018136
12545,1775875800000,10176.88385018136
12546,1775876100000,10176.88385018136
12547,1775876400000,10176.88385018136
12548,1775876700000,10176.88385018136
12549,1775877000000,10176.88385018136
12550,1775877300000,10176.88385018136
12551,1775877600000,10176.88385018136
12552,1775877900000,10176.88385018136
12553,1775878200000,10176.88385018136
12554,1775878500000,10176.88385018136
12555,1775878800000,10176.88385018136
12556,1775879100000,10176.88385018136
12557,1775879400000,10176.88385018136
12558,1775879700000,10176.88385018136
12559,1775880000000,10176.88385018136
12560,1775880300000,10176.88385018136
12561,1775880600000,10176.88385018136
12562,1775880900000,10176.88385018136
12563,1775881200000,10176.88385018136
12564,1775881500000,10176.88385018136
12565,1775881800000,10176.88385018136
12566,1775882100000,10176.88385018136
12567,1775882400000,10176.88385018136
12568,1775882700000,10176.88385018136
12569,1775883000000,10176.88385018136
12570,1775883300000,10176.88385018136
12571,1775883600000,10176.88385018136
12572,1775883900000,10176.88385018136
12573,1775884200000,10176.88385018136
12574,1775884500000,10176.88385018136
12575,1775884800000,10176.88385018136
12576,1775885100000,10176.88385018136
12577,1775885400000,10176.88385018136
12578,1775885700000,10176.88385018136
12579,1775886000000,10176.88385018136
12580,1775886300000,10176.88385018136
12581,1775886600000,10176.88385018136
12582,1775886900000,10176.88385018136
12583,1775887200000,10176.88385018136
12584,1775887500000,10176.88385018136
12585,1775887800000,10176.88385018136
12586,1775888100000,10176.88385018136
12587,1775888400000,10176.88385018136
12588,1775888700000,10176.88385018136
12589,1775889000000,10176.88385018136
12590,1775889300000,10176.88385018136
12591,1775889600000,10176.88385018136
12592,1775889900000,10176.88385018136
12593,1775890200000,10176.88385018136
12594,1775890500000,10176.88385018136
12595,1775890800000,10176.88385018136
12596,1775891100000,10176.88385018136
12597,1775891400000,10176.88385018136
12598,1775891700000,10176.88385018136
12599,1775892000000,10176.88385018136
12600,1775892300000,10176.88385018136
12601,1775892600000,10176.88385018136
12602,1775892900000,10176.88385018136
12603,1775893200000,10176.88385018136
12604,1775893500000,10176.88385018136
12605,1775893800000,10176.88385018136
12606,1775894100000,10176.88385018136
12607,1775894400000,10176.88385018136
12608,1775894700000,10176.88385018136
12609,1775895000000,10176.88385018136
12610,1775895300000,10176.88385018136
12611,1775895600000,10176.88385018136
12612,1775895900000,10176.88385018136
12613,1775896200000,10176.88385018136
12614,1775896500000,10176.88385018136
12615,1775896800000,10176.88385018136
12616,1775897100000,10176.88385018136
12617,1775897400000,10176.88385018136
12618,1775897700000,10176.88385018136
12619,1775898000000,10176.88385018136
12620,1775898300000,10176.88385018136
12621,1775898600000,10176.88385018136
12622,1775898900000,10176.88385018136
12623,1775899200000,10176.88385018136
12624,1775899500000,10176.88385018136
12625,1775899800000,10176.88385018136
12626,1775900100000,10176.88385018136
12627,1775900400000,10176.88385018136
12628,1775900700000,10176.88385018136
12629,1775901000000,10176.88385018136
12630,1775901300000,10176.88385018136
12631,1775901600000,10176.88385018136
12632,1775901900000,10176.88385018136
12633,1775902200000,10176.88385018136
12634,1775902500000,10176.88385018136
12635,1775902800000,10176.88385018136
12636,1775903100000,10176.88385018136
12637,1775903400000,10176.88385018136
12638,1775903700000,10176.88385018136
12639,1775904000000,10176.88385018136
12640,1775904300000,10176.88385018136
12641,1775904600000,10176.88385018136
12642,1775904900000,10176.88385018136
12643,1775905200000,10176.88385018136
12644,1775905500000,10176.88385018136
12645,1775905800000,10176.88385018136
12646,1775906100000,10176.88385018136
12647,1775906400000,10176.88385018136
12648,1775906700000,10176.88385018136
12649,1775907000000,10176.88385018136
12650,1775907300000,10176.88385018136
12651,1775907600000,10176.88385018136
12652,1775907900000,10176.88385018136
12653,1775908200000,10176.88385018136
12654,1775908500000,10176.88385018136
12655,1775908800000,10176.88385018136
12656,1775909100000,10176.88385018136
12657,1775909400000,10176.88385018136
12658,1775909700000,10176.88385018136
12659,1775910000000,10176.88385018136
12660,1775910300000,10176.88385018136
12661,1775910600000,10176.88385018136
12662,1775910900000,10176.88385018136
12663,1775911200000,10176.88385018136
12664,1775911500000,10176.88385018136
12665,1775911800000,10176.88385018136
12666,1775912100000,10176.88385018136
12667,1775912400000,10176.88385018136
12668,1775912700000,10176.88385018136
12669,1775913000000,10176.88385018136
12670,1775913300000,10176.88385018136
12671,1775913600000,10176.88385018136
12672,1775913900000,10176.88385018136
12673,1775914200000,10176.88385018136
12674,1775914500000,10176.88385018136
12675,1775914800000,10176.88385018136
12676,1775915100000,10176.88385018136
12677,1775915400000,10176.88385018136
12678,1775915700000,10176.88385018136
12679,1775916000000,10176.88385018136
12680,1775916300000,10176.88385018136
12681,1775916600000,10176.88385018136
12682,1775916900000,10176.88385018136
12683,1775917200000,10176.88385018136
12684,1775917500000,10176.88385018136
12685,1775917800000,10176.88385018136
12686,1775918100000,10176.88385018136
12687,1775918400000,10176.88385018136
12688,1775918700000,10176.88385018136
12689,1775919000000,10176.88385018136
12690,1775919300000,10176.88385018136
12691,1775919600000,10176.88385018136
12692,1775919900000,10176.88385018136
12693,1775920200000,10176.88385018136
12694,1775920500000,10176.88385018136
12695,1775920800000,10176.88385018136
12696,1775921100000,10176.88385018136
12697,1775921400000,10176.88385018136
12698,1775921700000,10176.88385018136
12699,1775922000000,10176.88385018136
12700,1775922300000,10176.88385018136
12701,1775922600000,10176.88385018136
12702,1775922900000,10176.88385018136
12703,1775923200000,10176.88385018136
12704,1775923500000,10176.88385018136
12705,1775923800000,10176.88385018136
12706,1775924100000,10176.88385018136
12707,1775924400000,10176.88385018136
12708,1775924700000,10176.88385018136
12709,1775925000000,10176.88385018136
12710,1775925300000,10176.88385018136
12711,1775925600000,10176.88385018136
12712,1775925900000,10176.88385018136
12713,1775926200000,10176.88385018136
12714,1775926500000,10176.88385018136
12715,1775926800000,10176.88385018136
12716,1775927100000,10176.88385018136
12717,1775927400000,10176.88385018136
12718,1775927700000,10176.88385018136
12719,1775928000000,10176.88385018136
12720,1775928300000,10176.88385018136
12721,1775928600000,10176.88385018136
12722,1775928900000,10176.88385018136
12723,1775929200000,10176.88385018136
12724,1775929500000,10176.88385018136
12725,1775929800000,10176.88385018136
12726,1775930100000,10176.88385018136
12727,1775930400000,10176.88385018136
12728,1775930700000,10176.88385018136
12729,1775931000000,10176.88385018136
12730,1775931300000,10176.88385018136
12731,1775931600000,10176.88385018136
12732,1775931900000,10176.88385018136
12733,1775932200000,10176.88385018136
12734,1775932500000,10176.88385018136
12735,1775932800000,10176.88385018136
12736,1775933100000,10176.88385018136
12737,1775933400000,10176.88385018136
12738,1775933700000,10176.88385018136
12739,1775934000000,10176.88385018136
12740,1775934300000,10176.88385018136
12741,1775934600000,10176.88385018136
12742,1775934900000,10176.88385018136
12743,1775935200000,10176.88385018136
12744,1775935500000,10176.88385018136
12745,1775935800000,10176.88385018136
12746,1775936100000,10176.88385018136
12747,1775936400000,10176.88385018136
12748,1775936700000,10176.88385018136
12749,1775937000000,10176.88385018136
12750,1775937300000,10176.88385018136
12751,1775937600000,10176.88385018136
12752,1775937900000,10176.88385018136
12753,1775938200000,10176.88385018136
12754,1775938500000,10176.88385018136
12755,1775938800000,10176.88385018136
12756,1775939100000,10176.88385018136
12757,1775939400000,10176.88385018136
12758,1775939700000,10176.88385018136
12759,1775940000000,10176.88385018136
12760,1775940300000,10176.88385018136
12761,1775940600000,10176.88385018136
12762,1775940900000,10176.88385018136
12763,1775941200000,10176.88385018136
12764,1775941500000,10176.88385018136
12765,1775941800000,10176.88385018136
12766,1775942100000,10176.88385018136
12767,1775942400000,10176.88385018136
12768,1775942700000,10176.88385018136
12769,1775943000000,10176.88385018136
12770,1775943300000,10176.88385018136
12771,1775943600000,10176.88385018136
12772,1775943900000,10176.88385018136
12773,1775944200000,10176.88385018136
12774,1775944500000,10176.88385018136
12775,1775944800000,10176.88385018136
12776,1775945100000,10176.88385018136
12777,1775945400000,10176.88385018136
12778,1775945700000,10176.88385018136
12779,1775946000000,10176.88385018136
12780,1775946300000,10176.88385018136
12781,1775946600000,10176.88385018136
12782,1775946900000,10176.88385018136
12783,1775947200000,10176.88385018136
12784,1775947500000,10176.88385018136
12785,1775947800000,10176.88385018136
12786,1775948100000,10176.88385018136
12787,1775948400000,10176.88385018136
12788,1775948700000,10176.88385018136
12789,1775949000000,10176.88385018136
12790,1775949300000,10176.88385018136
12791,1775949600000,10176.88385018136
12792,1775949900000,10176.88385018136
12793,1775950200000,10176.88385018136
12794,1775950500000,10176.88385018136
12795,1775950800000,10176.88385018136
12796,1775951100000,10176.88385018136
12797,1775951400000,10176.88385018136
12798,1775951700000,10176.88385018136
12799,1775952000000,10176.88385018136
12800,1775952300000,10176.88385018136
12801,1775952600000,10176.88385018136
12802,1775952900000,10176.88385018136
12803,1775953200000,10176.88385018136
12804,1775953500000,10176.88385018136
12805,1775953800000,10176.88385018136
12806,1775954100000,10176.88385018136
12807,1775954400000,10176.88385018136
12808,1775954700000,10176.88385018136
12809,1775955000000,10176.88385018136
12810,1775955300000,10176.88385018136
12811,1775955600000,10176.88385018136
12812,1775955900000,10176.88385018136
12813,1775956200000,10176.88385018136
12814,1775956500000,10176.88385018136
12815,1775956800000,10176.88385018136
12816,1775957100000,10176.88385018136
12817,1775957400000,10176.88385018136
12818,1775957700000,10176.88385018136
12819,1775958000000,10176.88385018136
12820,1775958300000,10176.88385018136
12821,1775958600000,10176.88385018136
12822,1775958900000,10176.88385018136
12823,1775959200000,10176.88385018136
12824,1775959500000,10176.88385018136
12825,1775959800000,10176.88385018136
12826,1775960100000,10176.88385018136
12827,1775960400000,10176.88385018136
12828,1775960700000,10176.88385018136
12829,1775961000000,10176.88385018136
12830,1775961300000,10176.88385018136
12831,1775961600000,10176.88385018136
12832,1775961900000,10176.88385018136
12833,1775962200000,10176.88385018136
12834,1775962500000,10176.88385018136
12835,1775962800000,10176.88385018136
12836,1775963100000,10176.88385018136
12837,1775963400000,10176.88385018136
12838,1775963700000,10176.88385018136
12839,1775964000000,10176.88385018136
12840,1775964300000,10176.88385018136
12841,1775964600000,10176.88385018136
12842,1775964900000,10176.88385018136
12843,1775965200000,10176.88385018136
12844,1775965500000,10176.88385018136
12845,1775965800000,10176.88385018136
12846,1775966100000,10176.88385018136
12847,1775966400000,10176.88385018136
12848,1775966700000,10176.88385018136
12849,1775967000000,10176.88385018136
12850,1775967300000,10176.88385018136
12851,1775967600000,10176.88385018136
12852,1775967900000,10176.88385018136
12853,1775968200000,10176.88385018136
12854,1775968500000,10176.88385018136
12855,1775968800000,10176.88385018136
12856,1775969100000,10176.88385018136
12857,1775969400000,10176.88385018136
12858,1775969700000,10176.88385018136
12859,1775970000000,10176.88385018136
12860,1775970300000,10176.88385018136
12861,1775970600000,10176.88385018136
12862,1775970900000,10176.88385018136
12863,1775971200000,10176.88385018136
12864,1775971500000,10176.88385018136
12865,1775971800000,10176.88385018136
12866,1775972100000,10176.88385018136
12867,1775972400000,10176.88385018136
12868,1775972700000,10176.88385018136
12869,1775973000000,10176.88385018136
12870,1775973300000,10176.88385018136
12871,1775973600000,10176.88385018136
12872,1775973900000,10176.88385018136
12873,1775974200000,10176.88385018136
12874,1775974500000,10176.88385018136
12875,1775974800000,10176.88385018136
12876,1775975100000,10176.88385018136
12877,1775975400000,10176.88385018136
12878,1775975700000,10176.88385018136
12879,1775976000000,10176.88385018136
12880,1775976300000,10176.88385018136
12881,1775976600000,10176.88385018136
12882,1775976900000,10176.88385018136
12883,1775977200000,10176.88385018136
12884,1775977500000,10176.88385018136
12885,1775977800000,10176.88385018136
12886,1775978100000,10176.88385018136
12887,1775978400000,10176.88385018136
12888,1775978700000,10176.88385018136
12889,1775979000000,10176.88385018136
12890,1775979300000,10176.88385018136
12891,1775979600000,10176.88385018136
12892,1775979900000,10176.88385018136
12893,1775980200000,10176.88385018136
12894,1775980500000,10176.88385018136
12895,1775980800000,10176.88385018136
12896,1775981100000,10176.88385018136
12897,1775981400000,10176.88385018136
12898,1775981700000,10176.88385018136
12899,1775982000000,10176.88385018136
12900,1775982300000,10176.88385018136
12901,1775982600000,10176.88385018136
12902,1775982900000,10176.88385018136
12903,1775983200000,10176.88385018136
12904,1775983500000,10176.88385018136
12905,1775983800000,10176.88385018136
12906,1775984100000,10176.88385018136
12907,1775984400000,10176.88385018136
12908,1775984700000,10176.88385018136
12909,1775985000000,10176.88385018136
12910,1775985300000,10176.88385018136
12911,1775985600000,10176.88385018136
12912,1775985900000,10176.88385018136
12913,1775986200000,10176.88385018136
12914,1775986500000,10176.88385018136
12915,1775986800000,10176.88385018136
12916,1775987100000,10176.88385018136
12917,1775987400000,10176.88385018136
12918,1775987700000,10176.88385018136
12919,1775988000000,10176.88385018136
12920,1775988300000,10176.88385018136
12921,1775988600000,10176.88385018136
12922,1775988900000,10176.88385018136
12923,1775989200000,10176.88385018136
12924,1775989500000,10176.88385018136
12925,1775989800000,10176.88385018136
12926,1775990100000,10176.88385018136
12927,1775990400000,10176.88385018136
12928,1775990700000,10176.88385018136
12929,1775991000000,10176.88385018136
12930,1775991300000,10176.88385018136
12931,1775991600000,10176.88385018136
12932,1775991900000,10176.88385018136
12933,1775992200000,10176.88385018136
12934,1775992500000,10176.88385018136
12935,1775992800000,10176.88385018136
12936,1775993100000,10176.88385018136
12937,1775993400000,10176.88385018136
12938,1775993700000,10176.88385018136
12939,1775994000000,10176.88385018136
12940,1775994300000,10176.88385018136
12941,1775994600000,10176.88385018136
12942,1775994900000,10176.88385018136
12943,1775995200000,10176.88385018136
12944,1775995500000,10176.88385018136
12945,1775995800000,10176.88385018136
12946,1775996100000,10176.88385018136
12947,1775996400000,10176.88385018136
12948,1775996700000,10176.88385018136
12949,1775997000000,10176.88385018136
12950,1775997300000,10176.88385018136
12951,1775997600000,10176.88385018136
12952,1775997900000,10176.88385018136
12953,1775998200000,10176.88385018136
12954,1775998500000,10176.88385018136
12955,1775998800000,10176.88385018136
12956,1775999100000,10176.88385018136
12957,1775999400000,10176.88385018136
12958,1775999700000,10176.88385018136
12959,1776000000000,10176.88385018136
12960,1776000300000,10176.88385018136
12961,1776000600000,10176.88385018136
12962,1776000900000,10176.88385018136
12963,1776001200000,10176.88385018136
12964,1776001500000,10176.88385018136
12965,1776001800000,10176.88385018136
12966,1776002100000,10176.88385018136
12967,1776002400000,10176.88385018136
12968,1776002700000,10176.88385018136
12969,1776003000000,10176.88385018136
12970,1776003300000,10176.88385018136
12971,1776003600000,10176.88385018136
12972,1776003900000,10176.88385018136
12973,1776004200000,10176.88385018136
12974,1776004500000,10176.88385018136
12975,1776004800000,10176.88385018136
12976,1776005100000,10176.88385018136
12977,1776005400000,10176.88385018136
12978,1776005700000,10176.88385018136
12979,1776006000000,10176.88385018136
12980,1776006300000,10176.88385018136
12981,1776006600000,10176.88385018136
12982,1776006900000,10176.88385018136
12983,1776007200000,10176.88385018136
12984,1776007500000,10176.88385018136
12985,1776007800000,10176.88385018136
12986,1776008100000,10176.88385018136
12987,1776008400000,10176.88385018136
12988,1776008700000,10176.88385018136
12989,1776009000000,10176.88385018136
12990,1776009300000,10176.88385018136
12991,1776009600000,10176.88385018136
12992,1776009900000,10176.88385018136
12993,1776010200000,10176.88385018136
12994,1776010500000,10176.88385018136
12995,1776010800000,10176.88385018136
12996,1776011100000,10176.88385018136
12997,1776011400000,10176.88385018136
12998,1776011700000,10176.88385018136
12999,1776012000000,10176.88385018136
13000,1776012300000,10176.88385018136
13001,1776012600000,10176.88385018136
13002,1776012900000,10176.88385018136
13003,1776013200000,10176.88385018136
13004,1776013500000,10176.88385018136
13005,1776013800000,10176.88385018136
13006,1776014100000,10176.88385018136
13007,1776014400000,10176.88385018136
13008,1776014700000,10176.88385018136
13009,1776015000000,10176.88385018136
13010,1776015300000,10176.88385018136
13011,1776015600000,10176.88385018136
13012,1776015900000,10176.88385018136
13013,1776016200000,10176.88385018136
13014,1776016500000,10176.88385018136
13015,1776016800000,10176.88385018136
13016,1776017100000,10176.88385018136
13017,1776017400000,10176.88385018136
13018,1776017700000,10176.88385018136
13019,1776018000000,10176.88385018136
13020,1776018300000,10176.88385018136
13021,1776018600000,10176.88385018136
13022,1776018900000,10176.88385018136
13023,1776019200000,10176.88385018136
13024,1776019500000,10176.88385018136
13025,1776019800000,10176.88385018136
13026,1776020100000,10176.88385018136
13027,1776020400000,10176.88385018136
13028,1776020700000,10176.88385018136
13029,1776021000000,10176.88385018136
13030,1776021300000,10176.88385018136
13031,1776021600000,10176.88385018136
13032,1776021900000,10176.88385018136
13033,1776022200000,10176.88385018136
13034,1776022500000,10176.88385018136
13035,1776022800000,10176.88385018136
13036,1776023100000,10176.88385018136
13037,1776023400000,10176.88385018136
13038,1776023700000,10176.88385018136
13039,1776024000000,10176.88385018136
13040,1776024300000,10176.88385018136
13041,1776024600000,10176.88385018136
13042,1776024900000,10176.88385018136
13043,1776025200000,10176.88385018136
13044,1776025500000,10176.88385018136
13045,1776025800000,10176.88385018136
13046,1776026100000,10176.88385018136
13047,1776026400000,10176.88385018136
13048,1776026700000,10176.88385018136
13049,1776027000000,10176.88385018136
13050,1776027300000,10176.88385018136
13051,1776027600000,10176.88385018136
13052,1776027900000,10176.88385018136
13053,1776028200000,10176.88385018136
13054,1776028500000,10176.88385018136
13055,1776028800000,10176.88385018136
13056,1776029100000,10176.88385018136
13057,1776029400000,10176.88385018136
13058,1776029700000,10176.88385018136
13059,1776030000000,10176.88385018136
13060,1776030300000,10176.88385018136
13061,1776030600000,10176.88385018136
13062,1776030900000,10176.88385018136
13063,1776031200000,10176.88385018136
13064,1776031500000,10176.88385018136
13065,1776031800000,10176.88385018136
13066,1776032100000,10176.88385018136
13067,1776032400000,10176.88385018136
13068,1776032700000,10176.88385018136
13069,1776033000000,10176.88385018136
13070,1776033300000,10176.88385018136
13071,1776033600000,10176.88385018136
13072,1776033900000,10176.88385018136
13073,1776034200000,10176.88385018136
13074,1776034500000,10176.88385018136
13075,1776034800000,10176.88385018136
13076,1776035100000,10176.88385018136
13077,1776035400000,10176.88385018136
13078,1776035700000,10176.88385018136
13079,1776036000000,10176.88385018136
13080,1776036300000,10176.88385018136
13081,1776036600000,10176.88385018136
13082,1776036900000,10176.88385018136
13083,1776037200000,10176.88385018136
13084,1776037500000,10176.88385018136
13085,1776037800000,10176.88385018136
13086,1776038100000,10176.88385018136
13087,1776038400000,10176.88385018136
13088,1776038700000,10176.88385018136
13089,1776039000000,10176.88385018136
13090,1776039300000,10176.88385018136
13091,1776039600000,10176.88385018136
13092,1776039900000,10176.88385018136
13093,1776040200000,10176.88385018136
13094,1776040500000,10176.88385018136
13095,1776040800000,10176.88385018136
13096,1776041100000,10176.88385018136
13097,1776041400000,10176.88385018136
13098,1776041700000,10176.88385018136
13099,1776042000000,10176.88385018136
13100,1776042300000,10176.88385018136
13101,1776042600000,10176.88385018136
13102,1776042900000,10176.88385018136
13103,1776043200000,10176.88385018136
13104,1776043500000,10176.88385018136
13105,1776043800000,10176.88385018136
13106,1776044100000,10176.88385018136
13107,1776044400000,10176.88385018136
13108,1776044700000,10176.88385018136
13109,1776045000000,10176.88385018136
13110,1776045300000,10176.88385018136
13111,1776045600000,10176.88385018136
13112,1776045900000,10176.88385018136
13113,1776046200000,10176.88385018136
13114,1776046500000,10176.88385018136
13115,1776046800000,10176.88385018136
13116,1776047100000,10176.88385018136
13117,1776047400000,10176.88385018136
13118,1776047700000,10176.88385018136
13119,1776048000000,10176.88385018136
13120,1776048300000,10176.88385018136
13121,1776048600000,10176.88385018136
13122,1776048900000,10176.88385018136
13123,1776049200000,10176.88385018136
13124,1776049500000,10176.88385018136
13125,1776049800000,10176.88385018136
13126,1776050100000,10176.88385018136
13127,1776050400000,10176.88385018136
13128,1776050700000,10176.88385018136
13129,1776051000000,10176.88385018136
13130,1776051300000,10176.88385018136
13131,1776051600000,10176.88385018136
13132,1776051900000,10176.88385018136
13133,1776052200000,10176.88385018136
13134,1776052500000,10176.88385018136
13135,1776052800000,10176.88385018136
13136,1776053100000,10176.88385018136
13137,1776053400000,10176.88385018136
13138,1776053700000,10176.88385018136
13139,1776054000000,10176.88385018136
13140,1776054300000,10176.88385018136
13141,1776054600000,10176.88385018136
13142,1776054900000,10176.88385018136
13143,1776055200000,10176.88385018136
13144,1776055500000,10176.88385018136
13145,1776055800000,10176.88385018136
13146,1776056100000,10176.88385018136
13147,1776056400000,10176.88385018136
13148,1776056700000,10176.88385018136
13149,1776057000000,10176.88385018136
13150,1776057300000,10176.88385018136
13151,1776057600000,10176.88385018136
13152,1776057900000,10176.88385018136
13153,1776058200000,10176.88385018136
13154,1776058500000,10176.88385018136
13155,1776058800000,10176.88385018136
13156,1776059100000,10176.88385018136
13157,1776059400000,10176.88385018136
13158,1776059700000,10176.88385018136
13159,1776060000000,10176.88385018136
13160,1776060300000,10176.88385018136
13161,1776060600000,10176.88385018136
13162,1776060900000,10176.88385018136
13163,1776061200000,10176.88385018136
13164,1776061500000,10176.88385018136
13165,1776061800000,10176.88385018136
13166,1776062100000,10176.88385018136
13167,1776062400000,10176.88385018136
13168,1776062700000,10176.88385018136
13169,1776063000000,10176.88385018136
13170,1776063300000,10176.88385018136
13171,1776063600000,10176.88385018136
13172,1776063900000,10176.88385018136
13173,1776064200000,10176.88385018136
13174,1776064500000,10176.88385018136
13175,1776064800000,10176.88385018136
13176,1776065100000,10176.88385018136
13177,1776065400000,10176.88385018136
13178,1776065700000,10176.88385018136
13179,1776066000000,10176.88385018136
13180,1776066300000,10176.88385018136
13181,1776066600000,10176.88385018136
13182,1776066900000,10176.88385018136
13183,1776067200000,10176.88385018136
13184,1776067500000,10176.88385018136
13185,1776067800000,10176.88385018136
13186,1776068100000,10176.88385018136
13187,1776068400000,10176.88385018136
13188,1776068700000,10176.88385018136
13189,1776069000000,10176.88385018136
13190,1776069300000,10176.88385018136
13191,1776069600000,10176.88385018136
13192,1776069900000,10176.88385018136
13193,1776070200000,10176.88385018136
13194,1776070500000,10176.88385018136
13195,1776070800000,10176.88385018136
13196,1776071100000,10176.88385018136
13197,1776071400000,10176.88385018136
13198,1776071700000,10176.88385018136
13199,1776072000000,10176.88385018136
13200,1776072300000,10176.88385018136
13201,1776072600000,10176.88385018136
13202,1776072900000,10176.88385018136
13203,1776073200000,10176.88385018136
13204,1776073500000,10176.88385018136
13205,1776073800000,10176.88385018136
13206,1776074100000,10176.88385018136
13207,1776074400000,10176.88385018136
13208,1776074700000,10176.88385018136
13209,1776075000000,10176.88385018136
13210,1776075300000,10176.88385018136
13211,1776075600000,10176.88385018136
13212,1776075900000,10176.88385018136
13213,1776076200000,10176.88385018136
13214,1776076500000,10176.88385018136
13215,1776076800000,10176.88385018136
13216,1776077100000,10176.88385018136
13217,1776077400000,10176.88385018136
13218,1776077700000,10176.88385018136
13219,1776078000000,10176.88385018136
13220,1776078300000,10176.88385018136
13221,1776078600000,10176.88385018136
13222,1776078900000,10176.88385018136
13223,1776079200000,10176.88385018136
13224,1776079500000,10176.88385018136
13225,1776079800000,10176.88385018136
13226,1776080100000,10176.88385018136
13227,1776080400000,10176.88385018136
13228,1776080700000,10176.88385018136
13229,1776081000000,10176.88385018136
13230,1776081300000,10176.88385018136
13231,1776081600000,10176.88385018136
13232,1776081900000,10176.88385018136
13233,1776082200000,10176.88385018136
13234,1776082500000,10176.88385018136
13235,1776082800000,10176.88385018136
13236,1776083100000,10176.88385018136
13237,1776083400000,10176.88385018136
13238,1776083700000,10176.88385018136
13239,1776084000000,10176.88385018136
13240,1776084300000,10176.88385018136
13241,1776084600000,10176.88385018136
13242,1776084900000,10176.88385018136
13243,1776085200000,10176.88385018136
13244,1776085500000,10176.88385018136
13245,1776085800000,10176.88385018136
13246,1776086100000,10176.88385018136
13247,1776086400000,10176.88385018136
13248,1776086700000,10176.88385018136
13249,1776087000000,10176.88385018136
13250,1776087300000,10176.88385018136
13251,1776087600000,10176.88385018136
13252,1776087900000,10176.88385018136
13253,1776088200000,10176.88385018136
13254,1776088500000,10176.88385018136
13255,1776088800000,10176.88385018136
13256,1776089100000,10176.88385018136
13257,1776089400000,10176.88385018136
13258,1776089700000,10176.88385018136
13259,1776090000000,10176.88385018136
13260,1776090300000,10176.88385018136
13261,1776090600000,10176.88385018136
13262,1776090900000,10176.88385018136
13263,1776091200000,10176.88385018136
13264,1776091500000,10176.88385018136
13265,1776091800000,10176.88385018136
13266,1776092100000,10176.88385018136
13267,1776092400000,10176.88385018136
13268,1776092700000,10176.88385018136
13269,1776093000000,10176.88385018136
13270,1776093300000,10176.88385018136
13271,1776093600000,10176.88385018136
13272,1776093900000,10176.88385018136
13273,1776094200000,10176.88385018136
13274,1776094500000,10176.88385018136
13275,1776094800000,10176.88385018136
13276,1776095100000,10176.88385018136
13277,1776095400000,10176.88385018136
13278,1776095700000,10176.88385018136
13279,1776096000000,10176.88385018136
13280,1776096300000,10176.88385018136
13281,1776096600000,10176.88385018136
13282,1776096900000,10176.88385018136
13283,1776097200000,10176.88385018136
13284,1776097500000,10176.88385018136
13285,1776097800000,10176.88385018136
13286,1776098100000,10176.88385018136
13287,1776098400000,10176.88385018136
13288,1776098700000,10176.88385018136
13289,1776099000000,10176.88385018136
13290,1776099300000,10176.88385018136
13291,1776099600000,10176.88385018136
13292,1776099900000,10176.88385018136
13293,1776100200000,10176.88385018136
13294,1776100500000,10176.88385018136
13295,1776100800000,10176.88385018136
13296,1776101100000,10176.88385018136
13297,1776101400000,10176.88385018136
13298,1776101700000,10176.88385018136
13299,1776102000000,10176.88385018136
13300,1776102300000,10176.88385018136
13301,1776102600000,10176.88385018136
13302,1776102900000,10176.88385018136
13303,1776103200000,10176.88385018136
13304,1776103500000,10176.88385018136
13305,1776103800000,10176.88385018136
13306,1776104100000,10176.88385018136
13307,1776104400000,10176.88385018136
13308,1776104700000,10176.88385018136
13309,1776105000000,10176.88385018136
13310,1776105300000,10176.88385018136
13311,1776105600000,10176.88385018136
13312,1776105900000,10176.88385018136
13313,1776106200000,10176.88385018136
13314,1776106500000,10176.88385018136
13315,1776106800000,10176.88385018136
13316,1776107100000,10176.88385018136
13317,1776107400000,10176.88385018136
13318,1776107700000,10176.88385018136
13319,1776108000000,10176.88385018136
13320,1776108300000,10176.88385018136
13321,1776108600000,10176.88385018136
13322,1776108900000,10176.88385018136
13323,1776109200000,10176.88385018136
13324,1776109500000,10176.88385018136
13325,1776109800000,10176.88385018136
13326,1776110100000,10176.88385018136
13327,1776110400000,10176.88385018136
13328,1776110700000,10176.88385018136
13329,1776111000000,10176.88385018136
13330,1776111300000,10176.88385018136
13331,1776111600000,10176.88385018136
13332,1776111900000,10176.88385018136
13333,1776112200000,10176.88385018136
13334,1776112500000,10176.88385018136
13335,1776112800000,10176.88385018136
13336,1776113100000,10176.88385018136
13337,1776113400000,10176.88385018136
13338,1776113700000,10176.88385018136
13339,1776114000000,10176.88385018136
13340,1776114300000,10176.88385018136
13341,1776114600000,10176.88385018136
13342,1776114900000,10176.88385018136
13343,1776115200000,10176.88385018136
13344,1776115500000,10176.88385018136
13345,1776115800000,10176.88385018136
13346,1776116100000,10176.88385018136
13347,1776116400000,10176.88385018136
13348,1776116700000,10176.88385018136
13349,1776117000000,10176.88385018136
13350,1776117300000,10176.88385018136
13351,1776117600000,10176.88385018136
13352,1776117900000,10176.88385018136
13353,1776118200000,10176.88385018136
13354,1776118500000,10176.88385018136
13355,1776118800000,10176.88385018136
13356,1776119100000,10176.88385018136
13357,1776119400000,10176.88385018136
13358,1776119700000,10176.88385018136
13359,1776120000000,10176.88385018136
13360,1776120300000,10176.88385018136
13361,1776120600000,10176.88385018136
13362,1776120900000,10176.88385018136
13363,1776121200000,10176.88385018136
13364,1776121500000,10176.88385018136
13365,1776121800000,10176.88385018136
13366,1776122100000,10176.88385018136
13367,1776122400000,10176.88385018136
13368,1776122700000,10176.88385018136
13369,1776123000000,10176.88385018136
13370,1776123300000,10176.88385018136
13371,1776123600000,10176.88385018136
13372,1776123900000,10176.88385018136
13373,1776124200000,10176.88385018136
13374,1776124500000,10176.88385018136
13375,1776124800000,10176.88385018136
13376,1776125100000,10176.88385018136
13377,1776125400000,10176.88385018136
13378,1776125700000,10176.88385018136
13379,1776126000000,10176.88385018136
13380,1776126300000,10176.88385018136
13381,1776126600000,10176.88385018136
13382,1776126900000,10176.88385018136
13383,1776127200000,10176.88385018136
13384,1776127500000,10176.88385018136
13385,1776127800000,10176.88385018136
13386,1776128100000,10176.88385018136
13387,1776128400000,10176.88385018136
13388,1776128700000,10176.88385018136
13389,1776129000000,10176.88385018136
13390,1776129300000,10176.88385018136
13391,1776129600000,10176.88385018136
13392,1776129900000,10176.88385018136
13393,1776130200000,10176.88385018136
13394,1776130500000,10176.88385018136
13395,1776130800000,10176.88385018136
13396,1776131100000,10176.88385018136
13397,1776131400000,10176.88385018136
13398,1776131700000,10176.88385018136
13399,1776132000000,10176.88385018136
13400,1776132300000,10176.88385018136
13401,1776132600000,10176.88385018136
13402,1776132900000,10176.88385018136
13403,1776133200000,10176.88385018136
13404,1776133500000,10176.88385018136
13405,1776133800000,10176.88385018136
13406,1776134100000,10176.88385018136
13407,1776134400000,10176.88385018136
13408,1776134700000,10176.88385018136
13409,1776135000000,10176.88385018136
13410,1776135300000,10176.88385018136
13411,1776135600000,10176.88385018136
13412,1776135900000,10176.88385018136
13413,1776136200000,10176.88385018136
13414,1776136500000,10176.88385018136
13415,1776136800000,10176.88385018136
13416,1776137100000,10176.88385018136
13417,1776137400000,10176.88385018136
13418,1776137700000,10176.88385018136
13419,1776138000000,10176.88385018136
13420,1776138300000,10176.88385018136
13421,1776138600000,10176.88385018136
13422,1776138900000,10176.88385018136
13423,1776139200000,10176.88385018136
13424,1776139500000,10176.88385018136
13425,1776139800000,10176.88385018136
13426,1776140100000,10176.88385018136
13427,1776140400000,10176.88385018136
13428,1776140700000,10176.88385018136
13429,1776141000000,10176.88385018136
13430,1776141300000,10176.88385018136
13431,1776141600000,10176.88385018136
13432,1776141900000,10176.88385018136
13433,1776142200000,10176.88385018136
13434,1776142500000,10176.88385018136
13435,1776142800000,10176.88385018136
13436,1776143100000,10176.88385018136
13437,1776143400000,10176.88385018136
13438,1776143700000,10176.88385018136
13439,1776144000000,10176.88385018136
13440,1776144300000,10176.88385018136
13441,1776144600000,10176.88385018136
13442,1776144900000,10176.88385018136
13443,1776145200000,10176.88385018136
13444,1776145500000,10176.88385018136
13445,1776145800000,10176.88385018136
13446,1776146100000,10176.88385018136
13447,1776146400000,10176.88385018136
13448,1776146700000,10176.88385018136
13449,1776147000000,10176.88385018136
13450,1776147300000,10176.88385018136
13451,1776147600000,10176.88385018136
13452,1776147900000,10176.88385018136
13453,1776148200000,10176.88385018136
13454,1776148500000,10176.88385018136
13455,1776148800000,10176.88385018136
13456,1776149100000,10176.88385018136
13457,1776149400000,10176.88385018136
13458,1776149700000,10176.88385018136
13459,1776150000000,10176.88385018136
13460,1776150300000,10176.88385018136
13461,1776150600000,10176.88385018136
13462,1776150900000,10176.88385018136
13463,1776151200000,10176.88385018136
13464,1776151500000,10176.88385018136
13465,1776151800000,10176.88385018136
13466,1776152100000,10176.88385018136
13467,1776152400000,10176.88385018136
13468,1776152700000,10176.88385018136
13469,1776153000000,10176.88385018136
13470,1776153300000,10176.88385018136
13471,1776153600000,10176.88385018136
13472,1776153900000,10176.88385018136
13473,1776154200000,10176.88385018136
13474,1776154500000,10176.88385018136
13475,1776154800000,10176.88385018136
13476,1776155100000,10176.88385018136
13477,1776155400000,10176.88385018136
13478,1776155700000,10176.88385018136
13479,1776156000000,10176.88385018136
13480,1776156300000,10176.88385018136
13481,1776156600000,10176.88385018136
13482,1776156900000,10176.88385018136
13483,1776157200000,10176.88385018136
13484,1776157500000,10176.88385018136
13485,1776157800000,10176.88385018136
13486,1776158100000,10176.88385018136
13487,1776158400000,10176.88385018136
13488,1776158700000,10176.88385018136
13489,1776159000000,10176.88385018136
13490,1776159300000,10176.88385018136
13491,1776159600000,10176.88385018136
13492,1776159900000,10176.88385018136
13493,1776160200000,10176.88385018136
13494,1776160500000,10176.88385018136
13495,1776160800000,10176.88385018136
13496,1776161100000,10176.88385018136
13497,1776161400000,10176.88385018136
13498,1776161700000,10176.88385018136
13499,1776162000000,10176.88385018136
13500,1776162300000,10176.88385018136
13501,1776162600000,10176.88385018136
13502,1776162900000,10176.88385018136
13503,1776163200000,10176.88385018136
13504,1776163500000,10176.88385018136
13505,1776163800000,10176.88385018136
13506,1776164100000,10176.88385018136
13507,1776164400000,10176.88385018136
13508,1776164700000,10176.88385018136
13509,1776165000000,10176.88385018136
13510,1776165300000,10176.88385018136
13511,1776165600000,10176.88385018136
13512,1776165900000,10176.88385018136
13513,1776166200000,10176.88385018136
13514,1776166500000,10176.88385018136
13515,1776166800000,10176.88385018136
13516,1776167100000,10176.88385018136
13517,1776167400000,10176.88385018136
13518,1776167700000,10176.88385018136
13519,1776168000000,10176.88385018136
13520,1776168300000,10176.88385018136
13521,1776168600000,10176.88385018136
13522,1776168900000,10176.88385018136
13523,1776169200000,10176.88385018136
13524,1776169500000,10176.88385018136
13525,1776169800000,10176.88385018136
13526,1776170100000,10176.88385018136
13527,1776170400000,10176.88385018136
13528,1776170700000,10176.88385018136
13529,1776171000000,10176.88385018136
13530,1776171300000,10176.88385018136
13531,1776171600000,10176.88385018136
13532,1776171900000,10176.88385018136
13533,1776172200000,10176.88385018136
13534,1776172500000,10176.88385018136
13535,1776172800000,10176.88385018136
13536,1776173100000,10176.88385018136
13537,1776173400000,10176.88385018136
13538,1776173700000,10176.88385018136
13539,1776174000000,10176.88385018136
13540,1776174300000,10176.88385018136
13541,1776174600000,10176.88385018136
13542,1776174900000,10176.88385018136
13543,1776175200000,10176.88385018136
13544,1776175500000,10176.88385018136
13545,1776175800000,10176.88385018136
13546,1776176100000,10176.88385018136
13547,1776176400000,10176.88385018136
13548,1776176700000,10176.88385018136
13549,1776177000000,10176.88385018136
13550,1776177300000,10176.88385018136
13551,1776177600000,10176.88385018136
13552,1776177900000,10176.88385018136
13553,1776178200000,10176.88385018136
13554,1776178500000,10176.88385018136
13555,1776178800000,10176.88385018136
13556,1776179100000,10176.88385018136
13557,1776179400000,10176.88385018136
13558,1776179700000,10176.88385018136
13559,1776180000000,10176.88385018136
13560,1776180300000,10176.88385018136
13561,1776180600000,10176.88385018136
13562,1776180900000,10176.88385018136
13563,1776181200000,10176.88385018136
13564,1776181500000,10176.88385018136
13565,1776181800000,10176.88385018136
13566,1776182100000,10176.88385018136
13567,1776182400000,10176.88385018136
13568,1776182700000,10176.88385018136
13569,1776183000000,10176.88385018136
13570,1776183300000,10176.88385018136
13571,1776183600000,10176.88385018136
13572,1776183900000,10176.88385018136
13573,1776184200000,10176.88385018136
13574,1776184500000,10176.88385018136
13575,1776184800000,10176.88385018136
13576,1776185100000,10176.88385018136
13577,1776185400000,10176.88385018136
13578,1776185700000,10176.88385018136
13579,1776186000000,10176.88385018136
13580,1776186300000,10176.88385018136
13581,1776186600000,10176.88385018136
13582,1776186900000,10176.88385018136
13583,1776187200000,10176.88385018136
13584,1776187500000,10176.88385018136
13585,1776187800000,10176.88385018136
13586,1776188100000,10176.88385018136
13587,1776188400000,10176.88385018136
13588,1776188700000,10176.88385018136
13589,1776189000000,10176.88385018136
13590,1776189300000,10176.88385018136
13591,1776189600000,10176.88385018136
13592,1776189900000,10176.88385018136
13593,1776190200000,10176.88385018136
13594,1776190500000,10176.88385018136
13595,1776190800000,10176.88385018136
13596,1776191100000,10176.88385018136
13597,1776191400000,10176.88385018136
13598,1776191700000,10176.88385018136
13599,1776192000000,10176.88385018136
13600,1776192300000,10176.88385018136
13601,1776192600000,10176.88385018136
13602,1776192900000,10176.88385018136
13603,1776193200000,10176.88385018136
13604,1776193500000,10176.88385018136
13605,1776193800000,10176.88385018136
13606,1776194100000,10176.88385018136
13607,1776194400000,10176.88385018136
13608,1776194700000,10176.88385018136
13609,1776195000000,10176.88385018136
13610,1776195300000,10176.88385018136
13611,1776195600000,10176.88385018136
13612,1776195900000,10176.88385018136
13613,1776196200000,10176.88385018136
13614,1776196500000,10176.88385018136
13615,1776196800000,10176.88385018136
13616,1776197100000,10176.88385018136
13617,1776197400000,10176.88385018136
13618,1776197700000,10176.88385018136
13619,1776198000000,10176.88385018136
13620,1776198300000,10176.88385018136
13621,1776198600000,10176.88385018136
13622,1776198900000,10176.88385018136
13623,1776199200000,10176.88385018136
13624,1776199500000,10176.88385018136
13625,1776199800000,10176.88385018136
13626,1776200100000,10176.88385018136
13627,1776200400000,10176.88385018136
13628,1776200700000,10176.88385018136
13629,1776201000000,10176.88385018136
13630,1776201300000,10176.88385018136
13631,1776201600000,10176.88385018136
13632,1776201900000,10176.88385018136
13633,1776202200000,10176.88385018136
13634,1776202500000,10176.88385018136
13635,1776202800000,10176.88385018136
13636,1776203100000,10176.88385018136
13637,1776203400000,10176.88385018136
13638,1776203700000,10176.88385018136
13639,1776204000000,10176.88385018136
13640,1776204300000,10176.88385018136
13641,1776204600000,10176.88385018136
13642,1776204900000,10176.88385018136
13643,1776205200000,10176.88385018136
13644,1776205500000,10176.88385018136
13645,1776205800000,10176.88385018136
13646,1776206100000,10176.88385018136
13647,1776206400000,10176.88385018136
13648,1776206700000,10176.88385018136
13649,1776207000000,10176.88385018136
13650,1776207300000,10176.88385018136
13651,1776207600000,10176.88385018136
13652,1776207900000,10176.88385018136
13653,1776208200000,10176.88385018136
13654,1776208500000,10176.88385018136
13655,1776208800000,10176.88385018136
13656,1776209100000,10176.88385018136
13657,1776209400000,10176.88385018136
13658,1776209700000,10176.88385018136
13659,1776210000000,10176.88385018136
13660,1776210300000,10176.88385018136
13661,1776210600000,10176.88385018136
13662,1776210900000,10176.88385018136
13663,1776211200000,10176.88385018136
13664,1776211500000,10176.88385018136
13665,1776211800000,10176.88385018136
13666,1776212100000,10176.88385018136
13667,1776212400000,10176.88385018136
13668,1776212700000,10176.88385018136
13669,1776213000000,10176.88385018136
13670,1776213300000,10176.88385018136
13671,1776213600000,10176.88385018136
13672,1776213900000,10176.88385018136
13673,1776214200000,10176.88385018136
13674,1776214500000,10176.88385018136
13675,1776214800000,10176.88385018136
13676,1776215100000,10176.88385018136
13677,1776215400000,10176.88385018136
13678,1776215700000,10176.88385018136
13679,1776216000000,10176.88385018136
13680,1776216300000,10176.88385018136
13681,1776216600000,10176.88385018136
13682,1776216900000,10176.88385018136
13683,1776217200000,10176.88385018136
13684,1776217500000,10176.88385018136
13685,1776217800000,10176.88385018136
13686,1776218100000,10176.88385018136
13687,1776218400000,10176.88385018136
13688,1776218700000,10176.88385018136
13689,1776219000000,10176.88385018136
13690,1776219300000,10176.88385018136
13691,1776219600000,10176.88385018136
13692,1776219900000,10176.88385018136
13693,1776220200000,10176.88385018136
13694,1776220500000,10176.88385018136
13695,1776220800000,10176.88385018136
13696,1776221100000,10176.88385018136
13697,1776221400000,10176.88385018136
13698,1776221700000,10176.88385018136
13699,1776222000000,10176.88385018136
13700,1776222300000,10176.88385018136
13701,1776222600000,10176.88385018136
13702,1776222900000,10176.88385018136
13703,1776223200000,10176.88385018136
13704,1776223500000,10176.88385018136
13705,1776223800000,10176.88385018136
13706,1776224100000,10176.88385018136
13707,1776224400000,10176.88385018136
13708,1776224700000,10176.88385018136
13709,1776225000000,10176.88385018136
13710,1776225300000,10176.88385018136
13711,1776225600000,10176.88385018136
13712,1776225900000,10176.88385018136
13713,1776226200000,10176.88385018136
13714,1776226500000,10176.88385018136
13715,1776226800000,10176.88385018136
13716,1776227100000,10176.88385018136
13717,1776227400000,10176.88385018136
13718,1776227700000,10176.88385018136
13719,1776228000000,10176.88385018136
13720,1776228300000,10176.88385018136
13721,1776228600000,10176.88385018136
13722,1776228900000,10176.88385018136
13723,1776229200000,10176.88385018136
13724,1776229500000,10176.88385018136
13725,1776229800000,10176.88385018136
13726,1776230100000,10176.88385018136
13727,1776230400000,10176.88385018136
13728,1776230700000,10176.88385018136
13729,1776231000000,10176.88385018136
13730,1776231300000,10176.88385018136
13731,1776231600000,10176.88385018136
13732,1776231900000,10176.88385018136
13733,1776232200000,10176.88385018136
13734,1776232500000,10176.88385018136
13735,1776232800000,10176.88385018136
13736,1776233100000,10176.88385018136
13737,1776233400000,10176.88385018136
13738,1776233700000,10176.88385018136
13739,1776234000000,10176.88385018136
13740,1776234300000,10176.88385018136
13741,1776234600000,10176.88385018136
13742,1776234900000,10176.88385018136
13743,1776235200000,10176.88385018136
13744,1776235500000,10176.88385018136
13745,1776235800000,10176.88385018136
13746,1776236100000,10176.88385018136
13747,1776236400000,10176.88385018136
13748,1776236700000,10176.88385018136
13749,1776237000000,10176.88385018136
13750,1776237300000,10176.88385018136
13751,1776237600000,10176.88385018136
13752,1776237900000,10176.88385018136
13753,1776238200000,10176.88385018136
13754,1776238500000,10176.88385018136
13755,1776238800000,10176.88385018136
13756,1776239100000,10176.88385018136
13757,1776239400000,10176.88385018136
13758,1776239700000,10176.88385018136
13759,1776240000000,10176.88385018136
13760,1776240300000,10176.88385018136
13761,1776240600000,10176.88385018136
13762,1776240900000,10176.88385018136
13763,1776241200000,10176.88385018136
13764,1776241500000,10176.88385018136
13765,1776241800000,10176.88385018136
13766,1776242100000,10176.88385018136
13767,1776242400000,10176.88385018136
13768,1776242700000,10176.88385018136
13769,1776243000000,10176.88385018136
13770,1776243300000,10176.88385018136
13771,1776243600000,10176.88385018136
13772,1776243900000,10176.88385018136
13773,1776244200000,10176.88385018136
13774,1776244500000,10176.88385018136
13775,1776244800000,10176.88385018136
13776,1776245100000,10176.88385018136
13777,1776245400000,10176.88385018136
13778,1776245700000,10176.88385018136
13779,1776246000000,10176.88385018136
13780,1776246300000,10176.88385018136
13781,1776246600000,10176.88385018136
13782,1776246900000,10176.88385018136
13783,1776247200000,10176.88385018136
13784,1776247500000,10176.88385018136
13785,1776247800000,10176.88385018136
13786,1776248100000,10176.88385018136
13787,1776248400000,10176.88385018136
13788,1776248700000,10176.88385018136
13789,1776249000000,10176.88385018136
13790,1776249300000,10176.88385018136
13791,1776249600000,10176.88385018136
13792,1776249900000,10176.88385018136
13793,1776250200000,10176.88385018136
13794,1776250500000,10176.88385018136
13795,1776250800000,10176.88385018136
13796,1776251100000,10176.88385018136
13797,1776251400000,10176.88385018136
13798,1776251700000,10176.88385018136
13799,1776252000000,10176.88385018136
13800,1776252300000,10176.88385018136
13801,1776252600000,10176.88385018136
13802,1776252900000,10176.88385018136
13803,1776253200000,10176.88385018136
13804,1776253500000,10176.88385018136
13805,1776253800000,10176.88385018136
13806,1776254100000,10176.88385018136
13807,1776254400000,10176.88385018136
13808,1776254700000,10176.88385018136
13809,1776255000000,10176.88385018136
13810,1776255300000,10176.88385018136
13811,1776255600000,10176.88385018136
13812,1776255900000,10176.88385018136
13813,1776256200000,10176.88385018136
13814,1776256500000,10176.88385018136
13815,1776256800000,10176.88385018136
13816,1776257100000,10176.88385018136
13817,1776257400000,10176.88385018136
13818,1776257700000,10176.88385018136
13819,1776258000000,10176.88385018136
13820,1776258300000,10176.88385018136
13821,1776258600000,10176.88385018136
13822,1776258900000,10176.88385018136
13823,1776259200000,10176.88385018136
13824,1776259500000,10176.88385018136
13825,1776259800000,10176.88385018136
13826,1776260100000,10176.88385018136
13827,1776260400000,10176.88385018136
13828,1776260700000,10176.88385018136
13829,1776261000000,10176.88385018136
13830,1776261300000,10176.88385018136
13831,1776261600000,10176.88385018136
13832,1776261900000,10176.88385018136
13833,1776262200000,10176.88385018136
13834,1776262500000,10176.88385018136
13835,1776262800000,10176.88385018136
13836,1776263100000,10176.88385018136
13837,1776263400000,10176.88385018136
13838,1776263700000,10176.88385018136
13839,1776264000000,10176.88385018136
13840,1776264300000,10176.88385018136
13841,1776264600000,10176.88385018136
13842,1776264900000,10176.88385018136
13843,1776265200000,10176.88385018136
13844,1776265500000,10176.88385018136
13845,1776265800000,10176.88385018136
13846,1776266100000,10176.88385018136
13847,1776266400000,10176.88385018136
13848,1776266700000,10176.88385018136
13849,1776267000000,10176.88385018136
13850,1776267300000,10176.88385018136
13851,1776267600000,10176.88385018136
13852,1776267900000,10176.88385018136
13853,1776268200000,10176.88385018136
13854,1776268500000,10176.88385018136
13855,1776268800000,10176.88385018136
13856,1776269100000,10176.88385018136
13857,1776269400000,10176.88385018136
13858,1776269700000,10176.88385018136
13859,1776270000000,10176.88385018136
13860,1776270300000,10176.88385018136
13861,1776270600000,10176.88385018136
13862,1776270900000,10176.88385018136
13863,1776271200000,10176.88385018136
13864,1776271500000,10176.88385018136
13865,1776271800000,10176.88385018136
13866,1776272100000,10176.88385018136
13867,1776272400000,10176.88385018136
13868,1776272700000,10176.88385018136
13869,1776273000000,10176.88385018136
13870,1776273300000,10176.88385018136
13871,1776273600000,10176.88385018136
13872,1776273900000,10176.88385018136
13873,1776274200000,10176.88385018136
13874,1776274500000,10176.88385018136
13875,1776274800000,10176.88385018136
13876,1776275100000,10176.88385018136
13877,1776275400000,10176.88385018136
13878,1776275700000,10176.88385018136
13879,1776276000000,10176.88385018136
13880,1776276300000,10176.88385018136
13881,1776276600000,10176.88385018136
13882,1776276900000,10176.88385018136
13883,1776277200000,10176.88385018136
13884,1776277500000,10176.88385018136
13885,1776277800000,10176.88385018136
13886,1776278100000,10176.88385018136
13887,1776278400000,10176.88385018136
13888,1776278700000,10176.88385018136
13889,1776279000000,10176.88385018136
13890,1776279300000,10176.88385018136
13891,1776279600000,10176.88385018136
13892,1776279900000,10176.88385018136
13893,1776280200000,10176.88385018136
13894,1776280500000,10176.88385018136
13895,1776280800000,10176.88385018136
13896,1776281100000,10176.88385018136
13897,1776281400000,10176.88385018136
13898,1776281700000,10176.88385018136
13899,1776282000000,10176.88385018136
13900,1776282300000,10176.88385018136
13901,1776282600000,10176.88385018136
13902,1776282900000,10176.88385018136
13903,1776283200000,10176.88385018136
13904,1776283500000,10176.88385018136
13905,1776283800000,10176.88385018136
13906,1776284100000,10176.88385018136
13907,1776284400000,10176.88385018136
13908,1776284700000,10176.88385018136
13909,1776285000000,10176.88385018136
13910,1776285300000,10176.88385018136
13911,1776285600000,10176.88385018136
13912,1776285900000,10176.88385018136
13913,1776286200000,10176.88385018136
13914,1776286500000,10176.88385018136
13915,1776286800000,10176.88385018136
13916,1776287100000,10176.88385018136
13917,1776287400000,10176.88385018136
13918,1776287700000,10176.88385018136
13919,1776288000000,10176.88385018136
13920,1776288300000,10176.88385018136
13921,1776288600000,10176.88385018136
13922,1776288900000,10176.88385018136
13923,1776289200000,10176.88385018136
13924,1776289500000,10176.88385018136
13925,1776289800000,10176.88385018136
13926,1776290100000,10176.88385018136
13927,1776290400000,10176.88385018136
13928,1776290700000,10176.88385018136
13929,1776291000000,10176.88385018136
13930,1776291300000,10176.88385018136
13931,1776291600000,10176.88385018136
13932,1776291900000,10176.88385018136
13933,1776292200000,10176.88385018136
13934,1776292500000,10176.88385018136
13935,1776292800000,10176.88385018136
13936,1776293100000,10176.88385018136
13937,1776293400000,10176.88385018136
13938,1776293700000,10176.88385018136
13939,1776294000000,10176.88385018136
13940,1776294300000,10176.88385018136
13941,1776294600000,10176.88385018136
13942,1776294900000,10176.88385018136
13943,1776295200000,10176.88385018136
13944,1776295500000,10176.88385018136
13945,1776295800000,10176.88385018136
13946,1776296100000,10176.88385018136
13947,1776296400000,10176.88385018136
13948,1776296700000,10176.88385018136
13949,1776297000000,10176.88385018136
13950,1776297300000,10176.88385018136
13951,1776297600000,10176.88385018136
13952,1776297900000,10176.88385018136
13953,1776298200000,10176.88385018136
13954,1776298500000,10176.88385018136
13955,1776298800000,10176.88385018136
13956,1776299100000,10176.88385018136
13957,1776299400000,10176.88385018136
13958,1776299700000,10176.88385018136
13959,1776300000000,10176.88385018136
13960,1776300300000,10176.88385018136
13961,1776300600000,10176.88385018136
13962,1776300900000,10176.88385018136
13963,1776301200000,10176.88385018136
13964,1776301500000,10176.88385018136
13965,1776301800000,10176.88385018136
13966,1776302100000,10176.88385018136
13967,1776302400000,10176.88385018136
13968,1776302700000,10176.88385018136
13969,1776303000000,10176.88385018136
13970,1776303300000,10176.88385018136
13971,1776303600000,10176.88385018136
13972,1776303900000,10176.88385018136
13973,1776304200000,10176.88385018136
13974,1776304500000,10176.88385018136
13975,1776304800000,10176.88385018136
13976,1776305100000,10176.88385018136
13977,1776305400000,10176.88385018136
13978,1776305700000,10176.88385018136
13979,1776306000000,10176.88385018136
13980,1776306300000,10176.88385018136
13981,1776306600000,10176.88385018136
13982,1776306900000,10176.88385018136
13983,1776307200000,10176.88385018136
13984,1776307500000,10176.88385018136
13985,1776307800000,10176.88385018136
13986,1776308100000,10176.88385018136
13987,1776308400000,10176.88385018136
13988,1776308700000,10176.88385018136
13989,1776309000000,10176.88385018136
13990,1776309300000,10176.88385018136
13991,1776309600000,10176.88385018136
13992,1776309900000,10176.88385018136
13993,1776310200000,10176.88385018136
13994,1776310500000,10176.88385018136
13995,1776310800000,10176.88385018136
13996,1776311100000,10176.88385018136
13997,1776311400000,10176.88385018136
13998,1776311700000,10176.88385018136
13999,1776312000000,10176.88385018136
14000,1776312300000,10176.88385018136
14001,1776312600000,10176.88385018136
14002,1776312900000,10176.88385018136
14003,1776313200000,10176.88385018136
14004,1776313500000,10176.88385018136
14005,1776313800000,10176.88385018136
14006,1776314100000,10176.88385018136
14007,1776314400000,10176.88385018136
14008,1776314700000,10176.88385018136
14009,1776315000000,10176.88385018136
14010,1776315300000,10176.88385018136
14011,1776315600000,10176.88385018136
14012,1776315900000,10176.88385018136
14013,1776316200000,10176.88385018136
14014,1776316500000,10176.88385018136
14015,1776316800000,10176.88385018136
14016,1776317100000,10176.88385018136
14017,1776317400000,10176.88385018136
14018,1776317700000,10176.88385018136
14019,1776318000000,10176.88385018136
14020,1776318300000,10176.88385018136
14021,1776318600000,10176.88385018136
14022,1776318900000,10176.88385018136
14023,1776319200000,10176.88385018136
14024,1776319500000,10176.88385018136
14025,1776319800000,10176.88385018136
14026,1776320100000,10176.88385018136
14027,1776320400000,10176.88385018136
14028,1776320700000,10176.88385018136
14029,1776321000000,10176.88385018136
14030,1776321300000,10176.88385018136
14031,1776321600000,10176.88385018136
14032,1776321900000,10176.88385018136
14033,1776322200000,10176.88385018136
14034,1776322500000,10176.88385018136
14035,1776322800000,10176.88385018136
14036,1776323100000,10176.88385018136
14037,1776323400000,10176.88385018136
14038,1776323700000,10176.88385018136
14039,1776324000000,10176.88385018136
14040,1776324300000,10176.88385018136
14041,1776324600000,10176.88385018136
14042,1776324900000,10176.88385018136
14043,1776325200000,10176.88385018136
14044,1776325500000,10176.88385018136
14045,1776325800000,10176.88385018136
14046,1776326100000,10176.88385018136
14047,1776326400000,10176.88385018136
14048,1776326700000,10176.88385018136
14049,1776327000000,10176.88385018136
14050,1776327300000,10176.88385018136
14051,1776327600000,10176.88385018136
14052,1776327900000,10176.88385018136
14053,1776328200000,10176.88385018136
14054,1776328500000,10176.88385018136
14055,1776328800000,10176.88385018136
14056,1776329100000,10176.88385018136
14057,1776329400000,10176.88385018136
14058,1776329700000,10176.88385018136
14059,1776330000000,10176.88385018136
14060,1776330300000,10176.88385018136
14061,1776330600000,10176.88385018136
14062,1776330900000,10176.88385018136
14063,1776331200000,10176.88385018136
14064,1776331500000,10176.88385018136
14065,1776331800000,10176.88385018136
14066,1776332100000,10176.88385018136
14067,1776332400000,10176.88385018136
14068,1776332700000,10176.88385018136
14069,1776333000000,10176.88385018136
14070,1776333300000,10176.88385018136
14071,1776333600000,10176.88385018136
14072,1776333900000,10176.88385018136
14073,1776334200000,10176.88385018136
14074,1776334500000,10176.88385018136
14075,1776334800000,10176.88385018136
14076,1776335100000,10176.88385018136
14077,1776335400000,10176.88385018136
14078,1776335700000,10176.88385018136
14079,1776336000000,10176.88385018136
14080,1776336300000,10176.88385018136
14081,1776336600000,10176.88385018136
14082,1776336900000,10176.88385018136
14083,1776337200000,10176.88385018136
14084,1776337500000,10176.88385018136
14085,1776337800000,10176.88385018136
14086,1776338100000,10176.88385018136
14087,1776338400000,10176.88385018136
14088,1776338700000,10176.88385018136
14089,1776339000000,10176.88385018136
14090,1776339300000,10176.88385018136
14091,1776339600000,10176.88385018136
14092,1776339900000,10176.88385018136
14093,1776340200000,10176.88385018136
14094,1776340500000,10176.88385018136
14095,1776340800000,10176.88385018136
14096,1776341100000,10176.88385018136
14097,1776341400000,10176.88385018136
14098,1776341700000,10176.88385018136
14099,1776342000000,10176.88385018136
14100,1776342300000,10176.88385018136
14101,1776342600000,10176.88385018136
14102,1776342900000,10176.88385018136
14103,1776343200000,10176.88385018136
14104,1776343500000,10176.88385018136
14105,1776343800000,10176.88385018136
14106,1776344100000,10176.88385018136
14107,1776344400000,10176.88385018136
14108,1776344700000,10176.88385018136
14109,1776345000000,10176.88385018136
14110,1776345300000,10176.88385018136
14111,1776345600000,10176.88385018136
14112,1776345900000,10176.88385018136
14113,1776346200000,10176.88385018136
14114,1776346500000,10176.88385018136
14115,1776346800000,10176.88385018136
14116,1776347100000,10176.88385018136
14117,1776347400000,10176.88385018136
14118,1776347700000,10176.88385018136
14119,1776348000000,10176.88385018136
14120,1776348300000,10176.88385018136
14121,1776348600000,10176.88385018136
14122,1776348900000,10176.88385018136
14123,1776349200000,10176.88385018136
14124,1776349500000,10176.88385018136
14125,1776349800000,10176.88385018136
14126,1776350100000,10176.88385018136
14127,1776350400000,10176.88385018136
14128,1776350700000,10176.88385018136
14129,1776351000000,10176.88385018136
14130,1776351300000,10176.88385018136
14131,1776351600000,10176.88385018136
14132,1776351900000,10176.88385018136
14133,1776352200000,10176.88385018136
14134,1776352500000,10176.88385018136
14135,1776352800000,10176.88385018136
14136,1776353100000,10176.88385018136
14137,1776353400000,10176.88385018136
14138,1776353700000,10176.88385018136
14139,1776354000000,10176.88385018136
14140,1776354300000,10176.88385018136
14141,1776354600000,10176.88385018136
14142,1776354900000,10176.88385018136
14143,1776355200000,10176.88385018136
14144,1776355500000,10176.88385018136
14145,1776355800000,10176.88385018136
14146,1776356100000,10176.88385018136
14147,1776356400000,10176.88385018136
14148,1776356700000,10176.88385018136
14149,1776357000000,10176.88385018136
14150,1776357300000,10176.88385018136
14151,1776357600000,10176.88385018136
14152,1776357900000,10176.88385018136
14153,1776358200000,10176.88385018136
14154,1776358500000,10176.88385018136
14155,1776358800000,10176.88385018136
14156,1776359100000,10176.88385018136
14157,1776359400000,10176.88385018136
14158,1776359700000,10176.88385018136
14159,1776360000000,10176.88385018136
14160,1776360300000,10176.88385018136
14161,1776360600000,10176.88385018136
14162,1776360900000,10176.88385018136
14163,1776361200000,10176.88385018136
14164,1776361500000,10176.88385018136
14165,1776361800000,10176.88385018136
14166,1776362100000,10176.88385018136
14167,1776362400000,10176.88385018136
14168,1776362700000,10176.88385018136
14169,1776363000000,10176.88385018136
14170,1776363300000,10176.88385018136
14171,1776363600000,10176.88385018136
14172,1776363900000,10176.88385018136
14173,1776364200000,10176.88385018136
14174,1776364500000,10176.88385018136
14175,1776364800000,10176.88385018136
14176,1776365100000,10176.88385018136
14177,1776365400000,10176.88385018136
14178,1776365700000,10176.88385018136
14179,1776366000000,10176.88385018136
14180,1776366300000,10176.88385018136
14181,1776366600000,10176.88385018136
14182,1776366900000,10176.88385018136
14183,1776367200000,10176.88385018136
14184,1776367500000,10176.88385018136
14185,1776367800000,10176.88385018136
14186,1776368100000,10176.88385018136
14187,1776368400000,10176.88385018136
14188,1776368700000,10176.88385018136
14189,1776369000000,10176.88385018136
14190,1776369300000,10176.88385018136
14191,1776369600000,10176.88385018136
14192,1776369900000,10176.88385018136
14193,1776370200000,10176.88385018136
14194,1776370500000,10176.88385018136
14195,1776370800000,10176.88385018136
14196,1776371100000,10176.88385018136
14197,1776371400000,10176.88385018136
14198,1776371700000,10176.88385018136
14199,1776372000000,10176.88385018136
14200,1776372300000,10176.88385018136
14201,1776372600000,10176.88385018136
14202,1776372900000,10176.88385018136
14203,1776373200000,10176.88385018136
14204,1776373500000,10176.88385018136
14205,1776373800000,10176.88385018136
14206,1776374100000,10176.88385018136
14207,1776374400000,10176.88385018136
14208,1776374700000,10176.88385018136
14209,1776375000000,10176.88385018136
14210,1776375300000,10176.88385018136
14211,1776375600000,10176.88385018136
14212,1776375900000,10176.88385018136
14213,1776376200000,10176.88385018136
14214,1776376500000,10176.88385018136
14215,1776376800000,10176.88385018136
14216,1776377100000,10176.88385018136
14217,1776377400000,10176.88385018136
14218,1776377700000,10176.88385018136
14219,1776378000000,10176.88385018136
14220,1776378300000,10176.88385018136
14221,1776378600000,10176.88385018136
14222,1776378900000,10176.88385018136
14223,1776379200000,10176.88385018136
14224,1776379500000,10176.88385018136
14225,1776379800000,10176.88385018136
14226,1776380100000,10176.88385018136
14227,1776380400000,10176.88385018136
14228,1776380700000,10176.88385018136
14229,1776381000000,10176.88385018136
14230,1776381300000,10176.88385018136
14231,1776381600000,10176.88385018136
14232,1776381900000,10176.88385018136
14233,1776382200000,10176.88385018136
14234,1776382500000,10176.88385018136
14235,1776382800000,10176.88385018136
14236,1776383100000,10176.88385018136
14237,1776383400000,10176.88385018136
14238,1776383700000,10176.88385018136
14239,1776384000000,10176.88385018136
14240,1776384300000,10176.88385018136
14241,1776384600000,10176.88385018136
14242,1776384900000,10176.88385018136
14243,1776385200000,10176.88385018136
14244,1776385500000,10176.88385018136
14245,1776385800000,10176.88385018136
14246,1776386100000,10176.88385018136
14247,1776386400000,10176.88385018136
14248,1776386700000,10176.88385018136
14249,1776387000000,10176.88385018136
14250,1776387300000,10176.88385018136
14251,1776387600000,10176.88385018136
14252,1776387900000,10176.88385018136
14253,1776388200000,10176.88385018136
14254,1776388500000,10176.88385018136
14255,1776388800000,10176.88385018136
14256,1776389100000,10176.88385018136
14257,1776389400000,10176.88385018136
14258,1776389700000,10176.88385018136
14259,1776390000000,10176.88385018136
14260,1776390300000,10176.88385018136
14261,1776390600000,10176.88385018136
14262,1776390900000,10176.88385018136
14263,1776391200000,10176.88385018136
14264,1776391500000,10176.88385018136
14265,1776391800000,10176.88385018136
14266,1776392100000,10176.88385018136
14267,1776392400000,10176.88385018136
14268,1776392700000,10176.88385018136
14269,1776393000000,10176.88385018136
14270,1776393300000,10176.88385018136
14271,1776393600000,10176.88385018136
14272,1776393900000,10176.88385018136
14273,1776394200000,10176.88385018136
14274,1776394500000,10176.88385018136
14275,1776394800000,10176.88385018136
14276,1776395100000,10176.88385018136
14277,1776395400000,10176.88385018136
14278,1776395700000,10176.88385018136
14279,1776396000000,10176.88385018136
14280,1776396300000,10176.88385018136
14281,1776396600000,10176.88385018136
14282,1776396900000,10176.88385018136
14283,1776397200000,10176.88385018136
14284,1776397500000,10176.88385018136
14285,1776397800000,10176.88385018136
14286,1776398100000,10176.88385018136
14287,1776398400000,10176.88385018136
14288,1776398700000,10176.88385018136
14289,1776399000000,10176.88385018136
14290,1776399300000,10176.88385018136
14291,1776399600000,10176.88385018136
14292,1776399900000,10176.88385018136
14293,1776400200000,10176.88385018136
14294,1776400500000,10176.88385018136
14295,1776400800000,10176.88385018136
14296,1776401100000,10176.88385018136
14297,1776401400000,10176.88385018136
14298,1776401700000,10176.88385018136
14299,1776402000000,10176.88385018136
14300,1776402300000,10176.88385018136
14301,1776402600000,10176.88385018136
14302,1776402900000,10176.88385018136
14303,1776403200000,10176.88385018136
14304,1776403500000,10176.88385018136
14305,1776403800000,10176.88385018136
14306,1776404100000,10176.88385018136
14307,1776404400000,10176.88385018136
14308,1776404700000,10176.88385018136
14309,1776405000000,10176.88385018136
14310,1776405300000,10176.88385018136
14311,1776405600000,10176.88385018136
14312,1776405900000,10176.88385018136
14313,1776406200000,10176.88385018136
14314,1776406500000,10176.88385018136
14315,1776406800000,10176.88385018136
14316,1776407100000,10176.88385018136
14317,1776407400000,10176.88385018136
14318,1776407700000,10176.88385018136
14319,1776408000000,10176.88385018136
14320,1776408300000,10176.88385018136
14321,1776408600000,10176.88385018136
14322,1776408900000,10176.88385018136
14323,1776409200000,10176.88385018136
14324,1776409500000,10176.88385018136
14325,1776409800000,10176.88385018136
14326,1776410100000,10176.88385018136
14327,1776410400000,10176.88385018136
14328,1776410700000,10176.88385018136
14329,1776411000000,10176.88385018136
14330,1776411300000,10176.88385018136
14331,1776411600000,10176.88385018136
14332,1776411900000,10176.88385018136
14333,1776412200000,10176.88385018136
14334,1776412500000,10176.88385018136
14335,1776412800000,10176.88385018136
14336,1776413100000,10176.88385018136
14337,1776413400000,10176.88385018136
14338,1776413700000,10176.88385018136
14339,1776414000000,10176.88385018136
14340,1776414300000,10176.88385018136
14341,1776414600000,10176.88385018136
14342,1776414900000,10176.88385018136
14343,1776415200000,10176.88385018136
14344,1776415500000,10176.88385018136
14345,1776415800000,10176.88385018136
14346,1776416100000,10176.88385018136
14347,1776416400000,10176.88385018136
14348,1776416700000,10176.88385018136
14349,1776417000000,10176.88385018136
14350,1776417300000,10176.88385018136
14351,1776417600000,10176.88385018136
14352,1776417900000,10176.88385018136
14353,1776418200000,10176.88385018136
14354,1776418500000,10176.88385018136
14355,1776418800000,10176.88385018136
14356,1776419100000,10176.88385018136
14357,1776419400000,10176.88385018136
14358,1776419700000,10176.88385018136
14359,1776420000000,10176.88385018136
14360,1776420300000,10176.88385018136
14361,1776420600000,10176.88385018136
14362,1776420900000,10176.88385018136
14363,1776421200000,10176.88385018136
14364,1776421500000,10176.88385018136
14365,1776421800000,10176.88385018136
14366,1776422100000,10176.88385018136
14367,1776422400000,10176.88385018136
14368,1776422700000,10176.88385018136
14369,1776423000000,10176.88385018136
14370,1776423300000,10176.88385018136
14371,1776423600000,10176.88385018136
14372,1776423900000,10176.88385018136
14373,1776424200000,10176.88385018136
14374,1776424500000,10176.88385018136
14375,1776424800000,10176.88385018136
14376,1776425100000,10176.88385018136
14377,1776425400000,10176.88385018136
14378,1776425700000,10176.88385018136
14379,1776426000000,10176.88385018136
14380,1776426300000,10176.88385018136
14381,1776426600000,10176.88385018136
14382,1776426900000,10176.88385018136
14383,1776427200000,10176.88385018136
14384,1776427500000,10176.88385018136
14385,1776427800000,10176.88385018136
14386,1776428100000,10176.88385018136
14387,1776428400000,10176.88385018136
14388,1776428700000,10176.88385018136
14389,1776429000000,10176.88385018136
14390,1776429300000,10176.88385018136
14391,1776429600000,10176.88385018136
14392,1776429900000,10176.88385018136
14393,1776430200000,10176.88385018136
14394,1776430500000,10176.88385018136
14395,1776430800000,10176.88385018136
14396,1776431100000,10176.88385018136
14397,1776431400000,10176.88385018136
14398,1776431700000,10176.88385018136
14399,1776432000000,10176.88385018136
14400,1776432300000,10176.88385018136
14401,1776432600000,10176.88385018136
14402,1776432900000,10176.88385018136
14403,1776433200000,10176.88385018136
14404,1776433500000,10176.88385018136
14405,1776433800000,10176.88385018136
14406,1776434100000,10176.88385018136
14407,1776434400000,10176.88385018136
14408,1776434700000,10176.88385018136
14409,1776435000000,10176.88385018136
14410,1776435300000,10176.88385018136
14411,1776435600000,10176.88385018136
14412,1776435900000,10176.88385018136
14413,1776436200000,10176.88385018136
14414,1776436500000,10176.88385018136
14415,1776436800000,10176.88385018136
14416,1776437100000,10176.88385018136
14417,1776437400000,10176.88385018136
14418,1776437700000,10176.88385018136
14419,1776438000000,10176.88385018136
14420,1776438300000,10176.88385018136
14421,1776438600000,10176.88385018136
14422,1776438900000,10176.88385018136
14423,1776439200000,10176.88385018136
14424,1776439500000,10176.88385018136
14425,1776439800000,10176.88385018136
14426,1776440100000,10176.88385018136
14427,1776440400000,10176.88385018136
14428,1776440700000,10176.88385018136
14429,1776441000000,10176.88385018136
14430,1776441300000,10176.88385018136
14431,1776441600000,10176.88385018136
14432,1776441900000,10176.88385018136
14433,1776442200000,10176.88385018136
14434,1776442500000,10176.88385018136
14435,1776442800000,10176.88385018136
14436,1776443100000,10176.88385018136
14437,1776443400000,10176.88385018136
14438,1776443700000,10176.88385018136
14439,1776444000000,10176.88385018136
14440,1776444300000,10176.88385018136
14441,1776444600000,10176.88385018136
14442,1776444900000,10176.88385018136
14443,1776445200000,10176.88385018136
14444,1776445500000,10176.88385018136
14445,1776445800000,10176.88385018136
14446,1776446100000,10176.88385018136
14447,1776446400000,10176.88385018136
14448,1776446700000,10176.88385018136
14449,1776447000000,10176.88385018136
14450,1776447300000,10176.88385018136
14451,1776447600000,10176.88385018136
14452,1776447900000,10176.88385018136
14453,1776448200000,10176.88385018136
14454,1776448500000,10176.88385018136
14455,1776448800000,10176.88385018136
14456,1776449100000,10176.88385018136
14457,1776449400000,10176.88385018136
14458,1776449700000,10176.88385018136
14459,1776450000000,10176.88385018136
14460,1776450300000,10176.88385018136
14461,1776450600000,10176.88385018136
14462,1776450900000,10176.88385018136
14463,1776451200000,10176.88385018136
14464,1776451500000,10176.88385018136
14465,1776451800000,10176.88385018136
14466,1776452100000,10176.88385018136
14467,1776452400000,10176.88385018136
14468,1776452700000,10176.88385018136
14469,1776453000000,10176.88385018136
14470,1776453300000,10176.88385018136
14471,1776453600000,10176.88385018136
14472,1776453900000,10176.88385018136
14473,1776454200000,10176.88385018136
14474,1776454500000,10176.88385018136
14475,1776454800000,10176.88385018136
14476,1776455100000,10176.88385018136
14477,1776455400000,10176.88385018136
14478,1776455700000,10176.88385018136
14479,1776456000000,10176.88385018136
14480,1776456300000,10176.88385018136
14481,1776456600000,10176.88385018136
14482,1776456900000,10176.88385018136
14483,1776457200000,10176.88385018136
14484,1776457500000,10176.88385018136
14485,1776457800000,10176.88385018136
14486,1776458100000,10176.88385018136
14487,1776458400000,10176.88385018136
14488,1776458700000,10176.88385018136
14489,1776459000000,10176.88385018136
14490,1776459300000,10176.88385018136
14491,1776459600000,10176.88385018136
14492,1776459900000,10176.88385018136
14493,1776460200000,10176.88385018136
14494,1776460500000,10176.88385018136
14495,1776460800000,10176.88385018136
14496,1776461100000,10176.88385018136
14497,1776461400000,10176.88385018136
14498,1776461700000,10176.88385018136
14499,1776462000000,10176.88385018136
14500,1776462300000,10176.88385018136
14501,1776462600000,10176.88385018136
14502,1776462900000,10176.88385018136
14503,1776463200000,10176.88385018136
14504,1776463500000,10176.88385018136
14505,1776463800000,10176.88385018136
14506,1776464100000,10176.88385018136
14507,1776464400000,10176.88385018136
14508,1776464700000,10176.88385018136
14509,1776465000000,10176.88385018136
14510,1776465300000,10176.88385018136
14511,1776465600000,10176.88385018136
14512,1776465900000,10176.88385018136
14513,1776466200000,10176.88385018136
14514,1776466500000,10176.88385018136
14515,1776466800000,10176.88385018136
14516,1776467100000,10176.88385018136
14517,1776467400000,10176.88385018136
14518,1776467700000,10176.88385018136
14519,1776468000000,10176.88385018136
14520,1776468300000,10176.88385018136
14521,1776468600000,10176.88385018136
14522,1776468900000,10176.88385018136
14523,1776469200000,10176.88385018136
14524,1776469500000,10176.88385018136
14525,1776469800000,10176.88385018136
14526,1776470100000,10176.88385018136
14527,1776470400000,10176.88385018136
14528,1776470700000,10176.88385018136
14529,1776471000000,10176.88385018136
14530,1776471300000,10176.88385018136
14531,1776471600000,10176.88385018136
14532,1776471900000,10176.88385018136
14533,1776472200000,10176.88385018136
14534,1776472500000,10176.88385018136
14535,1776472800000,10176.88385018136
14536,1776473100000,10176.88385018136
14537,1776473400000,10176.88385018136
14538,1776473700000,10176.88385018136
14539,1776474000000,10176.88385018136
14540,1776474300000,10176.88385018136
14541,1776474600000,10176.88385018136
14542,1776474900000,10176.88385018136
14543,1776475200000,10176.88385018136
14544,1776475500000,10176.88385018136
14545,1776475800000,10176.88385018136
14546,1776476100000,10176.88385018136
14547,1776476400000,10176.88385018136
14548,1776476700000,10176.88385018136
14549,1776477000000,10176.88385018136
14550,1776477300000,10176.88385018136
14551,1776477600000,10176.88385018136
14552,1776477900000,10176.88385018136
14553,1776478200000,10176.88385018136
14554,1776478500000,10176.88385018136
14555,1776478800000,10176.88385018136
14556,1776479100000,10176.88385018136
14557,1776479400000,10176.88385018136
14558,1776479700000,10176.88385018136
14559,1776480000000,10176.88385018136
14560,1776480300000,10176.88385018136
14561,1776480600000,10176.88385018136
14562,1776480900000,10176.88385018136
14563,1776481200000,10176.88385018136
14564,1776481500000,10176.88385018136
14565,1776481800000,10176.88385018136
14566,1776482100000,10176.88385018136
14567,1776482400000,10176.88385018136
14568,1776482700000,10176.88385018136
14569,1776483000000,10176.88385018136
14570,1776483300000,10176.88385018136
14571,1776483600000,10176.88385018136
14572,1776483900000,10176.88385018136
14573,1776484200000,10176.88385018136
14574,1776484500000,10176.88385018136
14575,1776484800000,10176.88385018136
14576,1776485100000,10176.88385018136
14577,1776485400000,10176.88385018136
14578,1776485700000,10176.88385018136
14579,1776486000000,10176.88385018136
14580,1776486300000,10176.88385018136
14581,1776486600000,10176.88385018136
14582,1776486900000,10176.88385018136
14583,1776487200000,10176.88385018136
14584,1776487500000,10176.88385018136
14585,1776487800000,10176.88385018136
14586,1776488100000,10176.88385018136
14587,1776488400000,10176.88385018136
14588,1776488700000,10176.88385018136
14589,1776489000000,10176.88385018136
14590,1776489300000,10176.88385018136
14591,1776489600000,10176.88385018136
14592,1776489900000,10176.88385018136
14593,1776490200000,10176.88385018136
14594,1776490500000,10176.88385018136
14595,1776490800000,10176.88385018136
14596,1776491100000,10176.88385018136
14597,1776491400000,10176.88385018136
14598,1776491700000,10176.88385018136
14599,1776492000000,10176.88385018136
14600,1776492300000,10176.88385018136
14601,1776492600000,10176.88385018136
14602,1776492900000,10176.88385018136
14603,1776493200000,10176.88385018136
14604,1776493500000,10176.88385018136
14605,1776493800000,10176.88385018136
14606,1776494100000,10176.88385018136
14607,1776494400000,10176.88385018136
14608,1776494700000,10176.88385018136
14609,1776495000000,10176.88385018136
14610,1776495300000,10176.88385018136
14611,1776495600000,10176.88385018136
14612,1776495900000,10176.88385018136
14613,1776496200000,10176.88385018136
14614,1776496500000,10176.88385018136
14615,1776496800000,10176.88385018136
14616,1776497100000,10176.88385018136
14617,1776497400000,10176.88385018136
14618,1776497700000,10176.88385018136
14619,1776498000000,10176.88385018136
14620,1776498300000,10176.88385018136
14621,1776498600000,10176.88385018136
14622,1776498900000,10176.88385018136
14623,1776499200000,10176.88385018136
14624,1776499500000,10176.88385018136
14625,1776499800000,10176.88385018136
14626,1776500100000,10176.88385018136
14627,1776500400000,10176.88385018136
14628,1776500700000,10176.88385018136
14629,1776501000000,10176.88385018136
14630,1776501300000,10176.88385018136
14631,1776501600000,10176.88385018136
14632,1776501900000,10176.88385018136
14633,1776502200000,10176.88385018136
14634,1776502500000,10176.88385018136
14635,1776502800000,10176.88385018136
14636,1776503100000,10176.88385018136
14637,1776503400000,10176.88385018136
14638,1776503700000,10176.88385018136
14639,1776504000000,10176.88385018136
14640,1776504300000,10176.88385018136
14641,1776504600000,10176.88385018136
14642,1776504900000,10176.88385018136
14643,1776505200000,10176.88385018136
14644,1776505500000,10176.88385018136
14645,1776505800000,10176.88385018136
14646,1776506100000,10176.88385018136
14647,1776506400000,10176.88385018136
14648,1776506700000,10176.88385018136
14649,1776507000000,10176.88385018136
14650,1776507300000,10176.88385018136
14651,1776507600000,10176.88385018136
14652,1776507900000,10176.88385018136
14653,1776508200000,10176.88385018136
14654,1776508500000,10176.88385018136
14655,1776508800000,10176.88385018136
14656,1776509100000,10176.88385018136
14657,1776509400000,10176.88385018136
14658,1776509700000,10176.88385018136
14659,1776510000000,10176.88385018136
14660,1776510300000,10176.88385018136
14661,1776510600000,10176.88385018136
14662,1776510900000,10176.88385018136
14663,1776511200000,10176.88385018136
14664,1776511500000,10176.88385018136
14665,1776511800000,10176.88385018136
14666,1776512100000,10176.88385018136
14667,1776512400000,10176.88385018136
14668,1776512700000,10176.88385018136
14669,1776513000000,10176.88385018136
14670,1776513300000,10176.88385018136
14671,1776513600000,10176.88385018136
14672,1776513900000,10176.88385018136
14673,1776514200000,10176.88385018136
14674,1776514500000,10176.88385018136
14675,1776514800000,10176.88385018136
14676,1776515100000,10176.88385018136
14677,1776515400000,10176.88385018136
14678,1776515700000,10176.88385018136
14679,1776516000000,10176.88385018136
14680,1776516300000,10176.88385018136
14681,1776516600000,10176.88385018136
14682,1776516900000,10176.88385018136
14683,1776517200000,10176.88385018136
14684,1776517500000,10176.88385018136
14685,1776517800000,10176.88385018136
14686,1776518100000,10176.88385018136
14687,1776518400000,10176.88385018136
14688,1776518700000,10176.88385018136
14689,1776519000000,10176.88385018136
14690,1776519300000,10176.88385018136
14691,1776519600000,10176.88385018136
14692,1776519900000,10176.88385018136
14693,1776520200000,10176.88385018136
14694,1776520500000,10176.88385018136
14695,1776520800000,10176.88385018136
14696,1776521100000,10176.88385018136
14697,1776521400000,10176.88385018136
14698,1776521700000,10176.88385018136
14699,1776522000000,10176.88385018136
14700,1776522300000,10176.88385018136
14701,1776522600000,10176.88385018136
14702,1776522900000,10176.88385018136
14703,1776523200000,10176.88385018136
14704,1776523500000,10176.88385018136
14705,1776523800000,10176.88385018136
14706,1776524100000,10176.88385018136
14707,1776524400000,10172.813096641288
14708,1776524700000,10179.345654272423
14709,1776525000000,10179.345654272423
14710,1776525300000,10179.345654272423
14711,1776525600000,10179.345654272423
14712,1776525900000,10179.345654272423
14713,1776526200000,10179.345654272423
14714,1776526500000,10179.345654272423
14715,1776526800000,10179.345654272423
14716,1776527100000,10179.345654272423
14717,1776527400000,10179.345654272423
14718,1776527700000,10179.345654272423
14719,1776528000000,10179.345654272423
14720,1776528300000,10179.345654272423
14721,1776528600000,10179.345654272423
14722,1776528900000,10179.345654272423
14723,1776529200000,10179.345654272423
14724,1776529500000,10179.345654272423
14725,1776529800000,10179.345654272423
14726,1776530100000,10179.345654272423
14727,1776530400000,10179.345654272423
14728,1776530700000,10179.345654272423
14729,1776531000000,10179.345654272423
14730,1776531300000,10179.345654272423
14731,1776531600000,10179.345654272423
14732,1776531900000,10179.345654272423
14733,1776532200000,10179.345654272423
14734,1776532500000,10179.345654272423
14735,1776532800000,10179.345654272423
14736,1776533100000,10179.345654272423
14737,1776533400000,10179.345654272423
14738,1776533700000,10179.345654272423
14739,1776534000000,10179.345654272423
14740,1776534300000,10179.345654272423
14741,1776534600000,10179.345654272423
14742,1776534900000,10179.345654272423
14743,1776535200000,10179.345654272423
14744,1776535500000,10179.345654272423
14745,1776535800000,10179.345654272423
14746,1776536100000,10179.345654272423
14747,1776536400000,10179.345654272423
14748,1776536700000,10179.345654272423
14749,1776537000000,10179.345654272423
14750,1776537300000,10179.345654272423
14751,1776537600000,10179.345654272423
14752,1776537900000,10179.345654272423
14753,1776538200000,10179.345654272423
14754,1776538500000,10179.345654272423
14755,1776538800000,10179.345654272423
14756,1776539100000,10179.345654272423
14757,1776539400000,10179.345654272423
14758,1776539700000,10179.345654272423
14759,1776540000000,10179.345654272423
14760,1776540300000,10179.345654272423
14761,1776540600000,10179.345654272423
14762,1776540900000,10179.345654272423
14763,1776541200000,10179.345654272423
14764,1776541500000,10179.345654272423
14765,1776541800000,10179.345654272423
14766,1776542100000,10179.345654272423
14767,1776542400000,10179.345654272423
14768,1776542700000,10179.345654272423
14769,1776543000000,10179.345654272423
14770,1776543300000,10179.345654272423
14771,1776543600000,10179.345654272423
14772,1776543900000,10179.345654272423
14773,1776544200000,10179.345654272423
14774,1776544500000,10179.345654272423
14775,1776544800000,10179.345654272423
14776,1776545100000,10179.345654272423
14777,1776545400000,10179.345654272423
14778,1776545700000,10179.345654272423
14779,1776546000000,10179.345654272423
14780,1776546300000,10179.345654272423
14781,1776546600000,10179.345654272423
14782,1776546900000,10179.345654272423
14783,1776547200000,10179.345654272423
14784,1776547500000,10179.345654272423
14785,1776547800000,10179.345654272423
14786,1776548100000,10179.345654272423
14787,1776548400000,10179.345654272423
14788,1776548700000,10179.345654272423
14789,1776549000000,10179.345654272423
14790,1776549300000,10179.345654272423
14791,1776549600000,10179.345654272423
14792,1776549900000,10179.345654272423
14793,1776550200000,10179.345654272423
14794,1776550500000,10179.345654272423
14795,1776550800000,10179.345654272423
14796,1776551100000,10179.345654272423
14797,1776551400000,10179.345654272423
14798,1776551700000,10179.345654272423
14799,1776552000000,10179.345654272423
14800,1776552300000,10179.345654272423
14801,1776552600000,10179.345654272423
14802,1776552900000,10179.345654272423
14803,1776553200000,10179.345654272423
14804,1776553500000,10179.345654272423
14805,1776553800000,10179.345654272423
14806,1776554100000,10179.345654272423
14807,1776554400000,10179.345654272423
14808,1776554700000,10179.345654272423
14809,1776555000000,10179.345654272423
14810,1776555300000,10179.345654272423
14811,1776555600000,10179.345654272423
14812,1776555900000,10179.345654272423
14813,1776556200000,10179.345654272423
14814,1776556500000,10179.345654272423
14815,1776556800000,10179.345654272423
14816,1776557100000,10179.345654272423
14817,1776557400000,10179.345654272423
14818,1776557700000,10179.345654272423
14819,1776558000000,10179.345654272423
14820,1776558300000,10179.345654272423
14821,1776558600000,10179.345654272423
14822,1776558900000,10179.345654272423
14823,1776559200000,10179.345654272423
14824,1776559500000,10179.345654272423
14825,1776559800000,10179.345654272423
14826,1776560100000,10179.345654272423
14827,1776560400000,10179.345654272423
14828,1776560700000,10179.345654272423
14829,1776561000000,10179.345654272423
14830,1776561300000,10179.345654272423
14831,1776561600000,10179.345654272423
14832,1776561900000,10179.345654272423
14833,1776562200000,10179.345654272423
14834,1776562500000,10179.345654272423
14835,1776562800000,10179.345654272423
14836,1776563100000,10179.345654272423
14837,1776563400000,10179.345654272423
14838,1776563700000,10179.345654272423
14839,1776564000000,10179.345654272423
14840,1776564300000,10179.345654272423
14841,1776564600000,10179.345654272423
14842,1776564900000,10179.345654272423
14843,1776565200000,10179.345654272423
14844,1776565500000,10179.345654272423
14845,1776565800000,10179.345654272423
14846,1776566100000,10179.345654272423
14847,1776566400000,10179.345654272423
14848,1776566700000,10179.345654272423
14849,1776567000000,10179.345654272423
14850,1776567300000,10179.345654272423
14851,1776567600000,10179.345654272423
14852,1776567900000,10179.345654272423
14853,1776568200000,10179.345654272423
14854,1776568500000,10179.345654272423
14855,1776568800000,10179.345654272423
14856,1776569100000,10179.345654272423
14857,1776569400000,10179.345654272423
14858,1776569700000,10179.345654272423
14859,1776570000000,10179.345654272423
14860,1776570300000,10179.345654272423
14861,1776570600000,10179.345654272423
14862,1776570900000,10179.345654272423
14863,1776571200000,10179.345654272423
14864,1776571500000,10179.345654272423
14865,1776571800000,10179.345654272423
14866,1776572100000,10179.345654272423
14867,1776572400000,10179.345654272423
14868,1776572700000,10179.345654272423
14869,1776573000000,10179.345654272423
14870,1776573300000,10179.345654272423
14871,1776573600000,10179.345654272423
14872,1776573900000,10179.345654272423
14873,1776574200000,10179.345654272423
14874,1776574500000,10179.345654272423
14875,1776574800000,10179.345654272423
14876,1776575100000,10179.345654272423
14877,1776575400000,10179.345654272423
14878,1776575700000,10179.345654272423
14879,1776576000000,10179.345654272423
14880,1776576300000,10179.345654272423
14881,1776576600000,10179.345654272423
14882,1776576900000,10179.345654272423
14883,1776577200000,10179.345654272423
14884,1776577500000,10179.345654272423
14885,1776577800000,10179.345654272423
14886,1776578100000,10179.345654272423
14887,1776578400000,10179.345654272423
14888,1776578700000,10179.345654272423
14889,1776579000000,10179.345654272423
14890,1776579300000,10179.345654272423
14891,1776579600000,10179.345654272423
14892,1776579900000,10179.345654272423
14893,1776580200000,10179.345654272423
14894,1776580500000,10179.345654272423
14895,1776580800000,10179.345654272423
14896,1776581100000,10179.345654272423
14897,1776581400000,10179.345654272423
14898,1776581700000,10179.345654272423
14899,1776582000000,10179.345654272423
14900,1776582300000,10179.345654272423
14901,1776582600000,10179.345654272423
14902,1776582900000,10179.345654272423
14903,1776583200000,10179.345654272423
14904,1776583500000,10179.345654272423
14905,1776583800000,10179.345654272423
14906,1776584100000,10179.345654272423
14907,1776584400000,10179.345654272423
14908,1776584700000,10179.345654272423
14909,1776585000000,10179.345654272423
14910,1776585300000,10179.345654272423
14911,1776585600000,10179.345654272423
14912,1776585900000,10179.345654272423
14913,1776586200000,10179.345654272423
14914,1776586500000,10179.345654272423
14915,1776586800000,10179.345654272423
14916,1776587100000,10179.345654272423
14917,1776587400000,10179.345654272423
14918,1776587700000,10179.345654272423
14919,1776588000000,10179.345654272423
14920,1776588300000,10179.345654272423
14921,1776588600000,10179.345654272423
14922,1776588900000,10179.345654272423
14923,1776589200000,10179.345654272423
14924,1776589500000,10179.345654272423
14925,1776589800000,10179.345654272423
14926,1776590100000,10179.345654272423
14927,1776590400000,10179.345654272423
14928,1776590700000,10179.345654272423
14929,1776591000000,10179.345654272423
14930,1776591300000,10179.345654272423
14931,1776591600000,10179.345654272423
14932,1776591900000,10179.345654272423
14933,1776592200000,10179.345654272423
14934,1776592500000,10179.345654272423
14935,1776592800000,10179.345654272423
14936,1776593100000,10179.345654272423
14937,1776593400000,10179.345654272423
14938,1776593700000,10179.345654272423
14939,1776594000000,10179.345654272423
14940,1776594300000,10179.345654272423
14941,1776594600000,10179.345654272423
14942,1776594900000,10179.345654272423
14943,1776595200000,10179.345654272423
14944,1776595500000,10179.345654272423
14945,1776595800000,10179.345654272423
14946,1776596100000,10179.345654272423
14947,1776596400000,10179.345654272423
14948,1776596700000,10179.345654272423
14949,1776597000000,10179.345654272423
14950,1776597300000,10179.345654272423
14951,1776597600000,10179.345654272423
14952,1776597900000,10179.345654272423
14953,1776598200000,10179.345654272423
14954,1776598500000,10179.345654272423
14955,1776598800000,10179.345654272423
14956,1776599100000,10179.345654272423
14957,1776599400000,10179.345654272423
14958,1776599700000,10179.345654272423
14959,1776600000000,10179.345654272423
14960,1776600300000,10179.345654272423
14961,1776600600000,10179.345654272423
14962,1776600900000,10179.345654272423
14963,1776601200000,10179.345654272423
14964,1776601500000,10179.345654272423
14965,1776601800000,10179.345654272423
14966,1776602100000,10179.345654272423
14967,1776602400000,10179.345654272423
14968,1776602700000,10179.345654272423
14969,1776603000000,10179.345654272423
14970,1776603300000,10179.345654272423
14971,1776603600000,10179.345654272423
14972,1776603900000,10179.345654272423
14973,1776604200000,10179.345654272423
14974,1776604500000,10179.345654272423
14975,1776604800000,10179.345654272423
14976,1776605100000,10179.345654272423
14977,1776605400000,10179.345654272423
14978,1776605700000,10179.345654272423
14979,1776606000000,10179.345654272423
14980,1776606300000,10179.345654272423
14981,1776606600000,10179.345654272423
14982,1776606900000,10179.345654272423
14983,1776607200000,10179.345654272423
14984,1776607500000,10179.345654272423
14985,1776607800000,10179.345654272423
14986,1776608100000,10179.345654272423
14987,1776608400000,10179.345654272423
14988,1776608700000,10179.345654272423
14989,1776609000000,10179.345654272423
14990,1776609300000,10179.345654272423
14991,1776609600000,10179.345654272423
14992,1776609900000,10179.345654272423
14993,1776610200000,10179.345654272423
14994,1776610500000,10179.345654272423
14995,1776610800000,10179.345654272423
14996,1776611100000,10179.345654272423
14997,1776611400000,10179.345654272423
14998,1776611700000,10179.345654272423
14999,1776612000000,10179.345654272423
15000,1776612300000,10179.345654272423
15001,1776612600000,10179.345654272423
15002,1776612900000,10179.345654272423
15003,1776613200000,10179.345654272423
15004,1776613500000,10179.345654272423
15005,1776613800000,10179.345654272423
15006,1776614100000,10179.345654272423
15007,1776614400000,10179.345654272423
15008,1776614700000,10179.345654272423
15009,1776615000000,10179.345654272423
15010,1776615300000,10179.345654272423
15011,1776615600000,10179.345654272423
15012,1776615900000,10179.345654272423
15013,1776616200000,10179.345654272423
15014,1776616500000,10179.345654272423
15015,1776616800000,10179.345654272423
15016,1776617100000,10179.345654272423
15017,1776617400000,10179.345654272423
15018,1776617700000,10179.345654272423
15019,1776618000000,10179.345654272423
15020,1776618300000,10179.345654272423
15021,1776618600000,10179.345654272423
15022,1776618900000,10179.345654272423
15023,1776619200000,10179.345654272423
15024,1776619500000,10179.345654272423
15025,1776619800000,10179.345654272423
15026,1776620100000,10179.345654272423
15027,1776620400000,10179.345654272423
15028,1776620700000,10179.345654272423
15029,1776621000000,10179.345654272423
15030,1776621300000,10179.345654272423
15031,1776621600000,10179.345654272423
15032,1776621900000,10179.345654272423
15033,1776622200000,10179.345654272423
15034,1776622500000,10179.345654272423
15035,1776622800000,10179.345654272423
15036,1776623100000,10179.345654272423
15037,1776623400000,10179.345654272423
15038,1776623700000,10179.345654272423
15039,1776624000000,10179.345654272423
15040,1776624300000,10179.345654272423
15041,1776624600000,10179.345654272423
15042,1776624900000,10179.345654272423
15043,1776625200000,10179.345654272423
15044,1776625500000,10179.345654272423
15045,1776625800000,10179.345654272423
15046,1776626100000,10179.345654272423
15047,1776626400000,10179.345654272423
15048,1776626700000,10179.345654272423
15049,1776627000000,10179.345654272423
15050,1776627300000,10179.345654272423
15051,1776627600000,10179.345654272423
15052,1776627900000,10179.345654272423
15053,1776628200000,10179.345654272423
15054,1776628500000,10179.345654272423
15055,1776628800000,10179.345654272423
15056,1776629100000,10179.345654272423
15057,1776629400000,10179.345654272423
15058,1776629700000,10179.345654272423
15059,1776630000000,10179.345654272423
15060,1776630300000,10179.345654272423
15061,1776630600000,10179.345654272423
15062,1776630900000,10179.345654272423
15063,1776631200000,10179.345654272423
15064,1776631500000,10179.345654272423
15065,1776631800000,10179.345654272423
15066,1776632100000,10179.345654272423
15067,1776632400000,10179.345654272423
15068,1776632700000,10179.345654272423
15069,1776633000000,10179.345654272423
15070,1776633300000,10179.345654272423
15071,1776633600000,10179.345654272423
15072,1776633900000,10179.345654272423
15073,1776634200000,10179.345654272423
15074,1776634500000,10179.345654272423
15075,1776634800000,10179.345654272423
15076,1776635100000,10179.345654272423
15077,1776635400000,10179.345654272423
15078,1776635700000,10179.345654272423
15079,1776636000000,10179.345654272423
15080,1776636300000,10179.345654272423
15081,1776636600000,10179.345654272423
15082,1776636900000,10179.345654272423
15083,1776637200000,10179.345654272423
15084,1776637500000,10179.345654272423
15085,1776637800000,10179.345654272423
15086,1776638100000,10179.345654272423
15087,1776638400000,10179.345654272423
15088,1776638700000,10179.345654272423
15089,1776639000000,10179.345654272423
15090,1776639300000,10179.345654272423
15091,1776639600000,10179.345654272423
15092,1776639900000,10179.345654272423
15093,1776640200000,10179.345654272423
15094,1776640500000,10179.345654272423
15095,1776640800000,10179.345654272423
15096,1776641100000,10179.345654272423
15097,1776641400000,10179.345654272423
15098,1776641700000,10179.345654272423
15099,1776642000000,10179.345654272423
15100,1776642300000,10179.345654272423
15101,1776642600000,10179.345654272423
15102,1776642900000,10179.345654272423
15103,1776643200000,10179.345654272423
15104,1776643500000,10179.345654272423
15105,1776643800000,10179.345654272423
15106,1776644100000,10179.345654272423
15107,1776644400000,10179.345654272423
15108,1776644700000,10179.345654272423
15109,1776645000000,10179.345654272423
15110,1776645300000,10179.345654272423
15111,1776645600000,10179.345654272423
15112,1776645900000,10179.345654272423
15113,1776646200000,10179.345654272423
15114,1776646500000,10179.345654272423
15115,1776646800000,10179.345654272423
15116,1776647100000,10179.345654272423
15117,1776647400000,10179.345654272423
15118,1776647700000,10179.345654272423
15119,1776648000000,10179.345654272423
15120,1776648300000,10179.345654272423
15121,1776648600000,10179.345654272423
15122,1776648900000,10179.345654272423
15123,1776649200000,10179.345654272423
15124,1776649500000,10179.345654272423
15125,1776649800000,10179.345654272423
15126,1776650100000,10179.345654272423
15127,1776650400000,10179.345654272423
15128,1776650700000,10179.345654272423
15129,1776651000000,10179.345654272423
15130,1776651300000,10179.345654272423
15131,1776651600000,10179.345654272423
15132,1776651900000,10179.345654272423
15133,1776652200000,10179.345654272423
15134,1776652500000,10179.345654272423
15135,1776652800000,10179.345654272423
15136,1776653100000,10179.345654272423
15137,1776653400000,10179.345654272423
15138,1776653700000,10179.345654272423
15139,1776654000000,10179.345654272423
15140,1776654300000,10179.345654272423
15141,1776654600000,10179.345654272423
15142,1776654900000,10179.345654272423
15143,1776655200000,10179.345654272423
15144,1776655500000,10179.345654272423
15145,1776655800000,10179.345654272423
15146,1776656100000,10179.345654272423
15147,1776656400000,10179.345654272423
15148,1776656700000,10179.345654272423
15149,1776657000000,10179.345654272423
15150,1776657300000,10179.345654272423
15151,1776657600000,10179.345654272423
15152,1776657900000,10179.345654272423
15153,1776658200000,10179.345654272423
15154,1776658500000,10179.345654272423
15155,1776658800000,10179.345654272423
15156,1776659100000,10179.345654272423
15157,1776659400000,10179.345654272423
15158,1776659700000,10179.345654272423
15159,1776660000000,10179.345654272423
15160,1776660300000,10179.345654272423
15161,1776660600000,10179.345654272423
15162,1776660900000,10179.345654272423
15163,1776661200000,10179.345654272423
15164,1776661500000,10179.345654272423
15165,1776661800000,10179.345654272423
15166,1776662100000,10179.345654272423
15167,1776662400000,10179.345654272423
15168,1776662700000,10179.345654272423
15169,1776663000000,10179.345654272423
15170,1776663300000,10179.345654272423
15171,1776663600000,10179.345654272423
15172,1776663900000,10179.345654272423
15173,1776664200000,10179.345654272423
15174,1776664500000,10179.345654272423
15175,1776664800000,10179.345654272423
15176,1776665100000,10179.345654272423
15177,1776665400000,10179.345654272423
15178,1776665700000,10179.345654272423
15179,1776666000000,10179.345654272423
15180,1776666300000,10179.345654272423
15181,1776666600000,10179.345654272423
15182,1776666900000,10179.345654272423
15183,1776667200000,10179.345654272423
15184,1776667500000,10179.345654272423
15185,1776667800000,10179.345654272423
15186,1776668100000,10179.345654272423
15187,1776668400000,10179.345654272423
15188,1776668700000,10179.345654272423
15189,1776669000000,10179.345654272423
15190,1776669300000,10179.345654272423
15191,1776669600000,10179.345654272423
15192,1776669900000,10179.345654272423
15193,1776670200000,10179.345654272423
15194,1776670500000,10179.345654272423
15195,1776670800000,10179.345654272423
15196,1776671100000,10179.345654272423
15197,1776671400000,10179.345654272423
15198,1776671700000,10179.345654272423
15199,1776672000000,10179.345654272423
15200,1776672300000,10179.345654272423
15201,1776672600000,10179.345654272423
15202,1776672900000,10179.345654272423
15203,1776673200000,10179.345654272423
15204,1776673500000,10179.345654272423
15205,1776673800000,10179.345654272423
15206,1776674100000,10179.345654272423
15207,1776674400000,10179.345654272423
15208,1776674700000,10179.345654272423
15209,1776675000000,10179.345654272423
15210,1776675300000,10179.345654272423
15211,1776675600000,10179.345654272423
15212,1776675900000,10179.345654272423
15213,1776676200000,10179.345654272423
15214,1776676500000,10179.345654272423
15215,1776676800000,10179.345654272423
15216,1776677100000,10179.345654272423
15217,1776677400000,10179.345654272423
15218,1776677700000,10179.345654272423
15219,1776678000000,10179.345654272423
15220,1776678300000,10179.345654272423
15221,1776678600000,10179.345654272423
15222,1776678900000,10179.345654272423
15223,1776679200000,10179.345654272423
15224,1776679500000,10179.345654272423
15225,1776679800000,10179.345654272423
15226,1776680100000,10179.345654272423
15227,1776680400000,10179.345654272423
15228,1776680700000,10179.345654272423
15229,1776681000000,10179.345654272423
15230,1776681300000,10179.345654272423
15231,1776681600000,10179.345654272423
15232,1776681900000,10179.345654272423
15233,1776682200000,10179.345654272423
15234,1776682500000,10179.345654272423
15235,1776682800000,10179.345654272423
15236,1776683100000,10179.345654272423
15237,1776683400000,10179.345654272423
15238,1776683700000,10179.345654272423
15239,1776684000000,10179.345654272423
15240,1776684300000,10179.345654272423
15241,1776684600000,10179.345654272423
15242,1776684900000,10179.345654272423
15243,1776685200000,10179.345654272423
15244,1776685500000,10179.345654272423
15245,1776685800000,10179.345654272423
15246,1776686100000,10179.345654272423
15247,1776686400000,10179.345654272423
15248,1776686700000,10179.345654272423
15249,1776687000000,10179.345654272423
15250,1776687300000,10179.345654272423
15251,1776687600000,10179.345654272423
15252,1776687900000,10179.345654272423
15253,1776688200000,10179.345654272423
15254,1776688500000,10179.345654272423
15255,1776688800000,10179.345654272423
15256,1776689100000,10179.345654272423
15257,1776689400000,10179.345654272423
15258,1776689700000,10179.345654272423
15259,1776690000000,10179.345654272423
15260,1776690300000,10179.345654272423
15261,1776690600000,10179.345654272423
15262,1776690900000,10179.345654272423
15263,1776691200000,10179.345654272423
15264,1776691500000,10179.345654272423
15265,1776691800000,10179.345654272423
15266,1776692100000,10179.345654272423
15267,1776692400000,10179.345654272423
15268,1776692700000,10179.345654272423
15269,1776693000000,10179.345654272423
15270,1776693300000,10179.345654272423
15271,1776693600000,10179.345654272423
15272,1776693900000,10179.345654272423
15273,1776694200000,10179.345654272423
15274,1776694500000,10179.345654272423
15275,1776694800000,10179.345654272423
15276,1776695100000,10179.345654272423
15277,1776695400000,10179.345654272423
15278,1776695700000,10179.345654272423
15279,1776696000000,10179.345654272423
15280,1776696300000,10179.345654272423
15281,1776696600000,10179.345654272423
15282,1776696900000,10179.345654272423
15283,1776697200000,10179.345654272423
15284,1776697500000,10179.345654272423
15285,1776697800000,10179.345654272423
15286,1776698100000,10179.345654272423
15287,1776698400000,10179.345654272423
15288,1776698700000,10179.345654272423
15289,1776699000000,10179.345654272423
15290,1776699300000,10179.345654272423
15291,1776699600000,10179.345654272423
15292,1776699900000,10179.345654272423
15293,1776700200000,10179.345654272423
15294,1776700500000,10179.345654272423
15295,1776700800000,10179.345654272423
15296,1776701100000,10179.345654272423
15297,1776701400000,10179.345654272423
15298,1776701700000,10179.345654272423
15299,1776702000000,10179.345654272423
15300,1776702300000,10179.345654272423
15301,1776702600000,10179.345654272423
15302,1776702900000,10179.345654272423
15303,1776703200000,10179.345654272423
15304,1776703500000,10179.345654272423
15305,1776703800000,10179.345654272423
15306,1776704100000,10179.345654272423
15307,1776704400000,10179.345654272423
15308,1776704700000,10179.345654272423
15309,1776705000000,10179.345654272423
15310,1776705300000,10179.345654272423
15311,1776705600000,10179.345654272423
15312,1776705900000,10179.345654272423
15313,1776706200000,10179.345654272423
15314,1776706500000,10179.345654272423
15315,1776706800000,10179.345654272423
15316,1776707100000,10179.345654272423
15317,1776707400000,10179.345654272423
15318,1776707700000,10179.345654272423
15319,1776708000000,10179.345654272423
15320,1776708300000,10179.345654272423
15321,1776708600000,10179.345654272423
15322,1776708900000,10179.345654272423
15323,1776709200000,10179.345654272423
15324,1776709500000,10179.345654272423
15325,1776709800000,10179.345654272423
15326,1776710100000,10179.345654272423
15327,1776710400000,10179.345654272423
15328,1776710700000,10179.345654272423
15329,1776711000000,10179.345654272423
15330,1776711300000,10179.345654272423
15331,1776711600000,10179.345654272423
15332,1776711900000,10179.345654272423
15333,1776712200000,10179.345654272423
15334,1776712500000,10179.345654272423
15335,1776712800000,10179.345654272423
15336,1776713100000,10179.345654272423
15337,1776713400000,10179.345654272423
15338,1776713700000,10179.345654272423
15339,1776714000000,10179.345654272423
15340,1776714300000,10179.345654272423
15341,1776714600000,10179.345654272423
15342,1776714900000,10179.345654272423
15343,1776715200000,10179.345654272423
15344,1776715500000,10179.345654272423
15345,1776715800000,10179.345654272423
15346,1776716100000,10179.345654272423
15347,1776716400000,10179.345654272423
15348,1776716700000,10179.345654272423
15349,1776717000000,10179.345654272423
15350,1776717300000,10179.345654272423
15351,1776717600000,10179.345654272423
15352,1776717900000,10179.345654272423
15353,1776718200000,10179.345654272423
15354,1776718500000,10179.345654272423
15355,1776718800000,10179.345654272423
15356,1776719100000,10179.345654272423
15357,1776719400000,10179.345654272423
15358,1776719700000,10179.345654272423
15359,1776720000000,10179.345654272423
15360,1776720300000,10179.345654272423
15361,1776720600000,10179.345654272423
15362,1776720900000,10179.345654272423
15363,1776721200000,10179.345654272423
15364,1776721500000,10179.345654272423
15365,1776721800000,10179.345654272423
15366,1776722100000,10179.345654272423
15367,1776722400000,10179.345654272423
15368,1776722700000,10179.345654272423
15369,1776723000000,10179.345654272423
15370,1776723300000,10179.345654272423
15371,1776723600000,10179.345654272423
15372,1776723900000,10179.345654272423
15373,1776724200000,10179.345654272423
15374,1776724500000,10179.345654272423
15375,1776724800000,10179.345654272423
15376,1776725100000,10179.345654272423
15377,1776725400000,10179.345654272423
15378,1776725700000,10179.345654272423
15379,1776726000000,10179.345654272423
15380,1776726300000,10179.345654272423
15381,1776726600000,10179.345654272423
15382,1776726900000,10179.345654272423
15383,1776727200000,10179.345654272423
15384,1776727500000,10179.345654272423
15385,1776727800000,10179.345654272423
15386,1776728100000,10179.345654272423
15387,1776728400000,10179.345654272423
15388,1776728700000,10179.345654272423
15389,1776729000000,10179.345654272423
15390,1776729300000,10179.345654272423
15391,1776729600000,10179.345654272423
15392,1776729900000,10179.345654272423
15393,1776730200000,10179.345654272423
15394,1776730500000,10179.345654272423
15395,1776730800000,10179.345654272423
15396,1776731100000,10179.345654272423
15397,1776731400000,10179.345654272423
15398,1776731700000,10179.345654272423
15399,1776732000000,10179.345654272423
15400,1776732300000,10179.345654272423
15401,1776732600000,10179.345654272423
15402,1776732900000,10179.345654272423
15403,1776733200000,10179.345654272423
15404,1776733500000,10179.345654272423
15405,1776733800000,10179.345654272423
15406,1776734100000,10179.345654272423
15407,1776734400000,10179.345654272423
15408,1776734700000,10179.345654272423
15409,1776735000000,10179.345654272423
15410,1776735300000,10179.345654272423
15411,1776735600000,10179.345654272423
15412,1776735900000,10179.345654272423
15413,1776736200000,10179.345654272423
15414,1776736500000,10179.345654272423
15415,1776736800000,10179.345654272423
15416,1776737100000,10179.345654272423
15417,1776737400000,10179.345654272423
15418,1776737700000,10179.345654272423
15419,1776738000000,10179.345654272423
15420,1776738300000,10179.345654272423
15421,1776738600000,10179.345654272423
15422,1776738900000,10179.345654272423
15423,1776739200000,10179.345654272423
15424,1776739500000,10179.345654272423
15425,1776739800000,10179.345654272423
15426,1776740100000,10179.345654272423
15427,1776740400000,10179.345654272423
15428,1776740700000,10179.345654272423
15429,1776741000000,10179.345654272423
15430,1776741300000,10179.345654272423
15431,1776741600000,10179.345654272423
15432,1776741900000,10179.345654272423
15433,1776742200000,10179.345654272423
15434,1776742500000,10179.345654272423
15435,1776742800000,10179.345654272423
15436,1776743100000,10179.345654272423
15437,1776743400000,10179.345654272423
15438,1776743700000,10179.345654272423
15439,1776744000000,10179.345654272423
15440,1776744300000,10179.345654272423
15441,1776744600000,10179.345654272423
15442,1776744900000,10179.345654272423
15443,1776745200000,10179.345654272423
15444,1776745500000,10179.345654272423
15445,1776745800000,10179.345654272423
15446,1776746100000,10179.345654272423
15447,1776746400000,10179.345654272423
15448,1776746700000,10179.345654272423
15449,1776747000000,10179.345654272423
15450,1776747300000,10179.345654272423
15451,1776747600000,10179.345654272423
15452,1776747900000,10179.345654272423
15453,1776748200000,10179.345654272423
15454,1776748500000,10179.345654272423
15455,1776748800000,10179.345654272423
15456,1776749100000,10179.345654272423
15457,1776749400000,10179.345654272423
15458,1776749700000,10179.345654272423
15459,1776750000000,10179.345654272423
15460,1776750300000,10179.345654272423
15461,1776750600000,10179.345654272423
15462,1776750900000,10179.345654272423
15463,1776751200000,10179.345654272423
15464,1776751500000,10179.345654272423
15465,1776751800000,10179.345654272423
15466,1776752100000,10179.345654272423
15467,1776752400000,10179.345654272423
15468,1776752700000,10179.345654272423
15469,1776753000000,10179.345654272423
15470,1776753300000,10179.345654272423
15471,1776753600000,10179.345654272423
15472,1776753900000,10179.345654272423
15473,1776754200000,10179.345654272423
15474,1776754500000,10179.345654272423
15475,1776754800000,10179.345654272423
15476,1776755100000,10179.345654272423
15477,1776755400000,10179.345654272423
15478,1776755700000,10179.345654272423
15479,1776756000000,10179.345654272423
15480,1776756300000,10179.345654272423
15481,1776756600000,10179.345654272423
15482,1776756900000,10179.345654272423
15483,1776757200000,10179.345654272423
15484,1776757500000,10179.345654272423
15485,1776757800000,10179.345654272423
15486,1776758100000,10179.345654272423
15487,1776758400000,10179.345654272423
15488,1776758700000,10179.345654272423
15489,1776759000000,10179.345654272423
15490,1776759300000,10179.345654272423
15491,1776759600000,10179.345654272423
15492,1776759900000,10179.345654272423
15493,1776760200000,10179.345654272423
15494,1776760500000,10179.345654272423
15495,1776760800000,10179.345654272423
15496,1776761100000,10179.345654272423
15497,1776761400000,10179.345654272423
15498,1776761700000,10179.345654272423
15499,1776762000000,10179.345654272423
15500,1776762300000,10179.345654272423
15501,1776762600000,10179.345654272423
15502,1776762900000,10179.345654272423
15503,1776763200000,10179.345654272423
15504,1776763500000,10179.345654272423
15505,1776763800000,10179.345654272423
15506,1776764100000,10179.345654272423
15507,1776764400000,10179.345654272423
15508,1776764700000,10179.345654272423
15509,1776765000000,10179.345654272423
15510,1776765300000,10179.345654272423
15511,1776765600000,10179.345654272423
15512,1776765900000,10179.345654272423
15513,1776766200000,10179.345654272423
15514,1776766500000,10179.345654272423
15515,1776766800000,10179.345654272423
15516,1776767100000,10179.345654272423
15517,1776767400000,10179.345654272423
15518,1776767700000,10179.345654272423
15519,1776768000000,10179.345654272423
15520,1776768300000,10179.345654272423
15521,1776768600000,10179.345654272423
15522,1776768900000,10179.345654272423
15523,1776769200000,10179.345654272423
15524,1776769500000,10179.345654272423
15525,1776769800000,10179.345654272423
15526,1776770100000,10179.345654272423
15527,1776770400000,10179.345654272423
15528,1776770700000,10179.345654272423
15529,1776771000000,10179.345654272423
15530,1776771300000,10179.345654272423
15531,1776771600000,10179.345654272423
15532,1776771900000,10179.345654272423
15533,1776772200000,10179.345654272423
15534,1776772500000,10179.345654272423
15535,1776772800000,10179.345654272423
15536,1776773100000,10179.345654272423
15537,1776773400000,10179.345654272423
15538,1776773700000,10179.345654272423
15539,1776774000000,10179.345654272423
15540,1776774300000,10179.345654272423
15541,1776774600000,10179.345654272423
15542,1776774900000,10179.345654272423
15543,1776775200000,10179.345654272423
15544,1776775500000,10179.345654272423
15545,1776775800000,10179.345654272423
15546,1776776100000,10179.345654272423
15547,1776776400000,10179.345654272423
15548,1776776700000,10179.345654272423
15549,1776777000000,10179.345654272423
15550,1776777300000,10179.345654272423
15551,1776777600000,10179.345654272423
15552,1776777900000,10179.345654272423
15553,1776778200000,10179.345654272423
15554,1776778500000,10179.345654272423
15555,1776778800000,10179.345654272423
15556,1776779100000,10179.345654272423
15557,1776779400000,10179.345654272423
15558,1776779700000,10179.345654272423
15559,1776780000000,10179.345654272423
15560,1776780300000,10179.345654272423
15561,1776780600000,10179.345654272423
15562,1776780900000,10179.345654272423
15563,1776781200000,10179.345654272423
15564,1776781500000,10179.345654272423
15565,1776781800000,10179.345654272423
15566,1776782100000,10179.345654272423
15567,1776782400000,10179.345654272423
15568,1776782700000,10179.345654272423
15569,1776783000000,10179.345654272423
15570,1776783300000,10179.345654272423
15571,1776783600000,10179.345654272423
15572,1776783900000,10179.345654272423
15573,1776784200000,10179.345654272423
15574,1776784500000,10179.345654272423
15575,1776784800000,10179.345654272423
15576,1776785100000,10179.345654272423
15577,1776785400000,10179.345654272423
15578,1776785700000,10179.345654272423
15579,1776786000000,10179.345654272423
15580,1776786300000,10179.345654272423
15581,1776786600000,10179.345654272423
15582,1776786900000,10179.345654272423
15583,1776787200000,10179.345654272423
15584,1776787500000,10179.345654272423
15585,1776787800000,10179.345654272423
15586,1776788100000,10179.345654272423
15587,1776788400000,10179.345654272423
15588,1776788700000,10179.345654272423
15589,1776789000000,10179.345654272423
15590,1776789300000,10179.345654272423
15591,1776789600000,10179.345654272423
15592,1776789900000,10179.345654272423
15593,1776790200000,10179.345654272423
15594,1776790500000,10179.345654272423
15595,1776790800000,10179.345654272423
15596,1776791100000,10179.345654272423
15597,1776791400000,10179.345654272423
15598,1776791700000,10179.345654272423
15599,1776792000000,10179.345654272423
15600,1776792300000,10179.345654272423
15601,1776792600000,10179.345654272423
15602,1776792900000,10179.345654272423
15603,1776793200000,10179.345654272423
15604,1776793500000,10179.345654272423
15605,1776793800000,10179.345654272423
15606,1776794100000,10179.345654272423
15607,1776794400000,10179.345654272423
15608,1776794700000,10179.345654272423
15609,1776795000000,10179.345654272423
15610,1776795300000,10179.345654272423
15611,1776795600000,10179.345654272423
15612,1776795900000,10179.345654272423
15613,1776796200000,10179.345654272423
15614,1776796500000,10179.345654272423
15615,1776796800000,10179.345654272423
15616,1776797100000,10179.345654272423
15617,1776797400000,10179.345654272423
15618,1776797700000,10179.345654272423
15619,1776798000000,10179.345654272423
15620,1776798300000,10179.345654272423
15621,1776798600000,10179.345654272423
15622,1776798900000,10179.345654272423
15623,1776799200000,10179.345654272423
15624,1776799500000,10179.345654272423
15625,1776799800000,10179.345654272423
15626,1776800100000,10179.345654272423
15627,1776800400000,10179.345654272423
15628,1776800700000,10179.345654272423
15629,1776801000000,10179.345654272423
15630,1776801300000,10179.345654272423
15631,1776801600000,10179.345654272423
15632,1776801900000,10179.345654272423
15633,1776802200000,10179.345654272423
15634,1776802500000,10179.345654272423
15635,1776802800000,10179.345654272423
15636,1776803100000,10179.345654272423
15637,1776803400000,10179.345654272423
15638,1776803700000,10179.345654272423
15639,1776804000000,10179.345654272423
15640,1776804300000,10179.345654272423
15641,1776804600000,10179.345654272423
15642,1776804900000,10179.345654272423
15643,1776805200000,10179.345654272423
15644,1776805500000,10179.345654272423
15645,1776805800000,10179.345654272423
15646,1776806100000,10179.345654272423
15647,1776806400000,10179.345654272423
15648,1776806700000,10179.345654272423
15649,1776807000000,10179.345654272423
15650,1776807300000,10179.345654272423
15651,1776807600000,10179.345654272423
15652,1776807900000,10179.345654272423
15653,1776808200000,10179.345654272423
15654,1776808500000,10179.345654272423
15655,1776808800000,10179.345654272423
15656,1776809100000,10179.345654272423
15657,1776809400000,10179.345654272423
15658,1776809700000,10179.345654272423
15659,1776810000000,10179.345654272423
15660,1776810300000,10179.345654272423
15661,1776810600000,10179.345654272423
15662,1776810900000,10179.345654272423
15663,1776811200000,10179.345654272423
15664,1776811500000,10179.345654272423
15665,1776811800000,10179.345654272423
15666,1776812100000,10179.345654272423
15667,1776812400000,10179.345654272423
15668,1776812700000,10179.345654272423
15669,1776813000000,10179.345654272423
15670,1776813300000,10179.345654272423
15671,1776813600000,10179.345654272423
15672,1776813900000,10179.345654272423
15673,1776814200000,10179.345654272423
15674,1776814500000,10179.345654272423
15675,1776814800000,10179.345654272423
15676,1776815100000,10179.345654272423
15677,1776815400000,10179.345654272423
15678,1776815700000,10179.345654272423
15679,1776816000000,10179.345654272423
15680,1776816300000,10179.345654272423
15681,1776816600000,10179.345654272423
15682,1776816900000,10179.345654272423
15683,1776817200000,10179.345654272423
15684,1776817500000,10179.345654272423
15685,1776817800000,10179.345654272423
15686,1776818100000,10179.345654272423
15687,1776818400000,10179.345654272423
15688,1776818700000,10179.345654272423
15689,1776819000000,10179.345654272423
15690,1776819300000,10179.345654272423
15691,1776819600000,10179.345654272423
15692,1776819900000,10179.345654272423
15693,1776820200000,10179.345654272423
15694,1776820500000,10179.345654272423
15695,1776820800000,10179.345654272423
15696,1776821100000,10179.345654272423
15697,1776821400000,10179.345654272423
15698,1776821700000,10179.345654272423
15699,1776822000000,10179.345654272423
15700,1776822300000,10179.345654272423
15701,1776822600000,10179.345654272423
15702,1776822900000,10179.345654272423
15703,1776823200000,10179.345654272423
15704,1776823500000,10179.345654272423
15705,1776823800000,10179.345654272423
15706,1776824100000,10179.345654272423
15707,1776824400000,10179.345654272423
15708,1776824700000,10179.345654272423
15709,1776825000000,10179.345654272423
15710,1776825300000,10179.345654272423
15711,1776825600000,10179.345654272423
15712,1776825900000,10179.345654272423
15713,1776826200000,10179.345654272423
15714,1776826500000,10179.345654272423
15715,1776826800000,10179.345654272423
15716,1776827100000,10179.345654272423
15717,1776827400000,10179.345654272423
15718,1776827700000,10179.345654272423
15719,1776828000000,10179.345654272423
15720,1776828300000,10179.345654272423
15721,1776828600000,10179.345654272423
15722,1776828900000,10179.345654272423
15723,1776829200000,10179.345654272423
15724,1776829500000,10179.345654272423
15725,1776829800000,10179.345654272423
15726,1776830100000,10179.345654272423
15727,1776830400000,10179.345654272423
15728,1776830700000,10179.345654272423
15729,1776831000000,10179.345654272423
15730,1776831300000,10179.345654272423
15731,1776831600000,10179.345654272423
15732,1776831900000,10179.345654272423
15733,1776832200000,10179.345654272423
15734,1776832500000,10179.345654272423
15735,1776832800000,10179.345654272423
15736,1776833100000,10179.345654272423
15737,1776833400000,10179.345654272423
15738,1776833700000,10179.345654272423
15739,1776834000000,10179.345654272423
15740,1776834300000,10179.345654272423
15741,1776834600000,10179.345654272423
15742,1776834900000,10179.345654272423
15743,1776835200000,10179.345654272423
15744,1776835500000,10179.345654272423
15745,1776835800000,10179.345654272423
15746,1776836100000,10179.345654272423
15747,1776836400000,10179.345654272423
15748,1776836700000,10179.345654272423
15749,1776837000000,10179.345654272423
15750,1776837300000,10179.345654272423
15751,1776837600000,10179.345654272423
15752,1776837900000,10179.345654272423
15753,1776838200000,10179.345654272423
15754,1776838500000,10179.345654272423
15755,1776838800000,10179.345654272423
15756,1776839100000,10179.345654272423
15757,1776839400000,10179.345654272423
15758,1776839700000,10179.345654272423
15759,1776840000000,10179.345654272423
15760,1776840300000,10179.345654272423
15761,1776840600000,10179.345654272423
15762,1776840900000,10179.345654272423
15763,1776841200000,10179.345654272423
15764,1776841500000,10179.345654272423
15765,1776841800000,10179.345654272423
15766,1776842100000,10179.345654272423
15767,1776842400000,10179.345654272423
15768,1776842700000,10179.345654272423
15769,1776843000000,10179.345654272423
15770,1776843300000,10179.345654272423
15771,1776843600000,10179.345654272423
15772,1776843900000,10179.345654272423
15773,1776844200000,10179.345654272423
15774,1776844500000,10179.345654272423
15775,1776844800000,10179.345654272423
15776,1776845100000,10179.345654272423
15777,1776845400000,10179.345654272423
15778,1776845700000,10179.345654272423
15779,1776846000000,10179.345654272423
15780,1776846300000,10179.345654272423
15781,1776846600000,10179.345654272423
15782,1776846900000,10179.345654272423
15783,1776847200000,10179.345654272423
15784,1776847500000,10179.345654272423
15785,1776847800000,10179.345654272423
15786,1776848100000,10179.345654272423
15787,1776848400000,10179.345654272423
15788,1776848700000,10179.345654272423
15789,1776849000000,10179.345654272423
15790,1776849300000,10179.345654272423
15791,1776849600000,10179.345654272423
15792,1776849900000,10179.345654272423
15793,1776850200000,10179.345654272423
15794,1776850500000,10179.345654272423
15795,1776850800000,10179.345654272423
15796,1776851100000,10179.345654272423
15797,1776851400000,10179.345654272423
15798,1776851700000,10179.345654272423
15799,1776852000000,10179.345654272423
15800,1776852300000,10179.345654272423
15801,1776852600000,10179.345654272423
15802,1776852900000,10179.345654272423
15803,1776853200000,10179.345654272423
15804,1776853500000,10179.345654272423
15805,1776853800000,10179.345654272423
15806,1776854100000,10179.345654272423
15807,1776854400000,10179.345654272423
15808,1776854700000,10179.345654272423
15809,1776855000000,10179.345654272423
15810,1776855300000,10179.345654272423
15811,1776855600000,10179.345654272423
15812,1776855900000,10179.345654272423
15813,1776856200000,10179.345654272423
15814,1776856500000,10179.345654272423
15815,1776856800000,10179.345654272423
15816,1776857100000,10179.345654272423
15817,1776857400000,10179.345654272423
15818,1776857700000,10179.345654272423
15819,1776858000000,10179.345654272423
15820,1776858300000,10179.345654272423
15821,1776858600000,10179.345654272423
15822,1776858900000,10179.345654272423
15823,1776859200000,10179.345654272423
15824,1776859500000,10179.345654272423
15825,1776859800000,10179.345654272423
15826,1776860100000,10179.345654272423
15827,1776860400000,10179.345654272423
15828,1776860700000,10179.345654272423
15829,1776861000000,10179.345654272423
15830,1776861300000,10179.345654272423
15831,1776861600000,10179.345654272423
15832,1776861900000,10179.345654272423
15833,1776862200000,10179.345654272423
15834,1776862500000,10179.345654272423
15835,1776862800000,10179.345654272423
15836,1776863100000,10179.345654272423
15837,1776863400000,10179.345654272423
15838,1776863700000,10179.345654272423
15839,1776864000000,10179.345654272423
15840,1776864300000,10179.345654272423
15841,1776864600000,10179.345654272423
15842,1776864900000,10179.345654272423
15843,1776865200000,10179.345654272423
15844,1776865500000,10179.345654272423
15845,1776865800000,10179.345654272423
15846,1776866100000,10179.345654272423
15847,1776866400000,10179.345654272423
15848,1776866700000,10179.345654272423
15849,1776867000000,10179.345654272423
15850,1776867300000,10179.345654272423
15851,1776867600000,10179.345654272423
15852,1776867900000,10179.345654272423
15853,1776868200000,10179.345654272423
15854,1776868500000,10179.345654272423
15855,1776868800000,10179.345654272423
15856,1776869100000,10179.345654272423
15857,1776869400000,10179.345654272423
15858,1776869700000,10179.345654272423
15859,1776870000000,10179.345654272423
15860,1776870300000,10179.345654272423
15861,1776870600000,10179.345654272423
15862,1776870900000,10179.345654272423
15863,1776871200000,10179.345654272423
15864,1776871500000,10179.345654272423
15865,1776871800000,10179.345654272423
15866,1776872100000,10179.345654272423
15867,1776872400000,10179.345654272423
15868,1776872700000,10179.345654272423
15869,1776873000000,10179.345654272423
15870,1776873300000,10179.345654272423
15871,1776873600000,10179.345654272423
15872,1776873900000,10179.345654272423
15873,1776874200000,10179.345654272423
15874,1776874500000,10179.345654272423
15875,1776874800000,10179.345654272423
15876,1776875100000,10179.345654272423
15877,1776875400000,10179.345654272423
15878,1776875700000,10179.345654272423
15879,1776876000000,10179.345654272423
15880,1776876300000,10179.345654272423
15881,1776876600000,10179.345654272423
15882,1776876900000,10179.345654272423
15883,1776877200000,10179.345654272423
15884,1776877500000,10179.345654272423
15885,1776877800000,10179.345654272423
15886,1776878100000,10179.345654272423
15887,1776878400000,10179.345654272423
15888,1776878700000,10179.345654272423
15889,1776879000000,10179.345654272423
15890,1776879300000,10179.345654272423
15891,1776879600000,10179.345654272423
15892,1776879900000,10179.345654272423
15893,1776880200000,10179.345654272423
15894,1776880500000,10179.345654272423
15895,1776880800000,10179.345654272423
15896,1776881100000,10179.345654272423
15897,1776881400000,10179.345654272423
15898,1776881700000,10179.345654272423
15899,1776882000000,10179.345654272423
15900,1776882300000,10179.345654272423
15901,1776882600000,10179.345654272423
15902,1776882900000,10179.345654272423
15903,1776883200000,10179.345654272423
15904,1776883500000,10179.345654272423
15905,1776883800000,10179.345654272423
15906,1776884100000,10179.345654272423
15907,1776884400000,10179.345654272423
15908,1776884700000,10179.345654272423
15909,1776885000000,10179.345654272423
15910,1776885300000,10179.345654272423
15911,1776885600000,10179.345654272423
15912,1776885900000,10179.345654272423
15913,1776886200000,10179.345654272423
15914,1776886500000,10179.345654272423
15915,1776886800000,10179.345654272423
15916,1776887100000,10179.345654272423
15917,1776887400000,10179.345654272423
15918,1776887700000,10179.345654272423
15919,1776888000000,10179.345654272423
15920,1776888300000,10179.345654272423
15921,1776888600000,10179.345654272423
15922,1776888900000,10179.345654272423
15923,1776889200000,10179.345654272423
15924,1776889500000,10179.345654272423
15925,1776889800000,10179.345654272423
15926,1776890100000,10179.345654272423
15927,1776890400000,10179.345654272423
15928,1776890700000,10179.345654272423
15929,1776891000000,10179.345654272423
15930,1776891300000,10179.345654272423
15931,1776891600000,10179.345654272423
15932,1776891900000,10179.345654272423
15933,1776892200000,10179.345654272423
15934,1776892500000,10179.345654272423
15935,1776892800000,10179.345654272423
15936,1776893100000,10179.345654272423
15937,1776893400000,10179.345654272423
15938,1776893700000,10179.345654272423
15939,1776894000000,10179.345654272423
15940,1776894300000,10179.345654272423
15941,1776894600000,10179.345654272423
15942,1776894900000,10179.345654272423
15943,1776895200000,10179.345654272423
15944,1776895500000,10179.345654272423
15945,1776895800000,10179.345654272423
15946,1776896100000,10179.345654272423
15947,1776896400000,10179.345654272423
15948,1776896700000,10179.345654272423
15949,1776897000000,10179.345654272423
15950,1776897300000,10179.345654272423
15951,1776897600000,10179.345654272423
15952,1776897900000,10179.345654272423
15953,1776898200000,10179.345654272423
15954,1776898500000,10179.345654272423
15955,1776898800000,10179.345654272423
15956,1776899100000,10179.345654272423
15957,1776899400000,10179.345654272423
15958,1776899700000,10179.345654272423
15959,1776900000000,10179.345654272423
15960,1776900300000,10179.345654272423
15961,1776900600000,10179.345654272423
15962,1776900900000,10179.345654272423
15963,1776901200000,10179.345654272423
15964,1776901500000,10179.345654272423
15965,1776901800000,10179.345654272423
15966,1776902100000,10179.345654272423
15967,1776902400000,10179.345654272423
15968,1776902700000,10179.345654272423
15969,1776903000000,10179.345654272423
15970,1776903300000,10179.345654272423
15971,1776903600000,10179.345654272423
15972,1776903900000,10179.345654272423
15973,1776904200000,10179.345654272423
15974,1776904500000,10179.345654272423
15975,1776904800000,10179.345654272423
15976,1776905100000,10179.345654272423
15977,1776905400000,10179.345654272423
15978,1776905700000,10179.345654272423
15979,1776906000000,10179.345654272423
15980,1776906300000,10179.345654272423
15981,1776906600000,10179.345654272423
15982,1776906900000,10179.345654272423
15983,1776907200000,10179.345654272423
15984,1776907500000,10179.345654272423
15985,1776907800000,10179.345654272423
15986,1776908100000,10179.345654272423
15987,1776908400000,10179.345654272423
15988,1776908700000,10179.345654272423
15989,1776909000000,10179.345654272423
15990,1776909300000,10179.345654272423
15991,1776909600000,10179.345654272423
15992,1776909900000,10179.345654272423
15993,1776910200000,10179.345654272423
15994,1776910500000,10179.345654272423
15995,1776910800000,10179.345654272423
15996,1776911100000,10179.345654272423
15997,1776911400000,10179.345654272423
15998,1776911700000,10179.345654272423
15999,1776912000000,10179.345654272423
16000,1776912300000,10179.345654272423
16001,1776912600000,10179.345654272423
16002,1776912900000,10179.345654272423
16003,1776913200000,10179.345654272423
16004,1776913500000,10179.345654272423
16005,1776913800000,10179.345654272423
16006,1776914100000,10179.345654272423
16007,1776914400000,10179.345654272423
16008,1776914700000,10179.345654272423
16009,1776915000000,10179.345654272423
16010,1776915300000,10179.345654272423
16011,1776915600000,10179.345654272423
16012,1776915900000,10179.345654272423
16013,1776916200000,10179.345654272423
16014,1776916500000,10179.345654272423
16015,1776916800000,10179.345654272423
16016,1776917100000,10179.345654272423
16017,1776917400000,10179.345654272423
16018,1776917700000,10179.345654272423
16019,1776918000000,10179.345654272423
16020,1776918300000,10179.345654272423
16021,1776918600000,10179.345654272423
16022,1776918900000,10179.345654272423
16023,1776919200000,10179.345654272423
16024,1776919500000,10179.345654272423
16025,1776919800000,10179.345654272423
16026,1776920100000,10179.345654272423
16027,1776920400000,10179.345654272423
16028,1776920700000,10179.345654272423
16029,1776921000000,10179.345654272423
16030,1776921300000,10179.345654272423
16031,1776921600000,10179.345654272423
16032,1776921900000,10179.345654272423
16033,1776922200000,10179.345654272423
16034,1776922500000,10179.345654272423
16035,1776922800000,10179.345654272423
16036,1776923100000,10179.345654272423
16037,1776923400000,10179.345654272423
16038,1776923700000,10179.345654272423
16039,1776924000000,10179.345654272423
16040,1776924300000,10179.345654272423
16041,1776924600000,10179.345654272423
16042,1776924900000,10179.345654272423
16043,1776925200000,10179.345654272423
16044,1776925500000,10179.345654272423
16045,1776925800000,10179.345654272423
16046,1776926100000,10179.345654272423
16047,1776926400000,10179.345654272423
16048,1776926700000,10179.345654272423
16049,1776927000000,10179.345654272423
16050,1776927300000,10179.345654272423
16051,1776927600000,10179.345654272423
16052,1776927900000,10179.345654272423
16053,1776928200000,10179.345654272423
16054,1776928500000,10179.345654272423
16055,1776928800000,10179.345654272423
16056,1776929100000,10179.345654272423
16057,1776929400000,10179.345654272423
16058,1776929700000,10179.345654272423
16059,1776930000000,10179.345654272423
16060,1776930300000,10179.345654272423
16061,1776930600000,10179.345654272423
16062,1776930900000,10179.345654272423
16063,1776931200000,10179.345654272423
16064,1776931500000,10179.345654272423
16065,1776931800000,10179.345654272423
16066,1776932100000,10179.345654272423
16067,1776932400000,10179.345654272423
16068,1776932700000,10179.345654272423
16069,1776933000000,10179.345654272423
16070,1776933300000,10179.345654272423
16071,1776933600000,10179.345654272423
16072,1776933900000,10179.345654272423
16073,1776934200000,10179.345654272423
16074,1776934500000,10179.345654272423
16075,1776934800000,10179.345654272423
16076,1776935100000,10179.345654272423
16077,1776935400000,10179.345654272423
16078,1776935700000,10179.345654272423
16079,1776936000000,10179.345654272423
16080,1776936300000,10179.345654272423
16081,1776936600000,10179.345654272423
16082,1776936900000,10179.345654272423
16083,1776937200000,10179.345654272423
16084,1776937500000,10179.345654272423
16085,1776937800000,10179.345654272423
16086,1776938100000,10179.345654272423
16087,1776938400000,10179.345654272423
16088,1776938700000,10179.345654272423
16089,1776939000000,10179.345654272423
16090,1776939300000,10179.345654272423
16091,1776939600000,10179.345654272423
16092,1776939900000,10179.345654272423
16093,1776940200000,10179.345654272423
16094,1776940500000,10179.345654272423
16095,1776940800000,10179.345654272423
16096,1776941100000,10179.345654272423
16097,1776941400000,10179.345654272423
16098,1776941700000,10179.345654272423
16099,1776942000000,10179.345654272423
16100,1776942300000,10179.345654272423
16101,1776942600000,10179.345654272423
16102,1776942900000,10179.345654272423
16103,1776943200000,10179.345654272423
16104,1776943500000,10179.345654272423
16105,1776943800000,10179.345654272423
16106,1776944100000,10179.345654272423
16107,1776944400000,10179.345654272423
16108,1776944700000,10179.345654272423
16109,1776945000000,10179.345654272423
16110,1776945300000,10175.273916010716
16111,1776945600000,10169.548233495656
16112,1776945900000,10169.85418599646
16113,1776946200000,10161.156393473586
16114,1776946500000,10178.377148518875
16115,1776946800000,10168.499253492897
16116,1776947100000,10169.285988494967
16117,1776947400000,10170.395515689921
16118,1776947700000,10170.395515689921
16119,1776948000000,10170.395515689921
16120,1776948300000,10170.395515689921
16121,1776948600000,10170.395515689921
16122,1776948900000,10170.395515689921
16123,1776949200000,10170.395515689921
16124,1776949500000,10170.395515689921
16125,1776949800000,10170.395515689921
16126,1776950100000,10170.395515689921
16127,1776950400000,10170.395515689921
16128,1776950700000,10170.395515689921
16129,1776951000000,10170.395515689921
16130,1776951300000,10170.395515689921
16131,1776951600000,10170.395515689921
16132,1776951900000,10170.395515689921
16133,1776952200000,10170.395515689921
16134,1776952500000,10170.395515689921
16135,1776952800000,10170.395515689921
16136,1776953100000,10170.395515689921
16137,1776953400000,10170.395515689921
16138,1776953700000,10170.395515689921
16139,1776954000000,10170.395515689921
16140,1776954300000,10170.395515689921
16141,1776954600000,10170.395515689921
16142,1776954900000,10170.395515689921
16143,1776955200000,10170.395515689921
16144,1776955500000,10170.395515689921
16145,1776955800000,10170.395515689921
16146,1776956100000,10170.395515689921
16147,1776956400000,10170.395515689921
16148,1776956700000,10170.395515689921
16149,1776957000000,10170.395515689921
16150,1776957300000,10170.395515689921
16151,1776957600000,10170.395515689921
16152,1776957900000,10170.395515689921
16153,1776958200000,10170.395515689921
16154,1776958500000,10170.395515689921
16155,1776958800000,10170.395515689921
16156,1776959100000,10170.395515689921
16157,1776959400000,10170.395515689921
16158,1776959700000,10170.395515689921
16159,1776960000000,10170.395515689921
16160,1776960300000,10170.395515689921
16161,1776960600000,10170.395515689921
16162,1776960900000,10170.395515689921
16163,1776961200000,10170.395515689921
16164,1776961500000,10170.395515689921
16165,1776961800000,10170.395515689921
16166,1776962100000,10170.395515689921
16167,1776962400000,10170.395515689921
16168,1776962700000,10170.395515689921
16169,1776963000000,10170.395515689921
16170,1776963300000,10170.395515689921
16171,1776963600000,10170.395515689921
16172,1776963900000,10170.395515689921
16173,1776964200000,10170.395515689921
16174,1776964500000,10170.395515689921
16175,1776964800000,10170.395515689921
16176,1776965100000,10170.395515689921
16177,1776965400000,10170.395515689921
16178,1776965700000,10170.395515689921
16179,1776966000000,10170.395515689921
16180,1776966300000,10170.395515689921
16181,1776966600000,10170.395515689921
16182,1776966900000,10170.395515689921
16183,1776967200000,10170.395515689921
16184,1776967500000,10170.395515689921
16185,1776967800000,10170.395515689921
16186,1776968100000,10170.395515689921
16187,1776968400000,10170.395515689921
16188,1776968700000,10170.395515689921
16189,1776969000000,10170.395515689921
16190,1776969300000,10170.395515689921
16191,1776969600000,10170.395515689921
16192,1776969900000,10170.395515689921
16193,1776970200000,10170.395515689921
16194,1776970500000,10170.395515689921
16195,1776970800000,10170.395515689921
16196,1776971100000,10170.395515689921
16197,1776971400000,10170.395515689921
16198,1776971700000,10170.395515689921
16199,1776972000000,10170.395515689921
16200,1776972300000,10170.395515689921
16201,1776972600000,10170.395515689921
16202,1776972900000,10170.395515689921
16203,1776973200000,10170.395515689921
16204,1776973500000,10170.395515689921
16205,1776973800000,10170.395515689921
16206,1776974100000,10170.395515689921
16207,1776974400000,10170.395515689921
16208,1776974700000,10170.395515689921
16209,1776975000000,10170.395515689921
16210,1776975300000,10170.395515689921
16211,1776975600000,10170.395515689921
16212,1776975900000,10170.395515689921
16213,1776976200000,10170.395515689921
16214,1776976500000,10170.395515689921
16215,1776976800000,10170.395515689921
16216,1776977100000,10170.395515689921
16217,1776977400000,10170.395515689921
16218,1776977700000,10170.395515689921
16219,1776978000000,10170.395515689921
16220,1776978300000,10170.395515689921
16221,1776978600000,10170.395515689921
16222,1776978900000,10170.395515689921
16223,1776979200000,10170.395515689921
16224,1776979500000,10170.395515689921
16225,1776979800000,10170.395515689921
16226,1776980100000,10170.395515689921
16227,1776980400000,10170.395515689921
16228,1776980700000,10170.395515689921
16229,1776981000000,10170.395515689921
16230,1776981300000,10170.395515689921
16231,1776981600000,10170.395515689921
16232,1776981900000,10170.395515689921
16233,1776982200000,10170.395515689921
16234,1776982500000,10170.395515689921
16235,1776982800000,10170.395515689921
16236,1776983100000,10170.395515689921
16237,1776983400000,10170.395515689921
16238,1776983700000,10170.395515689921
16239,1776984000000,10170.395515689921
16240,1776984300000,10170.395515689921
16241,1776984600000,10170.395515689921
16242,1776984900000,10170.395515689921
16243,1776985200000,10170.395515689921
16244,1776985500000,10170.395515689921
16245,1776985800000,10170.395515689921
16246,1776986100000,10170.395515689921
16247,1776986400000,10170.395515689921
16248,1776986700000,10170.395515689921
16249,1776987000000,10170.395515689921
16250,1776987300000,10170.395515689921
16251,1776987600000,10170.395515689921
16252,1776987900000,10170.395515689921
16253,1776988200000,10170.395515689921
16254,1776988500000,10170.395515689921
16255,1776988800000,10170.395515689921
16256,1776989100000,10170.395515689921
16257,1776989400000,10170.395515689921
16258,1776989700000,10170.395515689921
16259,1776990000000,10170.395515689921
16260,1776990300000,10170.395515689921
16261,1776990600000,10170.395515689921
16262,1776990900000,10170.395515689921
16263,1776991200000,10170.395515689921
16264,1776991500000,10170.395515689921
16265,1776991800000,10170.395515689921
16266,1776992100000,10170.395515689921
16267,1776992400000,10170.395515689921
16268,1776992700000,10170.395515689921
16269,1776993000000,10170.395515689921
16270,1776993300000,10170.395515689921
16271,1776993600000,10170.395515689921
16272,1776993900000,10170.395515689921
16273,1776994200000,10170.395515689921
16274,1776994500000,10170.395515689921
16275,1776994800000,10170.395515689921
16276,1776995100000,10170.395515689921
16277,1776995400000,10170.395515689921
16278,1776995700000,10170.395515689921
16279,1776996000000,10170.395515689921
16280,1776996300000,10170.395515689921
16281,1776996600000,10170.395515689921
16282,1776996900000,10170.395515689921
16283,1776997200000,10170.395515689921
16284,1776997500000,10170.395515689921
16285,1776997800000,10170.395515689921
16286,1776998100000,10170.395515689921
16287,1776998400000,10170.395515689921
16288,1776998700000,10170.395515689921
16289,1776999000000,10170.395515689921
16290,1776999300000,10170.395515689921
16291,1776999600000,10170.395515689921
16292,1776999900000,10170.395515689921
16293,1777000200000,10170.395515689921
16294,1777000500000,10170.395515689921
16295,1777000800000,10170.395515689921
16296,1777001100000,10170.395515689921
16297,1777001400000,10170.395515689921
16298,1777001700000,10170.395515689921
16299,1777002000000,10170.395515689921
16300,1777002300000,10170.395515689921
16301,1777002600000,10170.395515689921
16302,1777002900000,10170.395515689921
16303,1777003200000,10170.395515689921
16304,1777003500000,10170.395515689921
16305,1777003800000,10170.395515689921
16306,1777004100000,10170.395515689921
16307,1777004400000,10170.395515689921
16308,1777004700000,10170.395515689921
16309,1777005000000,10170.395515689921
16310,1777005300000,10170.395515689921
16311,1777005600000,10170.395515689921
16312,1777005900000,10170.395515689921
16313,1777006200000,10170.395515689921
16314,1777006500000,10170.395515689921
16315,1777006800000,10170.395515689921
16316,1777007100000,10170.395515689921
16317,1777007400000,10170.395515689921
16318,1777007700000,10170.395515689921
16319,1777008000000,10170.395515689921
16320,1777008300000,10170.395515689921
16321,1777008600000,10170.395515689921
16322,1777008900000,10170.395515689921
16323,1777009200000,10170.395515689921
16324,1777009500000,10170.395515689921
16325,1777009800000,10170.395515689921
16326,1777010100000,10170.395515689921
16327,1777010400000,10170.395515689921
16328,1777010700000,10170.395515689921
16329,1777011000000,10170.395515689921
16330,1777011300000,10170.395515689921
16331,1777011600000,10170.395515689921
16332,1777011900000,10166.327357483646
16333,1777012200000,10175.691836281741
16334,1777012500000,10175.428048146583
16335,1777012800000,10182.418433728259
16336,1777013100000,10173.58153120048
16337,1777013400000,10177.142671025107
16338,1777013700000,10184.396844741941
16339,1777014000000,10172.746202105815
16340,1777014300000,10159.380936591164
16341,1777014600000,10163.909299578034
16342,1777014900000,10166.019604659294
16343,1777015200000,10165.272204943014
16344,1777015500000,10162.238641388703
16345,1777015800000,10155.364469368766
16346,1777016100000,10155.364469368766
16347,1777016400000,10155.364469368766
16348,1777016700000,10155.364469368766
16349,1777017000000,10155.364469368766
16350,1777017300000,10155.364469368766
16351,1777017600000,10155.364469368766
16352,1777017900000,10155.364469368766
16353,1777018200000,10155.364469368766
16354,1777018500000,10155.364469368766
16355,1777018800000,10155.364469368766
16356,1777019100000,10155.364469368766
16357,1777019400000,10155.364469368766
16358,1777019700000,10155.364469368766
16359,1777020000000,10155.364469368766
16360,1777020300000,10155.364469368766
16361,1777020600000,10155.364469368766
16362,1777020900000,10155.364469368766
16363,1777021200000,10155.364469368766
16364,1777021500000,10155.364469368766
16365,1777021800000,10155.364469368766
16366,1777022100000,10155.364469368766
16367,1777022400000,10155.364469368766
16368,1777022700000,10155.364469368766
16369,1777023000000,10155.364469368766
16370,1777023300000,10155.364469368766
16371,1777023600000,10155.364469368766
16372,1777023900000,10155.364469368766
16373,1777024200000,10155.364469368766
16374,1777024500000,10155.364469368766
16375,1777024800000,10155.364469368766
16376,1777025100000,10155.364469368766
16377,1777025400000,10155.364469368766
16378,1777025700000,10155.364469368766
16379,1777026000000,10155.364469368766
16380,1777026300000,10155.364469368766
16381,1777026600000,10155.364469368766
16382,1777026900000,10155.364469368766
16383,1777027200000,10155.364469368766
16384,1777027500000,10155.364469368766
16385,1777027800000,10155.364469368766
16386,1777028100000,10155.364469368766
16387,1777028400000,10155.364469368766
16388,1777028700000,10155.364469368766
16389,1777029000000,10155.364469368766
16390,1777029300000,10155.364469368766
16391,1777029600000,10155.364469368766
16392,1777029900000,10155.364469368766
16393,1777030200000,10155.364469368766
16394,1777030500000,10155.364469368766
16395,1777030800000,10155.364469368766
16396,1777031100000,10155.364469368766
16397,1777031400000,10155.364469368766
16398,1777031700000,10155.364469368766
16399,1777032000000,10155.364469368766
16400,1777032300000,10155.364469368766
16401,1777032600000,10155.364469368766
16402,1777032900000,10155.364469368766
16403,1777033200000,10155.364469368766
16404,1777033500000,10155.364469368766
16405,1777033800000,10155.364469368766
16406,1777034100000,10155.364469368766
16407,1777034400000,10155.364469368766
16408,1777034700000,10155.364469368766
16409,1777035000000,10155.364469368766
16410,1777035300000,10155.364469368766
16411,1777035600000,10155.364469368766
16412,1777035900000,10155.364469368766
16413,1777036200000,10155.364469368766
16414,1777036500000,10155.364469368766
16415,1777036800000,10155.364469368766
16416,1777037100000,10155.364469368766
16417,1777037400000,10155.364469368766
16418,1777037700000,10155.364469368766
16419,1777038000000,10155.364469368766
16420,1777038300000,10155.364469368766
16421,1777038600000,10155.364469368766
16422,1777038900000,10155.364469368766
16423,1777039200000,10155.364469368766
16424,1777039500000,10155.364469368766
16425,1777039800000,10155.364469368766
16426,1777040100000,10155.364469368766
16427,1777040400000,10155.364469368766
16428,1777040700000,10155.364469368766
16429,1777041000000,10155.364469368766
16430,1777041300000,10155.364469368766
16431,1777041600000,10155.364469368766
16432,1777041900000,10155.364469368766
16433,1777042200000,10155.364469368766
16434,1777042500000,10155.364469368766
16435,1777042800000,10155.364469368766
16436,1777043100000,10155.364469368766
16437,1777043400000,10155.364469368766
16438,1777043700000,10155.364469368766
16439,1777044000000,10155.364469368766
16440,1777044300000,10155.364469368766
16441,1777044600000,10155.364469368766
16442,1777044900000,10155.364469368766
16443,1777045200000,10155.364469368766
16444,1777045500000,10155.364469368766
16445,1777045800000,10155.364469368766
16446,1777046100000,10155.364469368766
16447,1777046400000,10155.364469368766
16448,1777046700000,10155.364469368766
16449,1777047000000,10155.364469368766
16450,1777047300000,10155.364469368766
16451,1777047600000,10155.364469368766
16452,1777047900000,10155.364469368766
16453,1777048200000,10155.364469368766
16454,1777048500000,10155.364469368766
16455,1777048800000,10155.364469368766
16456,1777049100000,10155.364469368766
16457,1777049400000,10155.364469368766
16458,1777049700000,10155.364469368766
16459,1777050000000,10155.364469368766
16460,1777050300000,10155.364469368766
16461,1777050600000,10155.364469368766
16462,1777050900000,10155.364469368766
16463,1777051200000,10155.364469368766
16464,1777051500000,10155.364469368766
16465,1777051800000,10155.364469368766
16466,1777052100000,10155.364469368766
16467,1777052400000,10155.364469368766
16468,1777052700000,10155.364469368766
16469,1777053000000,10155.364469368766
16470,1777053300000,10155.364469368766
16471,1777053600000,10155.364469368766
16472,1777053900000,10155.364469368766
16473,1777054200000,10155.364469368766
16474,1777054500000,10155.364469368766
16475,1777054800000,10155.364469368766
16476,1777055100000,10155.364469368766
16477,1777055400000,10155.364469368766
16478,1777055700000,10155.364469368766
16479,1777056000000,10155.364469368766
16480,1777056300000,10155.364469368766
16481,1777056600000,10155.364469368766
16482,1777056900000,10155.364469368766
16483,1777057200000,10155.364469368766
16484,1777057500000,10155.364469368766
16485,1777057800000,10155.364469368766
16486,1777058100000,10155.364469368766
16487,1777058400000,10155.364469368766
16488,1777058700000,10155.364469368766
16489,1777059000000,10155.364469368766
16490,1777059300000,10155.364469368766
16491,1777059600000,10155.364469368766
16492,1777059900000,10155.364469368766
16493,1777060200000,10155.364469368766
16494,1777060500000,10155.364469368766
16495,1777060800000,10155.364469368766
16496,1777061100000,10155.364469368766
16497,1777061400000,10155.364469368766
16498,1777061700000,10155.364469368766
16499,1777062000000,10155.364469368766
16500,1777062300000,10155.364469368766
16501,1777062600000,10155.364469368766
16502,1777062900000,10155.364469368766
16503,1777063200000,10155.364469368766
16504,1777063500000,10155.364469368766
16505,1777063800000,10155.364469368766
16506,1777064100000,10155.364469368766
16507,1777064400000,10155.364469368766
16508,1777064700000,10155.364469368766
16509,1777065000000,10155.364469368766
16510,1777065300000,10155.364469368766
16511,1777065600000,10155.364469368766
16512,1777065900000,10155.364469368766
16513,1777066200000,10155.364469368766
16514,1777066500000,10155.364469368766
16515,1777066800000,10155.364469368766
16516,1777067100000,10155.364469368766
16517,1777067400000,10155.364469368766
16518,1777067700000,10155.364469368766
16519,1777068000000,10155.364469368766
16520,1777068300000,10155.364469368766
16521,1777068600000,10155.364469368766
16522,1777068900000,10155.364469368766
16523,1777069200000,10155.364469368766
16524,1777069500000,10155.364469368766
16525,1777069800000,10155.364469368766
16526,1777070100000,10155.364469368766
16527,1777070400000,10155.364469368766
16528,1777070700000,10155.364469368766
16529,1777071000000,10155.364469368766
16530,1777071300000,10155.364469368766
16531,1777071600000,10155.364469368766
16532,1777071900000,10155.364469368766
16533,1777072200000,10155.364469368766
16534,1777072500000,10155.364469368766
16535,1777072800000,10155.364469368766
16536,1777073100000,10155.364469368766
16537,1777073400000,10155.364469368766
16538,1777073700000,10155.364469368766
16539,1777074000000,10155.364469368766
16540,1777074300000,10155.364469368766
16541,1777074600000,10155.364469368766
16542,1777074900000,10155.364469368766
16543,1777075200000,10155.364469368766
16544,1777075500000,10155.364469368766
16545,1777075800000,10155.364469368766
16546,1777076100000,10155.364469368766
16547,1777076400000,10155.364469368766
16548,1777076700000,10155.364469368766
16549,1777077000000,10155.364469368766
16550,1777077300000,10155.364469368766
16551,1777077600000,10155.364469368766
16552,1777077900000,10155.364469368766
16553,1777078200000,10155.364469368766
16554,1777078500000,10155.364469368766
16555,1777078800000,10155.364469368766
16556,1777079100000,10155.364469368766
16557,1777079400000,10155.364469368766
16558,1777079700000,10155.364469368766
16559,1777080000000,10155.364469368766
16560,1777080300000,10155.364469368766
16561,1777080600000,10155.364469368766
16562,1777080900000,10155.364469368766
16563,1777081200000,10155.364469368766
16564,1777081500000,10155.364469368766
16565,1777081800000,10155.364469368766
16566,1777082100000,10155.364469368766
16567,1777082400000,10155.364469368766
16568,1777082700000,10155.364469368766
16569,1777083000000,10155.364469368766
16570,1777083300000,10155.364469368766
16571,1777083600000,10155.364469368766
16572,1777083900000,10155.364469368766
16573,1777084200000,10155.364469368766
16574,1777084500000,10155.364469368766
16575,1777084800000,10155.364469368766
16576,1777085100000,10155.364469368766
16577,1777085400000,10155.364469368766
16578,1777085700000,10155.364469368766
16579,1777086000000,10155.364469368766
16580,1777086300000,10155.364469368766
16581,1777086600000,10155.364469368766
16582,1777086900000,10155.364469368766
16583,1777087200000,10155.364469368766
16584,1777087500000,10155.364469368766
16585,1777087800000,10155.364469368766
16586,1777088100000,10155.364469368766
16587,1777088400000,10155.364469368766
16588,1777088700000,10155.364469368766
16589,1777089000000,10155.364469368766
16590,1777089300000,10155.364469368766
16591,1777089600000,10155.364469368766
16592,1777089900000,10155.364469368766
16593,1777090200000,10155.364469368766
16594,1777090500000,10155.364469368766
16595,1777090800000,10155.364469368766
16596,1777091100000,10155.364469368766
16597,1777091400000,10155.364469368766
16598,1777091700000,10155.364469368766
16599,1777092000000,10155.364469368766
16600,1777092300000,10155.364469368766
16601,1777092600000,10155.364469368766
16602,1777092900000,10155.364469368766
16603,1777093200000,10155.364469368766
16604,1777093500000,10155.364469368766
16605,1777093800000,10155.364469368766
16606,1777094100000,10155.364469368766
16607,1777094400000,10155.364469368766
16608,1777094700000,10155.364469368766
16609,1777095000000,10155.364469368766
16610,1777095300000,10155.364469368766
16611,1777095600000,10155.364469368766
16612,1777095900000,10155.364469368766
16613,1777096200000,10155.364469368766
16614,1777096500000,10155.364469368766
16615,1777096800000,10155.364469368766
16616,1777097100000,10155.364469368766
16617,1777097400000,10155.364469368766
16618,1777097700000,10155.364469368766
16619,1777098000000,10155.364469368766
16620,1777098300000,10155.364469368766
16621,1777098600000,10155.364469368766
16622,1777098900000,10155.364469368766
16623,1777099200000,10155.364469368766
16624,1777099500000,10155.364469368766
16625,1777099800000,10155.364469368766
16626,1777100100000,10155.364469368766
16627,1777100400000,10155.364469368766
16628,1777100700000,10155.364469368766
16629,1777101000000,10155.364469368766
16630,1777101300000,10155.364469368766
16631,1777101600000,10155.364469368766
16632,1777101900000,10155.364469368766
16633,1777102200000,10155.364469368766
16634,1777102500000,10155.364469368766
16635,1777102800000,10155.364469368766
16636,1777103100000,10155.364469368766
16637,1777103400000,10155.364469368766
16638,1777103700000,10155.364469368766
16639,1777104000000,10155.364469368766
16640,1777104300000,10155.364469368766
16641,1777104600000,10155.364469368766
16642,1777104900000,10155.364469368766
16643,1777105200000,10155.364469368766
16644,1777105500000,10155.364469368766
16645,1777105800000,10155.364469368766
16646,1777106100000,10155.364469368766
16647,1777106400000,10155.364469368766
16648,1777106700000,10155.364469368766
16649,1777107000000,10155.364469368766
16650,1777107300000,10155.364469368766
16651,1777107600000,10155.364469368766
16652,1777107900000,10155.364469368766
16653,1777108200000,10155.364469368766
16654,1777108500000,10155.364469368766
16655,1777108800000,10155.364469368766
16656,1777109100000,10155.364469368766
16657,1777109400000,10155.364469368766
16658,1777109700000,10155.364469368766
16659,1777110000000,10155.364469368766
16660,1777110300000,10155.364469368766
16661,1777110600000,10155.364469368766
16662,1777110900000,10155.364469368766
16663,1777111200000,10155.364469368766
16664,1777111500000,10155.364469368766
16665,1777111800000,10155.364469368766
16666,1777112100000,10155.364469368766
16667,1777112400000,10155.364469368766
16668,1777112700000,10155.364469368766
16669,1777113000000,10155.364469368766
16670,1777113300000,10155.364469368766
16671,1777113600000,10155.364469368766
16672,1777113900000,10155.364469368766
16673,1777114200000,10155.364469368766
16674,1777114500000,10155.364469368766
16675,1777114800000,10155.364469368766
16676,1777115100000,10155.364469368766
16677,1777115400000,10155.364469368766
16678,1777115700000,10155.364469368766
16679,1777116000000,10155.364469368766
16680,1777116300000,10155.364469368766
16681,1777116600000,10155.364469368766
16682,1777116900000,10155.364469368766
16683,1777117200000,10155.364469368766
16684,1777117500000,10155.364469368766
16685,1777117800000,10155.364469368766
16686,1777118100000,10155.364469368766
16687,1777118400000,10155.364469368766
16688,1777118700000,10155.364469368766
16689,1777119000000,10155.364469368766
16690,1777119300000,10155.364469368766
16691,1777119600000,10155.364469368766
16692,1777119900000,10155.364469368766
16693,1777120200000,10155.364469368766
16694,1777120500000,10155.364469368766
16695,1777120800000,10155.364469368766
16696,1777121100000,10155.364469368766
16697,1777121400000,10155.364469368766
16698,1777121700000,10155.364469368766
16699,1777122000000,10155.364469368766
16700,1777122300000,10155.364469368766
16701,1777122600000,10155.364469368766
16702,1777122900000,10155.364469368766
16703,1777123200000,10155.364469368766
16704,1777123500000,10155.364469368766
16705,1777123800000,10155.364469368766
16706,1777124100000,10155.364469368766
16707,1777124400000,10155.364469368766
16708,1777124700000,10155.364469368766
16709,1777125000000,10155.364469368766
16710,1777125300000,10155.364469368766
16711,1777125600000,10155.364469368766
16712,1777125900000,10155.364469368766
16713,1777126200000,10155.364469368766
16714,1777126500000,10155.364469368766
16715,1777126800000,10155.364469368766
16716,1777127100000,10155.364469368766
16717,1777127400000,10155.364469368766
16718,1777127700000,10155.364469368766
16719,1777128000000,10155.364469368766
16720,1777128300000,10155.364469368766
16721,1777128600000,10155.364469368766
16722,1777128900000,10155.364469368766
16723,1777129200000,10155.364469368766
16724,1777129500000,10155.364469368766
16725,1777129800000,10155.364469368766
16726,1777130100000,10155.364469368766
16727,1777130400000,10155.364469368766
16728,1777130700000,10155.364469368766
16729,1777131000000,10155.364469368766
16730,1777131300000,10155.364469368766
16731,1777131600000,10155.364469368766
16732,1777131900000,10155.364469368766
16733,1777132200000,10155.364469368766
16734,1777132500000,10155.364469368766
16735,1777132800000,10155.364469368766
16736,1777133100000,10155.364469368766
16737,1777133400000,10155.364469368766
16738,1777133700000,10155.364469368766
16739,1777134000000,10155.364469368766
16740,1777134300000,10155.364469368766
16741,1777134600000,10155.364469368766
16742,1777134900000,10155.364469368766
16743,1777135200000,10155.364469368766
16744,1777135500000,10155.364469368766
16745,1777135800000,10155.364469368766
16746,1777136100000,10155.364469368766
16747,1777136400000,10155.364469368766
16748,1777136700000,10155.364469368766
16749,1777137000000,10155.364469368766
16750,1777137300000,10155.364469368766
16751,1777137600000,10155.364469368766
16752,1777137900000,10155.364469368766
16753,1777138200000,10155.364469368766
16754,1777138500000,10155.364469368766
16755,1777138800000,10155.364469368766
16756,1777139100000,10155.364469368766
16757,1777139400000,10155.364469368766
16758,1777139700000,10155.364469368766
16759,1777140000000,10155.364469368766
16760,1777140300000,10155.364469368766
16761,1777140600000,10155.364469368766
16762,1777140900000,10155.364469368766
16763,1777141200000,10155.364469368766
16764,1777141500000,10155.364469368766
16765,1777141800000,10155.364469368766
16766,1777142100000,10155.364469368766
16767,1777142400000,10155.364469368766
16768,1777142700000,10155.364469368766
16769,1777143000000,10155.364469368766
16770,1777143300000,10155.364469368766
16771,1777143600000,10155.364469368766
16772,1777143900000,10155.364469368766
16773,1777144200000,10155.364469368766
16774,1777144500000,10155.364469368766
16775,1777144800000,10155.364469368766
16776,1777145100000,10155.364469368766
16777,1777145400000,10155.364469368766
16778,1777145700000,10155.364469368766
16779,1777146000000,10155.364469368766
16780,1777146300000,10155.364469368766
16781,1777146600000,10155.364469368766
16782,1777146900000,10155.364469368766
16783,1777147200000,10155.364469368766
16784,1777147500000,10155.364469368766
16785,1777147800000,10155.364469368766
16786,1777148100000,10155.364469368766
16787,1777148400000,10155.364469368766
16788,1777148700000,10155.364469368766
16789,1777149000000,10155.364469368766
16790,1777149300000,10155.364469368766
16791,1777149600000,10155.364469368766
16792,1777149900000,10155.364469368766
16793,1777150200000,10155.364469368766
16794,1777150500000,10155.364469368766
16795,1777150800000,10155.364469368766
16796,1777151100000,10155.364469368766
16797,1777151400000,10155.364469368766
16798,1777151700000,10155.364469368766
16799,1777152000000,10155.364469368766
16800,1777152300000,10155.364469368766
16801,1777152600000,10155.364469368766
16802,1777152900000,10155.364469368766
16803,1777153200000,10155.364469368766
16804,1777153500000,10155.364469368766
16805,1777153800000,10155.364469368766
16806,1777154100000,10155.364469368766
16807,1777154400000,10155.364469368766
16808,1777154700000,10155.364469368766
16809,1777155000000,10155.364469368766
16810,1777155300000,10155.364469368766
16811,1777155600000,10155.364469368766
16812,1777155900000,10155.364469368766
16813,1777156200000,10155.364469368766
16814,1777156500000,10155.364469368766
16815,1777156800000,10155.364469368766
16816,1777157100000,10155.364469368766
16817,1777157400000,10155.364469368766
16818,1777157700000,10155.364469368766
16819,1777158000000,10155.364469368766
16820,1777158300000,10155.364469368766
16821,1777158600000,10155.364469368766
16822,1777158900000,10155.364469368766
16823,1777159200000,10155.364469368766
16824,1777159500000,10155.364469368766
16825,1777159800000,10155.364469368766
16826,1777160100000,10155.364469368766
16827,1777160400000,10155.364469368766
16828,1777160700000,10155.364469368766
16829,1777161000000,10155.364469368766
16830,1777161300000,10155.364469368766
16831,1777161600000,10155.364469368766
16832,1777161900000,10155.364469368766
16833,1777162200000,10155.364469368766
16834,1777162500000,10155.364469368766
16835,1777162800000,10155.364469368766
16836,1777163100000,10155.364469368766
16837,1777163400000,10155.364469368766
16838,1777163700000,10155.364469368766
16839,1777164000000,10155.364469368766
16840,1777164300000,10155.364469368766
16841,1777164600000,10155.364469368766
16842,1777164900000,10155.364469368766
16843,1777165200000,10155.364469368766
16844,1777165500000,10155.364469368766
16845,1777165800000,10155.364469368766
16846,1777166100000,10155.364469368766
16847,1777166400000,10155.364469368766
16848,1777166700000,10155.364469368766
16849,1777167000000,10155.364469368766
16850,1777167300000,10155.364469368766
16851,1777167600000,10155.364469368766
16852,1777167900000,10155.364469368766
16853,1777168200000,10155.364469368766
16854,1777168500000,10155.364469368766
16855,1777168800000,10155.364469368766
16856,1777169100000,10155.364469368766
16857,1777169400000,10155.364469368766
16858,1777169700000,10155.364469368766
16859,1777170000000,10155.364469368766
16860,1777170300000,10155.364469368766
16861,1777170600000,10155.364469368766
16862,1777170900000,10155.364469368766
16863,1777171200000,10155.364469368766
16864,1777171500000,10155.364469368766
16865,1777171800000,10155.364469368766
16866,1777172100000,10155.364469368766
16867,1777172400000,10155.364469368766
16868,1777172700000,10155.364469368766
16869,1777173000000,10155.364469368766
16870,1777173300000,10155.364469368766
16871,1777173600000,10155.364469368766
16872,1777173900000,10155.364469368766
16873,1777174200000,10155.364469368766
16874,1777174500000,10155.364469368766
16875,1777174800000,10155.364469368766
16876,1777175100000,10155.364469368766
16877,1777175400000,10155.364469368766
16878,1777175700000,10155.364469368766
16879,1777176000000,10155.364469368766
16880,1777176300000,10155.364469368766
16881,1777176600000,10155.364469368766
16882,1777176900000,10155.364469368766
16883,1777177200000,10155.364469368766
16884,1777177500000,10155.364469368766
16885,1777177800000,10155.364469368766
16886,1777178100000,10155.364469368766
16887,1777178400000,10155.364469368766
16888,1777178700000,10155.364469368766
16889,1777179000000,10155.364469368766
16890,1777179300000,10155.364469368766
16891,1777179600000,10155.364469368766
16892,1777179900000,10155.364469368766
16893,1777180200000,10155.364469368766
16894,1777180500000,10155.364469368766
16895,1777180800000,10155.364469368766
16896,1777181100000,10155.364469368766
16897,1777181400000,10155.364469368766
16898,1777181700000,10155.364469368766
16899,1777182000000,10155.364469368766
16900,1777182300000,10155.364469368766
16901,1777182600000,10155.364469368766
16902,1777182900000,10155.364469368766
16903,1777183200000,10155.364469368766
16904,1777183500000,10155.364469368766
16905,1777183800000,10155.364469368766
16906,1777184100000,10155.364469368766
16907,1777184400000,10155.364469368766
16908,1777184700000,10155.364469368766
16909,1777185000000,10155.364469368766
16910,1777185300000,10155.364469368766
16911,1777185600000,10155.364469368766
16912,1777185900000,10155.364469368766
16913,1777186200000,10155.364469368766
16914,1777186500000,10155.364469368766
16915,1777186800000,10155.364469368766
16916,1777187100000,10155.364469368766
16917,1777187400000,10155.364469368766
16918,1777187700000,10155.364469368766
16919,1777188000000,10155.364469368766
16920,1777188300000,10155.364469368766
16921,1777188600000,10155.364469368766
16922,1777188900000,10155.364469368766
16923,1777189200000,10155.364469368766
16924,1777189500000,10155.364469368766
16925,1777189800000,10155.364469368766
16926,1777190100000,10155.364469368766
16927,1777190400000,10155.364469368766
16928,1777190700000,10155.364469368766
16929,1777191000000,10155.364469368766
16930,1777191300000,10155.364469368766
16931,1777191600000,10155.364469368766
16932,1777191900000,10155.364469368766
16933,1777192200000,10155.364469368766
16934,1777192500000,10155.364469368766
16935,1777192800000,10155.364469368766
16936,1777193100000,10155.364469368766
16937,1777193400000,10155.364469368766
16938,1777193700000,10155.364469368766
16939,1777194000000,10155.364469368766
16940,1777194300000,10155.364469368766
16941,1777194600000,10155.364469368766
16942,1777194900000,10155.364469368766
16943,1777195200000,10155.364469368766
16944,1777195500000,10155.364469368766
16945,1777195800000,10155.364469368766
16946,1777196100000,10155.364469368766
16947,1777196400000,10155.364469368766
16948,1777196700000,10155.364469368766
16949,1777197000000,10155.364469368766
16950,1777197300000,10155.364469368766
16951,1777197600000,10155.364469368766
16952,1777197900000,10155.364469368766
16953,1777198200000,10155.364469368766
16954,1777198500000,10155.364469368766
16955,1777198800000,10155.364469368766
16956,1777199100000,10155.364469368766
16957,1777199400000,10155.364469368766
16958,1777199700000,10155.364469368766
16959,1777200000000,10155.364469368766
16960,1777200300000,10155.364469368766
16961,1777200600000,10155.364469368766
16962,1777200900000,10155.364469368766
16963,1777201200000,10155.364469368766
16964,1777201500000,10155.364469368766
16965,1777201800000,10155.364469368766
16966,1777202100000,10155.364469368766
16967,1777202400000,10155.364469368766
16968,1777202700000,10155.364469368766
16969,1777203000000,10155.364469368766
16970,1777203300000,10155.364469368766
16971,1777203600000,10155.364469368766
16972,1777203900000,10155.364469368766
16973,1777204200000,10155.364469368766
16974,1777204500000,10155.364469368766
16975,1777204800000,10155.364469368766
16976,1777205100000,10155.364469368766
16977,1777205400000,10155.364469368766
16978,1777205700000,10155.364469368766
16979,1777206000000,10155.364469368766
16980,1777206300000,10155.364469368766
16981,1777206600000,10155.364469368766
16982,1777206900000,10155.364469368766
16983,1777207200000,10155.364469368766
16984,1777207500000,10155.364469368766
16985,1777207800000,10155.364469368766
16986,1777208100000,10155.364469368766
16987,1777208400000,10155.364469368766
16988,1777208700000,10155.364469368766
16989,1777209000000,10155.364469368766
16990,1777209300000,10155.364469368766
16991,1777209600000,10155.364469368766
16992,1777209900000,10155.364469368766
16993,1777210200000,10155.364469368766
16994,1777210500000,10155.364469368766
16995,1777210800000,10155.364469368766
16996,1777211100000,10155.364469368766
16997,1777211400000,10155.364469368766
16998,1777211700000,10155.364469368766
16999,1777212000000,10155.364469368766
17000,1777212300000,10155.364469368766
17001,1777212600000,10155.364469368766
17002,1777212900000,10155.364469368766
17003,1777213200000,10155.364469368766
17004,1777213500000,10155.364469368766
17005,1777213800000,10155.364469368766
17006,1777214100000,10155.364469368766
17007,1777214400000,10155.364469368766
17008,1777214700000,10155.364469368766
17009,1777215000000,10155.364469368766
17010,1777215300000,10155.364469368766
17011,1777215600000,10155.364469368766
17012,1777215900000,10155.364469368766
17013,1777216200000,10155.364469368766
17014,1777216500000,10155.364469368766
17015,1777216800000,10155.364469368766
17016,1777217100000,10155.364469368766
17017,1777217400000,10155.364469368766
17018,1777217700000,10155.364469368766
17019,1777218000000,10155.364469368766
17020,1777218300000,10155.364469368766
17021,1777218600000,10155.364469368766
17022,1777218900000,10155.364469368766
17023,1777219200000,10155.364469368766
17024,1777219500000,10155.364469368766
17025,1777219800000,10155.364469368766
17026,1777220100000,10155.364469368766
17027,1777220400000,10155.364469368766
17028,1777220700000,10155.364469368766
17029,1777221000000,10155.364469368766
17030,1777221300000,10155.364469368766
17031,1777221600000,10155.364469368766
17032,1777221900000,10155.364469368766
17033,1777222200000,10155.364469368766
17034,1777222500000,10155.364469368766
17035,1777222800000,10155.364469368766
17036,1777223100000,10155.364469368766
17037,1777223400000,10155.364469368766
17038,1777223700000,10155.364469368766
17039,1777224000000,10155.364469368766
17040,1777224300000,10155.364469368766
17041,1777224600000,10155.364469368766
17042,1777224900000,10155.364469368766
17043,1777225200000,10155.364469368766
17044,1777225500000,10155.364469368766
17045,1777225800000,10155.364469368766
17046,1777226100000,10155.364469368766
17047,1777226400000,10155.364469368766
17048,1777226700000,10155.364469368766
17049,1777227000000,10155.364469368766
17050,1777227300000,10155.364469368766
17051,1777227600000,10155.364469368766
17052,1777227900000,10155.364469368766
17053,1777228200000,10155.364469368766
17054,1777228500000,10155.364469368766
17055,1777228800000,10155.364469368766
17056,1777229100000,10155.364469368766
17057,1777229400000,10155.364469368766
17058,1777229700000,10155.364469368766
17059,1777230000000,10155.364469368766
17060,1777230300000,10155.364469368766
17061,1777230600000,10155.364469368766
17062,1777230900000,10155.364469368766
17063,1777231200000,10155.364469368766
17064,1777231500000,10155.364469368766
17065,1777231800000,10155.364469368766
17066,1777232100000,10155.364469368766
17067,1777232400000,10155.364469368766
17068,1777232700000,10155.364469368766
17069,1777233000000,10155.364469368766
17070,1777233300000,10155.364469368766
17071,1777233600000,10155.364469368766
17072,1777233900000,10155.364469368766
17073,1777234200000,10155.364469368766
17074,1777234500000,10155.364469368766
17075,1777234800000,10155.364469368766
17076,1777235100000,10155.364469368766
17077,1777235400000,10155.364469368766
17078,1777235700000,10155.364469368766
17079,1777236000000,10155.364469368766
17080,1777236300000,10155.364469368766
17081,1777236600000,10155.364469368766
17082,1777236900000,10155.364469368766
17083,1777237200000,10155.364469368766
17084,1777237500000,10155.364469368766
17085,1777237800000,10155.364469368766
17086,1777238100000,10155.364469368766
17087,1777238400000,10155.364469368766
17088,1777238700000,10155.364469368766
17089,1777239000000,10155.364469368766
17090,1777239300000,10155.364469368766
17091,1777239600000,10155.364469368766
17092,1777239900000,10155.364469368766
17093,1777240200000,10155.364469368766
17094,1777240500000,10155.364469368766
17095,1777240800000,10155.364469368766
17096,1777241100000,10155.364469368766
17097,1777241400000,10155.364469368766
17098,1777241700000,10155.364469368766
17099,1777242000000,10155.364469368766
17100,1777242300000,10155.364469368766
17101,1777242600000,10155.364469368766
17102,1777242900000,10155.364469368766
17103,1777243200000,10155.364469368766
17104,1777243500000,10155.364469368766
17105,1777243800000,10155.364469368766
17106,1777244100000,10155.364469368766
17107,1777244400000,10155.364469368766
17108,1777244700000,10155.364469368766
17109,1777245000000,10155.364469368766
17110,1777245300000,10155.364469368766
17111,1777245600000,10155.364469368766
17112,1777245900000,10155.364469368766
17113,1777246200000,10155.364469368766
17114,1777246500000,10155.364469368766
17115,1777246800000,10155.364469368766
17116,1777247100000,10155.364469368766
17117,1777247400000,10155.364469368766
17118,1777247700000,10155.364469368766
17119,1777248000000,10155.364469368766
17120,1777248300000,10155.364469368766
17121,1777248600000,10155.364469368766
17122,1777248900000,10155.364469368766
17123,1777249200000,10155.364469368766
17124,1777249500000,10155.364469368766
17125,1777249800000,10155.364469368766
17126,1777250100000,10155.364469368766
17127,1777250400000,10155.364469368766
17128,1777250700000,10155.364469368766
17129,1777251000000,10155.364469368766
17130,1777251300000,10155.364469368766
17131,1777251600000,10155.364469368766
17132,1777251900000,10155.364469368766
17133,1777252200000,10155.364469368766
17134,1777252500000,10155.364469368766
17135,1777252800000,10155.364469368766
17136,1777253100000,10155.364469368766
17137,1777253400000,10155.364469368766
17138,1777253700000,10155.364469368766
17139,1777254000000,10155.364469368766
17140,1777254300000,10155.364469368766
17141,1777254600000,10155.364469368766
17142,1777254900000,10155.364469368766
17143,1777255200000,10155.364469368766
17144,1777255500000,10155.364469368766
17145,1777255800000,10155.364469368766
17146,1777256100000,10155.364469368766
17147,1777256400000,10155.364469368766
17148,1777256700000,10155.364469368766
17149,1777257000000,10155.364469368766
17150,1777257300000,10155.364469368766
17151,1777257600000,10155.364469368766
17152,1777257900000,10155.364469368766
17153,1777258200000,10155.364469368766
17154,1777258500000,10155.364469368766
17155,1777258800000,10155.364469368766
17156,1777259100000,10155.364469368766
17157,1777259400000,10155.364469368766
17158,1777259700000,10155.364469368766
17159,1777260000000,10155.364469368766
17160,1777260300000,10155.364469368766
17161,1777260600000,10155.364469368766
17162,1777260900000,10155.364469368766
17163,1777261200000,10155.364469368766
17164,1777261500000,10155.364469368766
17165,1777261800000,10155.364469368766
17166,1777262100000,10155.364469368766
17167,1777262400000,10155.364469368766
17168,1777262700000,10155.364469368766
17169,1777263000000,10155.364469368766
17170,1777263300000,10155.364469368766
17171,1777263600000,10155.364469368766
17172,1777263900000,10155.364469368766
17173,1777264200000,10155.364469368766
17174,1777264500000,10155.364469368766
17175,1777264800000,10155.364469368766
17176,1777265100000,10155.364469368766
17177,1777265400000,10155.364469368766
17178,1777265700000,10155.364469368766
17179,1777266000000,10155.364469368766
17180,1777266300000,10155.364469368766
17181,1777266600000,10155.364469368766
17182,1777266900000,10155.364469368766
17183,1777267200000,10155.364469368766
17184,1777267500000,10155.364469368766
17185,1777267800000,10155.364469368766
17186,1777268100000,10155.364469368766
17187,1777268400000,10155.364469368766
17188,1777268700000,10155.364469368766
17189,1777269000000,10155.364469368766
17190,1777269300000,10155.364469368766
17191,1777269600000,10155.364469368766
17192,1777269900000,10155.364469368766
17193,1777270200000,10155.364469368766
17194,1777270500000,10155.364469368766
17195,1777270800000,10155.364469368766
17196,1777271100000,10155.364469368766
17197,1777271400000,10155.364469368766
17198,1777271700000,10155.364469368766
17199,1777272000000,10155.364469368766
17200,1777272300000,10155.364469368766
17201,1777272600000,10155.364469368766
17202,1777272900000,10155.364469368766
17203,1777273200000,10155.364469368766
17204,1777273500000,10155.364469368766
17205,1777273800000,10155.364469368766
17206,1777274100000,10155.364469368766
17207,1777274400000,10155.364469368766
17208,1777274700000,10155.364469368766
17209,1777275000000,10155.364469368766
17210,1777275300000,10155.364469368766
17211,1777275600000,10155.364469368766
17212,1777275900000,10155.364469368766
17213,1777276200000,10155.364469368766
17214,1777276500000,10155.364469368766
17215,1777276800000,10155.364469368766
17216,1777277100000,10155.364469368766
17217,1777277400000,10155.364469368766
17218,1777277700000,10155.364469368766
17219,1777278000000,10155.364469368766
17220,1777278300000,10155.364469368766
17221,1777278600000,10155.364469368766
17222,1777278900000,10155.364469368766
17223,1777279200000,10155.364469368766
17224,1777279500000,10155.364469368766
17225,1777279800000,10155.364469368766
17226,1777280100000,10155.364469368766
17227,1777280400000,10155.364469368766
17228,1777280700000,10155.364469368766
17229,1777281000000,10155.364469368766
17230,1777281300000,10155.364469368766
17231,1777281600000,10155.364469368766
17232,1777281900000,10155.364469368766
17233,1777282200000,10155.364469368766
17234,1777282500000,10155.364469368766
17235,1777282800000,10155.364469368766
17236,1777283100000,10155.364469368766
17237,1777283400000,10155.364469368766
17238,1777283700000,10155.364469368766
17239,1777284000000,10155.364469368766
17240,1777284300000,10155.364469368766
17241,1777284600000,10155.364469368766
17242,1777284900000,10155.364469368766
17243,1777285200000,10155.364469368766
17244,1777285500000,10155.364469368766
17245,1777285800000,10155.364469368766
17246,1777286100000,10155.364469368766
17247,1777286400000,10155.364469368766
17248,1777286700000,10155.364469368766
17249,1777287000000,10155.364469368766
17250,1777287300000,10155.364469368766
17251,1777287600000,10155.364469368766
17252,1777287900000,10155.364469368766
17253,1777288200000,10155.364469368766
17254,1777288500000,10155.364469368766
17255,1777288800000,10155.364469368766
17256,1777289100000,10155.364469368766
17257,1777289400000,10155.364469368766
17258,1777289700000,10155.364469368766
17259,1777290000000,10155.364469368766
17260,1777290300000,10155.364469368766
17261,1777290600000,10155.364469368766
17262,1777290900000,10155.364469368766
17263,1777291200000,10155.364469368766
17264,1777291500000,10155.364469368766
17265,1777291800000,10155.364469368766
17266,1777292100000,10155.364469368766
17267,1777292400000,10155.364469368766
17268,1777292700000,10155.364469368766
17269,1777293000000,10155.364469368766
17270,1777293300000,10155.364469368766
17271,1777293600000,10155.364469368766
17272,1777293900000,10155.364469368766
17273,1777294200000,10155.364469368766
17274,1777294500000,10155.364469368766
17275,1777294800000,10155.364469368766
17276,1777295100000,10155.364469368766
17277,1777295400000,10155.364469368766
17278,1777295700000,10155.364469368766
17279,1777296000000,10155.364469368766
