step,timestamp,equity
0,1772112300000,10000.0
1,1772112600000,10000.0
2,1772112900000,10000.0
3,1772113200000,10000.0
4,1772113500000,10000.0
5,1772113800000,10000.0
6,1772114100000,10000.0
7,1772114400000,10000.0
8,1772114700000,10000.0
9,1772115000000,10000.0
10,1772115300000,10000.0
11,1772115600000,10000.0
12,1772115900000,10000.0
13,1772116200000,10000.0
14,1772116500000,10000.0
15,1772116800000,10000.0
16,1772117100000,10000.0
17,1772117400000,10000.0
18,1772117700000,10000.0
19,1772118000000,10000.0
20,1772118300000,10000.0
21,1772118600000,10000.0
22,1772118900000,10000.0
23,1772119200000,10000.0
24,1772119500000,10000.0
25,1772119800000,10000.0
26,1772120100000,10000.0
27,1772120400000,10000.0
28,1772120700000,10000.0
29,1772121000000,10000.0
30,1772121300000,10000.0
31,1772121600000,10000.0
32,1772121900000,10000.0
33,1772122200000,10000.0
34,1772122500000,10000.0
35,1772122800000,10000.0
36,1772123100000,10000.0
37,1772123400000,10000.0
38,1772123700000,10000.0
39,1772124000000,10000.0
40,1772124300000,10000.0
41,1772124600000,10000.0
42,1772124900000,10000.0
43,1772125200000,10000.0
44,1772125500000,10000.0
45,1772125800000,10000.0
46,1772126100000,10000.0
47,1772126400000,10000.0
48,1772126700000,10000.0
49,1772127000000,10000.0
50,1772127300000,10000.0
51,1772127600000,10000.0
52,1772127900000,10000.0
53,1772128200000,10000.0
54,1772128500000,10000.0
55,1772128800000,10000.0
56,1772129100000,10000.0
57,1772129400000,10000.0
58,1772129700000,9996.0
59,1772130000000,10021.689399108898
60,1772130300000,10027.007907518164
61,1772130600000,9972.217235981214
62,1772130900000,9940.557058563802
63,1772131200000,9919.283024926746
64,1772131500000,9938.851121904227
65,1772131800000,9943.366836591338
66,1772132100000,9939.854614056918
67,1772132400000,9831.41903314936
68,1772132700000,9831.41903314936
69,1772133000000,9831.41903314936
70,1772133300000,9831.41903314936
71,1772133600000,9831.41903314936
72,1772133900000,9831.41903314936
73,1772134200000,9831.41903314936
74,1772134500000,9831.41903314936
75,1772134800000,9831.41903314936
76,1772135100000,9831.41903314936
77,1772135400000,9831.41903314936
78,1772135700000,9831.41903314936
79,1772136000000,9831.41903314936
80,1772136300000,9831.41903314936
81,1772136600000,9831.41903314936
82,1772136900000,9831.41903314936
83,1772137200000,9831.41903314936
84,1772137500000,9831.41903314936
85,1772137800000,9831.41903314936
86,1772138100000,9827.487251892351
87,1772138400000,9841.69884623627
88,1772138700000,9836.169420450582
89,1772139000000,9817.01044514052
90,1772139300000,9815.555333091655
91,1772139600000,9837.139495149824
92,1772139900000,9807.843239232669
93,1772140200000,9817.107452610444
94,1772140500000,9835.829894305845
95,1772140800000,9840.243734187405
96,1772141100000,9854.697847206135
97,1772141400000,9846.015678647906
98,1772141700000,9834.714308401715
99,1772142000000,9842.668920935514
100,1772142300000,9869.006449019978
101,1772142600000,9851.351089493744
102,1772142900000,9848.004331781354
103,1772143200000,9852.951712747497
104,1772143500000,9856.346974194848
105,1772143800000,9858.238619858374
106,1772144100000,9846.258197322715
107,1772144400000,9841.747349971232
108,1772144700000,9844.706077803927
109,1772145000000,9849.653458770068
110,1772145300000,9861.422916045001
111,1772145600000,9861.422916045001
112,1772145900000,9861.422916045001
113,1772146200000,9861.422916045001
114,1772146500000,9857.479135634665
115,1772146800000,9832.802592298309
116,1772147100000,9828.099989737157
117,1772147400000,9840.22009943085
118,1772147700000,9837.699116614562
119,1772148000000,9847.97696963481
120,1772148300000,9847.97696963481
121,1772148600000,9851.079717716397
122,1772148900000,9835.614457747246
123,1772149200000,9828.487833247355
124,1772149500000,9824.415476390275
125,1772149800000,9828.584794124905
126,1772150100000,9830.281609482021
127,1772150400000,9813.168014594528
128,1772150700000,9838.668725390056
129,1772151000000,9821.942974012762
130,1772151300000,9809.628942563972
131,1772151600000,9803.912424576178
132,1772151900000,9803.912424576178
133,1772152200000,9803.912424576178
134,1772152500000,9803.912424576178
135,1772152800000,9803.912424576178
136,1772153100000,9803.912424576178
137,1772153400000,9803.912424576178
138,1772153700000,9803.912424576178
139,1772154000000,9803.912424576178
140,1772154300000,9803.912424576178
141,1772154600000,9803.912424576178
142,1772154900000,9803.912424576178
143,1772155200000,9803.912424576178
144,1772155500000,9803.912424576178
145,1772155800000,9799.990859606347
146,1772156100000,9797.464140670565
147,1772156400000,9824.820732225278
148,1772156700000,9806.11329395074
149,1772157000000,9792.945201035418
150,1772157300000,9779.33979138121
151,1772157600000,9766.02592621959
152,1772157900000,9773.36312928311
153,1772158200000,9782.741143794761
154,1772158500000,9738.482205879933
155,1772158800000,9738.482205879933
156,1772159100000,9738.482205879933
157,1772159400000,9738.482205879933
158,1772159700000,9738.482205879933
159,1772160000000,9738.482205879933
160,1772160300000,9738.482205879933
161,1772160600000,9738.482205879933
162,1772160900000,9734.587591920374
163,1772161200000,9733.626625721763
164,1772161500000,9725.458413033577
165,1772161800000,9713.878770340325
166,1772162100000,9722.91185260726
167,1772162400000,9709.073939347276
168,1772162700000,9709.55442244658
169,1772163000000,9738.91193981412
170,1772163300000,9742.131176579462
171,1772163600000,9756.689814488405
172,1772163900000,9761.542693791387
173,1772164200000,9778.840085366368
174,1772164500000,9827.753264875624
175,1772164800000,9865.375091551208
176,1772165100000,9857.302975482884
177,1772165400000,9863.741449013572
178,1772165700000,9900.258164560755
179,1772166000000,9893.723594410207
180,1772166300000,9881.855661857373
181,1772166600000,9849.37500434435
182,1772166900000,9834.287835026173
183,1772167200000,9836.257815733323
184,1772167500000,9837.89145827096
185,1772167800000,9842.311902784566
186,1772168100000,9810.614556234475
187,1772168400000,9806.691095104208
188,1772168700000,9800.553822038284
189,1772169000000,9812.444788603512
190,1772169300000,9813.595527303372
191,1772169600000,9789.76564672709
192,1772169900000,9802.37582497973
193,1772170200000,9807.218517008312
194,1772170500000,9813.691422195026
195,1772170800000,9810.52689077041
196,1772171100000,9800.84150671325
197,1772171400000,9794.080916851568
198,1772171700000,9788.99848759385
199,1772172000000,9791.15612265609
200,1772172300000,9774.47041150811
201,1772172600000,9764.953406876573
202,1772172900000,9764.953406876573
203,1772173200000,9764.953406876573
204,1772173500000,9764.953406876573
205,1772173800000,9764.953406876573
206,1772174100000,9761.048206553887
207,1772174400000,9753.722752217287
208,1772174700000,9755.254873385726
209,1772175000000,9751.233055318573
210,1772175300000,9747.690025116557
211,1772175600000,9735.7030603756
212,1772175900000,9731.809557851953
213,1772176200000,9719.996904204312
214,1772176500000,9719.996904204312
215,1772176800000,9719.996904204312
216,1772177100000,9719.996904204312
217,1772177400000,9719.996904204312
218,1772177700000,9719.996904204312
219,1772178000000,9719.996904204312
220,1772178300000,9719.996904204312
221,1772178600000,9719.996904204312
222,1772178900000,9716.10890544263
223,1772179200000,9711.8052500826
224,1772179500000,9675.55890827255
225,1772179800000,9685.839862743738
226,1772180100000,9695.307904535808
227,1772180400000,9692.295345783785
228,1772180700000,9693.777715963353
229,1772181000000,9706.64086365056
230,1772181300000,9723.951121876467
231,1772181600000,9710.657608653257
232,1772181900000,9708.123233830127
233,1772182200000,9709.940332759918
234,1772182500000,9712.809436333273
235,1772182800000,9708.171052223017
236,1772183100000,9704.441217577654
237,1772183400000,9698.607373645167
238,1772183700000,9684.548766135727
239,1772184000000,9707.119047579452
240,1772184300000,9691.530251497557
241,1772184600000,9691.578069890447
242,1772184900000,9733.753892418763
243,1772185200000,9777.1729931622
244,1772185500000,9791.13596388586
245,1772185800000,9824.991386051446
246,1772186100000,9822.66001751884
247,1772186400000,9822.66001751884
248,1772186700000,9822.66001751884
249,1772187000000,9822.66001751884
250,1772187300000,9822.66001751884
251,1772187600000,9822.66001751884
252,1772187900000,9822.66001751884
253,1772188200000,9822.66001751884
254,1772188500000,9822.66001751884
255,1772188800000,9822.66001751884
256,1772189100000,9822.66001751884
257,1772189400000,9822.66001751884
258,1772189700000,9822.66001751884
259,1772190000000,9822.66001751884
260,1772190300000,9822.66001751884
261,1772190600000,9822.66001751884
262,1772190900000,9822.66001751884
263,1772191200000,9822.66001751884
264,1772191500000,9822.66001751884
265,1772191800000,9822.66001751884
266,1772192100000,9822.66001751884
267,1772192400000,9822.66001751884
268,1772192700000,9822.66001751884
269,1772193000000,9822.66001751884
270,1772193300000,9822.66001751884
271,1772193600000,9822.66001751884
272,1772193900000,9822.66001751884
273,1772194200000,9822.66001751884
274,1772194500000,9822.66001751884
275,1772194800000,9822.66001751884
276,1772195100000,9822.66001751884
277,1772195400000,9822.66001751884
278,1772195700000,9822.66001751884
279,1772196000000,9822.66001751884
280,1772196300000,9822.66001751884
281,1772196600000,9822.66001751884
282,1772196900000,9822.66001751884
283,1772197200000,9818.730953511833
284,1772197500000,9853.626634788145
285,1772197800000,9854.824769767589
286,1772198100000,9842.543886228286
287,1772198400000,9868.154021413904
288,1772198700000,9856.671894527564
289,1772199000000,9881.832729095891
290,1772199300000,9911.536492127945
291,1772199600000,9885.227444870983
292,1772199900000,9865.058839383673
293,1772200200000,9853.926168533006
294,1772200500000,9837.941547572647
295,1772200800000,9837.941547572647
296,1772201100000,9837.941547572647
297,1772201400000,9834.006370953619
298,1772201700000,9871.369324670619
299,1772202000000,9893.636642053636
300,1772202300000,9884.408744759774
301,1772202600000,9869.71432135161
302,1772202900000,9856.875507725366
303,1772203200000,9909.986068780807
304,1772203500000,9901.961810264405
305,1772203800000,9921.62124362959
306,1772204100000,9927.739740748348
307,1772204400000,9902.363023190224
308,1772204700000,9879.644341265659
309,1772205000000,9885.863141615871
310,1772205300000,9895.291645372645
311,1772205600000,9906.525607295607
312,1772205900000,9887.016628777605
313,1772206200000,9915.302140047923
314,1772206500000,9914.900927122104
315,1772206800000,9902.312871574497
316,1772207100000,9914.048349654735
317,1772207400000,9898.701955242115
318,1772207700000,9899.45422947803
319,1772208000000,9914.900927122104
320,1772208300000,9957.128587564674
321,1772208600000,9956.865524935565
322,1772208900000,9956.865524935565
323,1772209200000,9952.88277872559
324,1772209500000,9963.38072369721
325,1772209800000,9962.766209845211
326,1772210100000,9988.166115727763
327,1772210400000,10004.60436126869
328,1772210700000,10045.059856525173
329,1772211000000,10028.570401496581
330,1772211300000,10040.911888024191
331,1772211600000,10023.090986316272
332,1772211900000,10009.213215158668
333,1772212200000,10054.277564305132
334,1772212500000,10090.124205671635
335,1772212800000,10089.560901307304
336,1772213100000,10114.90959770219
337,1772213400000,10103.489881952575
338,1772213700000,10073.532331667711
339,1772214000000,10065.441232616415
340,1772214300000,10074.24926449504
341,1772214600000,10048.13242578516
342,1772214900000,10012.31574558433
343,1772215200000,10008.310819286098
344,1772215500000,10034.50871179194
345,1772215800000,10035.650006118927
346,1772216100000,10040.215183426877
347,1772216400000,10061.796021609905
348,1772216700000,10034.249326717625
349,1772217000000,10037.154439549955
350,1772217300000,10040.63019954578
351,1772217600000,10032.12236910824
352,1772217900000,10058.475892658671
353,1772218200000,10080.938640094373
354,1772218500000,10070.511360106899
355,1772218800000,10059.30592489648
356,1772219100000,10086.645111729309
357,1772219400000,10070.563237121763
358,1772219700000,10080.316115916015
359,1772220000000,10054.325731469626
360,1772220300000,10061.069743401824
361,1772220600000,10065.064273546279
362,1772220900000,10070.148221002859
363,1772221200000,10079.69359173766
364,1772221500000,10072.275178612243
365,1772221800000,10049.60492311709
366,1772222100000,10054.533239529079
367,1772222400000,10042.999677439415
368,1772222700000,10038.982477568441
369,1772223000000,10018.237768379726
370,1772223300000,10019.700871294799
371,1772223600000,10022.10454036956
372,1772223900000,10027.747937327702
373,1772224200000,10033.286826934764
374,1772224500000,10038.668955515212
375,1772224800000,10034.749929849837
376,1772225100000,10035.63824233399
377,1772225400000,10031.457948290921
378,1772225700000,10032.868797530457
379,1772226000000,9999.635459888083
380,1772226300000,9994.880375414094
381,1772226600000,10009.772672942518
382,1772226900000,9997.388551839933
383,1772227200000,9984.385249339688
384,1772227500000,9984.385249339688
385,1772227800000,9980.392293831055
386,1772228100000,9969.055174488194
387,1772228400000,9973.455426287934
388,1772228700000,9964.39608434729
389,1772229000000,9927.033933202398
390,1772229300000,9927.033933202398
391,1772229600000,9927.033933202398
392,1772229900000,9927.033933202398
393,1772230200000,9927.033933202398
394,1772230500000,9927.033933202398
395,1772230800000,9927.033933202398
396,1772231100000,9927.033933202398
397,1772231400000,9927.033933202398
398,1772231700000,9927.033933202398
399,1772232000000,9923.063119629118
400,1772232300000,9935.66710595267
401,1772232600000,9932.619420735089
402,1772232900000,9924.974379850311
403,1772233200000,9910.14919921564
404,1772233500000,9895.0657401727
405,1772233800000,9916.08960260584
406,1772234100000,9881.596587422624
407,1772234400000,9881.596587422624
408,1772234700000,9881.596587422624
409,1772235000000,9881.596587422624
410,1772235300000,9881.596587422624
411,1772235600000,9881.596587422624
412,1772235900000,9881.596587422624
413,1772236200000,9881.596587422624
414,1772236500000,9881.596587422624
415,1772236800000,9881.596587422624
416,1772237100000,9881.596587422624
417,1772237400000,9881.596587422624
418,1772237700000,9881.596587422624
419,1772238000000,9877.64473915731
420,1772238300000,9865.405671243667
421,1772238600000,9873.650399001392
422,1772238900000,9875.903616525244
423,1772239200000,9899.203934101422
424,1772239500000,9902.993436300625
425,1772239800000,9893.980566205224
426,1772240100000,9895.721688837291
427,1772240400000,9908.524061131895
428,1772240700000,9891.52251072466
429,1772241000000,9889.013245754917
430,1772241300000,9890.549530430271
431,1772241600000,9896.541040664144
432,1772241900000,9859.414161009792
433,1772242200000,9845.89485586669
434,1772242500000,9869.912106291367
435,1772242800000,9863.05003474146
436,1772243100000,9874.674588784961
437,1772243400000,9869.143963953693
438,1772243700000,9855.829496767303
439,1772244000000,9852.604205305814
440,1772244300000,9848.663163623693
441,1772244600000,9848.63587645529
442,1772244900000,9844.697209838032
443,1772245200000,9844.799311011115
444,1772245500000,9850.619077876847
445,1772245800000,9847.453941511274
446,1772246100000,9849.39386379985
447,1772246400000,9849.189661453685
448,1772246700000,9858.429817617698
449,1772247000000,9858.83822231003
450,1772247300000,9854.601023627085
451,1772247600000,9839.490050010798
452,1772247900000,9845.36086746307
453,1772248200000,9844.646159251492
454,1772248500000,9853.988416588587
455,1772248800000,9848.934408520978
456,1772249100000,9848.066548549772
457,1772249400000,9828.105769212041
458,1772249700000,9814.224037200549
459,1772250000000,9814.224037200549
460,1772250300000,9814.224037200549
461,1772250600000,9814.224037200549
462,1772250900000,9814.224037200549
463,1772251200000,9810.298347585669
464,1772251500000,9815.344823910034
465,1772251800000,9809.890551519053
466,1772252100000,9808.718137827533
467,1772252400000,9809.43178094411
468,1772252700000,9832.727131249518
469,1772253000000,9829.158915666632
470,1772253300000,9806.47525946115
471,1772253600000,9799.818961881005
472,1772253900000,9795.899818125004
473,1772254200000,9789.491402607717
474,1772254500000,9785.575606046674
475,1772254800000,9780.185364977668
476,1772255100000,9781.049837601942
477,1772255400000,9771.84574671996
478,1772255700000,9779.015784368356
479,1772256000000,9786.18582201675
480,1772256300000,9796.762898831403
481,1772256600000,9818.120457784065
482,1772256900000,9811.662338767428
483,1772257200000,9814.052351316892
484,1772257500000,9811.509784774908
485,1772257800000,9820.917280980248
486,1772258100000,9811.916595421626
487,1772258400000,9816.13725588132
488,1772258700000,9829.104345245436
489,1772259000000,9856.71661789138
490,1772259300000,9939.96024647593
491,1772259600000,9954.910537742795
492,1772259900000,10012.16913626827
493,1772260200000,10064.240899048098
494,1772260500000,10128.21187324441
495,1772260800000,10061.749183836955
496,1772261100000,10118.75352570823
497,1772261400000,10152.823917370813
498,1772261700000,10204.173440234437
499,1772262000000,10204.173440234437
500,1772262300000,10204.173440234437
501,1772262600000,10204.173440234437
502,1772262900000,10204.173440234437
503,1772263200000,10204.173440234437
504,1772263500000,10204.173440234437
505,1772263800000,10204.173440234437
506,1772264100000,10200.091770858344
507,1772264400000,10185.517487752488
508,1772264700000,10243.760238522533
509,1772265000000,10238.865889718327
510,1772265300000,10252.678829676863
511,1772265600000,10257.736323441208
512,1772265900000,10293.519451365288
513,1772266200000,10304.667690308199
514,1772266500000,10315.924692557872
515,1772266800000,10305.04836188186
516,1772267100000,10304.83083526834
517,1772267400000,10294.770229393029
518,1772267700000,10285.090295091379
519,1772268000000,10298.903235049913
520,1772268300000,10304.776453614959
521,1772268600000,10321.906674429678
522,1772268900000,10330.172685743448
523,1772269200000,10328.160564568387
524,1772269500000,10368.89242295005
525,1772269800000,10312.281121781409
526,1772270100000,10322.341727656718
527,1772270400000,10279.924038020272
528,1772270700000,10294.824611046408
529,1772271000000,10311.846068554369
530,1772271300000,10319.424531734769
531,1772271600000,10319.424531734769
532,1772271900000,10319.424531734769
533,1772272200000,10315.296761922074
534,1772272500000,10324.467706309144
535,1772272800000,10356.871709810117
536,1772273100000,10335.52842105476
537,1772273400000,10338.085169186912
538,1772273700000,10313.406991563528
539,1772274000000,10304.68069902553
540,1772274300000,10315.630250808877
541,1772274600000,10266.385058524378
542,1772274900000,10274.944606618976
543,1772275200000,10282.614851015433
544,1772275500000,10275.111351062378
545,1772275800000,10275.222514024645
546,1772276100000,10266.191720545507
547,1772276400000,10266.191720545507
548,1772276700000,10266.191720545507
549,1772277000000,10266.191720545507
550,1772277300000,10266.191720545507
551,1772277600000,10266.191720545507
552,1772277900000,10266.191720545507
553,1772278200000,10266.191720545507
554,1772278500000,10266.191720545507
555,1772278800000,10262.0860649884
556,1772279100000,10270.268670832605
557,1772279400000,10262.415565894877
558,1772279700000,10232.705567494104
559,1772280000000,10241.931592875491
560,1772280300000,10245.665936482243
561,1772280600000,10250.05928190195
562,1772280900000,10280.483198933425
563,1772281200000,10269.994086743873
564,1772281500000,10269.444918566409
565,1772281800000,10266.534327225852
566,1772282100000,10267.19332903881
567,1772282400000,10265.765491777403
568,1772282700000,10242.810261959432
569,1772283000000,10246.819189654916
570,1772283300000,10261.372146357697
571,1772283600000,10253.464124602222
572,1772283900000,10271.367007187531
573,1772284200000,10283.39379027398
574,1772284500000,10277.627524410615
575,1772284800000,10269.609669019648
576,1772285100000,10263.458985432058
577,1772285400000,10265.875325412897
578,1772285700000,10255.715714129823
579,1772286000000,10276.261627166748
580,1772286300000,10276.261627166748
581,1772286600000,10276.261627166748
582,1772286900000,10276.261627166748
583,1772287200000,10276.261627166748
584,1772287500000,10276.261627166748
585,1772287800000,10276.261627166748
586,1772288100000,10276.261627166748
587,1772288400000,10276.261627166748
588,1772288700000,10276.261627166748
589,1772289000000,10276.261627166748
590,1772289300000,10276.261627166748
591,1772289600000,10276.261627166748
592,1772289900000,10276.261627166748
593,1772290200000,10272.151944452424
594,1772290500000,10270.410966298952
595,1772290800000,10301.85738419603
596,1772291100000,10279.714318306565
597,1772291400000,10204.961068841887
598,1772291700000,10245.547622044689
599,1772292000000,10280.258373979525
600,1772292300000,10335.915269323314
601,1772292600000,10337.87386974597
602,1772292900000,10308.603674540731
603,1772293200000,10324.109261220086
604,1772293500000,10307.569968762107
605,1772293800000,10312.901714357115
606,1772294100000,10330.96436269938
607,1772294400000,10308.549268973436
608,1772294700000,10326.77513401759
609,1772295000000,10337.384219640306
610,1772295300000,10311.759197443898
611,1772295600000,10351.747289406445
612,1772295900000,10335.915269323314
613,1772296200000,10337.003380669234
614,1772296500000,10320.464088211256
615,1772296800000,10385.369929995362
616,1772297100000,10362.465186163754
617,1772297400000,10354.840050924198
618,1772297700000,10354.840050924198
619,1772298000000,10354.840050924198
620,1772298300000,10350.69894312539
621,1772298600000,10340.134338160078
622,1772298900000,10336.267910569682
623,1772299200000,10347.649366434372
624,1772299500000,10361.862572083577
625,1772299800000,10351.896991111145
626,1772300100000,10335.451059670304
627,1772300400000,10296.514500133208
628,1772300700000,10352.223731470896
629,1772301000000,10350.753399852014
630,1772301300000,10384.407656906455
631,1772301600000,10377.437195898416
632,1772301900000,10375.313383560027
633,1772302200000,10365.293345860971
634,1772302500000,10371.828153056007
635,1772302800000,10360.99126445757
636,1772303100000,10365.946826580475
637,1772303400000,10411.799390398985
638,1772303700000,10484.172380084017
639,1772304000000,10491.959691991437
640,1772304300000,10507.643229259524
641,1772304600000,10586.115372326592
642,1772304900000,10543.257928472474
643,1772305200000,10517.772180411832
644,1772305500000,10474.971115456488
645,1772305800000,10474.971115456488
646,1772306100000,10474.971115456488
647,1772306400000,10474.971115456488
648,1772306700000,10474.971115456488
649,1772307000000,10474.971115456488
650,1772307300000,10474.971115456488
651,1772307600000,10474.971115456488
652,1772307900000,10474.971115456488
653,1772308200000,10474.971115456488
654,1772308500000,10474.971115456488
655,1772308800000,10474.971115456488
656,1772309100000,10474.971115456488
657,1772309400000,10474.971115456488
658,1772309700000,10474.971115456488
659,1772310000000,10474.971115456488
660,1772310300000,10474.971115456488
661,1772310600000,10474.971115456488
662,1772310900000,10474.971115456488
663,1772311200000,10474.971115456488
664,1772311500000,10474.971115456488
665,1772311800000,10474.971115456488
666,1772312100000,10474.971115456488
667,1772312400000,10470.78196484043
668,1772312700000,10465.742470786448
669,1772313000000,10485.739612085757
670,1772313300000,10440.652223794286
671,1772313600000,10471.854197617873
672,1772313900000,10451.320939929843
673,1772314200000,10447.24645537556
674,1772314500000,10490.779106139738
675,1772314800000,10504.771743885369
676,1772315100000,10508.202888773185
677,1772315400000,10488.52741730711
678,1772315700000,10495.496930360488
679,1772316000000,10524.715273545806
680,1772316300000,10520.372730797162
681,1772316600000,10525.358613212271
682,1772316900000,10524.179157157083
683,1772317200000,10533.185912487605
684,1772317500000,10533.400359043093
685,1772317800000,10571.303787725697
686,1772318100000,10604.435780548682
687,1772318400000,10573.769923113816
688,1772318700000,10589.531744942225
689,1772319000000,10555.273907702925
690,1772319300000,10537.260397041888
691,1772319600000,10537.011588904204
692,1772319900000,10537.011588904204
693,1772320200000,10532.797627061012
694,1772320500000,10536.07099868257
695,1772320800000,10538.432119196477
696,1772321100000,10521.90427559911
697,1772321400000,10513.747677460151
698,1772321700000,10509.29374558164
699,1772322000000,10524.158072453298
700,1772322300000,10551.525605682704
701,1772322600000,10544.925200609729
702,1772322900000,10541.92013813748
703,1772323200000,10556.999112328585
704,1772323500000,10520.938362661602
705,1772323800000,10530.168197397794
706,1772324100000,10522.54821755745
707,1772324400000,10529.524255439455
708,1772324700000,10509.884025710116
709,1772325000000,10507.576567026068
710,1772325300000,10510.635291328179
711,1772325600000,10498.346732289878
712,1772325900000,10500.332219994756
713,1772326200000,10536.553955151323
714,1772326500000,10531.992699613089
715,1772326800000,10493.892800411366
716,1772327100000,10482.936976770123
717,1772327400000,10482.936976770123
718,1772327700000,10482.936976770123
719,1772328000000,10478.744640446681
720,1772328300000,10459.190583417638
721,1772328600000,10459.190583417638
722,1772328900000,10459.190583417638
723,1772329200000,10459.190583417638
724,1772329500000,10459.190583417638
725,1772329800000,10459.190583417638
726,1772330100000,10459.190583417638
727,1772330400000,10459.190583417638
728,1772330700000,10459.190583417638
729,1772331000000,10459.190583417638
730,1772331300000,10459.190583417638
731,1772331600000,10459.190583417638
732,1772331900000,10459.190583417638
733,1772332200000,10459.190583417638
734,1772332500000,10459.190583417638
735,1772332800000,10459.190583417638
736,1772333100000,10459.190583417638
737,1772333400000,10459.190583417638
738,1772333700000,10459.190583417638
739,1772334000000,10459.190583417638
740,1772334300000,10459.190583417638
741,1772334600000,10459.190583417638
742,1772334900000,10459.190583417638
743,1772335200000,10459.190583417638
744,1772335500000,10459.190583417638
745,1772335800000,10459.190583417638
746,1772336100000,10459.190583417638
747,1772336400000,10459.190583417638
748,1772336700000,10459.190583417638
749,1772337000000,10455.007743752205
750,1772337300000,10474.00630705598
751,1772337600000,10493.004870359755
752,1772337900000,10453.92063250049
753,1772338200000,10422.446173403227
754,1772338500000,10378.029913690314
755,1772338800000,10404.120583731466
756,1772339100000,10415.975273095402
757,1772339400000,10424.827464716507
758,1772339700000,10422.342638998301
759,1772340000000,10433.679656337612
760,1772340300000,10437.924566939546
761,1772340600000,10437.303360509995
762,1772340900000,10434.715000386865
763,1772341200000,10437.044524497682
764,1772341500000,10436.060947650893
765,1772341800000,10417.397921371625
766,1772342100000,10413.231795428264
767,1772342400000,10446.031572163747
768,1772342700000,10433.996378495453
769,1772343000000,10434.357950837419
770,1772343300000,10427.643035915193
771,1772343600000,10407.859863490485
772,1772343900000,10405.018937946466
773,1772344200000,10383.479557003635
774,1772344500000,10388.696529366287
775,1772344800000,10358.725200052968
776,1772345100000,10358.725200052968
777,1772345400000,10358.725200052968
778,1772345700000,10358.725200052968
779,1772346000000,10358.725200052968
780,1772346300000,10358.725200052968
781,1772346600000,10358.725200052968
782,1772346900000,10358.725200052968
783,1772347200000,10358.725200052968
784,1772347500000,10358.725200052968
785,1772347800000,10358.725200052968
786,1772348100000,10358.725200052968
787,1772348400000,10358.725200052968
788,1772348700000,10358.725200052968
789,1772349000000,10354.581709972947
790,1772349300000,10357.58088162289
791,1772349600000,10367.50917398132
792,1772349900000,10372.266480736402
793,1772350200000,10355.822746517752
794,1772350500000,10329.812688932905
795,1772350800000,10344.601707758484
796,1772351100000,10347.859428688595
797,1772351400000,10345.015386606752
798,1772351700000,10333.89776755955
799,1772352000000,10369.57756822266
800,1772352300000,10340.464919275804
801,1772352600000,10323.297247072685
802,1772352900000,10334.725125256087
803,1772353200000,10329.554139652739
804,1772353500000,10333.846057703518
805,1772353800000,10351.94450731524
806,1772354100000,10344.032899342115
807,1772354400000,10362.234768665903
808,1772354700000,10389.12389380332
809,1772355000000,10450.348363346971
810,1772355300000,10443.729501774686
811,1772355600000,10427.906285828438
812,1772355900000,10432.09478416715
813,1772356200000,10428.605177931093
814,1772356500000,10428.605177931093
815,1772356800000,10428.605177931093
816,1772357100000,10428.605177931093
817,1772357400000,10428.605177931093
818,1772357700000,10428.605177931093
819,1772358000000,10428.605177931093
820,1772358300000,10428.605177931093
821,1772358600000,10428.605177931093
822,1772358900000,10428.605177931093
823,1772359200000,10428.605177931093
824,1772359500000,10428.605177931093
825,1772359800000,10428.605177931093
826,1772360100000,10428.605177931093
827,1772360400000,10428.605177931093
828,1772360700000,10424.43373585992
829,1772361000000,10418.28621922927
830,1772361300000,10429.21513768376
831,1772361600000,10442.035599716906
832,1772361900000,10433.366024981377
833,1772362200000,10430.160909473088
834,1772362500000,10424.276107228365
835,1772362800000,10414.870932212245
836,1772363100000,10412.506502738917
837,1772363400000,10419.862505544821
838,1772363700000,10409.93190175685
839,1772364000000,10409.406472985
840,1772364300000,10409.93190175685
841,1772364600000,10434.889768419742
842,1772364900000,10421.333706106003
843,1772365200000,10432.157538806121
844,1772365500000,10428.637166034723
845,1772365800000,10427.638851368207
846,1772366100000,10432.104995928936
847,1772366400000,10432.840596209526
848,1772366700000,10410.24715901996
849,1772367000000,10423.855764210884
850,1772367300000,10412.559045616103
851,1772367600000,10430.633795367754
852,1772367900000,10443.11033677299
853,1772368200000,10443.11033677299
854,1772368500000,10443.11033677299
855,1772368800000,10438.93309263828
856,1772369100000,10470.355269074451
857,1772369400000,10469.776300999412
858,1772369700000,10470.092101767616
859,1772370000000,10475.881782518
860,1772370300000,10466.460392933284
861,1772370600000,10465.249823321841
862,1772370900000,10471.618472147262
863,1772371200000,10497.724668985353
864,1772371500000,10479.67139173643
865,1772371800000,10487.250610173296
866,1772372100000,10477.566053281747
867,1772372400000,10470.092101767616
868,1772372700000,10471.881639454099
869,1772373000000,10259.924876206975
870,1772373300000,10259.924876206975
871,1772373600000,10259.924876206975
872,1772373900000,10259.924876206975
873,1772374200000,10259.924876206975
874,1772374500000,10259.924876206975
875,1772374800000,10259.924876206975
876,1772375100000,10259.924876206975
877,1772375400000,10259.924876206975
878,1772375700000,10259.924876206975
879,1772376000000,10255.821726886357
880,1772376300000,10276.552583757339
881,1772376600000,10266.751609345562
882,1772376900000,10263.313571201117
883,1772377200000,10287.17458220361
884,1772377500000,10283.736544059164
885,1772377800000,10307.18704304441
886,1772378100000,10315.55122539582
887,1772378400000,10299.746512731805
888,1772378700000,10314.114433335457
889,1772379000000,10333.151928135294
890,1772379300000,10337.359676312077
891,1772379600000,10332.997986128827
892,1772379900000,10316.988017456186
893,1772380200000,10293.332262462318
894,1772380500000,10228.830561752355
895,1772380800000,10274.0381976517
896,1772381100000,10270.856729518035
897,1772381400000,10256.488808914382
898,1772381700000,10274.346081664635
899,1772382000000,10263.878025224833
900,1772382300000,10292.40861042351
901,1772382600000,10288.867944274754
902,1772382900000,10285.019394113062
903,1772383200000,10258.900895433533
904,1772383500000,10258.900895433533
905,1772383800000,10258.900895433533
906,1772384100000,10258.900895433533
907,1772384400000,10258.900895433533
908,1772384700000,10258.900895433533
909,1772385000000,10258.900895433533
910,1772385300000,10258.900895433533
911,1772385600000,10258.900895433533
912,1772385900000,10258.900895433533
913,1772386200000,10258.900895433533
914,1772386500000,10258.900895433533
915,1772386800000,10258.900895433533
916,1772387100000,10258.900895433533
917,1772387400000,10258.900895433533
918,1772387700000,10258.900895433533
919,1772388000000,10254.79733507536
920,1772388300000,10230.601692161385
921,1772388600000,10254.745634983663
922,1772388900000,10261.77684745439
923,1772389200000,10275.684172120757
924,1772389500000,10274.495070011737
925,1772389800000,10262.81084928832
926,1772390100000,10269.428461025476
927,1772390400000,10274.339969736646
928,1772390700000,10271.186264143158
929,1772391000000,10294.50300549829
930,1772391300000,10298.69071292571
931,1772391600000,10318.957148870748
932,1772391900000,10306.44572668019
933,1772392200000,10359.334920485737
934,1772392500000,10352.975809207064
935,1772392800000,10371.48444203442
936,1772393100000,10381.048958998277
937,1772393400000,10381.204059273368
938,1772393700000,10377.326552396129
939,1772394000000,10429.69874528471
940,1772394300000,10414.240417867448
941,1772394600000,10410.05271044003
942,1772394900000,10412.017313924498
943,1772395200000,10412.252010943166
944,1772395500000,10412.252010943166
945,1772395800000,10412.252010943166
946,1772396100000,10412.252010943166
947,1772396400000,10412.252010943166
948,1772396700000,10412.252010943166
949,1772397000000,10412.252010943166
950,1772397300000,10412.252010943166
951,1772397600000,10412.252010943166
952,1772397900000,10412.252010943166
953,1772398200000,10412.252010943166
954,1772398500000,10412.252010943166
955,1772398800000,10412.252010943166
956,1772399100000,10412.252010943166
957,1772399400000,10412.252010943166
958,1772399700000,10412.252010943166
959,1772400000000,10408.08711013879
960,1772400300000,10421.323252631817
961,1772400600000,10416.677096491407
962,1772400900000,10403.11680356998
963,1772401200000,10417.91967313361
964,1772401500000,10404.143279926582
965,1772401800000,10399.226998429172
966,1772402100000,10399.010898143571
967,1772402400000,10386.531106650147
968,1772402700000,10407.276734067787
969,1772403000000,10306.628026049384
970,1772403300000,10296.201187269162
971,1772403600000,10310.517831190193
972,1772403900000,10359.842721378493
973,1772404200000,10429.156887984833
974,1772404500000,10425.861358629427
975,1772404800000,10393.71644114636
976,1772405100000,10427.428085700029
977,1772405400000,10395.553293573965
978,1772405700000,10421.269227560417
979,1772406000000,10361.085298020695
980,1772406300000,10304.89922376458
981,1772406600000,10356.385116808886
982,1772406900000,10354.170088881481
983,1772407200000,10346.55289129788
984,1772407500000,10342.414270141362
985,1772407800000,10328.172775561332
986,1772408100000,10279.666030863938
987,1772408400000,10298.726076241723
988,1772408700000,10290.802237152082
989,1772409000000,10311.040150502651
990,1772409300000,10303.865863759327
991,1772409600000,10293.853985990661
992,1772409900000,10263.96674332518
993,1772410200000,10263.96674332518
994,1772410500000,10263.96674332518
995,1772410800000,10263.96674332518
996,1772411100000,10263.96674332518
997,1772411400000,10263.96674332518
998,1772411700000,10263.96674332518
999,1772412000000,10263.96674332518
1000,1772412300000,10263.96674332518
1001,1772412600000,10263.96674332518
1002,1772412900000,10263.96674332518
1003,1772413200000,10263.96674332518
1004,1772413500000,10263.96674332518
1005,1772413800000,10263.96674332518
1006,1772414100000,10263.96674332518
1007,1772414400000,10263.96674332518
1008,1772414700000,10263.96674332518
1009,1772415000000,10263.96674332518
1010,1772415300000,10263.96674332518
1011,1772415600000,10263.96674332518
1012,1772415900000,10259.861977580998
1013,1772416200000,10284.699194100383
1014,1772416500000,10268.019042374734
1015,1772416800000,10268.175909005382
1016,1772417100000,10197.376769705916
1017,1772417400000,10171.127753510693
1018,1772417700000,10164.853088284744
1019,1772418000000,10185.820927914792
1020,1772418300000,10188.539949512704
1021,1772418600000,10219.913275642451
1022,1772418900000,10248.881313435586
1023,1772419200000,10227.547451667358
1024,1772419500000,10214.84125458481
1025,1772419800000,10210.605855557294
1026,1772420100000,10225.76962985334
1027,1772420400000,10198.213391736042
1028,1772420700000,10227.233718406062
1029,1772421000000,10282.084750256237
1030,1772421300000,10311.366521310669
1031,1772421600000,10325.955117961003
1032,1772421900000,10320.778519149593
1033,1772422200000,10310.11158826548
1034,1772422500000,10324.386451654515
1035,1772422800000,10324.647896038929
1036,1772423100000,10320.204842085886
1037,1772423400000,10320.204842085886
1038,1772423700000,10320.204842085886
1039,1772424000000,10320.204842085886
1040,1772424300000,10320.204842085886
1041,1772424600000,10320.204842085886
1042,1772424900000,10320.204842085886
1043,1772425200000,10320.204842085886
1044,1772425500000,10320.204842085886
1045,1772425800000,10320.204842085886
1046,1772426100000,10320.204842085886
1047,1772426400000,10320.204842085886
1048,1772426700000,10316.07758560035
1049,1772427000000,10321.73077580765
1050,1772427300000,10327.226932953636
1051,1772427600000,10299.222703685993
1052,1772427900000,10288.125700686478
1053,1772428200000,10297.861750487938
1054,1772428500000,10312.308792128815
1055,1772428800000,10288.59679987042
1056,1772429100000,10301.368822190616
1057,1772429400000,10314.45491063344
1058,1772429700000,10322.777662883074
1059,1772430000000,10368.578972432957
1060,1772430300000,10346.960754325413
1061,1772430600000,10343.715404391593
1062,1772430900000,10316.234618661663
1063,1772431200000,10290.394318942306
1064,1772431500000,10290.394318942306
1065,1772431800000,10286.278984281662
1066,1772432100000,10194.03004595554
1067,1772432400000,10158.728152355457
1068,1772432700000,10158.728152355457
1069,1772433000000,10158.728152355457
1070,1772433300000,10158.728152355457
1071,1772433600000,10158.728152355457
1072,1772433900000,10158.728152355457
1073,1772434200000,10158.728152355457
1074,1772434500000,10158.728152355457
1075,1772434800000,10158.728152355457
1076,1772435100000,10158.728152355457
1077,1772435400000,10158.728152355457
1078,1772435700000,10158.728152355457
1079,1772436000000,10158.728152355457
1080,1772436300000,10158.728152355457
1081,1772436600000,10158.728152355457
1082,1772436900000,10158.728152355457
1083,1772437200000,10158.728152355457
1084,1772437500000,10158.728152355457
1085,1772437800000,10158.728152355457
1086,1772438100000,10154.664661094515
1087,1772438400000,10193.119721156429
1088,1772438700000,10194.427716396629
1089,1772439000000,10180.981525327361
1090,1772439300000,10196.677468209775
1091,1772439600000,10228.854151118721
1092,1772439900000,10231.260862360692
1093,1772440200000,10224.145368253998
1094,1772440500000,10191.968685345051
1095,1772440800000,10168.791009688688
1096,1772441100000,10154.830820179157
1097,1772441400000,10150.768887851087
1098,1772441700000,10130.777727671348
1099,1772442000000,10127.802541952691
1100,1772442300000,10110.786567491607
1101,1772442600000,10095.59746145426
1102,1772442900000,10073.257470444001
1103,1772443200000,10064.384109528712
1104,1772443500000,10082.891725582067
1105,1772443800000,10082.891725582067
1106,1772444100000,10082.891725582067
1107,1772444400000,10082.891725582067
1108,1772444700000,10082.891725582067
1109,1772445000000,10078.859375361879
1110,1772445300000,10061.606096331927
1111,1772445600000,10088.157549689398
1112,1772445900000,10087.38270182877
1113,1772446200000,10059.746461466424
1114,1772446500000,10067.288313976524
1115,1772446800000,10083.095210333304
1116,1772447100000,10085.471410439226
1117,1772447400000,10085.161471294974
1118,1772447700000,10100.606771983463
1119,1772448000000,10078.394466645503
1120,1772448300000,10082.217049424593
1121,1772448600000,10073.538753385576
1122,1772448900000,10084.644906054556
1123,1772449200000,10079.634223222505
1124,1772449500000,10013.100620256706
1125,1772449800000,9999.439874058426
1126,1772450100000,9999.439874058426
1127,1772450400000,9999.439874058426
1128,1772450700000,9999.439874058426
1129,1772451000000,9999.439874058426
1130,1772451300000,9995.440098108802
1131,1772451600000,9991.636876750565
1132,1772451900000,9977.09212479946
1133,1772452200000,9982.488587537502
1134,1772452500000,9984.133223800525
1135,1772452800000,9979.764658726872
1136,1772453100000,9988.810158173494
1137,1772453400000,9991.688271633784
1138,1772453700000,10013.942256067803
1139,1772454000000,10033.934865640167
1140,1772454300000,10032.136044727486
1141,1772454600000,10037.532507465527
1142,1772454900000,10042.466416254594
1143,1772455200000,10029.669090332953
1144,1772455500000,10023.912863412375
1145,1772455800000,10025.865868974714
1146,1772456100000,10033.934865640167
1147,1772456400000,10048.993566423464
1148,1772456700000,10067.444329499245
1149,1772457000000,10055.77769100843
1150,1772457300000,10033.472311691192
1151,1772457600000,10011.269722140392
1152,1772457900000,10054.133054745409
1153,1772458200000,10041.592703239863
1154,1772458500000,10055.960989122284
1155,1772458800000,10055.960989122284
1156,1772459100000,10055.960989122284
1157,1772459400000,10055.960989122284
1158,1772459700000,10055.960989122284
1159,1772460000000,10055.960989122284
1160,1772460300000,10055.960989122284
1161,1772460600000,10051.938604726636
1162,1772460900000,10070.988322755346
1163,1772461200000,10064.013835826801
1164,1772461500000,10074.423517809702
1165,1772461800000,9936.207808999241
1166,1772462100000,9936.207808999241
1167,1772462400000,9936.207808999241
1168,1772462700000,9936.207808999241
1169,1772463000000,9936.207808999241
1170,1772463300000,9936.207808999241
1171,1772463600000,9936.207808999241
1172,1772463900000,9936.207808999241
1173,1772464200000,9936.207808999241
1174,1772464500000,9936.207808999241
1175,1772464800000,9936.207808999241
1176,1772465100000,9936.207808999241
1177,1772465400000,9936.207808999241
1178,1772465700000,9936.207808999241
1179,1772466000000,9936.207808999241
1180,1772466300000,9936.207808999241
1181,1772466600000,9936.207808999241
1182,1772466900000,9936.207808999241
1183,1772467200000,9936.207808999241
1184,1772467500000,9936.207808999241
1185,1772467800000,9936.207808999241
1186,1772468100000,9936.207808999241
1187,1772468400000,9936.207808999241
1188,1772468700000,9936.207808999241
1189,1772469000000,9936.207808999241
1190,1772469300000,9936.207808999241
1191,1772469600000,9936.207808999241
1192,1772469900000,9936.207808999241
1193,1772470200000,9936.207808999241
1194,1772470500000,9936.207808999241
1195,1772470800000,9936.207808999241
1196,1772471100000,9936.207808999241
1197,1772471400000,9936.207808999241
1198,1772471700000,9936.207808999241
1199,1772472000000,9936.207808999241
1200,1772472300000,9936.207808999241
1201,1772472600000,9932.234120613319
1202,1772472900000,9878.658597421496
1203,1772473200000,9820.582149517079
1204,1772473500000,9844.877463557094
1205,1772473800000,9882.336772455443
1206,1772474100000,9877.88424478277
1207,1772474400000,9837.32752532952
1208,1772474700000,9848.313653391438
1209,1772475000000,9867.430484159975
1210,1772475300000,9839.602186205775
1211,1772475600000,9838.63424540737
1212,1772475900000,9841.63486188243
1213,1772476200000,9851.556255066102
1214,1772476500000,9831.457880490878
1215,1772476800000,9827.52608369804
1216,1772477100000,9829.120371157727
1217,1772477400000,9812.98424959605
1218,1772477700000,9804.38475966198
1219,1772478000000,9819.409711175998
1220,1772478300000,9791.53383650208
1221,1772478600000,9795.20552883348
1222,1772478900000,9823.757767884235
1223,1772479200000,9824.530755743477
1224,1772479500000,9823.51620917822
1225,1772479800000,9836.70531452654
1226,1772480100000,9834.627909654828
1227,1772480400000,9816.462694962638
1228,1772480700000,9846.415974508269
1229,1772481000000,9865.450800542105
1230,1772481300000,9872.842496946108
1231,1772481600000,9917.385922334934
1232,1772481900000,9846.657533214282
1233,1772482200000,9817.5738650103
1234,1772482500000,9844.386881377759
1235,1772482800000,9843.13077610649
1236,1772483100000,9842.551035212058
1237,1772483400000,9860.957808610261
1238,1772483700000,9849.121432015616
1239,1772484000000,9866.672303612853
1240,1772484300000,9866.672303612853
1241,1772484600000,9866.672303612853
1242,1772484900000,9862.726423867358
1243,1772485200000,9844.168702323064
1244,1772485500000,9864.373845623248
1245,1772485800000,9875.03363345548
1246,1772486100000,9875.857344333426
1247,1772486400000,9890.635686555384
1248,1772486700000,9885.111978315044
1249,1772487000000,9896.062487633611
1250,1772487300000,9908.999593775456
1251,1772487600000,9912.245983706182
1252,1772487900000,9907.449079181677
1253,1772488200000,9911.712994314568
1254,1772488500000,9899.115063240113
1255,1772488800000,9904.154235669896
1256,1772489100000,9926.15216146914
1257,1772489400000,9906.964543371121
1258,1772489700000,9902.506813914006
1259,1772490000000,9923.148039443691
1260,1772490300000,9932.984116397978
1261,1772490600000,9940.058339232095
1262,1772490900000,9962.831522328226
1263,1772491200000,9960.408843275447
1264,1772491500000,9940.930503691096
1265,1772491800000,9949.79750902427
1266,1772492100000,9947.513185067211
1267,1772492400000,9943.534975435112
1268,1772492700000,9949.554887245258
1269,1772493000000,9929.698887806955
1270,1772493300000,9926.446193522443
1271,1772493600000,9908.095172036677
1272,1772493900000,9888.020948383408
1273,1772494200000,9888.020948383408
1274,1772494500000,9888.020948383408
1275,1772494800000,9888.020948383408
1276,1772495100000,9888.020948383408
1277,1772495400000,9888.020948383408
1278,1772495700000,9888.020948383408
1279,1772496000000,9888.020948383408
1280,1772496300000,9888.020948383408
1281,1772496600000,9888.020948383408
1282,1772496900000,9888.020948383408
1283,1772497200000,9888.020948383408
1284,1772497500000,9888.020948383408
1285,1772497800000,9884.065740004055
1286,1772498100000,9868.113083067861
1287,1772498400000,9869.766712140516
1288,1772498700000,9901.817934460489
1289,1772499000000,9895.592507363437
1290,1772499300000,9872.393064197084
1291,1772499600000,9876.235319983543
1292,1772499900000,9871.031252019604
1293,1772500200000,9863.346740446681
1294,1772500500000,9885.47618833073
1295,1772500800000,9879.153488935288
1296,1772501100000,9902.742021295207
1297,1772501400000,9895.00887357309
1298,1772501700000,9901.185664520945
1299,1772502000000,9894.473875931937
1300,1772502300000,9890.047986355126
1301,1772502600000,9917.284229904726
1302,1772502900000,9947.535914704458
1303,1772503200000,9991.40572127899
1304,1772503500000,9986.444834061027
1305,1772503800000,9999.819775089849
1306,1772504100000,10015.140162086498
1307,1772504400000,10010.179274868535
1308,1772504700000,9977.203965713843
1309,1772505000000,9968.013539784615
1310,1772505300000,9968.013539784615
1311,1772505600000,9968.013539784615
1312,1772505900000,9964.026334368702
1313,1772506200000,9987.33131341993
1314,1772506500000,9989.553186422696
1315,1772506800000,10012.166916095288
1316,1772507100000,10015.376288210393
1317,1772507400000,9990.787560313122
1318,1772507700000,10013.351915030096
1319,1772508000000,10018.338785547414
1320,1772508300000,10004.118798329715
1321,1772508600000,9989.750686245165
1322,1772508900000,9989.553186422696
1323,1772509200000,9996.465680209078
1324,1772509500000,10015.57378803286
1325,1772509800000,10017.400661390691
1326,1772510100000,10013.203790163245
1327,1772510400000,10003.131299217373
1328,1772510700000,10018.536285369883
1329,1772511000000,10009.796918225671
1330,1772511300000,10001.156300992694
1331,1772511600000,10000.56380152529
1332,1772511900000,10014.438164053669
1333,1772512200000,10008.66129424648
1334,1772512500000,10025.794403845583
1335,1772512800000,10035.965644702686
1336,1772513100000,10050.597043620844
1337,1772513400000,10050.597043620844
1338,1772513700000,10050.597043620844
1339,1772514000000,10050.597043620844
1340,1772514300000,10046.576804803397
1341,1772514600000,10017.499132847792
1342,1772514900000,9995.11446625205
1343,1772515200000,9991.116420465547
1344,1772515500000,9998.580622923655
1345,1772515800000,10027.74077385999
1346,1772516100000,10032.716908832062
1347,1772516400000,10037.892089203016
1348,1772516700000,10087.354870825406
1349,1772517000000,10067.748899035443
1350,1772517300000,10067.002478789635
1351,1772517600000,10070.684818668968
1352,1772517900000,10064.56417265332
1353,1772518200000,10063.170854861139
1354,1772518500000,10065.708683696896
1355,1772518800000,10071.431238914776
1356,1772519100000,10063.767991057788
1357,1772519400000,10074.168113149415
1358,1772519700000,10058.742094735995
1359,1772520000000,10056.602356698004
1360,1772520300000,10082.577781252217
1361,1772520600000,10059.09042418404
1362,1772520900000,10037.593521104693
1363,1772521200000,10037.643282454414
1364,1772521500000,10055.806175102474
1365,1772521800000,10032.269056684576
1366,1772522100000,10025.650797171722
1367,1772522400000,10026.253814931004
1368,1772522700000,10022.243313405032
1369,1772523000000,10037.778647128041
1370,1772523300000,10050.708053903963
1371,1772523600000,10035.723973958224
1372,1772523900000,10048.653380734146
1373,1772524200000,10046.298023685818
1374,1772524500000,10044.093008576747
1375,1772524800000,10056.621503514658
1376,1772525100000,10045.34585807054
1377,1772525400000,10099.71952610107
1378,1772525700000,10083.88350849955
1379,1772526000000,10086.288979527628
1380,1772526300000,10106.78559724605
1381,1772526600000,10136.904099076786
1382,1772526900000,10154.594333929115
1383,1772527200000,10217.838176375686
1384,1772527500000,10254.070583736122
1385,1772527800000,10251.665112708042
1386,1772528100000,10260.735743043091
1387,1772528400000,10238.034110215596
1388,1772528700000,10193.583010175891
1389,1772529000000,10197.592128556023
1390,1772529300000,10198.694636110558
1391,1772529600000,10236.029551025531
1392,1772529900000,10278.929242708093
1393,1772530200000,10278.929242708093
1394,1772530500000,10278.929242708093
1395,1772530800000,10278.929242708093
1396,1772531100000,10278.929242708093
1397,1772531400000,10278.929242708093
1398,1772531700000,10278.929242708093
1399,1772532000000,10278.929242708093
1400,1772532300000,10278.929242708093
1401,1772532600000,10278.929242708093
1402,1772532900000,10278.929242708093
1403,1772533200000,10278.929242708093
1404,1772533500000,10278.929242708093
1405,1772533800000,10278.929242708093
1406,1772534100000,10278.929242708093
1407,1772534400000,10274.81767101101
1408,1772534700000,10236.56795092385
1409,1772535000000,10263.206148841693
1410,1772535300000,10265.990812529357
1411,1772535600000,10251.962412442446
1412,1772535900000,10251.542085848081
1413,1772536200000,10260.52656680262
1414,1772536500000,10290.684999948266
1415,1772536800000,10253.643718819903
1416,1772537100000,10268.302608798362
1417,1772537400000,10264.099342854717
1418,1772537700000,10235.412052789348
1419,1772538000000,10232.417225804502
1420,1772538300000,10234.781562897802
1421,1772538600000,10235.96818409647
1422,1772538900000,10231.87379682283
1423,1772539200000,10206.45714797282
1424,1772539500000,10159.903450284504
1425,1772539800000,10125.927601411082
1426,1772540100000,10162.095440534402
1427,1772540400000,10161.79510148104
1428,1772540700000,10161.79510148104
1429,1772541000000,10161.79510148104
1430,1772541300000,10161.79510148104
1431,1772541600000,10157.7311962215
1432,1772541900000,10163.20349979645
1433,1772542200000,10159.228335878797
1434,1772542500000,10157.679570716076
1435,1772542800000,10095.935466228935
1436,1772543100000,10093.858480456765
1437,1772543400000,10093.858480456765
1438,1772543700000,10093.858480456765
1439,1772544000000,10093.858480456765
1440,1772544300000,10093.858480456765
1441,1772544600000,10093.858480456765
1442,1772544900000,10093.858480456765
1443,1772545200000,10093.858480456765
1444,1772545500000,10093.858480456765
1445,1772545800000,10093.858480456765
1446,1772546100000,10093.858480456765
1447,1772546400000,10089.820937064584
1448,1772546700000,10085.960834850956
1449,1772547000000,10089.820937064584
1450,1772547300000,10083.078625198115
1451,1772547600000,10062.903157628225
1452,1772547900000,10085.857898791926
1453,1772548200000,10141.649242786212
1454,1772548500000,10109.327320250775
1455,1772548800000,10212.108975192277
1456,1772549100000,10213.189803812093
1457,1772549400000,10130.943892647087
1458,1772549700000,10184.57357940174
1459,1772550000000,10172.58152852474
1460,1772550300000,10181.331093542292
1461,1772550600000,10169.030234488204
1462,1772550900000,10224.718642423457
1463,1772551200000,10180.764945217628
1464,1772551500000,10185.242663785435
1465,1772551800000,10134.495186683624
1466,1772552100000,10058.73424723751
1467,1772552400000,10097.644077550865
1468,1772552700000,10057.910758765269
1469,1772553000000,10078.240630423703
1470,1772553300000,10046.456400729357
1471,1772553600000,10046.456400729357
1472,1772553900000,10046.456400729357
1473,1772554200000,10046.456400729357
1474,1772554500000,10046.456400729357
1475,1772554800000,10046.456400729357
1476,1772555100000,10046.456400729357
1477,1772555400000,10046.456400729357
1478,1772555700000,10042.438621724867
1479,1772556000000,10041.827113758312
1480,1772556300000,10091.970767015686
1481,1772556600000,10110.21408801786
1482,1772556900000,10110.163129020648
1483,1772557200000,10067.408530359127
1484,1772557500000,10027.762430527586
1485,1772557800000,10041.776154761099
1486,1772558100000,10052.171790192506
1487,1772558400000,10076.530190860214
1488,1772558700000,10070.873742169595
1489,1772559000000,10006.461569692645
1490,1772559300000,10035.762993089993
1491,1772559600000,10067.714284342404
1492,1772559900000,10095.741732809433
1493,1772560200000,10095.232142837303
1494,1772560500000,10092.938987962729
1495,1772560800000,10089.269940163409
1496,1772561100000,10085.040343394749
1497,1772561400000,10057.573443897061
1498,1772561700000,10096.709953756474
1499,1772562000000,10127.693024061844
1500,1772562300000,10120.66068244648
1501,1772562600000,10154.854169576254
1502,1772562900000,10167.042052495659
1503,1772563200000,10167.042052495659
1504,1772563500000,10167.042052495659
1505,1772563800000,10167.042052495659
1506,1772564100000,10167.042052495659
1507,1772564400000,10167.042052495659
1508,1772564700000,10162.976048875385
1509,1772565000000,10186.373773273124
1510,1772565300000,10194.378257935508
1511,1772565600000,10215.980104364124
1512,1772565900000,10190.3247048052
1513,1772566200000,10171.955438721008
1514,1772566500000,10198.123946271113
1515,1772566800000,10198.842297458763
1516,1772567100000,10194.070393140802
1517,1772567400000,10198.790986659646
1518,1772567700000,10190.427326403435
1519,1772568000000,10200.638175427886
1520,1772568300000,10180.062544981629
1521,1772568600000,10152.919132248286
1522,1772568900000,10159.486914535371
1523,1772569200000,10180.934828566633
1524,1772569500000,10171.237087533358
1525,1772569800000,10172.776411506893
1526,1772570100000,10170.51873634571
1527,1772570400000,10183.346436125172
1528,1772570700000,10174.007870685722
1529,1772571000000,10140.245364866176
1530,1772571300000,10151.020632680924
1531,1772571600000,10097.311642477263
1532,1772571900000,10097.311642477263
1533,1772572200000,10097.311642477263
1534,1772572500000,10097.311642477263
1535,1772572800000,10097.311642477263
1536,1772573100000,10097.311642477263
1537,1772573400000,10097.311642477263
1538,1772573700000,10097.311642477263
1539,1772574000000,10097.311642477263
1540,1772574300000,10097.311642477263
1541,1772574600000,10097.311642477263
1542,1772574900000,10097.311642477263
1543,1772575200000,10097.311642477263
1544,1772575500000,10097.311642477263
1545,1772575800000,10097.311642477263
1546,1772576100000,10097.311642477263
1547,1772576400000,10097.311642477263
1548,1772576700000,10097.311642477263
1549,1772577000000,10097.311642477263
1550,1772577300000,10097.311642477263
1551,1772577600000,10097.311642477263
1552,1772577900000,10097.311642477263
1553,1772578200000,10097.311642477263
1554,1772578500000,10097.311642477263
1555,1772578800000,10097.311642477263
1556,1772579100000,10097.311642477263
1557,1772579400000,10097.311642477263
1558,1772579700000,10097.311642477263
1559,1772580000000,10097.311642477263
1560,1772580300000,10097.311642477263
1561,1772580600000,10093.27352544368
1562,1772580900000,10097.187873489527
1563,1772581200000,10106.134954737183
1564,1772581500000,10105.880776292646
1565,1772581800000,10079.242875305312
1566,1772582100000,10079.700396505476
1567,1772582400000,10072.88841419192
1568,1772582700000,10073.854292281156
1569,1772583000000,10070.143286990935
1570,1772583300000,10092.612661487885
1571,1772583600000,10066.076431878364
1572,1772583900000,10069.838272857492
1573,1772584200000,10002.79969807729
1574,1772584500000,10002.79969807729
1575,1772584800000,10002.79969807729
1576,1772585100000,9998.798578198059
1577,1772585400000,10008.457109411824
1578,1772585700000,10005.87812987307
1579,1772586000000,9974.626966050517
1580,1772586300000,9993.033800405548
1581,1772586600000,9999.557101591809
1582,1772586900000,10011.08665717683
1583,1772587200000,10023.6781455131
1584,1772587500000,9992.578686369297
1585,1772587800000,9960.417294474242
1586,1772588100000,9920.510227156974
1587,1772588400000,9920.510227156974
1588,1772588700000,9916.542816548234
1589,1772589000000,9926.456155053345
1590,1772589300000,9922.000159462665
1591,1772589600000,9908.03136429637
1592,1772589900000,9895.91506167901
1593,1772590200000,9894.609600576854
1594,1772590500000,9890.651756736623
1595,1772590800000,9906.647326622424
1596,1772591100000,9922.0930487934
1597,1772591400000,9937.338826340803
1598,1772591700000,9915.494876215507
1599,1772592000000,9921.093325675538
1600,1772592300000,9896.150233884868
1601,1772592600000,9886.702850421067
1602,1772592900000,9891.801438322165
1603,1772593200000,9931.090556854162
1604,1772593500000,9907.197174337249
1605,1772593800000,9908.096925143325
1606,1772594100000,9901.898641812577
1607,1772594400000,9919.343810219278
1608,1772594700000,9964.531295146666
1609,1772595000000,10047.608286241042
1610,1772595300000,10008.819029267976
1611,1772595600000,10032.762397940784
1612,1772595900000,10017.916509640525
1613,1772596200000,10013.51772792193
1614,1772596500000,9983.47604823016
1615,1772596800000,9998.121991906846
1616,1772597100000,9994.223071747183
1617,1772597400000,9984.675715971594
1618,1772597700000,10008.887229293377
1619,1772598000000,10008.887229293377
1620,1772598300000,10008.887229293377
1621,1772598600000,10008.887229293377
1622,1772598900000,10008.887229293377
1623,1772599200000,10008.887229293377
1624,1772599500000,10004.88367440166
1625,1772599800000,9997.987511000763
1626,1772600100000,10000.286232134395
1627,1772600400000,9999.979735983245
1628,1772600700000,9993.185737966065
1629,1772601000000,9989.66103222783
1630,1772601300000,9976.12411888533
1631,1772601600000,9995.586624483414
1632,1772601900000,10000.950307128556
1633,1772602200000,10007.437808994584
1634,1772602500000,9972.088586228509
1635,1772602800000,9937.045859613583
1636,1772603100000,9946.291826839972
1637,1772603400000,9924.173021265244
1638,1772603700000,9944.657180700498
1639,1772604000000,9948.284051822451
1640,1772604300000,9954.056396002461
1641,1772604600000,9968.819293949564
1642,1772604900000,9972.446165071518
1643,1772605200000,9965.652167054339
1644,1772605500000,9964.63051321717
1645,1772605800000,9902.617161468412
1646,1772606100000,9902.617161468412
1647,1772606400000,9902.617161468412
1648,1772606700000,9902.617161468412
1649,1772607000000,9902.617161468412
1650,1772607300000,9902.617161468412
1651,1772607600000,9902.617161468412
1652,1772607900000,9902.617161468412
1653,1772608200000,9898.656906654785
1654,1772608500000,9900.31055802932
1655,1772608800000,9928.272299453229
1656,1772609100000,9949.920099265286
1657,1772609400000,9963.850859329528
1658,1772609700000,9965.554621351774
1659,1772610000000,9987.352753106972
1660,1772610300000,10051.544492827452
1661,1772610600000,10026.388947675476
1662,1772610900000,10054.952016871943
1663,1772611200000,10052.346263190862
1664,1772611500000,10105.51366041446
1665,1772611800000,10071.989637094397
1666,1772612100000,10050.442058577764
1667,1772612400000,10044.078006318201
1668,1772612700000,10050.592390520904
1669,1772613000000,10085.168737442942
1670,1772613300000,10082.963868943567
1671,1772613600000,10174.215358429119
1672,1772613900000,10271.430014992533
1673,1772614200000,10256.046046144611
1674,1772614500000,10341.38447920002
1675,1772614800000,10316.880372468315
1676,1772615100000,10351.90771521977
1677,1772615400000,10362.944819663899
1678,1772615700000,10362.944819663899
1679,1772616000000,10362.944819663899
1680,1772616300000,10362.944819663899
1681,1772616600000,10362.944819663899
1682,1772616900000,10362.944819663899
1683,1772617200000,10362.944819663899
1684,1772617500000,10362.944819663899
1685,1772617800000,10362.944819663899
1686,1772618100000,10362.944819663899
1687,1772618400000,10362.944819663899
1688,1772618700000,10362.944819663899
1689,1772619000000,10362.944819663899
1690,1772619300000,10362.944819663899
1691,1772619600000,10362.944819663899
1692,1772619900000,10362.944819663899
1693,1772620200000,10362.944819663899
1694,1772620500000,10362.944819663899
1695,1772620800000,10362.944819663899
1696,1772621100000,10358.800470605844
1697,1772621400000,10368.06164651927
1698,1772621700000,10374.219076991443
1699,1772622000000,10372.517023039785
1700,1772622300000,10347.987421971786
1701,1772622600000,10386.834300397843
1702,1772622900000,10391.389797739042
1703,1772623200000,10364.257055333213
1704,1772623500000,10351.792013157843
1705,1772623800000,10326.611626755386
1706,1772624100000,10283.860036322587
1707,1772624400000,10282.458344832989
1708,1772624700000,10269.838906802595
1709,1772625000000,10265.731792662704
1710,1772625300000,10253.15839297789
1711,1772625600000,10243.379082111924
1712,1772625900000,10220.727004901977
1713,1772626200000,10231.304626859046
1714,1772626500000,10207.055927466903
1715,1772626800000,10186.349733541512
1716,1772627100000,10183.405961393084
1717,1772627400000,10199.072816555909
1718,1772627700000,10229.109271358522
1719,1772628000000,10229.807793563234
1720,1772628300000,10237.341854485485
1721,1772628600000,10224.868243687059
1722,1772628900000,10249.965148613494
1723,1772629200000,10256.651004001451
1724,1772629500000,10306.69513052474
1725,1772629800000,10277.057831267679
1726,1772630100000,10271.918703618725
1727,1772630400000,10268.675564811134
1728,1772630700000,10278.005825688357
1729,1772631000000,10280.101392302493
1730,1772631300000,10286.23840881532
1731,1772631600000,10295.868036351707
1732,1772631900000,10296.915819658774
1733,1772632200000,10288.807506214565
1734,1772632500000,10288.807506214565
1735,1772632800000,10288.807506214565
1736,1772633100000,10288.807506214565
1737,1772633400000,10288.807506214565
1738,1772633700000,10288.807506214565
1739,1772634000000,10288.807506214565
1740,1772634300000,10288.807506214565
1741,1772634600000,10288.807506214565
1742,1772634900000,10288.807506214565
1743,1772635200000,10284.692806152092
1744,1772635500000,10340.725534347217
1745,1772635800000,10359.486048139013
1746,1772636100000,10350.628298921665
1747,1772636400000,10369.438575349515
1748,1772636700000,10414.02589725256
1749,1772637000000,10397.604227355234
1750,1772637300000,10470.456726536106
1751,1772637600000,10452.49241492115
1752,1772637900000,10644.327376903568
1753,1772638200000,10588.4439366166
1754,1772638500000,10579.685712671362
1755,1772638800000,10584.861026820821
1756,1772639100000,10612.529052466016
1757,1772639400000,10637.261082584111
1758,1772639700000,10700.111291918429
1759,1772640000000,10689.41232516714
1760,1772640300000,10658.161389726167
1761,1772640600000,10626.512353196771
1762,1772640900000,10644.028801087254
1763,1772641200000,10614.917658996537
1764,1772641500000,10667.914866392459
1765,1772641800000,10685.232263738728
1766,1772642100000,10684.43606156189
1767,1772642400000,10674.840242084929
1768,1772642700000,10674.840242084929
1769,1772643000000,10674.840242084929
1770,1772643300000,10674.840242084929
1771,1772643600000,10674.840242084929
1772,1772643900000,10674.840242084929
1773,1772644200000,10674.840242084929
1774,1772644500000,10674.840242084929
1775,1772644800000,10670.571159804553
1776,1772645100000,10684.729148834678
1777,1772645400000,10700.588097677612
1778,1772645700000,10732.055854214535
1779,1772646000000,10731.055289618767
1780,1772646300000,10765.724852862151
1781,1772646600000,10757.069969108752
1782,1772646900000,10736.40831020613
1783,1772647200000,10754.818698768273
1784,1772647500000,10758.370703083252
1785,1772647800000,10715.546538384355
1786,1772648100000,10764.82434472596
1787,1772648400000,10766.12507870046
1788,1772648700000,10779.682728973123
1789,1772649000000,10747.914803057469
1790,1772649300000,10746.564040853182
1791,1772649600000,10774.629877764493
1792,1772649900000,10801.54506539067
1793,1772650200000,10810.600174982375
1794,1772650500000,10822.006611374138
1795,1772650800000,10853.674480830217
1796,1772651100000,10869.48340144336
1797,1772651400000,10914.909034091257
1798,1772651700000,10994.754088833595
1799,1772652000000,10903.292315101824
1800,1772652300000,10903.292315101824
1801,1772652600000,10903.292315101824
1802,1772652900000,10903.292315101824
1803,1772653200000,10903.292315101824
1804,1772653500000,10903.292315101824
1805,1772653800000,10903.292315101824
1806,1772654100000,10903.292315101824
1807,1772654400000,10903.292315101824
1808,1772654700000,10898.931870264752
1809,1772655000000,10916.048766361062
1810,1772655300000,10927.627843132093
1811,1772655600000,10924.355495348975
1812,1772655900000,10933.115318645323
1813,1772656200000,10932.20913002846
1814,1772656500000,10921.536241874288
1815,1772656800000,10939.357951339269
1816,1772657100000,10932.611880524842
1817,1772657400000,10873.709620428719
1818,1772657700000,10820.244663228917
1819,1772658000000,10820.244663228917
1820,1772658300000,10820.244663228917
1821,1772658600000,10820.244663228917
1822,1772658900000,10820.244663228917
1823,1772659200000,10820.244663228917
1824,1772659500000,10820.244663228917
1825,1772659800000,10820.244663228917
1826,1772660100000,10820.244663228917
1827,1772660400000,10820.244663228917
1828,1772660700000,10820.244663228917
1829,1772661000000,10820.244663228917
1830,1772661300000,10820.244663228917
1831,1772661600000,10820.244663228917
1832,1772661900000,10820.244663228917
1833,1772662200000,10815.91743081011
1834,1772662500000,10805.477731786681
1835,1772662800000,10801.156404959333
1836,1772663100000,10777.563639564658
1837,1772663400000,10777.563639564658
1838,1772663700000,10777.563639564658
1839,1772664000000,10777.563639564658
1840,1772664300000,10777.563639564658
1841,1772664600000,10777.563639564658
1842,1772664900000,10777.563639564658
1843,1772665200000,10777.563639564658
1844,1772665500000,10777.563639564658
1845,1772665800000,10777.563639564658
1846,1772666100000,10777.563639564658
1847,1772666400000,10777.563639564658
1848,1772666700000,10777.563639564658
1849,1772667000000,10777.563639564658
1850,1772667300000,10777.563639564658
1851,1772667600000,10777.563639564658
1852,1772667900000,10777.563639564658
1853,1772668200000,10777.563639564658
1854,1772668500000,10777.563639564658
1855,1772668800000,10777.563639564658
1856,1772669100000,10777.563639564658
1857,1772669400000,10777.563639564658
1858,1772669700000,10773.252614108833
1859,1772670000000,10772.69652757634
1860,1772670300000,10797.872081501922
1861,1772670600000,10796.102715262174
1862,1772670900000,10800.146980953032
1863,1772671200000,10777.75185968991
1864,1772671500000,10765.669615938476
1865,1772671800000,10791.249596433145
1866,1772672100000,10792.412322819268
1867,1772672400000,10794.889435554918
1868,1772672700000,10745.549394126461
1869,1772673000000,10748.683700036876
1870,1772673300000,10787.811970595918
1871,1772673600000,10812.63365127355
1872,1772673900000,10794.535562306966
1873,1772674200000,10813.139184484908
1874,1772674500000,10822.289335610474
1875,1772674800000,10864.501358758793
1876,1772675100000,10877.392455648398
1877,1772675400000,10872.488783498235
1878,1772675700000,10865.209105254693
1879,1772676000000,10831.338380093766
1880,1772676300000,10785.992051035031
1881,1772676600000,10775.881386807889
1882,1772676900000,10791.730676428784
1883,1772677200000,10787.413984158213
1884,1772677500000,10788.124336971334
1885,1772677800000,10822.424229947774
1886,1772678100000,10826.838565286458
1887,1772678400000,10840.030831815857
1888,1772678700000,10813.595559270405
1889,1772679000000,10825.570078120169
1890,1772679300000,10812.986685430587
1891,1772679600000,10804.716149106387
1892,1772679900000,10811.870416724252
1893,1772680200000,10822.170532514516
1894,1772680500000,10841.350058468795
1895,1772680800000,10840.183050275813
1896,1772681100000,10853.070879885303
1897,1772681400000,10866.669062307914
1898,1772681700000,10860.275886989819
1899,1772682000000,10878.897278590934
1900,1772682300000,10860.275886989819
1901,1772682600000,10847.185099433722
1902,1772682900000,10821.612398161347
1903,1772683200000,10814.10295413692
1904,1772683500000,10799.721744929298
1905,1772683800000,10799.721744929298
1906,1772684100000,10799.721744929298
1907,1772684400000,10799.721744929298
1908,1772684700000,10799.721744929298
1909,1772685000000,10799.721744929298
1910,1772685300000,10799.721744929298
1911,1772685600000,10799.721744929298
1912,1772685900000,10799.721744929298
1913,1772686200000,10799.721744929298
1914,1772686500000,10799.721744929298
1915,1772686800000,10799.721744929298
1916,1772687100000,10799.721744929298
1917,1772687400000,10799.721744929298
1918,1772687700000,10795.402720036307
1919,1772688000000,10746.0795084343
1920,1772688300000,10732.862508200089
1921,1772688600000,10740.205286107985
1922,1772688900000,10712.776479268423
1923,1772689200000,10712.776479268423
1924,1772689500000,10712.776479268423
1925,1772689800000,10712.776479268423
1926,1772690100000,10712.776479268423
1927,1772690400000,10708.491368676716
1928,1772690700000,10763.14092532164
1929,1772691000000,10751.433910417094
1930,1772691300000,10719.693770869857
1931,1772691600000,10703.243396478123
1932,1772691900000,10718.73500671819
1933,1772692200000,10722.11591188459
1934,1772692500000,10701.224945632515
1935,1772692800000,10711.064893504868
1936,1772693100000,10686.18748683271
1937,1772693400000,10679.391286475524
1938,1772693700000,10679.391286475524
1939,1772694000000,10675.1203841414
1940,1772694300000,10672.407232072937
1941,1772694600000,10672.407232072937
1942,1772694900000,10672.407232072937
1943,1772695200000,10672.407232072937
1944,1772695500000,10668.139122801964
1945,1772695800000,10635.177927730032
1946,1772696100000,10625.608468780805
1947,1772696400000,10625.608468780805
1948,1772696700000,10625.608468780805
1949,1772697000000,10625.608468780805
1950,1772697300000,10625.608468780805
1951,1772697600000,10625.608468780805
1952,1772697900000,10625.608468780805
1953,1772698200000,10625.608468780805
1954,1772698500000,10625.608468780805
1955,1772698800000,10625.608468780805
1956,1772699100000,10625.608468780805
1957,1772699400000,10625.608468780805
1958,1772699700000,10625.608468780805
1959,1772700000000,10621.358225393295
1960,1772700300000,10624.574908341128
1961,1772700600000,10621.559268077533
1962,1772700900000,10603.565947838077
1963,1772701200000,10567.694881902944
1964,1772701500000,10567.694881902944
1965,1772701800000,10567.694881902944
1966,1772702100000,10567.694881902944
1967,1772702400000,10567.694881902944
1968,1772702700000,10567.694881902944
1969,1772703000000,10567.694881902944
1970,1772703300000,10567.694881902944
1971,1772703600000,10567.694881902944
1972,1772703900000,10567.694881902944
1973,1772704200000,10563.468649196724
1974,1772704500000,10574.463763133313
1975,1772704800000,10557.54820323087
1976,1772705100000,10573.51848184465
1977,1772705400000,10587.548446234323
1978,1772705700000,10603.568476494876
1979,1772706000000,10622.324847327882
1980,1772706300000,10663.966975675961
1981,1772706600000,10747.898003780156
1982,1772706900000,10704.017051327339
1983,1772707200000,10708.14643800941
1984,1772707500000,10719.937578294348
1985,1772707800000,10738.146681012862
1986,1772708100000,10727.201318723046
1987,1772708400000,10704.265809561199
1988,1772708700000,10696.355297724467
1989,1772709000000,10701.579220635516
1990,1772709300000,10681.72831357353
1991,1772709600000,10659.340072526176
1992,1772709900000,10688.444785887736
1993,1772710200000,10679.837750996197
1994,1772710500000,10620.712124931417
1995,1772710800000,10616.464689568516
1996,1772711100000,10634.771340580462
1997,1772711400000,10632.383516535427
1998,1772711700000,10635.368296591721
1999,1772712000000,10602.834193978102
2000,1772712300000,10625.767254077304
2001,1772712600000,10616.26570423143
2002,1772712900000,10605.91846670294
2003,1772713200000,10604.276837671978
2004,1772713500000,10605.91846670294
2005,1772713800000,10601.690028289855
2006,1772714100000,10598.804740902104
2007,1772714400000,10619.548962293355
2008,1772714700000,10657.803893348208
2009,1772715000000,10646.113504794384
2010,1772715300000,10637.009925622684
2011,1772715600000,10589.3529373905
2012,1772715900000,10591.143805424279
2013,1772716200000,10582.189465255391
2014,1772716500000,10577.95701275687
2015,1772716800000,10577.95701275687
2016,1772717100000,10577.95701275687
2017,1772717400000,10577.95701275687
2018,1772717700000,10577.95701275687
2019,1772718000000,10577.95701275687
2020,1772718300000,10577.95701275687
2021,1772718600000,10577.95701275687
2022,1772718900000,10577.95701275687
2023,1772719200000,10577.95701275687
2024,1772719500000,10577.95701275687
2025,1772719800000,10577.95701275687
2026,1772720100000,10577.95701275687
2027,1772720400000,10577.95701275687
2028,1772720700000,10577.95701275687
2029,1772721000000,10573.725829951767
2030,1772721300000,10670.019366988889
2031,1772721600000,10705.550935694058
2032,1772721900000,10682.758977056848
2033,1772722200000,10633.392988043503
2034,1772722500000,10605.823675630807
2035,1772722800000,10667.879510610286
2036,1772723100000,10758.052063122566
2037,1772723400000,10754.966688809232
2038,1772723700000,10769.448042441172
2039,1772724000000,10796.917826650211
2040,1772724300000,10831.25505691151
2041,1772724600000,10827.522749274412
2042,1772724900000,10765.56644249859
2043,1772725200000,10795.375139493544
2044,1772725500000,10796.619242039244
2045,1772725800000,10761.933663065147
2046,1772726100000,10766.113847618697
2047,1772726400000,10821.352000647743
2048,1772726700000,10888.931650930126
2049,1772727000000,10881.417271554103
2050,1772727300000,10877.933784426146
2051,1772727600000,10829.911426162154
2052,1772727900000,10837.923446556457
2053,1772728200000,10802.707187340844
2054,1772728500000,10798.386104465908
2055,1772728800000,10814.10271684804
2056,1772729100000,10817.578007374781
2057,1772729400000,10824.476718420401
2058,1772729700000,10811.249866415637
2059,1772730000000,10752.42927750034
2060,1772730300000,10845.224721565128
2061,1772730600000,10826.758998766321
2062,1772730900000,10859.748323766435
2063,1772731200000,10836.614300260066
2064,1772731500000,10867.943785008603
2065,1772731800000,10904.408400535458
2066,1772732100000,10878.525266612412
2067,1772732400000,10880.4444569033
2068,1772732700000,10931.743894678633
2069,1772733000000,10912.966951832657
2070,1772733300000,10916.49411236726
2071,1772733600000,10892.789518774412
2072,1772733900000,10883.764137406455
2073,1772734200000,10865.402154623373
2074,1772734500000,10883.660397390731
2075,1772734800000,10874.686886030637
2076,1772735100000,10881.170637013365
2077,1772735400000,10836.095600181447
2078,1772735700000,10851.592569641876
2079,1772736000000,10847.251932614021
2080,1772736300000,10846.206187490754
2081,1772736600000,10862.258375132918
2082,1772736900000,10840.925174618247
2083,1772737200000,10820.219421177537
2084,1772737500000,10824.40240167061
2085,1772737800000,10782.154298690575
2086,1772738100000,10790.258823395903
2087,1772738400000,10808.245639516115
2088,1772738700000,10831.618043021163
2089,1772739000000,10841.082036386739
2090,1772739300000,10843.957835475725
2091,1772739600000,10831.252032228018
2092,1772739900000,10808.611650309262
2093,1772740200000,10848.140815968798
2094,1772740500000,10852.585232742687
2095,1772740800000,10826.284742892494
2096,1772741100000,10830.101712592423
2097,1772741400000,10820.11484666521
2098,1772741700000,10783.670629119315
2099,1772742000000,10756.31421018834
2100,1772742300000,10756.31421018834
2101,1772742600000,10756.31421018834
2102,1772742900000,10756.31421018834
2103,1772743200000,10756.31421018834
2104,1772743500000,10756.31421018834
2105,1772743800000,10756.31421018834
2106,1772744100000,10756.31421018834
2107,1772744400000,10756.31421018834
2108,1772744700000,10756.31421018834
2109,1772745000000,10756.31421018834
2110,1772745300000,10756.31421018834
2111,1772745600000,10756.31421018834
2112,1772745900000,10756.31421018834
2113,1772746200000,10756.31421018834
2114,1772746500000,10756.31421018834
2115,1772746800000,10756.31421018834
2116,1772747100000,10756.31421018834
2117,1772747400000,10756.31421018834
2118,1772747700000,10756.31421018834
2119,1772748000000,10756.31421018834
2120,1772748300000,10756.31421018834
2121,1772748600000,10756.31421018834
2122,1772748900000,10756.31421018834
2123,1772749200000,10752.011684504267
2124,1772749500000,10772.253615386026
2125,1772749800000,10764.353065832684
2126,1772750100000,10759.912234057603
2127,1772750400000,10756.091053227885
2128,1772750700000,10754.335375549364
2129,1772751000000,10755.677952597645
2130,1772751300000,10767.141495086804
2131,1772751600000,10770.756125601405
2132,1772751900000,10766.573481720226
2133,1772752200000,10772.976541488944
2134,1772752500000,10761.151535948326
2135,1772752800000,10758.259831536645
2136,1772753100000,10753.147711237425
2137,1772753400000,10795.283975521903
2138,1772753700000,10782.684406299584
2139,1772754000000,10789.655479434883
2140,1772754300000,10803.545988126702
2141,1772754600000,10799.363344245523
2142,1772754900000,10804.578739702301
2143,1772755200000,10797.246203515542
2144,1772755500000,10791.204606798285
2145,1772755800000,10765.747280459744
2146,1772756100000,10786.660499865644
2147,1772756400000,10779.615135274817
2148,1772756700000,10779.615135274817
2149,1772757000000,10779.615135274817
2150,1772757300000,10779.615135274817
2151,1772757600000,10779.615135274817
2152,1772757900000,10775.303289220708
2153,1772758200000,10774.263603728574
2154,1772758500000,10768.077475050373
2155,1772758800000,10770.416767407674
2156,1772759100000,10754.873469300264
2157,1772759400000,10774.991383573068
2158,1772759700000,10760.955629429252
2159,1772760000000,10763.346906061162
2160,1772760300000,10818.294284320471
2161,1772760600000,10729.765064665216
2162,1772760900000,10715.889352503116
2163,1772761200000,10715.889352503116
2164,1772761500000,10715.889352503116
2165,1772761800000,10715.889352503116
2166,1772762100000,10715.889352503116
2167,1772762400000,10715.889352503116
2168,1772762700000,10715.889352503116
2169,1772763000000,10715.889352503116
2170,1772763300000,10715.889352503116
2171,1772763600000,10711.603853861845
2172,1772763900000,10725.530778664883
2173,1772764200000,10709.54821920457
2174,1772764500000,10718.387448230851
2175,1772764800000,10734.164444225438
2176,1772765100000,10727.432240722863
2177,1772765400000,10700.040908914672
2178,1772765700000,10709.291264872409
2179,1772766000000,10716.99989483719
2180,1772766300000,10715.406777977802
2181,1772766600000,10681.540196999194
2182,1772766900000,10676.144156023849
2183,1772767200000,10722.755671877561
2184,1772767500000,10719.620829025216
2185,1772767800000,10720.49447375456
2186,1772768100000,10715.61234144353
2187,1772768400000,10708.21205667734
2188,1772768700000,10702.867406568424
2189,1772769000000,10701.428462308333
2190,1772769300000,10708.828747074524
2191,1772769600000,10711.449681262548
2192,1772769900000,10692.435060682754
2193,1772770200000,10678.508135879716
2194,1772770500000,10678.508135879716
2195,1772770800000,10684.665333130299
2196,1772771100000,10684.665333130299
2197,1772771400000,10684.665333130299
2198,1772771700000,10684.665333130299
2199,1772772000000,10684.665333130299
2200,1772772300000,10684.665333130299
2201,1772772600000,10684.665333130299
2202,1772772900000,10684.665333130299
2203,1772773200000,10684.665333130299
2204,1772773500000,10684.665333130299
2205,1772773800000,10684.665333130299
2206,1772774100000,10684.665333130299
2207,1772774400000,10684.665333130299
2208,1772774700000,10684.665333130299
2209,1772775000000,10684.665333130299
2210,1772775300000,10684.665333130299
2211,1772775600000,10684.665333130299
2212,1772775900000,10684.665333130299
2213,1772776200000,10680.391466997045
2214,1772776500000,10670.621980298798
2215,1772776800000,10668.761125689607
2216,1772777100000,10685.457126766509
2217,1772777400000,10689.644049637187
2218,1772777700000,10682.355702417859
2219,1772778000000,10657.85445006352
2220,1772778300000,10672.534525313798
2221,1772778600000,10674.705522357854
2222,1772778900000,10662.76503861555
2223,1772779200000,10634.299685109141
2224,1772779500000,10634.299685109141
2225,1772779800000,10634.299685109141
2226,1772780100000,10634.299685109141
2227,1772780400000,10634.299685109141
2228,1772780700000,10634.299685109141
2229,1772781000000,10630.045965235098
2230,1772781300000,10622.500960173482
2231,1772781600000,10596.889004216026
2232,1772781900000,10564.96713811636
2233,1772782200000,10564.96713811636
2234,1772782500000,10564.96713811636
2235,1772782800000,10564.96713811636
2236,1772783100000,10564.96713811636
2237,1772783400000,10564.96713811636
2238,1772783700000,10564.96713811636
2239,1772784000000,10560.74199628948
2240,1772784300000,10562.67180795688
2241,1772784600000,10563.17965313251
2242,1772784900000,10571.965374670934
2243,1772785200000,10565.668094493103
2244,1772785500000,10551.651567645678
2245,1772785800000,10555.054130322409
2246,1772786100000,10553.327456725261
2247,1772786400000,10565.10946479991
2248,1772786700000,10570.035563003534
2249,1772787000000,10554.393931594088
2250,1772787300000,10542.662708037004
2251,1772787600000,10541.139172510108
2252,1772787900000,10522.196547459058
2253,1772788200000,10482.605438294055
2254,1772788500000,10482.605438294055
2255,1772788800000,10482.605438294055
2256,1772789100000,10482.605438294055
2257,1772789400000,10482.605438294055
2258,1772789700000,10482.605438294055
2259,1772790000000,10482.605438294055
2260,1772790300000,10482.605438294055
2261,1772790600000,10482.605438294055
2262,1772790900000,10482.605438294055
2263,1772791200000,10478.412396118738
2264,1772791500000,10479.02201532385
2265,1772791800000,10475.262696892329
2266,1772792100000,10473.433839276993
2267,1772792400000,10457.888549546651
2268,1772792700000,10451.792357495537
2269,1772793000000,10479.631634528962
2270,1772793300000,10479.42842812726
2271,1772793600000,10475.465903294033
2272,1772793900000,10473.789450479977
2273,1772794200000,10465.915202413951
2274,1772794500000,10478.615602520442
2275,1772794800000,10494.414900252916
2276,1772795100000,10500.307885902326
2277,1772795400000,10473.433839276993
2278,1772795700000,10478.869610522572
2279,1772796000000,10469.623719245046
2280,1772796300000,10469.014100039936
2281,1772796600000,10485.067405774538
2282,1772796900000,10473.332236076141
2283,1772797200000,10512.195460402001
2284,1772797500000,10526.470710121695
2285,1772797800000,10529.823615749809
2286,1772798100000,10541.457182247352
2287,1772798400000,10548.68587421869
2288,1772798700000,10548.68587421869
2289,1772799000000,10548.68587421869
2290,1772799300000,10544.466399869003
2291,1772799600000,10541.23074844621
2292,1772799900000,10555.251904611641
2293,1772800200000,10589.303283870546
2294,1772800500000,10604.197552324667
2295,1772800800000,10596.64769900482
2296,1772801100000,10592.949811664485
2297,1772801400000,10575.333487251508
2298,1772801700000,10572.046476282323
2299,1772802000000,10569.889375333794
2300,1772802300000,10565.16429706559
2301,1772802600000,10568.245869849201
2302,1772802900000,10555.765500075577
2303,1772803200000,10579.955846426925
2304,1772803500000,10567.372757560513
2305,1772803800000,10531.677872817016
2306,1772804100000,10547.445253559827
2307,1772804400000,10557.254926920989
2308,1772804700000,10569.889375333794
2309,1772805000000,10594.850114881046
2310,1772805300000,10719.140217153365
2311,1772805600000,10709.844139256136
2312,1772805900000,10785.650829732973
2313,1772806200000,10786.729380207236
2314,1772806500000,10762.571316200769
2315,1772806800000,10762.571316200769
2316,1772807100000,10762.571316200769
2317,1772807400000,10762.571316200769
2318,1772807700000,10762.571316200769
2319,1772808000000,10762.571316200769
2320,1772808300000,10762.571316200769
2321,1772808600000,10762.571316200769
2322,1772808900000,10762.571316200769
2323,1772809200000,10762.571316200769
2324,1772809500000,10762.571316200769
2325,1772809800000,10762.571316200769
2326,1772810100000,10762.571316200769
2327,1772810400000,10762.571316200769
2328,1772810700000,10762.571316200769
2329,1772811000000,10762.571316200769
2330,1772811300000,10762.571316200769
2331,1772811600000,10762.571316200769
2332,1772811900000,10762.571316200769
2333,1772812200000,10762.571316200769
2334,1772812500000,10762.571316200769
2335,1772812800000,10762.571316200769
2336,1772813100000,10762.571316200769
2337,1772813400000,10762.571316200769
2338,1772813700000,10762.571316200769
2339,1772814000000,10762.571316200769
2340,1772814300000,10762.571316200769
2341,1772814600000,10762.571316200769
2342,1772814900000,10762.571316200769
2343,1772815200000,10762.571316200769
2344,1772815500000,10762.571316200769
2345,1772815800000,10762.571316200769
2346,1772816100000,10762.571316200769
2347,1772816400000,10762.571316200769
2348,1772816700000,10762.571316200769
2349,1772817000000,10762.571316200769
2350,1772817300000,10758.266287674289
2351,1772817600000,10767.309595437991
2352,1772817900000,10765.83869598245
2353,1772818200000,10779.893957446518
2354,1772818500000,10841.998601124957
2355,1772818800000,10844.776966763202
2356,1772819100000,10815.141066621913
2357,1772819400000,10812.635089771731
2358,1772819700000,10806.370147646274
2359,1772820000000,10782.672323084764
2360,1772820300000,10763.823018950781
2361,1772820600000,10739.218482130802
2362,1772820900000,10734.92279473795
2363,1772821200000,10739.15795196065
2364,1772821500000,10740.569671034884
2365,1772821800000,10710.65208603863
2366,1772822100000,10721.837244857556
2367,1772822400000,10717.710681409797
2368,1772822700000,10720.534119558262
2369,1772823000000,10746.70521931905
2370,1772823300000,10752.569283165867
2371,1772823600000,10738.12631109871
2372,1772823900000,10728.950137116193
2373,1772824200000,10686.652861776662
2374,1772824500000,10659.71599317831
2375,1772824800000,10659.71599317831
2376,1772825100000,10659.71599317831
2377,1772825400000,10659.71599317831
2378,1772825700000,10659.71599317831
2379,1772826000000,10655.452106781038
2380,1772826300000,10660.664734394748
2381,1772826600000,10659.321273669566
2382,1772826900000,10654.807245632952
2383,1772827200000,10643.965509977814
2384,1772827500000,10639.707923773823
2385,1772827800000,10664.447977823746
2386,1772828100000,10659.564366286777
2387,1772828400000,10669.277923299871
2388,1772828700000,10692.622659767803
2389,1772829000000,10705.073185884034
2390,1772829300000,10679.79647122565
2391,1772829600000,10663.964983276135
2392,1772829900000,10651.94378564667
2393,1772830200000,10653.661099593735
2394,1772830500000,10665.145636614741
2395,1772830800000,10655.163749297419
2396,1772831100000,10656.022406270953
2397,1772831400000,10655.915074149261
2398,1772831700000,10663.803985093597
2399,1772832000000,10694.232641593177
2400,1772832300000,10684.626416701776
2401,1772832600000,10677.596162730973
2402,1772832900000,10672.283222707236
2403,1772833200000,10666.701952379271
2404,1772833500000,10658.83896656226
2405,1772833800000,10654.575430975634
2406,1772834100000,10630.773643402843
2407,1772834400000,10627.97343310016
2408,1772834700000,10620.380555164043
2409,1772835000000,10630.46356676117
2410,1772835300000,10630.46356676117
2411,1772835600000,10630.46356676117
2412,1772835900000,10626.212231601497
2413,1772836200000,10626.96235625291
2414,1772836500000,10631.78458615486
2415,1772836800000,10635.428048747444
2416,1772837100000,10646.572757854168
2417,1772837400000,10649.841158121046
2418,1772837700000,10647.590784166803
2419,1772838000000,10640.893242636319
2420,1772838300000,10644.536705228902
2421,1772838600000,10640.839662304075
2422,1772838900000,10639.714475326953
2423,1772839200000,10647.858685828021
2424,1772839500000,10644.590285561146
2425,1772839800000,10636.231753731101
2426,1772840100000,10623.265313328086
2427,1772840400000,10616.606281531927
2428,1772840700000,10616.606281531927
2429,1772841000000,10616.606281531927
2430,1772841300000,10616.606281531927
2431,1772841600000,10616.606281531927
2432,1772841900000,10616.606281531927
2433,1772842200000,10616.606281531927
2434,1772842500000,10612.359639019316
2435,1772842800000,10618.521492872027
2436,1772843100000,10626.237205522379
2437,1772843400000,10611.341593600173
2438,1772843700000,10615.681681965996
2439,1772844000000,10618.14642350708
2440,1772844300000,10613.806335141257
2441,1772844600000,10602.875742219925
2442,1772844900000,10612.091732330067
2443,1772845200000,10602.875742219925
2444,1772845500000,10602.554254192828
2445,1772845800000,10619.218050264073
2446,1772846100000,10619.70028230472
2447,1772846400000,10632.506222050788
2448,1772846700000,10624.147533346242
2449,1772847000000,10623.450975954196
2450,1772847300000,10624.897672076137
2451,1772847600000,10620.825490399564
2452,1772847900000,10611.288012262323
2453,1772848200000,10610.859361559525
2454,1772848500000,10616.217495344492
2455,1772848800000,10620.182514345366
2456,1772849100000,10615.788844641695
2457,1772849400000,10623.183069264947
2458,1772849700000,10624.22621672858
2459,1772850000000,10624.22621672858
2460,1772850300000,10624.22621672858
2461,1772850600000,10624.22621672858
2462,1772850900000,10624.22621672858
2463,1772851200000,10624.22621672858
2464,1772851500000,10619.976526241891
2465,1772851800000,10610.632298164399
2466,1772852100000,10592.21235431049
2467,1772852400000,10597.582600332038
2468,1772852700000,10594.897477321263
2469,1772853000000,10528.02482275221
2470,1772853300000,10528.02482275221
2471,1772853600000,10528.02482275221
2472,1772853900000,10523.81445489668
2473,1772854200000,10526.891283399473
2474,1772854500000,10517.02421268362
2475,1772854800000,10518.562626935016
2476,1772855100000,10519.517504746229
2477,1772855400000,10503.70897209395
2478,1772855700000,10504.76994743974
2479,1772856000000,10431.791727425341
2480,1772856300000,10431.791727425341
2481,1772856600000,10431.791727425341
2482,1772856900000,10431.791727425341
2483,1772857200000,10431.791727425341
2484,1772857500000,10431.791727425341
2485,1772857800000,10431.791727425341
2486,1772858100000,10427.619010734372
2487,1772858400000,10433.260752660377
2488,1772858700000,10440.115205467675
2489,1772859000000,10439.429760186944
2490,1772859300000,10444.069697471885
2491,1772859600000,10433.998924501164
2492,1772859900000,10427.566284174316
2493,1772860200000,10438.797041466272
2494,1772860500000,10453.613204842044
2495,1772860800000,10447.760556675814
2496,1772861100000,10441.644275709303
2497,1772861400000,10453.507751721932
2498,1772861700000,10429.358987216223
2499,1772862000000,10426.880838893587
2500,1772862300000,10427.566284174316
2501,1772862600000,10421.31242289408
2502,1772862900000,10417.144731463208
2503,1772863200000,10409.45294402043
2504,1772863500000,10405.28916284282
2505,1772863800000,10405.921200707016
2506,1772864100000,10411.451532018731
2507,1772864400000,10407.817314299604
2508,1772864700000,10414.243032585597
2509,1772865000000,10420.721420693606
2510,1772865300000,10421.774817133934
2511,1772865600000,10404.815134444674
2512,1772865900000,10414.506381695679
2513,1772866200000,10431.518734206955
2514,1772866500000,10429.517280970334
2515,1772866800000,10438.260471425046
2516,1772867100000,10443.369444160631
2517,1772867400000,10422.459524820146
2518,1772867700000,10427.305148445648
2519,1772868000000,10409.76609771421
2520,1772868300000,10409.081390027995
2521,1772868600000,10401.099220193824
2522,1772868900000,10396.938780505749
2523,1772869200000,10383.142193870079
2524,1772869500000,10379.877352757821
2525,1772869800000,10370.030170693432
2526,1772870100000,10354.031304876538
2527,1772870400000,10354.031304876538
2528,1772870700000,10354.031304876538
2529,1772871000000,10354.031304876538
2530,1772871300000,10354.031304876538
2531,1772871600000,10354.031304876538
2532,1772871900000,10354.031304876538
2533,1772872200000,10354.031304876538
2534,1772872500000,10354.031304876538
2535,1772872800000,10349.89052051146
2536,1772873100000,10348.898351389918
2537,1772873400000,10344.981894331198
2538,1772873700000,10329.159407813968
2539,1772874000000,10326.28733930424
2540,1772874300000,10338.558904754897
2541,1772874600000,10360.073308864134
2542,1772874900000,10369.68168351486
2543,1772875200000,10363.20647451111
2544,1772875500000,10359.02892031514
2545,1772875800000,10360.33440600138
2546,1772876100000,10362.162085962116
2547,1772876400000,10367.279589852178
2548,1772876700000,10375.112503969618
2549,1772877000000,10370.256097216807
2550,1772877300000,10372.605971452038
2551,1772877600000,10382.997637514509
2552,1772877900000,10380.177788432231
2553,1772878200000,10382.89319865961
2554,1772878500000,10372.135996604991
2555,1772878800000,10364.041985350303
2556,1772879100000,10364.825276762047
2557,1772879400000,10359.13335917004
2558,1772879700000,10369.002830958016
2559,1772880000000,10358.383025406587
2560,1772880300000,10354.240500701366
2561,1772880600000,10347.09673229544
2562,1772880900000,10347.305309475176
2563,1772881200000,10339.014366580708
2564,1772881500000,10342.560178636204
2565,1772881800000,10398.458862805192
2566,1772882100000,10383.128440094668
2567,1772882400000,10369.101624757486
2568,1772882700000,10371.865272388975
2569,1772883000000,10363.939339559043
2570,1772883300000,10365.81653417666
2571,1772883600000,10370.196654951094
2572,1772883900000,10367.120141550004
2573,1772884200000,10378.696175025298
2574,1772884500000,10371.030963670035
2575,1772884800000,10380.521225347979
2576,1772885100000,10364.408638213448
2577,1772885400000,10360.211165895207
2578,1772885700000,10356.067910080012
2579,1772886000000,10358.046773242742
2580,1772886300000,10352.630937218424
2581,1772886600000,10346.433970998289
2582,1772886900000,10342.1637925945
2583,1772887200000,10331.852874009737
2584,1772887500000,10313.821989739565
2585,1772887800000,10313.821989739565
2586,1772888100000,10313.821989739565
2587,1772888400000,10309.696460943669
2588,1772888700000,10321.548739936943
2589,1772889000000,10319.625343784526
2590,1772889300000,10327.994716231531
2591,1772889600000,10321.756674656124
2592,1772889900000,10321.392788897558
2593,1772890200000,10324.563793365056
2594,1772890500000,10337.559713313824
2595,1772890800000,10327.422895753785
2596,1772891100000,10320.561050020837
2597,1772891400000,10319.57336010473
2598,1772891700000,10321.236837858174
2599,1772892000000,10338.079550111774
2600,1772892300000,10363.239651132584
2601,1772892600000,10359.444842507544
2602,1772892900000,10357.209544276357
2603,1772893200000,10356.169870680456
2604,1772893500000,10355.234164444144
2605,1772893800000,10347.852481913245
2606,1772894100000,10290.107775801129
2607,1772894400000,10290.107775801129
2608,1772894700000,10290.107775801129
2609,1772895000000,10290.107775801129
2610,1772895300000,10290.107775801129
2611,1772895600000,10290.107775801129
2612,1772895900000,10290.107775801129
2613,1772896200000,10290.107775801129
2614,1772896500000,10285.992555734822
2615,1772896800000,10289.983050486311
2616,1772897100000,10276.767775659946
2617,1772897400000,10285.318835841712
2618,1772897700000,10246.962755441797
2619,1772898000000,10246.962755441797
2620,1772898300000,10246.962755441797
2621,1772898600000,10242.863970339622
2622,1772898900000,10242.553609929459
2623,1772899200000,10256.209467976669
2624,1772899500000,10251.554061824212
2625,1772899800000,10252.433416319675
2626,1772900100000,10268.36525070809
2627,1772900400000,10267.485896212625
2628,1772900700000,10263.968478230767
2629,1772901000000,10261.175234539292
2630,1772901300000,10260.65796718902
2631,1772901600000,10262.002862299729
2632,1772901900000,10261.382141479402
2633,1772902200000,10263.399484145468
2634,1772902500000,10262.106315769784
2635,1772902800000,10247.51937649208
2636,1772903100000,10246.640021996616
2637,1772903400000,10247.72628343219
2638,1772903700000,10246.898655671752
2639,1772904000000,10234.707971430753
2640,1772904300000,10230.614906855097
2641,1772904600000,10225.697130755285
2642,1772904900000,10221.607669795176
2643,1772905200000,10219.582768104128
2644,1772905500000,10215.495752400027
2645,1772905800000,10208.781490101797
2646,1772906100000,10208.781490101797
2647,1772906400000,10208.781490101797
2648,1772906700000,10208.781490101797
2649,1772907000000,10208.781490101797
2650,1772907300000,10208.781490101797
2651,1772907600000,10208.781490101797
2652,1772907900000,10204.697977505757
2653,1772908200000,10225.016069724057
2654,1772908500000,10220.414771486325
2655,1772908800000,10214.469273763412
2656,1772909100000,10216.74407289218
2657,1772909400000,10219.742671743734
2658,1772909700000,10222.224270793298
2659,1772910000000,10231.478567248962
2660,1772910300000,10228.790168278601
2661,1772910600000,10231.53026722916
2662,1772910900000,10256.914957506986
2663,1772911200000,10264.411454635876
2664,1772911500000,10285.14314669577
2665,1772911800000,10273.355551210345
2666,1772912100000,10264.928454437868
2667,1772912400000,10270.822252180582
2668,1772912700000,10286.073746339356
2669,1772913000000,10316.163134815313
2670,1772913300000,10305.099339052675
2671,1772913600000,10279.766348755049
2672,1772913900000,10270.305252378588
2673,1772914200000,10262.91038438858
2674,1772914500000,10258.805220234824
2675,1772914800000,10250.28333602305
2676,1772915100000,10255.250078355066
2677,1772915400000,10254.309011386897
2678,1772915700000,10234.076071571213
2679,1772916000000,10241.343199825425
2680,1772916300000,10236.37645749341
2681,1772916600000,10240.715821846643
2682,1772916900000,10240.977229337803
2683,1772917200000,10242.754800277682
2684,1772917500000,10231.043744673772
2685,1772917800000,10233.187286101273
2686,1772918100000,10232.507626624261
2687,1772918400000,10229.893551712674
2688,1772918700000,10221.500401331909
2689,1772919000000,10217.411801171376
2690,1772919300000,10227.543106973362
2691,1772919600000,10220.009571889834
2692,1772919900000,10219.593928574881
2693,1772920200000,10211.48888393329
2694,1772920500000,10200.422380672659
2695,1772920800000,10206.812896640065
2696,1772921100000,10205.410100452098
2697,1772921400000,10217.515712000115
2698,1772921700000,10208.891113214833
2699,1772922000000,10214.242520894857
2700,1772922300000,10220.477170619157
2701,1772922600000,10222.919075094507
2702,1772922900000,10234.037533769508
2703,1772923200000,10226.971597415302
2704,1772923500000,10209.597734185038
2705,1772923800000,10205.513895091364
2706,1772924100000,10211.792190363622
2707,1772924400000,10200.117674361489
2708,1772924700000,10204.164839908895
2709,1772925000000,10203.438425579874
2710,1772925300000,10194.306359729317
2711,1772925600000,10180.8398995334
2712,1772925900000,10180.8398995334
2713,1772926200000,10180.8398995334
2714,1772926500000,10176.768377877917
2715,1772926800000,10181.417214558689
2716,1772927100000,10173.720807164966
2717,1772927400000,10174.443959537532
2718,1772927700000,10173.669153424069
2719,1772928000000,10190.663234179336
2720,1772928300000,10192.677730074336
2721,1772928600000,10195.983569491775
2722,1772928900000,10197.688142941392
2723,1772929200000,10180.384139740741
2724,1772929500000,10178.36964384574
2725,1772929800000,10181.313907076894
2726,1772930100000,10166.450474739964
2727,1772930400000,10162.384707703475
2728,1772930700000,10147.578707281567
2729,1772931000000,10155.265446176565
2730,1772931300000,10157.38058909398
2731,1772931600000,10146.134219435527
2732,1772931900000,10167.646770571193
2733,1772932200000,10164.8609725824
2734,1772932500000,10159.702087417973
2735,1772932800000,10163.777606697871
2736,1772933100000,10155.265446176565
2737,1772933400000,10129.493526360331
2738,1772933700000,10129.493526360331
2739,1772934000000,10125.44253914723
2740,1772934300000,10130.02639997426
2741,1772934600000,10125.975199654335
2742,1772934900000,10115.597329923541
2743,1772935200000,10116.162461443533
2744,1772935500000,10099.53441519202
2745,1772935800000,10095.494601425942
2746,1772936100000,10101.650601922829
2747,1772936400000,10098.316101653681
2748,1772936700000,10118.938703318252
2749,1772937000000,10123.863503715762
2750,1772937300000,10116.527603123639
2751,1772937600000,10093.493901264455
2752,1772937900000,10191.836009202216
2753,1772938200000,10213.176810924757
2754,1772938500000,10230.824012349165
2755,1772938800000,10208.40591053967
2756,1772939100000,10209.431910622485
2757,1772939400000,10204.14801019599
2758,1772939700000,10196.606909587304
2759,1772940000000,10192.656809268468
2760,1772940300000,10194.09320938441
2761,1772940600000,10204.763610245678
2762,1772940900000,10196.504309579022
2763,1772941200000,10196.863409608008
2764,1772941500000,10195.807419793116
2765,1772941800000,10195.807419793116
2766,1772942100000,10195.807419793116
2767,1772942400000,10191.729096825198
2768,1772942700000,10186.240031892861
2769,1772943000000,10190.474453412093
2770,1772943300000,10178.607617796471
2771,1772943600000,10182.94659293346
2772,1772943900000,10186.762799981656
2773,1772944200000,10191.206328736404
2774,1772944500000,10206.889371400224
2775,1772944800000,10206.523433738068
2776,1772945100000,10217.083349131706
2777,1772945400000,10275.68565188551
2778,1772945700000,10254.199883436077
2779,1772946000000,10243.483137615802
2780,1772946300000,10226.597728347755
2781,1772946600000,10218.662465327432
2782,1772946900000,10214.575000341301
2783,1772947200000,10199.08820133143
2784,1772947500000,10203.865485093796
2785,1772947800000,10200.610632420536
2786,1772948100000,10190.741079153227
2787,1772948400000,10193.208467470055
2788,1772948700000,10189.16615044036
2789,1772949000000,10194.783396182924
2790,1772949300000,10201.450594400732
2791,1772949600000,10188.693671826499
2792,1772949900000,10200.873120539347
2793,1772950200000,10213.052569252195
2794,1772950500000,10214.31251222249
2795,1772950800000,10217.777355390801
2796,1772951100000,10227.64690865811
2797,1772951400000,10227.069434796726
2798,1772951700000,10207.592816380919
2799,1772952000000,10207.17283539082
2800,1772952300000,10219.877260341293
2801,1772952600000,10212.790081133386
2802,1772952900000,10206.43786865815
2803,1772953200000,10189.848619549268
2804,1772953500000,10158.80430581708
2805,1772953800000,10158.80430581708
2806,1772954100000,10158.80430581708
2807,1772954400000,10158.80430581708
2808,1772954700000,10158.80430581708
2809,1772955000000,10158.80430581708
2810,1772955300000,10158.80430581708
2811,1772955600000,10158.80430581708
2812,1772955900000,10154.74159663659
2813,1772956200000,10158.69119982051
2814,1772956500000,10161.029780653096
2815,1772956800000,10150.532151137939
2816,1772957100000,10148.921128786604
2817,1772957400000,10140.294363937513
2818,1772957700000,10145.335304843307
2819,1772958000000,10140.086490085729
2820,1772958300000,10144.03609326965
2821,1772958600000,10149.440813416066
2822,1772958900000,10159.83450600533
2823,1772959200000,10176.672287999938
2824,1772959500000,10173.762054074943
2825,1772959800000,10181.037638887428
2826,1772960100000,10184.415588978938
2827,1772960400000,10176.724256462883
2828,1772960700000,10174.64551794503
2829,1772961000000,10210.399820452098
2830,1772961300000,10221.001386893147
2831,1772961600000,10221.157292281985
2832,1772961900000,10232.53838566723
2833,1772962200000,10221.469103059664
2834,1772962500000,10220.481702263683
2835,1772962800000,10220.897449967255
2836,1772963100000,10212.705633289615
2837,1772963400000,10208.62136788938
2838,1772963700000,10208.257444556462
2839,1772964000000,10216.939615498948
2840,1772964300000,10214.912042644115
2841,1772964600000,10221.410673589091
2842,1772964900000,10233.940034051002
2843,1772965200000,10275.63525019396
2844,1772965500000,10271.996016864774
2845,1772965800000,10272.515907340372
2846,1772966100000,10264.821528301522
2847,1772966400000,10256.243335454155
2848,1772966700000,10251.928244506693
2849,1772967000000,10258.478864499226
2850,1772967300000,10263.573791160086
2851,1772967600000,10226.001216597479
2852,1772967900000,10226.001216597479
2853,1772968200000,10226.001216597479
2854,1772968500000,10226.001216597479
2855,1772968800000,10226.001216597479
2856,1772969100000,10226.001216597479
2857,1772969400000,10226.001216597479
2858,1772969700000,10226.001216597479
2859,1772970000000,10226.001216597479
2860,1772970300000,10226.001216597479
2861,1772970600000,10226.001216597479
2862,1772970900000,10226.001216597479
2863,1772971200000,10226.001216597479
2864,1772971500000,10226.001216597479
2865,1772971800000,10226.001216597479
2866,1772972100000,10226.001216597479
2867,1772972400000,10226.001216597479
2868,1772972700000,10226.001216597479
2869,1772973000000,10226.001216597479
2870,1772973300000,10226.001216597479
2871,1772973600000,10226.001216597479
2872,1772973900000,10226.001216597479
2873,1772974200000,10226.001216597479
2874,1772974500000,10226.001216597479
2875,1772974800000,10226.001216597479
2876,1772975100000,10226.001216597479
2877,1772975400000,10226.001216597479
2878,1772975700000,10226.001216597479
2879,1772976000000,10226.001216597479
2880,1772976300000,10226.001216597479
2881,1772976600000,10226.001216597479
2882,1772976900000,10226.001216597479
2883,1772977200000,10226.001216597479
2884,1772977500000,10221.91081611084
2885,1772977800000,10241.670900277702
2886,1772978100000,10230.0040420728
2887,1772978400000,10228.900420350714
2888,1772978700000,10222.48890367955
2889,1772979000000,10216.918241653786
2890,1772979300000,10203.3069070814
2891,1772979600000,10204.09520831146
2892,1772979900000,10234.83895628384
2893,1772980200000,10233.577674315744
2894,1772980500000,10229.268294258076
2895,1772980800000,10250.867747961747
2896,1772981100000,10253.600525559292
2897,1772981400000,10227.376371305929
2898,1772981700000,10223.5399719863
2899,1772982000000,10225.431894938445
2900,1772982300000,10213.922696979555
2901,1772982600000,10216.708027992438
2902,1772982900000,10222.751670756237
2903,1772983200000,10238.149821450097
2904,1772983500000,10256.85883731021
2905,1772983800000,10259.11863416972
2906,1772984100000,10247.819649872177
2907,1772984400000,10245.034318859296
2908,1772984700000,10244.417469749718
2909,1772985000000,10240.319702761819
2910,1772985300000,10228.497678356725
2911,1772985600000,10228.867116619384
2912,1772985900000,10223.378319574162
2913,1772986200000,10239.10583418451
2914,1772986500000,10236.255881872568
2915,1772986800000,10227.283809779416
2916,1772987100000,10234.672575032599
2917,1772987400000,10268.502564513246
2918,1772987700000,10256.258324950828
2919,1772988000000,10249.238997960303
2920,1772988300000,10263.119321257356
2921,1772988600000,10256.83887079215
2922,1772988900000,10262.538775416035
2923,1772989200000,10218.786729738255
2924,1772989500000,10225.80605672878
2925,1772989800000,10241.428017549795
2926,1772990100000,10239.791933815162
2927,1772990400000,10248.658452118982
2928,1772990700000,10252.616719218902
2929,1772991000000,10267.658134198597
2930,1772991300000,10263.383205730684
2931,1772991600000,10263.699867098678
2932,1772991900000,10264.333189834664
2933,1772992200000,10262.187906904315
2934,1772992500000,10262.187906904315
2935,1772992800000,10262.187906904315
2936,1772993100000,10262.187906904315
2937,1772993400000,10262.187906904315
2938,1772993700000,10262.187906904315
2939,1772994000000,10258.083031741555
2940,1772994300000,10259.03753055217
2941,1772994600000,10259.355696822375
2942,1772994900000,10270.226377721045
2943,1772995200000,10284.49083216857
2944,1772995500000,10291.914711806689
2945,1772995800000,10279.665310403794
2946,1772996100000,10284.49083216857
2947,1772996400000,10256.333117255426
2948,1772996700000,10231.622203602836
2949,1772997000000,10195.395262504382
2950,1772997300000,10195.395262504382
2951,1772997600000,10195.395262504382
2952,1772997900000,10195.395262504382
2953,1772998200000,10195.395262504382
2954,1772998500000,10195.395262504382
2955,1772998800000,10195.395262504382
2956,1772999100000,10195.395262504382
2957,1772999400000,10195.395262504382
2958,1772999700000,10195.395262504382
2959,1773000000000,10195.395262504382
2960,1773000300000,10195.395262504382
2961,1773000600000,10191.31791986791
2962,1773000900000,10214.205698698051
2963,1773001200000,10192.047826254293
2964,1773001500000,10199.399026288575
2965,1773001800000,10239.752422221443
2966,1773002100000,10247.677120130742
2967,1773002400000,10247.207894596639
2968,1773002700000,10242.61991159652
2969,1773003000000,10220.670583834584
2970,1773003300000,10212.745885925286
2971,1773003600000,10212.902294436653
2972,1773003900000,10164.623752308924
2973,1773004200000,10164.623752308924
2974,1773004500000,10164.623752308924
2975,1773004800000,10160.5587158153
2976,1773005100000,10154.105882352587
2977,1773005400000,10157.43637704302
2978,1773005700000,10161.131144590217
2979,1773006000000,10170.758355804748
2980,1773006300000,10165.138146014642
2981,1773006600000,10167.792133971081
2982,1773006900000,10168.156406827848
2983,1773007200000,9991.233185281173
2984,1773007500000,9991.233185281173
2985,1773007800000,9991.233185281173
2986,1773008100000,9991.233185281173
2987,1773008400000,9991.233185281173
2988,1773008700000,9991.233185281173
2989,1773009000000,9991.233185281173
2990,1773009300000,9991.233185281173
2991,1773009600000,9991.233185281173
2992,1773009900000,9987.236692007062
2993,1773010200000,9973.901523805653
2994,1773010500000,9973.48962671835
2995,1773010800000,9937.912015802625
2996,1773011100000,9959.588100021901
2997,1773011400000,9946.973751723273
2998,1773011700000,9962.780302448495
2999,1773012000000,9923.083720659746
3000,1773012300000,9931.064226726226
3001,1773012600000,9943.112216529815
3002,1773012900000,9981.418645648917
3003,1773013200000,9994.908275258063
3004,1773013500000,9982.345414095347
3005,1773013800000,9994.238942491198
3006,1773014100000,10004.896779625142
3007,1773014400000,9986.052487881067
3008,1773014700000,9954.490873566538
3009,1773015000000,9955.572103420705
3010,1773015300000,9977.042239096332
3011,1773015600000,10020.703330350363
3012,1773015900000,9978.432391765977
3013,1773016200000,9929.159202697454
3014,1773016500000,9897.957998334314
3015,1773016800000,9905.195028908107
3016,1773017100000,9905.195028908107
3017,1773017400000,9901.233743153696
3018,1773017700000,9914.140994408595
3019,1773018000000,9899.506000859732
3020,1773018300000,9891.527896737609
3021,1773018600000,9908.856135627062
3022,1773018900000,9918.460350143503
3023,1773019200000,9928.725172007637
3024,1773019500000,9918.053822544924
3025,1773019800000,9958.960662151989
3026,1773020100000,9951.439901578267
3027,1773020400000,9952.50703652454
3028,1773020700000,9931.723313047161
3029,1773021000000,9914.699969856641
3030,1773021300000,9888.783835447197
3031,1773021600000,9883.549792615486
3032,1773021900000,9901.437006952985
3033,1773022200000,9888.22485999915
3034,1773022500000,9863.325044586154
3035,1773022800000,9886.192222006253
3036,1773023100000,9879.789412328624
3037,1773023400000,9896.457043870385
3038,1773023700000,9942.75037415863
3039,1773024000000,9955.860889212821
3040,1773024300000,9959.621269499681
3041,1773024600000,9961.580907557325
3042,1773024900000,9961.580907557325
3043,1773025200000,9961.580907557325
3044,1773025500000,9961.580907557325
3045,1773025800000,9961.580907557325
3046,1773026100000,9961.580907557325
3047,1773026400000,9961.580907557325
3048,1773026700000,9961.580907557325
3049,1773027000000,9961.580907557325
3050,1773027300000,9961.580907557325
3051,1773027600000,9961.580907557325
3052,1773027900000,9961.580907557325
3053,1773028200000,9961.580907557325
3054,1773028500000,9961.580907557325
3055,1773028800000,9961.580907557325
3056,1773029100000,9961.580907557325
3057,1773029400000,9957.597071961422
3058,1773029700000,9963.84870879922
3059,1773030000000,10000.400617729902
3060,1773030300000,10018.248032573296
3061,1773030600000,10011.593064326607
3062,1773030900000,10014.11388563217
3063,1773031200000,10011.542647900495
3064,1773031500000,10003.828934705469
3065,1773031800000,9988.855256150417
3066,1773032100000,9968.89035141035
3067,1773032400000,9984.569859930958
3068,1773032700000,9986.435267697076
3069,1773033000000,9985.931103435963
3070,1773033300000,9982.502786460396
3071,1773033600000,10004.030600409915
3072,1773033900000,10022.533428792756
3073,1773034200000,10047.38872686562
3074,1773034500000,10039.876679375038
3075,1773034800000,10103.754291258034
3076,1773035100000,10147.16283413985
3077,1773035400000,10134.55872761203
3078,1773035700000,10136.726633934813
3079,1773036000000,10115.75340067252
3080,1773036300000,10107.838021773048
3081,1773036600000,10116.041582436332
3082,1773036900000,10116.041582436332
3083,1773037200000,10116.041582436332
3084,1773037500000,10111.995974924861
3085,1773037800000,10104.66092694285
3086,1773038100000,10084.881590660323
3087,1773038400000,10068.036273570602
3088,1773038700000,10055.642571807894
3089,1773039000000,10045.198796242526
3090,1773039300000,10045.198796242526
3091,1773039600000,10045.198796242526
3092,1773039900000,10045.198796242526
3093,1773040200000,10045.198796242526
3094,1773040500000,10045.198796242526
3095,1773040800000,10045.198796242526
3096,1773041100000,10045.198796242526
3097,1773041400000,10045.198796242526
3098,1773041700000,10045.198796242526
3099,1773042000000,10041.18071672403
3100,1773042300000,10039.153595039354
3101,1773042600000,10039.05223895512
3102,1773042900000,10032.36273739569
3103,1773043200000,10046.603267230537
3104,1773043500000,10020.352041413986
3105,1773043800000,10018.122207560842
3106,1773044100000,10032.109347185105
3107,1773044400000,9991.717651979061
3108,1773044700000,9991.717651979061
3109,1773045000000,9991.717651979061
3110,1773045300000,9991.717651979061
3111,1773045600000,9991.717651979061
3112,1773045900000,9991.717651979061
3113,1773046200000,9991.717651979061
3114,1773046500000,9991.717651979061
3115,1773046800000,9991.717651979061
3116,1773047100000,9987.721764095848
3117,1773047400000,10011.445807034503
3118,1773047700000,10015.809425925969
3119,1773048000000,10036.172980752805
3120,1773048300000,10051.571038220389
3121,1773048600000,10088.18531167751
3122,1773048900000,10109.45168420603
3123,1773049200000,10111.859198077182
3124,1773049500000,10084.423571253832
3125,1773049800000,10066.818626071024
3126,1773050100000,10053.777925935612
3127,1773050400000,10051.520881681407
3128,1773050700000,10055.232465566101
3129,1773051000000,10039.879930676869
3130,1773051300000,10035.864781734388
3131,1773051600000,10042.684089401753
3132,1773051900000,10036.065349606957
3133,1773052200000,10049.152403292126
3134,1773052500000,10028.393628481168
3135,1773052800000,10012.047346866744
3136,1773053100000,10008.286699256065
3137,1773053400000,10005.629174944517
3138,1773053700000,10005.378465103804
3139,1773054000000,10016.961259744701
3140,1773054300000,10018.264950916402
3141,1773054600000,10012.699192452596
3142,1773054900000,9942.834319127454
3143,1773055200000,9942.834319127454
3144,1773055500000,9942.834319127454
3145,1773055800000,9942.834319127454
3146,1773056100000,9942.834319127454
3147,1773056400000,9942.834319127454
3148,1773056700000,9942.834319127454
3149,1773057000000,9938.857980667495
3150,1773057300000,9919.596638021854
3151,1773057600000,9919.596638021854
3152,1773057900000,9915.629592775696
3153,1773058200000,9921.797702743386
3154,1773058500000,9921.797702743386
3155,1773058800000,9921.797702743386
3156,1773059100000,9921.797702743386
3157,1773059400000,9921.797702743386
3158,1773059700000,9921.797702743386
3159,1773060000000,9921.797702743386
3160,1773060300000,9921.797702743386
3161,1773060600000,9921.797702743386
3162,1773060900000,9921.797702743386
3163,1773061200000,9921.797702743386
3164,1773061500000,9921.797702743386
3165,1773061800000,9921.797702743386
3166,1773062100000,9917.829777247387
3167,1773062400000,9907.43621948334
3168,1773062700000,9988.802928836169
3169,1773063000000,10022.40876560659
3170,1773063300000,9948.367039820803
3171,1773063600000,10038.04859538487
3172,1773063900000,9994.24717337924
3173,1773064200000,9975.637755668375
3174,1773064500000,9988.50597004291
3175,1773064800000,10006.17501824179
3176,1773065100000,9955.395064594588
3177,1773065400000,9967.867333911445
3178,1773065700000,10011.371797123815
3179,1773066000000,10008.2537297946
3180,1773066300000,10003.007457780366
3181,1773066600000,10006.02653884516
3182,1773066900000,10027.90250328187
3183,1773067200000,10050.768330362775
3184,1773067500000,10025.774298596853
3185,1773067800000,10039.038458029065
3186,1773068100000,10008.946633645537
3187,1773068400000,10003.551882234675
3188,1773068700000,9977.617480956766
3189,1773069000000,10026.021764257901
3190,1773069300000,10006.922388827408
3191,1773069600000,10006.922388827408
3192,1773069900000,10006.922388827408
3193,1773070200000,10002.92042026559
3194,1773070500000,10005.001554140774
3195,1773070800000,10008.767415438726
3196,1773071100000,10018.281170296708
3197,1773071400000,10026.45705337779
3198,1773071700000,10022.294785627422
3199,1773072000000,10043.948488090646
3200,1773072300000,10041.223193730286
3201,1773072600000,10027.20031547607
3202,1773072900000,10018.03341626395
3203,1773073200000,10023.434454178117
3204,1773073500000,10053.115387302765
3205,1773073800000,10018.677576749125
3206,1773074100000,10042.362862280983
3207,1773074400000,10051.777515525862
3208,1773074700000,10051.777515525862
3209,1773075000000,10048.655814713087
3210,1773075300000,10046.574680837903
3211,1773075600000,10047.317942936183
3212,1773075900000,10053.66044617484
3213,1773076200000,10055.840681663127
3214,1773076500000,10038.299696143718
3215,1773076800000,10031.808540485406
3216,1773077100000,10007.488513174874
3217,1773077400000,10007.488513174874
3218,1773077700000,10007.488513174874
3219,1773078000000,10007.488513174874
3220,1773078300000,10007.488513174874
3221,1773078600000,10007.488513174874
3222,1773078900000,10007.488513174874
3223,1773079200000,10007.488513174874
3224,1773079500000,10007.488513174874
3225,1773079800000,10007.488513174874
3226,1773080100000,10007.488513174874
3227,1773080400000,10003.485517769604
3228,1773080700000,10005.221103849526
3229,1773081000000,9989.303300087959
3230,1773081300000,10009.088981399065
3231,1773081600000,10010.874155652698
3232,1773081900000,10027.585370193658
3233,1773082200000,10015.089150418222
3234,1773082500000,10033.337598344255
3235,1773082800000,10025.849784113736
3236,1773083100000,10026.494430371991
3237,1773083400000,10042.362645959845
3238,1773083700000,9964.261272363377
3239,1773084000000,9924.293554705802
3240,1773084300000,9924.293554705802
3241,1773084600000,9924.293554705802
3242,1773084900000,9924.293554705802
3243,1773085200000,9924.293554705802
3244,1773085500000,9924.293554705802
3245,1773085800000,9924.293554705802
3246,1773086100000,9924.293554705802
3247,1773086400000,9924.293554705802
3248,1773086700000,9924.293554705802
3249,1773087000000,9924.293554705802
3250,1773087300000,9924.293554705802
3251,1773087600000,9920.324631068648
3252,1773087900000,9925.55254052257
3253,1773088200000,9890.81381508576
3254,1773088500000,9887.784559140497
3255,1773088800000,9884.755303195234
3256,1773089100000,9879.380816840734
3257,1773089400000,9893.110186528138
3258,1773089700000,9898.289237015202
3259,1773090000000,9934.151718689769
3260,1773090300000,9933.467693153741
3261,1773090600000,9925.161668787698
3262,1773090900000,9920.324631068648
3263,1773091200000,9912.995786039786
3264,1773091500000,9910.406260796253
3265,1773091800000,9908.940491790481
3266,1773092100000,9902.14909539707
3267,1773092400000,9905.520364110345
3268,1773092700000,9911.872029802027
3269,1773093000000,9901.660505728478
3270,1773093300000,9910.308542862535
3271,1773093600000,9888.908315378256
3272,1773093900000,9871.270228342126
3273,1773094200000,9886.611943935879
3274,1773094500000,9877.866188868104
3275,1773094800000,9862.096296602342
3276,1773095100000,9862.096296602342
3277,1773095400000,9862.096296602342
3278,1773095700000,9862.096296602342
3279,1773096000000,9862.096296602342
3280,1773096300000,9862.096296602342
3281,1773096600000,9862.096296602342
3282,1773096900000,9862.096296602342
3283,1773097200000,9862.096296602342
3284,1773097500000,9862.096296602342
3285,1773097800000,9862.096296602342
3286,1773098100000,9862.096296602342
3287,1773098400000,9862.096296602342
3288,1773098700000,9862.096296602342
3289,1773099000000,9862.096296602342
3290,1773099300000,9862.096296602342
3291,1773099600000,9862.096296602342
3292,1773099900000,9862.096296602342
3293,1773100200000,9862.096296602342
3294,1773100500000,9862.096296602342
3295,1773100800000,9862.096296602342
3296,1773101100000,9862.096296602342
3297,1773101400000,9862.096296602342
3298,1773101700000,9858.151458083701
3299,1773102000000,9849.205711030569
3300,1773102300000,9820.87306269424
3301,1773102600000,9820.87306269424
3302,1773102900000,9820.87306269424
3303,1773103200000,9820.87306269424
3304,1773103500000,9820.87306269424
3305,1773103800000,9820.87306269424
3306,1773104100000,9820.87306269424
3307,1773104400000,9820.87306269424
3308,1773104700000,9820.87306269424
3309,1773105000000,9820.87306269424
3310,1773105300000,9816.944713469164
3311,1773105600000,9806.353461011086
3312,1773105900000,9814.553140333468
3313,1773106200000,9813.857121801415
3314,1773106500000,9813.857121801415
3315,1773106800000,9809.931578952695
3316,1773107100000,9791.284820862447
3317,1773107400000,9759.574882038185
3318,1773107700000,9759.574882038185
3319,1773108000000,9759.574882038185
3320,1773108300000,9759.574882038185
3321,1773108600000,9759.574882038185
3322,1773108900000,9759.574882038185
3323,1773109200000,9755.67183269524
3324,1773109500000,9776.571452990223
3325,1773109800000,9860.798857929041
3326,1773110100000,9874.05463561614
3327,1773110400000,9905.258929806569
3328,1773110700000,9930.464258912325
3329,1773111000000,9889.003669577134
3330,1773111300000,9880.876039462419
3331,1773111600000,9866.023763002788
3332,1773111900000,9882.037129478807
3333,1773112200000,9882.811189489732
3334,1773112500000,9889.58421458533
3335,1773112800000,9892.632075878348
3336,1773113100000,9883.14984074451
3337,1773113400000,9878.408723177594
3338,1773113700000,9869.894063057414
3339,1773114000000,9837.607891172973
3340,1773114300000,9833.673634867766
3341,1773114600000,9837.019559888135
3342,1773114900000,9828.291059834995
3343,1773115200000,9842.596101588751
3344,1773115500000,9845.990518276085
3345,1773115800000,9866.163051732228
3346,1773116100000,9863.932435051982
3347,1773116400000,9874.45512678271
3348,1773116700000,9873.339818442588
3349,1773117000000,9877.80105180308
3350,1773117300000,9896.664310251255
3351,1773117600000,9897.682635257454
3352,1773117900000,9903.598618626804
3353,1773118200000,9901.028560277824
3354,1773118500000,9919.94031039296
3355,1773118800000,9935.021218818107
3356,1773119100000,9928.765793780023
3357,1773119400000,9931.432835462927
3358,1773119700000,9940.54926885176
3359,1773120000000,9924.207577085606
3360,1773120300000,9910.920860338048
3361,1773120600000,9929.396185450529
3362,1773120900000,9904.810910300852
3363,1773121200000,9898.410010261883
3364,1773121500000,9895.565904455578
3365,1773121800000,9891.608469580771
3366,1773122100000,9892.1892271712
3367,1773122400000,9885.074946688448
3368,1773122700000,9882.655123394996
3369,1773123000000,9880.81605769197
3370,1773123300000,9864.942016886916
3371,1773123600000,9868.281373031883
3372,1773123900000,9910.192712474494
3373,1773124200000,9906.950149261265
3374,1773124500000,9909.127990225374
3375,1773124800000,9896.8836843605
3376,1773125100000,9896.206133838334
3377,1773125400000,9884.252206768673
3378,1773125700000,9891.076108456213
3379,1773126000000,9880.525678896756
3380,1773126300000,9903.514000184563
3381,1773126600000,9908.25685383973
3382,1773126900000,9928.53497303887
3383,1773127200000,9940.779278903745
3384,1773127500000,9934.245756011418
3385,1773127800000,9928.970541231693
3386,1773128100000,9920.452763238734
3387,1773128400000,9920.888331431557
3388,1773128700000,9936.520389907266
3389,1773129000000,9921.564575419503
3390,1773129300000,9921.564575419503
3391,1773129600000,9921.564575419503
3392,1773129900000,9921.564575419503
3393,1773130200000,9921.564575419503
3394,1773130500000,9921.564575419503
3395,1773130800000,9921.564575419503
3396,1773131100000,9921.564575419503
3397,1773131400000,9921.564575419503
3398,1773131700000,9921.564575419503
3399,1773132000000,9921.564575419503
3400,1773132300000,9921.564575419503
3401,1773132600000,9917.59674315579
3402,1773132900000,9911.911511959053
3403,1773133200000,9924.101033084262
3404,1773133500000,9918.897601141483
3405,1773133800000,9927.329088085797
3406,1773134100000,9925.11281151758
3407,1773134400000,9977.098951019949
3408,1773134700000,9970.594661091476
3409,1773135000000,9962.114994221767
3410,1773135300000,9966.836626910583
3411,1773135600000,9965.632128775682
3412,1773135900000,9953.105348172701
3413,1773136200000,9968.08930497088
3414,1773136500000,9964.475810566173
3415,1773136800000,9956.718842577407
3416,1773137100000,9943.854802496653
3417,1773137400000,9938.940450106255
3418,1773137700000,9924.610730582908
3419,1773138000000,9920.641680100769
3420,1773138300000,9923.963597552845
3421,1773138600000,9928.970545596552
3422,1773138900000,9902.010056130435
3423,1773139200000,9906.679998055815
3424,1773139500000,9909.9537717767
3425,1773139800000,9930.1259951451
3426,1773140100000,9931.377732156026
3427,1773140400000,9939.70659765181
3428,1773140700000,9932.148031855058
3429,1773141000000,9908.26874118507
3430,1773141300000,9911.590658637144
3431,1773141600000,9942.498934060799
3432,1773141900000,9939.947316307755
3433,1773142200000,9939.899172576566
3434,1773142500000,9940.958334662735
3435,1773142800000,9924.974615907824
3436,1773143100000,9935.6143805007
3437,1773143400000,9935.036655726428
3438,1773143700000,9925.744915606856
3439,1773144000000,9904.994967464183
3440,1773144300000,9892.140591236588
3441,1773144600000,9906.968860442952
3442,1773144900000,9902.780355829467
3443,1773145200000,9900.167125115786
3444,1773145500000,9900.167125115786
3445,1773145800000,9900.167125115786
3446,1773146100000,9900.167125115786
3447,1773146400000,9900.167125115786
3448,1773146700000,9900.167125115786
3449,1773147000000,9900.167125115786
3450,1773147300000,9900.167125115786
3451,1773147600000,9900.167125115786
3452,1773147900000,9896.207058265742
3453,1773148200000,9905.833310386754
3454,1773148500000,9912.138505526016
3455,1773148800000,9886.292018581098
3456,1773149100000,9908.432398459427
3457,1773149400000,9982.650802312432
3458,1773149700000,10038.723720917329
3459,1773150000000,10020.96328575406
3460,1773150300000,9979.474139112497
3461,1773150600000,9974.46848800957
3462,1773150900000,10008.256632954324
3463,1773151200000,10006.860826396776
3464,1773151500000,10078.19135461348
3465,1773151800000,10099.706028103941
3466,1773152100000,10081.849330419464
3467,1773152400000,10065.195914250113
3468,1773152700000,10052.7299177534
3469,1773153000000,10018.364197681387
3470,1773153300000,9989.131293967139
3471,1773153600000,9989.131293967139
3472,1773153900000,9989.131293967139
3473,1773154200000,9989.131293967139
3474,1773154500000,9989.131293967139
3475,1773154800000,9989.131293967139
3476,1773155100000,9989.131293967139
3477,1773155400000,9989.131293967139
3478,1773155700000,9989.131293967139
3479,1773156000000,9989.131293967139
3480,1773156300000,9989.131293967139
3481,1773156600000,9989.131293967139
3482,1773156900000,9989.131293967139
3483,1773157200000,9989.131293967139
3484,1773157500000,9989.131293967139
3485,1773157800000,9989.131293967139
3486,1773158100000,9989.131293967139
3487,1773158400000,9989.131293967139
3488,1773158700000,9989.131293967139
3489,1773159000000,9989.131293967139
3490,1773159300000,9989.131293967139
3491,1773159600000,9989.131293967139
3492,1773159900000,9989.131293967139
3493,1773160200000,9989.131293967139
3494,1773160500000,9989.131293967139
3495,1773160800000,9989.131293967139
3496,1773161100000,9989.131293967139
3497,1773161400000,9989.131293967139
3498,1773161700000,9989.131293967139
3499,1773162000000,9989.131293967139
3500,1773162300000,9989.131293967139
3501,1773162600000,9985.136440420261
3502,1773162900000,9993.59886867635
3503,1773163200000,9997.445426974575
3504,1773163500000,9964.74968143968
3505,1773163800000,9974.75073301506
3506,1773164100000,9921.427818605947
3507,1773164400000,9931.188460287687
3508,1773164700000,9966.72104256752
3509,1773165000000,9980.80906233476
3510,1773165300000,9960.999287098914
3511,1773165600000,9960.710795226547
3512,1773165900000,9929.457509053487
3513,1773166200000,9850.700487558674
3514,1773166500000,9850.700487558674
3515,1773166800000,9850.700487558674
3516,1773167100000,9850.700487558674
3517,1773167400000,9850.700487558674
3518,1773167700000,9850.700487558674
3519,1773168000000,9850.700487558674
3520,1773168300000,9850.700487558674
3521,1773168600000,9850.700487558674
3522,1773168900000,9850.700487558674
3523,1773169200000,9850.700487558674
3524,1773169500000,9850.700487558674
3525,1773169800000,9850.700487558674
3526,1773170100000,9850.700487558674
3527,1773170400000,9850.700487558674
3528,1773170700000,9850.700487558674
3529,1773171000000,9850.700487558674
3530,1773171300000,9850.700487558674
3531,1773171600000,9850.700487558674
3532,1773171900000,9850.700487558674
3533,1773172200000,9850.700487558674
3534,1773172500000,9850.700487558674
3535,1773172800000,9846.76020736365
3536,1773173100000,9852.071312855887
3537,1773173400000,9844.97374460717
3538,1773173700000,9842.511322969862
3539,1773174000000,9832.661636420624
3540,1773174300000,9822.522253208173
3541,1773174600000,9825.12952317709
3542,1773174900000,9821.798011550141
3543,1773175200000,9830.440628669327
3544,1773175500000,9835.655168607156
3545,1773175800000,9837.441631363636
3546,1773176100000,9835.413754721147
3547,1773176400000,9832.56507086622
3548,1773176700000,9828.702448690048
3549,1773177000000,9854.919996710812
3550,1773177300000,9850.1400017678
3551,1773177600000,9847.581014576086
3552,1773177900000,9849.222629000958
3553,1773178200000,9853.326665063141
3554,1773178500000,9873.219169270425
3555,1773178800000,9893.980763467347
3556,1773179100000,9913.969833229035
3557,1773179400000,9902.671663363733
3558,1773179700000,9899.91954506321
3559,1773180000000,9909.659383122264
3560,1773180300000,9909.659383122264
3561,1773180600000,9909.659383122264
3562,1773180900000,9909.659383122264
3563,1773181200000,9909.659383122264
3564,1773181500000,9909.659383122264
3565,1773181800000,9909.659383122264
3566,1773182100000,9909.659383122264
3567,1773182400000,9909.659383122264
3568,1773182700000,9905.695519369016
3569,1773183000000,9921.898459113889
3570,1773183300000,9919.653473486587
3571,1773183600000,9899.106974593238
3572,1773183900000,9885.783472935556
3573,1773184200000,9889.297363482638
3574,1773184500000,9892.51842981746
3575,1773184800000,9893.68972666649
3576,1773185100000,9891.63995718069
3577,1773185400000,9891.200720862305
3578,1773185700000,9884.4657639804
3579,1773186000000,9889.834207871774
3580,1773186300000,9887.589222244473
3581,1773186600000,9878.17846977912
3582,1773186900000,9878.17846977912
3583,1773187200000,9878.17846977912
3584,1773187500000,9878.17846977912
3585,1773187800000,9878.17846977912
3586,1773188100000,9878.17846977912
3587,1773188400000,9878.17846977912
3588,1773188700000,9878.17846977912
3589,1773189000000,9878.17846977912
3590,1773189300000,9878.17846977912
3591,1773189600000,9878.17846977912
3592,1773189900000,9874.227198391209
3593,1773190200000,9842.882866102416
3594,1773190500000,9850.123649840447
3595,1773190800000,9852.407655449088
3596,1773191100000,9847.79766950567
3597,1773191400000,9847.79766950567
3598,1773191700000,9843.859338104148
3599,1773192000000,9823.76154719418
3600,1773192300000,9837.433842452643
3601,1773192600000,9836.805786486708
3602,1773192900000,9807.083169454265
3603,1773193200000,9807.083169454265
3604,1773193500000,9803.160336186484
3605,1773193800000,9790.909982716
3606,1773194100000,9790.18653664491
3607,1773194400000,9791.102901668291
3608,1773194700000,9782.477902893159
3609,1773195000000,9778.564911732003
3610,1773195300000,9774.04364691829
3611,1773195600000,9780.007868587441
3612,1773195900000,9781.066036948097
3613,1773196200000,9806.029190547208
3614,1773196500000,9842.199309056903
3615,1773196800000,9832.723892372847
3616,1773197100000,9834.166849228286
3617,1773197400000,9818.150028132904
3618,1773197700000,9812.859186329624
3619,1773198000000,9822.526997261071
3620,1773198300000,9822.719391508463
3621,1773198600000,9827.048262074783
3622,1773198900000,9842.00691480951
3623,1773199200000,9849.654586143342
3624,1773199500000,9845.758602633654
3625,1773199800000,9840.419662268527
3626,1773200100000,9839.265296784175
3627,1773200400000,9842.632196113535
3628,1773200700000,9842.96888604647
3629,1773201000000,9844.123251530822
3630,1773201300000,9839.505789593415
3631,1773201600000,9843.786561597886
3632,1773201900000,9845.854799757351
3633,1773202200000,9825.158888277756
3634,1773202500000,9821.228824722444
3635,1773202800000,9811.334502582344
3636,1773203100000,9777.965416149065
3637,1773203400000,9769.33530977958
3638,1773203700000,9769.33530977958
3639,1773204000000,9769.33530977958
3640,1773204300000,9769.33530977958
3641,1773204600000,9769.33530977958
3642,1773204900000,9769.33530977958
3643,1773205200000,9769.33530977958
3644,1773205500000,9769.33530977958
3645,1773205800000,9769.33530977958
3646,1773206100000,9769.33530977958
3647,1773206400000,9765.428357046218
3648,1773206700000,9762.066350480407
3649,1773207000000,9749.77101218259
3650,1773207300000,9710.248477653324
3651,1773207600000,9710.248477653324
3652,1773207900000,9710.248477653324
3653,1773208200000,9710.248477653324
3654,1773208500000,9710.248477653324
3655,1773208800000,9710.248477653324
3656,1773209100000,9710.248477653324
3657,1773209400000,9710.248477653324
3658,1773209700000,9710.248477653324
3659,1773210000000,9710.248477653324
3660,1773210300000,9710.248477653324
3661,1773210600000,9706.364378262264
3662,1773210900000,9711.547349422193
3663,1773211200000,9716.442377739902
3664,1773211500000,9724.696739216828
3665,1773211800000,9705.788492577827
3666,1773212100000,9701.90126420788
3667,1773212400000,9705.54854020931
3668,1773212700000,9704.684711682656
3669,1773213000000,9706.268397314856
3670,1773213300000,9714.570749265484
3671,1773213600000,9714.618739739186
3672,1773213900000,9725.128653480155
3673,1773214200000,9746.244461909495
3674,1773214500000,9773.695012867638
3675,1773214800000,9765.104718074792
3676,1773215100000,9754.018918649388
3677,1773215400000,9756.22648043973
3678,1773215700000,9758.338061282662
3679,1773216000000,9749.411833173896
3680,1773216300000,9757.66619465082
3681,1773216600000,9756.802366124166
3682,1773216900000,9761.265480178548
3683,1773217200000,9762.897156284453
3684,1773217500000,9766.496441812182
3685,1773217800000,9718.824841700438
3686,1773218100000,9718.824841700438
3687,1773218400000,9718.824841700438
3688,1773218700000,9714.937311763759
3689,1773219000000,9701.843706421636
3690,1773219300000,9691.734672885437
3691,1773219600000,9707.52402050388
3692,1773219900000,9701.506738637096
3693,1773220200000,9714.889173508824
3694,1773220500000,9715.996353372313
3695,1773220800000,9706.561255405195
3696,1773221100000,9718.355127864092
3697,1773221400000,9714.118961429876
3698,1773221700000,9719.606722492383
3699,1773222000000,9705.983596345983
3700,1773222300000,9692.601161474255
3701,1773222600000,9703.721098364073
3702,1773222900000,9720.088105041727
3703,1773223200000,9709.11258291671
3704,1773223500000,9700.495835283476
3705,1773223800000,9697.823541711467
3706,1773224100000,9697.823541711467
3707,1773224400000,9693.945187965532
3708,1773224700000,9693.321684430746
3709,1773225000000,9697.926018226079
3710,1773225300000,9701.619077624417
3711,1773225600000,9732.746292553267
3712,1773225900000,9724.496861169966
3713,1773226200000,9727.32660798168
3714,1773226500000,9729.916545741555
3715,1773226800000,9730.923743759284
3716,1773227100000,9749.437002561343
3717,1773227400000,9748.909422647295
3718,1773227700000,9736.151581089398
3719,1773228000000,9721.187496254572
3720,1773228300000,9705.983602367907
3721,1773228600000,9712.362523146856
3722,1773228900000,9702.818122883617
3723,1773229200000,9689.876227137904
3724,1773229500000,9689.876227137904
3725,1773229800000,9689.876227137904
3726,1773230100000,9689.876227137904
3727,1773230400000,9689.876227137904
3728,1773230700000,9689.876227137904
3729,1773231000000,9686.000276647048
3730,1773231300000,9687.199518754367
3731,1773231600000,9662.303252606423
3732,1773231900000,9655.971254279779
3733,1773232200000,9683.79367116958
3734,1773232500000,9661.07524311973
3735,1773232800000,9657.210813022482
3736,1773233100000,9650.164613061823
3737,1773233400000,9646.305319075396
3738,1773233700000,9639.729819640816
3739,1773234000000,9638.300363241995
3740,1773234300000,9653.16670978974
3741,1773234600000,9693.953865702788
3742,1773234900000,9723.448316065143
3743,1773235200000,9742.984220182372
3744,1773235500000,9749.226179790561
3745,1773235800000,9839.710769835976
3746,1773236100000,9910.897698497298
3747,1773236400000,9830.466951790262
3748,1773236700000,9803.926711318807
3749,1773237000000,9741.04022526737
3750,1773237300000,9741.04022526737
3751,1773237600000,9741.04022526737
3752,1773237900000,9741.04022526737
3753,1773238200000,9741.04022526737
3754,1773238500000,9741.04022526737
3755,1773238800000,9741.04022526737
3756,1773239100000,9741.04022526737
3757,1773239400000,9741.04022526737
3758,1773239700000,9741.04022526737
3759,1773240000000,9741.04022526737
3760,1773240300000,9741.04022526737
3761,1773240600000,9741.04022526737
3762,1773240900000,9741.04022526737
3763,1773241200000,9737.144588304658
3764,1773241500000,9709.32687856837
3765,1773241800000,9678.859863142909
3766,1773242100000,9701.331652470695
3767,1773242400000,9730.805178262715
3768,1773242700000,9694.566461157276
3769,1773243000000,9660.551268469535
3770,1773243300000,9669.208820989501
3771,1773243600000,9650.04866377318
3772,1773243900000,9653.644150065626
3773,1773244200000,9692.768718011055
3774,1773244500000,9697.073839755956
3775,1773244800000,9688.179742085169
3776,1773245100000,9706.109864517233
3777,1773245400000,9718.552139450301
3778,1773245700000,9711.786948136885
3779,1773246000000,9726.358129427323
3780,1773246300000,9726.689292638466
3781,1773246600000,9767.611603730118
3782,1773246900000,9757.014380973438
3783,1773247200000,9785.399799071693
3784,1773247500000,9779.107698059912
3785,1773247800000,9783.74398301596
3786,1773248100000,9778.82384387893
3787,1773248400000,9814.494526262006
3788,1773248700000,9814.494526262006
3789,1773249000000,9814.494526262006
3790,1773249300000,9814.494526262006
3791,1773249600000,9814.494526262006
3792,1773249900000,9814.494526262006
3793,1773250200000,9814.494526262006
3794,1773250500000,9810.569513454062
3795,1773250800000,9837.372790041421
3796,1773251100000,9825.824569809634
3797,1773251400000,9821.167262884881
3798,1773251700000,9828.580935132448
3799,1773252000000,9838.750972702828
3800,1773252300000,9820.026697923715
3801,1773252600000,9828.675982212544
3802,1773252900000,9827.250276011087
3803,1773253200000,9842.26771466642
3804,1773253500000,9851.297187275633
3805,1773253800000,9857.80791226228
3806,1773254100000,9826.157234589973
3807,1773254400000,9834.236236398221
3808,1773254700000,9857.760388722232
3809,1773255000000,9874.868863139694
3810,1773255300000,9868.310614613001
3811,1773255600000,9860.279136344803
3812,1773255900000,9844.026085648213
3813,1773256200000,9844.881509369085
3814,1773256500000,9849.919004614227
3815,1773256800000,9862.797883967372
3816,1773257100000,9846.734927430976
3817,1773257400000,9865.12653742975
3818,1773257700000,9853.437642616891
3819,1773258000000,9853.437642616891
3820,1773258300000,9849.497055677233
3821,1773258600000,9864.219416810629
3822,1773258900000,9859.517759545446
3823,1773259200000,9838.763979496116
3824,1773259500000,9831.545273392001
3825,1773259800000,9825.086431088319
3826,1773260100000,9837.624183795466
3827,1773260400000,9832.162662729854
3828,1773260700000,9829.313173478227
3829,1773261000000,9829.883071328555
3830,1773261300000,9832.162662729854
3831,1773261600000,9833.53991586814
3832,1773261900000,9831.450290416948
3833,1773262200000,9820.907180185935
3834,1773262500000,9823.13928009971
3835,1773262800000,9831.830222317163
3836,1773263100000,9833.159983967922
3837,1773263400000,9811.171425242888
3838,1773263700000,9803.354604707445
3839,1773264000000,9803.354604707445
3840,1773264300000,9803.354604707445
3841,1773264600000,9799.433262865561
3842,1773264900000,9795.54637214775
3843,1773265200000,9803.794164646524
3844,1773265500000,9787.15637633003
3845,1773265800000,9772.481823630113
3846,1773266100000,9772.481823630113
3847,1773266400000,9772.481823630113
3848,1773266700000,9768.573612542878
3849,1773267000000,9813.872984426816
3850,1773267300000,9802.50095461012
3851,1773267600000,9768.903920462866
3852,1773267900000,9757.072530210082
3853,1773268200000,9757.072530210082
3854,1773268500000,9757.072530210082
3855,1773268800000,9757.072530210082
3856,1773269100000,9757.072530210082
3857,1773269400000,9757.072530210082
3858,1773269700000,9757.072530210082
3859,1773270000000,9757.072530210082
3860,1773270300000,9757.072530210082
3861,1773270600000,9757.072530210082
3862,1773270900000,9757.072530210082
3863,1773271200000,9757.072530210082
3864,1773271500000,9757.072530210082
3865,1773271800000,9757.072530210082
3866,1773272100000,9757.072530210082
3867,1773272400000,9757.072530210082
3868,1773272700000,9757.072530210082
3869,1773273000000,9757.072530210082
3870,1773273300000,9757.072530210082
3871,1773273600000,9757.072530210082
3872,1773273900000,9757.072530210082
3873,1773274200000,9757.072530210082
3874,1773274500000,9757.072530210082
3875,1773274800000,9753.169701197998
3876,1773275100000,9768.533377544627
3877,1773275400000,9780.8148348711
3878,1773275700000,9759.950583042342
3879,1773276000000,9759.760908025717
3880,1773276300000,9757.816739105312
3881,1773276600000,9760.472189338063
3882,1773276900000,9761.98958947106
3883,1773277200000,9807.084824673671
3884,1773277500000,9802.390368012202
3885,1773277800000,9800.161686566857
3886,1773278100000,9793.191129705887
3887,1773278400000,9790.535679473134
3888,1773278700000,9793.191129705887
3889,1773279000000,9809.360924873174
3890,1773279300000,9802.105855487265
3891,1773279600000,9781.668372445913
3892,1773279900000,9799.3555677462
3893,1773280200000,9805.282912015733
3894,1773280500000,9807.227080936142
3895,1773280800000,9807.179662181985
3896,1773281100000,9811.731862580986
3897,1773281400000,9816.568575504925
3898,1773281700000,9831.695158080774
3899,1773282000000,9838.740496367436
3900,1773282300000,9838.740496367436
3901,1773282600000,9838.740496367436
3902,1773282900000,9838.740496367436
3903,1773283200000,9838.740496367436
3904,1773283500000,9838.740496367436
3905,1773283800000,9838.740496367436
3906,1773284100000,9838.740496367436
3907,1773284400000,9838.740496367436
3908,1773284700000,9838.740496367436
3909,1773285000000,9838.740496367436
3910,1773285300000,9838.740496367436
3911,1773285600000,9838.740496367436
3912,1773285900000,9838.740496367436
3913,1773286200000,9834.805000168888
3914,1773286500000,9845.786223243951
3915,1773286800000,9847.963117686144
3916,1773287100000,9894.30678158883
3917,1773287400000,9889.32411208781
3918,1773287700000,9885.357326659814
3919,1773288000000,9871.570328525924
3920,1773288300000,9860.782607179057
3921,1773288600000,9860.395603722667
3922,1773288900000,9858.508961872767
3923,1773289200000,9869.393434083731
3924,1773289500000,9869.296683219634
3925,1773289800000,9873.118342351485
3926,1773290100000,9868.135672850465
3927,1773290400000,9877.52050666792
3928,1773290700000,9887.679347398152
3929,1773291000000,9885.260575795715
3930,1773291300000,9886.760214189228
3931,1773291600000,9877.617257532016
3932,1773291900000,9873.602096671972
3933,1773292200000,9886.953715917422
3934,1773292500000,9882.309674440743
3935,1773292800000,9897.983314424533
3936,1773293100000,9897.015805783558
3937,1773293400000,9879.102272173677
3938,1773293700000,9875.150631264809
3939,1773294000000,9865.63751562608
3940,1773294300000,9874.028571471523
3941,1773294600000,9871.296599800913
3942,1773294900000,9866.222938126924
3943,1773295200000,9859.588149784016
3944,1773295500000,9860.563853952091
3945,1773295800000,9855.441407069698
3946,1773296100000,9859.78329061763
3947,1773296400000,9862.466477079837
3948,1773296700000,9847.196706849467
3949,1773297000000,9847.830914558715
3950,1773297300000,9862.90554395547
3951,1773297600000,9852.416724148667
3952,1773297900000,9849.440826436039
3953,1773298200000,9847.001566015851
3954,1773298500000,9849.001759560404
3955,1773298800000,9850.709241854536
3956,1773299100000,9866.174152918522
3957,1773299400000,9858.417304782326
3958,1773299700000,9855.880473945332
3959,1773300000000,9844.721261298633
3960,1773300300000,9844.721261298633
3961,1773300600000,9844.721261298633
3962,1773300900000,9844.721261298633
3963,1773301200000,9844.721261298633
3964,1773301500000,9844.721261298633
3965,1773301800000,9844.721261298633
3966,1773302100000,9844.721261298633
3967,1773302400000,9844.721261298633
3968,1773302700000,9844.721261298633
3969,1773303000000,9844.721261298633
3970,1773303300000,9844.721261298633
3971,1773303600000,9844.721261298633
3972,1773303900000,9844.721261298633
3973,1773304200000,9844.721261298633
3974,1773304500000,9844.721261298633
3975,1773304800000,9844.721261298633
3976,1773305100000,9844.721261298633
3977,1773305400000,9844.721261298633
3978,1773305700000,9844.721261298633
3979,1773306000000,9844.721261298633
3980,1773306300000,9840.78416021433
3981,1773306600000,9832.650843232752
3982,1773306900000,9825.528175106872
3983,1773307200000,9824.710030795117
3984,1773307500000,9823.555003531459
3985,1773307800000,9822.977489899631
3986,1773308100000,9836.019672751749
3987,1773308400000,9920.384789134632
3988,1773308700000,9884.72332236925
3989,1773309000000,9892.375377990973
3990,1773309300000,9893.049143894772
3991,1773309600000,9893.674783662585
3992,1773309900000,9884.434565553336
3993,1773310200000,9891.509107543228
3994,1773310500000,9904.310659715416
3995,1773310800000,9919.42226641492
3996,1773311100000,9926.496808404812
3997,1773311400000,9947.142920742666
3998,1773311700000,9965.238347873279
3999,1773312000000,9966.778384224821
4000,1773312300000,9967.548402400593
4001,1773312600000,9963.602059249766
4002,1773312900000,9961.436383130413
4003,1773313200000,9964.949591057366
4004,1773313500000,9960.867796044015
4005,1773313800000,9960.867796044015
4006,1773314100000,9960.867796044015
4007,1773314400000,9960.867796044015
4008,1773314700000,9960.867796044015
4009,1773315000000,9960.867796044015
4010,1773315300000,9960.867796044015
4011,1773315600000,9960.867796044015
4012,1773315900000,9960.867796044015
4013,1773316200000,9956.884245635678
4014,1773316500000,9966.740681207035
4015,1773316800000,9953.357187808673
4016,1773317100000,9949.250339653941
4017,1773317400000,9951.472869243562
4018,1773317700000,9967.755314280557
4019,1773318000000,9970.944161083054
4020,1773318300000,9975.82406300809
4021,1773318600000,9958.671932479503
4022,1773318900000,9963.551834404538
4023,1773319200000,9986.646815792325
4024,1773319500000,10004.040525624132
4025,1773319800000,9971.089108664988
4026,1773320100000,9979.012909810588
4027,1773320400000,9985.24565583365
4028,1773320700000,9980.800596654411
4029,1773321000000,9978.239856040285
4030,1773321300000,9955.917928422801
4031,1773321600000,9930.503785724106
4032,1773321900000,9937.606217238761
4033,1773322200000,10006.214739353107
4034,1773322500000,10015.829595621244
4035,1773322800000,9993.700931446336
4036,1773323100000,9984.955760669789
4037,1773323400000,9964.782838125937
4038,1773323700000,9960.79772201391
4039,1773324000000,10021.034661780997
4040,1773324300000,10017.465779841232
4041,1773324600000,10032.464729615103
4042,1773324900000,10012.064228797266
4043,1773325200000,10000.296564022912
4044,1773325500000,9924.031786759377
4045,1773325800000,9924.031786759377
4046,1773326100000,9924.031786759377
4047,1773326400000,9924.031786759377
4048,1773326700000,9924.031786759377
4049,1773327000000,9924.031786759377
4050,1773327300000,9924.031786759377
4051,1773327600000,9924.031786759377
4052,1773327900000,9924.031786759377
4053,1773328200000,9924.031786759377
4054,1773328500000,9924.031786759377
4055,1773328800000,9920.062174044673
4056,1773329100000,9856.329283971536
4057,1773329400000,9854.39798427235
4058,1773329700000,9790.946613628352
4059,1773330000000,9790.946613628352
4060,1773330300000,9790.946613628352
4061,1773330600000,9790.946613628352
4062,1773330900000,9790.946613628352
4063,1773331200000,9790.946613628352
4064,1773331500000,9790.946613628352
4065,1773331800000,9787.031018102007
4066,1773332100000,9809.073240179334
4067,1773332400000,9810.258305882417
4068,1773332700000,9781.958936892815
4069,1773333000000,9808.362200757483
4070,1773333300000,9834.71806199403
4071,1773333600000,9817.179089588415
4072,1773333900000,9824.668704831895
4073,1773334200000,9812.391424147965
4074,1773334500000,9810.590124279279
4075,1773334800000,9817.179089588415
4076,1773335100000,9808.74142178247
4077,1773335400000,9811.206358444882
4078,1773335700000,9772.762827036899
4079,1773336000000,9797.649206801623
4080,1773336300000,9772.19399549942
4081,1773336600000,9775.22776369931
4082,1773336900000,9792.624528220555
4083,1773337200000,9792.24530719557
4084,1773337500000,9778.688155552309
4085,1773337800000,9777.313479336734
4086,1773338100000,9753.454420401951
4087,1773338400000,9753.454420401951
4088,1773338700000,9753.454420401951
4089,1773339000000,9753.454420401951
4090,1773339300000,9753.454420401951
4091,1773339600000,9753.454420401951
4092,1773339900000,9753.454420401951
4093,1773340200000,9753.454420401951
4094,1773340500000,9753.454420401951
4095,1773340800000,9753.454420401951
4096,1773341100000,9753.454420401951
4097,1773341400000,9753.454420401951
4098,1773341700000,9753.454420401951
4099,1773342000000,9753.454420401951
4100,1773342300000,9753.454420401951
4101,1773342600000,9753.454420401951
4102,1773342900000,9749.553038633792
4103,1773343200000,9744.002893857387
4104,1773343500000,9722.276686100178
4105,1773343800000,9699.079927162898
4106,1773344100000,9692.078307048321
4107,1773344400000,9692.078307048321
4108,1773344700000,9692.078307048321
4109,1773345000000,9692.078307048321
4110,1773345300000,9692.078307048321
4111,1773345600000,9692.078307048321
4112,1773345900000,9692.078307048321
4113,1773346200000,9692.078307048321
4114,1773346500000,9688.202250936723
4115,1773346800000,9702.504568359682
4116,1773347100000,9691.531642861411
4117,1773347400000,9676.338361402268
4118,1773347700000,9674.18129057782
4119,1773348000000,9667.99143516854
4120,1773348300000,9681.871716995412
4121,1773348600000,9669.116863424773
4122,1773348900000,9671.977326909366
4123,1773349200000,9684.544609103967
4124,1773349500000,9683.372288003724
4125,1773349800000,9688.718072220829
4126,1773350100000,9677.182432594442
4127,1773350400000,9670.523648745066
4128,1773350700000,9664.193114803755
4129,1773351000000,9649.031168737334
4130,1773351300000,9649.031168737334
4131,1773351600000,9649.031168737334
4132,1773351900000,9645.171556269841
4133,1773352200000,9640.211192224882
4134,1773352500000,9642.036231826329
4135,1773352800000,9630.13327399072
4136,1773353100000,9626.281990937734
4137,1773353400000,9627.447524552808
4138,1773353700000,9617.563799496971
4139,1773354000000,9622.459040680287
4140,1773354300000,9623.76443832917
4141,1773354600000,9611.316539320173
4142,1773354900000,9615.559081679045
4143,1773355200000,9602.672319270314
4144,1773355500000,9602.672319270314
4145,1773355800000,9602.672319270314
4146,1773356100000,9602.672319270314
4147,1773356400000,9602.672319270314
4148,1773356700000,9602.672319270314
4149,1773357000000,9602.672319270314
4150,1773357300000,9602.672319270314
4151,1773357600000,9602.672319270314
4152,1773357900000,9602.672319270314
4153,1773358200000,9602.672319270314
4154,1773358500000,9602.672319270314
4155,1773358800000,9602.672319270314
4156,1773359100000,9602.672319270314
4157,1773359400000,9598.83201840278
4158,1773359700000,9589.07424097673
4159,1773360000000,9588.750523242215
4160,1773360300000,9609.745930594947
4161,1773360600000,9665.28664475933
4162,1773360900000,9745.337415965447
4163,1773361200000,9851.100624370061
4164,1773361500000,9864.141824531891
4165,1773361800000,9914.086846428256
4166,1773362100000,9859.517285467413
4167,1773362400000,9835.053473816324
4168,1773362700000,9807.306239429454
4169,1773363000000,9773.454613477474
4170,1773363300000,9800.276940051448
4171,1773363600000,9806.242595444624
4172,1773363900000,9843.100171788514
4173,1773364200000,9831.26135178345
4174,1773364500000,9821.17985662289
4175,1773364800000,9800.147826622251
4176,1773365100000,9800.147826622251
4177,1773365400000,9800.147826622251
4178,1773365700000,9796.228551346658
4179,1773366000000,9846.002135870012
4180,1773366300000,9840.492315815798
4181,1773366600000,9847.622671180074
4182,1773366900000,9837.853158310842
4183,1773367200000,9830.722802946564
4184,1773367500000,9830.398695884553
4185,1773367800000,9825.768594998659
4186,1773368100000,9825.675992980941
4187,1773368400000,9796.413755382095
4188,1773368700000,9798.173193718734
4189,1773369000000,9784.514396105347
4190,1773369300000,9769.4931840537
4191,1773369600000,9765.586168183254
4192,1773369900000,9782.632390416555
4193,1773370200000,9751.041293777665
4194,1773370500000,9754.376424214615
4195,1773370800000,9748.678909718157
4196,1773371100000,9764.61342180581
4197,1773371400000,9759.657047406452
4198,1773371700000,9773.87767301956
4199,1773372000000,9787.542443559843
4200,1773372300000,9762.575286538784
4201,1773372600000,9772.904926642117
4202,1773372900000,9760.629793783897
4203,1773373200000,9770.033008765855
4204,1773373500000,9772.302750313223
4205,1773373800000,9818.20711507736
4206,1773374100000,9814.779342128271
4207,1773374400000,9808.016438742234
4208,1773374700000,9813.528668214416
4209,1773375000000,9797.547834870697
4210,1773375300000,9799.169078833102
4211,1773375600000,9795.09280829905
4212,1773375900000,9783.512494281862
4213,1773376200000,9769.922210176044
4214,1773376500000,9766.015022729463
4215,1773376800000,9767.909613562955
4216,1773377100000,9761.02439321685
4217,1773377400000,9752.799096427541
4218,1773377700000,9757.974564070251
4219,1773378000000,9730.572311283402
4220,1773378300000,9739.999055918337
4221,1773378600000,9727.060386811561
4222,1773378900000,9744.43517104066
4223,1773379200000,9738.381722279992
4224,1773379500000,9744.556408148335
4225,1773379800000,9744.556408148335
4226,1773380100000,9740.659364993708
4227,1773380400000,9742.134859188696
4228,1773380700000,9731.990836598146
4229,1773381000000,9731.299198694245
4230,1773381300000,9731.206980307059
4231,1773381600000,9712.88848146223
4232,1773381900000,9709.00410294535
4233,1773382200000,9693.379847722366
4234,1773382500000,9690.926878196477
4235,1773382800000,9687.0505074452
4236,1773383100000,9746.730378944234
4237,1773383400000,9758.445827159978
4238,1773383700000,9749.119411521562
4239,1773384000000,9762.396919499408
4240,1773384300000,9769.564017231392
4241,1773384600000,9756.8378244637
4242,1773384900000,9748.614039245589
4243,1773385200000,9728.628862877553
4244,1773385500000,9726.42360203694
4245,1773385800000,9730.604409047266
4246,1773386100000,9720.221305922723
4247,1773386400000,9722.288737960795
4248,1773386700000,9722.013080355719
4249,1773387000000,9741.76854205286
4250,1773387300000,9746.087177865724
4251,1773387600000,9738.00122145015
4252,1773387900000,9731.523267730854
4253,1773388200000,9740.436196961658
4254,1773388500000,9732.809669887876
4255,1773388800000,9738.184993186866
4256,1773389100000,9751.784101703966
4257,1773389400000,9755.597365240857
4258,1773389700000,9744.433232235264
4259,1773390000000,9743.207034305637
4260,1773390300000,9739.309751491915
4261,1773390600000,9719.671056287916
4262,1773390900000,9678.072307108758
4263,1773391200000,9690.004091192513
4264,1773391500000,9715.771173552368
4265,1773391800000,9719.578201937069
4266,1773392100000,9732.577811055555
4267,1773392400000,9720.599599796378
4268,1773392700000,9710.94274730836
4269,1773393000000,9713.542669132057
4270,1773393300000,9720.878162848916
4271,1773393600000,9734.156335019943
4272,1773393900000,9717.906823621834
4273,1773394200000,9707.135718923659
4274,1773394500000,9711.732009290554
4275,1773394800000,9691.2400924434
4276,1773395100000,9691.2400924434
4277,1773395400000,9691.2400924434
4278,1773395700000,9691.2400924434
4279,1773396000000,9691.2400924434
4280,1773396300000,9691.2400924434
4281,1773396600000,9691.2400924434
4282,1773396900000,9691.2400924434
4283,1773397200000,9691.2400924434
4284,1773397500000,9691.2400924434
4285,1773397800000,9691.2400924434
4286,1773398100000,9691.2400924434
4287,1773398400000,9691.2400924434
4288,1773398700000,9691.2400924434
4289,1773399000000,9691.2400924434
4290,1773399300000,9691.2400924434
4291,1773399600000,9691.2400924434
4292,1773399900000,9691.2400924434
4293,1773400200000,9687.3643715506
4294,1773400500000,9702.828755247887
4295,1773400800000,9698.358225447493
4296,1773401100000,9696.122960547294
4297,1773401400000,9692.427930814314
4298,1773401700000,9688.504812826211
4299,1773402000000,9676.735458861905
4300,1773402300000,9666.517105032432
4301,1773402600000,9679.65498852747
4302,1773402900000,9675.595017586294
4303,1773403200000,9705.52019665833
4304,1773403500000,9726.093757270353
4305,1773403800000,9730.244963513578
4306,1773404100000,9713.183962030436
4307,1773404400000,9726.960492639819
4308,1773404700000,9717.289550622634
4309,1773405000000,9716.19472699805
4310,1773405300000,9723.40231585991
4311,1773405600000,9713.64013854068
4312,1773405900000,9799.218851862533
4313,1773406200000,9775.953849840069
4314,1773406500000,9792.421821859893
4315,1773406800000,9784.39311527959
4316,1773407100000,9794.793939713163
4317,1773407400000,9817.278469880715
4318,1773407700000,9817.278469880715
4319,1773408000000,9817.278469880715
4320,1773408300000,9817.278469880715
4321,1773408600000,9817.278469880715
4322,1773408900000,9817.278469880715
4323,1773409200000,9817.278469880715
4324,1773409500000,9817.278469880715
4325,1773409800000,9817.278469880715
4326,1773410100000,9817.278469880715
4327,1773410400000,9817.278469880715
4328,1773410700000,9817.278469880715
4329,1773411000000,9817.278469880715
4330,1773411300000,9817.278469880715
4331,1773411600000,9817.278469880715
4332,1773411900000,9817.278469880715
4333,1773412200000,9817.278469880715
4334,1773412500000,9817.278469880715
4335,1773412800000,9813.352343717996
4336,1773413100000,9783.60287414595
4337,1773413400000,9721.57590723853
4338,1773413700000,9707.083220854094
4339,1773414000000,9707.083220854094
4340,1773414300000,9707.083220854094
4341,1773414600000,9703.201163977128
4342,1773414900000,9708.727186392334
4343,1773415200000,9688.150615122702
4344,1773415500000,9672.650796153217
4345,1773415800000,9687.881053053668
4346,1773416100000,9652.568422010148
4347,1773416400000,9617.57028004717
4348,1773416700000,9619.726776599446
4349,1773417000000,9577.931129766876
4350,1773417300000,9577.931129766876
4351,1773417600000,9577.931129766876
4352,1773417900000,9577.931129766876
4353,1773418200000,9577.931129766876
4354,1773418500000,9577.931129766876
4355,1773418800000,9577.931129766876
4356,1773419100000,9577.931129766876
4357,1773419400000,9577.931129766876
4358,1773419700000,9577.931129766876
4359,1773420000000,9577.931129766876
4360,1773420300000,9574.099957314967
4361,1773420600000,9556.708681981536
4362,1773420900000,9587.233059564185
4363,1773421200000,9581.271617246282
4364,1773421500000,9569.303909735903
4365,1773421800000,9570.783064596737
4366,1773422100000,9566.659360136231
4367,1773422400000,9583.960989720525
4368,1773422700000,9644.65116188926
4369,1773423000000,9647.385357238074
4370,1773423300000,9683.602239891205
4371,1773423600000,9706.058500051127
4372,1773423900000,9757.649628682013
4373,1773424200000,9749.043636764436
4374,1773424500000,9726.901136726507
4375,1773424800000,9705.879208552846
4376,1773425100000,9728.918166082189
4377,1773425400000,9717.62280169037
4378,1773425700000,9748.774699517013
4379,1773426000000,9754.556850336634
4380,1773426300000,9721.970620523729
4381,1773426600000,9719.057133676633
4382,1773426900000,9715.695418083831
4383,1773427200000,9715.695418083831
4384,1773427500000,9719.351511666913
4385,1773427800000,9719.351511666913
4386,1773428100000,9719.351511666913
4387,1773428400000,9719.351511666913
4388,1773428700000,9719.351511666913
4389,1773429000000,9719.351511666913
4390,1773429300000,9719.351511666913
4391,1773429600000,9719.351511666913
4392,1773429900000,9719.351511666913
4393,1773430200000,9719.351511666913
4394,1773430500000,9719.351511666913
4395,1773430800000,9715.463771062246
4396,1773431100000,9710.426616479104
4397,1773431400000,9715.463771062246
4398,1773431700000,9718.744853405393
4399,1773432000000,9719.992588944337
4400,1773432300000,9707.237958990696
4401,1773432600000,9686.2575169655
4402,1773432900000,9673.826374003436
4403,1773433200000,9670.10868356359
4404,1773433500000,9666.240640090165
4405,1773433800000,9665.782404080728
4406,1773434100000,9664.911755662797
4407,1773434400000,9662.803870019383
4408,1773434700000,9659.642041554262
4409,1773435000000,9653.226737422134
4410,1773435300000,9661.291691188238
4411,1773435600000,9647.72790530888
4412,1773435900000,9645.16178365603
4413,1773436200000,9653.776620633458
4414,1773436500000,9654.14320944101
4415,1773436800000,9651.256322581552
4416,1773437100000,9686.81543691392
4417,1773437400000,9687.273672923358
4418,1773437700000,9696.392569511168
4419,1773438000000,9696.988276323438
4420,1773438300000,9685.165787279944
4421,1773438600000,9684.066020857294
4422,1773438900000,9699.32527997157
4423,1773439200000,9755.7799563343
4424,1773439500000,9759.354197207915
4425,1773439800000,9751.197596239921
4426,1773440100000,9759.400020808856
4427,1773440400000,9780.753818848654
4428,1773440700000,9791.059174129376
4429,1773441000000,9791.059174129376
4430,1773441300000,9791.059174129376
4431,1773441600000,9791.059174129376
4432,1773441900000,9791.059174129376
4433,1773442200000,9791.059174129376
4434,1773442500000,9791.059174129376
4435,1773442800000,9791.059174129376
4436,1773443100000,9791.059174129376
4437,1773443400000,9791.059174129376
4438,1773443700000,9787.142750459723
4439,1773444000000,9788.031723834543
4440,1773444300000,9791.727981550903
4441,1773444600000,9796.313212642082
4442,1773444900000,9792.944471432234
4443,1773445200000,9789.95003480126
4444,1773445500000,9790.417915524851
4445,1773445800000,9791.213312754953
4446,1773446100000,9789.1078494988
4447,1773446400000,9803.237847351213
4448,1773446700000,9793.412352155825
4449,1773447000000,9782.417155151465
4450,1773447300000,9782.230002862028
4451,1773447600000,9785.037287203568
4452,1773447900000,9789.903246728902
4453,1773448200000,9786.30056515726
4454,1773448500000,9808.618475672492
4455,1773448800000,9830.187777029983
4456,1773449100000,9825.883274372956
4457,1773449400000,9823.169566176135
4458,1773449700000,9821.391619426495
4459,1773450000000,9806.138707837468
4460,1773450300000,9801.600264818646
4461,1773450600000,9810.022117843262
4462,1773450900000,9796.230549294958
4463,1773451200000,9792.312057075242
4464,1773451500000,9792.546128827902
4465,1773451800000,9812.020898649254
4466,1773452100000,9815.344717537033
4467,1773452400000,9803.21980074922
4468,1773452700000,9789.128681239059
4469,1773453000000,9780.09597500243
4470,1773453300000,9776.18393661243
4471,1773453600000,9775.249182749918
4472,1773453900000,9766.696184907929
4473,1773454200000,9770.341724971726
4474,1773454500000,9770.575413437356
4475,1773454800000,9780.764230538742
4476,1773455100000,9783.521754433154
4477,1773455400000,9774.127478114904
4478,1773455700000,9781.698984401255
4479,1773456000000,9780.109902834984
4480,1773456300000,9775.43613352242
4481,1773456600000,9776.51110046431
4482,1773456900000,9776.93173970244
4483,1773457200000,9769.406971109214
4484,1773457500000,9747.71665304255
4485,1773457800000,9747.71665304255
4486,1773458100000,9747.71665304255
4487,1773458400000,9747.71665304255
4488,1773458700000,9747.71665304255
4489,1773459000000,9747.71665304255
4490,1773459300000,9747.71665304255
4491,1773459600000,9747.71665304255
4492,1773459900000,9747.71665304255
4493,1773460200000,9747.71665304255
4494,1773460500000,9747.71665304255
4495,1773460800000,9747.71665304255
4496,1773461100000,9747.71665304255
4497,1773461400000,9747.71665304255
4498,1773461700000,9747.71665304255
4499,1773462000000,9743.818346042735
4500,1773462300000,9750.86500811934
4501,1773462600000,9751.97763897354
4502,1773462900000,9759.858774190794
4503,1773463200000,9754.017462206239
4504,1773463500000,9757.587152863469
4505,1773463800000,9687.509450447142
4506,1773464100000,9687.509450447142
4507,1773464400000,9687.509450447142
4508,1773464700000,9687.509450447142
4509,1773465000000,9687.509450447142
4510,1773465300000,9687.509450447142
4511,1773465600000,9687.509450447142
4512,1773465900000,9687.509450447142
4513,1773466200000,9687.509450447142
4514,1773466500000,9687.509450447142
4515,1773466800000,9687.509450447142
4516,1773467100000,9687.509450447142
4517,1773467400000,9687.509450447142
4518,1773467700000,9683.634446666963
4519,1773468000000,9701.736662217678
4520,1773468300000,9698.171775779301
4521,1773468600000,9700.116259291142
4522,1773468900000,9719.468499956614
4523,1773469200000,9724.237114283273
4524,1773469500000,9717.894394256551
4525,1773469800000,9741.043007492759
4526,1773470100000,9766.737968184949
4527,1773470400000,9763.126784520102
4528,1773470700000,9749.052427672488
4529,1773471000000,9752.802503016754
4530,1773471300000,9750.487641693133
4531,1773471600000,9748.54315818129
4532,1773471900000,9746.922755254756
4533,1773472200000,9743.574395555595
4534,1773472500000,9743.574395555595
4535,1773472800000,9743.574395555595
4536,1773473100000,9743.574395555595
4537,1773473400000,9739.676965797375
4538,1773473700000,9743.472305600497
4539,1773474000000,9740.942079065082
4540,1773474300000,9744.971699102965
4541,1773474600000,9752.140674286642
4542,1773474900000,9749.095031234752
4543,1773475200000,9748.064198201808
4544,1773475500000,9740.145526266895
4545,1773475800000,9734.288520397879
4546,1773476100000,9748.954463093898
4547,1773476400000,9743.847153976114
4548,1773476700000,9740.192382313848
4549,1773477000000,9742.347760473645
4550,1773477300000,9758.185104343467
4551,1773477600000,9765.307223480191
4552,1773477900000,9769.571123752836
4553,1773478200000,9762.636428803919
4554,1773478500000,9763.71411788382
4555,1773478800000,9754.389764540345
4556,1773479100000,9751.156697300647
4557,1773479400000,9750.875561018935
4558,1773479700000,9755.982870136719
4559,1773480000000,9757.435407592235
4560,1773480300000,9753.921204070824
4561,1773480600000,9760.227760972963
4562,1773480900000,9760.227760972963
4563,1773481200000,9756.323669868574
4564,1773481500000,9795.97778499887
4565,1773481800000,9790.19195325388
4566,1773482100000,9791.979445988105
4567,1773482400000,9788.921892626931
4568,1773482700000,9790.097874688921
4569,1773483000000,9789.01597119189
4570,1773483300000,9797.15376706086
4571,1773483600000,9799.55277046732
4572,1773483900000,9800.72875252931
4573,1773484200000,9806.23234857942
4574,1773484500000,9806.46754499182
4575,1773484800000,9802.234009568656
4576,1773485100000,9803.457030913125
4577,1773485400000,9795.789627868951
4578,1773485700000,9797.10672777838
4579,1773486000000,9780.206130847979
4580,1773486300000,9776.29404839564
4581,1773486600000,9776.010610714944
4582,1773486900000,9777.852955639464
4583,1773487200000,9775.6799334208
4584,1773487500000,9761.035653251538
4585,1773487800000,9758.768151805976
4586,1773488100000,9751.51175505926
4587,1773488400000,9751.51175505926
4588,1773488700000,9751.51175505926
4589,1773489000000,9751.51175505926
4590,1773489300000,9747.611930322184
4591,1773489600000,9755.178291774444
4592,1773489900000,9755.178291774444
4593,1773490200000,9755.178291774444
4594,1773490500000,9755.178291774444
4595,1773490800000,9755.178291774444
4596,1773491100000,9751.277000715947
4597,1773491400000,9742.957841179017
4598,1773491700000,9732.523641081852
4599,1773492000000,9732.624499669302
4600,1773492300000,9728.732228323704
4601,1773492600000,9736.189963063716
4602,1773492900000,9734.642131325223
4603,1773493200000,9730.98361994333
4604,1773493500000,9727.184396585213
4605,1773493800000,9730.88981195918
4606,1773494100000,9751.246144519962
4607,1773494400000,9753.872768076193
4608,1773494700000,9750.777104599209
4609,1773495000000,9750.63639262298
4610,1773495300000,9751.433760488266
4611,1773495600000,9752.23112835355
4612,1773495900000,9744.304353692783
4613,1773496200000,9751.949704401097
4614,1773496500000,9749.041656892414
4615,1773496800000,9756.499391632422
4616,1773497100000,9736.283771047867
4617,1773497400000,9728.122476426724
4618,1773497700000,9730.796003975029
4619,1773498000000,9737.31565887353
4620,1773498300000,9747.869057090526
4621,1773498600000,9739.2856265407
4622,1773498900000,9731.171235911632
4623,1773499200000,9709.228342207494
4624,1773499500000,9709.228342207494
4625,1773499800000,9705.344650870611
4626,1773500100000,9714.94490462508
4627,1773500400000,9705.906616944043
4628,1773500700000,9701.926023923897
4629,1773501000000,9698.88204102614
4630,1773501300000,9686.893431459584
4631,1773501600000,9692.32577016943
4632,1773501900000,9689.441343254919
4633,1773502200000,9685.565566717618
4634,1773502500000,9680.751483247108
4635,1773502800000,9683.742758413251
4636,1773503100000,9682.574291551477
4637,1773503400000,9678.928674942737
4638,1773503700000,9678.04064012779
4639,1773504000000,9687.388375021988
4640,1773504300000,9678.414549523559
4641,1773504600000,9683.836235762192
4642,1773504900000,9677.713469406493
4643,1773505200000,9679.956925781102
4644,1773505500000,9674.114591472227
4645,1773505800000,9667.02842387865
4646,1773506100000,9663.162385716732
4647,1773506400000,9664.885264666396
4648,1773506700000,9671.916473352872
4649,1773507000000,9676.805724426247
4650,1773507300000,9673.918738078159
4651,1773507600000,9668.936358412908
4652,1773507900000,9672.52180920005
4653,1773508200000,9673.080580751295
4654,1773508500000,9669.308872780406
4655,1773508800000,9669.588258556027
4656,1773509100000,9676.666031538438
4657,1773509400000,9665.211214737956
4658,1773509700000,9667.67912242261
4659,1773510000000,9667.260043759181
4660,1773510300000,9662.091406910182
4661,1773510600000,9651.29165169099
4662,1773510900000,9647.431135030314
4663,1773511200000,9649.129652532538
4664,1773511500000,9645.270000671524
4665,1773511800000,9650.385990905095
4666,1773512100000,9651.31617094756
4667,1773512400000,9649.176756849885
4668,1773512700000,9648.24657680742
4669,1773513000000,9635.270565214998
4670,1773513300000,9641.688807508024
4671,1773513600000,9639.549393410349
4672,1773513900000,9632.778021854132
4673,1773514200000,9628.92568111354
4674,1773514500000,9630.780509779159
4675,1773514800000,9626.560774564874
4676,1773515100000,9626.421662414952
4677,1773515400000,9632.867192027981
4678,1773515700000,9630.780509779159
4679,1773516000000,9632.82082131134
4680,1773516300000,9634.072830660632
4681,1773516600000,9633.052674894543
4682,1773516900000,9633.701864927509
4683,1773517200000,9638.570790174761
4684,1773517500000,9641.167550306629
4685,1773517800000,9633.79460636079
4686,1773518100000,9633.470011344307
4687,1773518400000,9628.276491080573
4688,1773518700000,9634.072830660632
4689,1773519000000,9635.788547176331
4690,1773519300000,9645.109061221068
4691,1773519600000,9643.20786183881
4692,1773519900000,9642.37318893928
4693,1773520200000,9643.34697398873
4694,1773520500000,9646.08284627052
4695,1773520800000,9662.729933544455
4696,1773521100000,9674.6935784377
4697,1773521400000,9669.433522887808
4698,1773521700000,9669.433522887808
4699,1773522000000,9669.433522887808
4700,1773522300000,9669.433522887808
4701,1773522600000,9665.566522878657
4702,1773522900000,9659.348605778405
4703,1773523200000,9669.139505092984
4704,1773523500000,9667.747434100389
4705,1773523800000,9667.515422268289
4706,1773524100000,9673.965351200643
4707,1773524400000,9676.285469521634
4708,1773524700000,9684.777102576456
4709,1773525000000,9685.333930973495
4710,1773525300000,9682.688996087565
4711,1773525600000,9684.591493110778
4712,1773525900000,9676.61028608657
4713,1773526200000,9675.171812727556
4714,1773526500000,9676.378274254472
4715,1773526800000,9682.828203186824
4716,1773527100000,9680.786499064354
4717,1773527400000,9684.034664713738
4718,1773527700000,9685.055516774975
4719,1773528000000,9680.044061201637
4720,1773528300000,9670.531576085576
4721,1773528600000,9665.504155093173
4722,1773528900000,9661.63872651685
4723,1773529200000,9700.990743973796
4724,1773529500000,9721.61694864793
4725,1773529800000,9705.764899212978
4726,1773530100000,9689.634743647586
4727,1773530400000,9699.507511278129
4728,1773530700000,9711.975936126088
4729,1773531000000,9717.677111800063
4730,1773531300000,9724.537063017528
4731,1773531600000,9719.021291430512
4732,1773531900000,9714.942401517425
4733,1773532200000,9719.994662887044
4734,1773532500000,9715.915772973956
4735,1773532800000,9703.771805278175
4736,1773533100000,9695.614025452
4737,1773533400000,9704.976931843405
4738,1773533700000,9698.256033691157
4739,1773534000000,9694.918760125905
4740,1773534300000,9685.277747604063
4741,1773534600000,9682.33067357983
4742,1773534900000,9678.458515741966
4743,1773535200000,9682.25547867478
4744,1773535500000,9665.585885311208
4745,1773535800000,9667.762193333674
4746,1773536100000,9668.364150871803
4747,1773536400000,9667.947411037714
4748,1773536700000,9670.725676598311
4749,1773537000000,9660.260876320068
4750,1773537300000,9663.31696843672
4751,1773537600000,9660.677616154157
4752,1773537900000,9658.73283026174
4753,1773538200000,9650.657706024604
4754,1773538500000,9650.657706024604
4755,1773538800000,9646.797442942194
4756,1773539100000,9643.097356597638
4757,1773539400000,9633.384629943184
4758,1773539700000,9638.749755142788
4759,1773540000000,9614.236462362967
4760,1773540300000,9614.236462362967
4761,1773540600000,9614.236462362967
4762,1773540900000,9614.236462362967
4763,1773541200000,9610.391536763143
4764,1773541500000,9612.320255373139
4765,1773541800000,9604.008396601492
4766,1773542100000,9612.963161576472
4767,1773542400000,9661.410736184695
4768,1773542700000,9679.182500519653
4769,1773543000000,9653.604018001379
4770,1773543300000,9652.731502439714
4771,1773543600000,9655.808267841374
4772,1773543900000,9655.257205381375
4773,1773544200000,9656.40525217304
4774,1773544500000,9632.066660189761
4775,1773544800000,9629.357269761435
4776,1773545100000,9624.305863878113
4777,1773545400000,9635.83225366642
4778,1773545700000,9635.602644308088
4779,1773546000000,9618.849903838378
4780,1773546300000,9615.003133230965
4781,1773546600000,9611.88337499254
4782,1773546900000,9616.884163933546
4783,1773547200000,9632.666470316168
4784,1773547500000,9640.236471924109
4785,1773547800000,9642.346896614808
4786,1773548100000,9642.943320983919
4787,1773548400000,9635.373319375976
4788,1773548700000,9636.428531721325
4789,1773549000000,9631.794773161313
4790,1773549300000,9644.36556371026
4791,1773549600000,9642.805684591049
4792,1773549900000,9639.04362318589
4793,1773550200000,9639.27301717401
4794,1773550500000,9654.458899187519
4795,1773550800000,9645.971321627096
4796,1773551100000,9650.650958984736
4797,1773551400000,9652.027322913451
4798,1773551700000,9682.536723333345
4799,1773552000000,9690.84078570327
4800,1773552300000,9677.444176797091
4801,1773552600000,9682.35320814285
4802,1773552900000,9695.795695846651
4803,1773553200000,9692.630058810602
4804,1773553500000,9669.262704117778
4805,1773553800000,9665.395772422471
4806,1773554100000,9668.239493684805
4807,1773554400000,9678.697049294675
4808,1773554700000,9678.238384574945
4809,1773555000000,9673.651737377633
4810,1773555300000,9674.752532704986
4811,1773555600000,9660.212861089509
4812,1773555900000,9662.506184688165
4813,1773556200000,9658.699267514397
4814,1773556500000,9651.08543316686
4815,1773556800000,9651.314765526724
4816,1773557100000,9652.965958517758
4817,1773557400000,9664.386710039063
4818,1773557700000,9667.551496605209
4819,1773558000000,9678.788782238622
4820,1773558300000,9667.505630133235
4821,1773558600000,9682.412233524497
4822,1773558900000,9682.045301748713
4823,1773559200000,9679.018114598488
4824,1773559500000,9670.441084339514
4825,1773559800000,9664.065644735252
4826,1773560100000,9656.30331422637
4827,1773560400000,9656.30331422637
4828,1773560700000,9656.30331422637
4829,1773561000000,9656.30331422637
4830,1773561300000,9652.441565250476
4831,1773561600000,9656.979813550091
4832,1773561900000,9658.675926550955
4833,1773562200000,9667.88994582593
4834,1773562500000,9675.54537477578
4835,1773562800000,9673.757579991085
4836,1773563100000,9667.706582258266
4837,1773563400000,9665.689583013997
4838,1773563700000,9666.42303728464
4839,1773564000000,9669.99862685403
4840,1773564300000,9677.103965100901
4841,1773564600000,9676.278829046427
4842,1773564900000,9685.859575456721
4843,1773565200000,9702.453978330055
4844,1773565500000,9729.362581884328
4845,1773565800000,9716.022882336982
4846,1773566100000,9723.861674854494
4847,1773566400000,9720.97369866383
4848,1773566700000,9707.863203576058
4849,1773567000000,9706.396295034769
4850,1773567300000,9705.296113628803
4851,1773567600000,9699.703524815137
4852,1773567900000,9694.798549380203
4853,1773568200000,9706.854703953924
4854,1773568500000,9701.551851067372
4855,1773568800000,9697.6720062959
4856,1773569100000,9695.79276350364
4857,1773569400000,9699.780425038436
4858,1773569700000,9709.497485330125
4859,1773570000000,9714.585191426244
4860,1773570300000,9717.014456499166
4861,1773570600000,9716.647774978725
4862,1773570900000,9716.006082317954
4863,1773571200000,9718.2061714406
4864,1773571500000,9717.060291689222
4865,1773571800000,9719.672897522365
4866,1773572100000,9713.11846534448
4867,1773572400000,9711.926750403047
4868,1773572700000,9704.180603283728
4869,1773573000000,9709.314144569904
4870,1773573300000,9708.076594438415
4871,1773573600000,9710.276683561062
4872,1773573900000,9700.009600988711
4873,1773574200000,9701.430491880421
4874,1773574500000,9693.701691684635
4875,1773574800000,9689.824986349027
4876,1773575100000,9698.61261481307
4877,1773575400000,9706.027176329602
4878,1773575700000,9701.312979809833
4879,1773576000000,9697.14801006906
4880,1773576300000,9688.451919401523
4881,1773576600000,9684.241180762503
4882,1773576900000,9688.634994994523
4883,1773577200000,9683.508878390498
4884,1773577500000,9689.550372959528
4885,1773577800000,9684.058105169503
4886,1773578100000,9685.110789829258
4887,1773578400000,9651.087492445977
4888,1773578700000,9651.087492445977
4889,1773579000000,9651.087492445977
4890,1773579300000,9651.087492445977
4891,1773579600000,9651.087492445977
4892,1773579900000,9651.087492445977
4893,1773580200000,9651.087492445977
4894,1773580500000,9651.087492445977
4895,1773580800000,9651.087492445977
4896,1773581100000,9651.087492445977
4897,1773581400000,9651.087492445977
4898,1773581700000,9651.087492445977
4899,1773582000000,9651.087492445977
4900,1773582300000,9651.087492445977
4901,1773582600000,9651.087492445977
4902,1773582900000,9651.087492445977
4903,1773583200000,9651.087492445977
4904,1773583500000,9651.087492445977
4905,1773583800000,9651.087492445977
4906,1773584100000,9651.087492445977
4907,1773584400000,9651.087492445977
4908,1773584700000,9651.087492445977
4909,1773585000000,9651.087492445977
4910,1773585300000,9651.087492445977
4911,1773585600000,9651.087492445977
4912,1773585900000,9651.087492445977
4913,1773586200000,9647.227057448998
4914,1773586500000,9634.969250546597
4915,1773586800000,9646.075007928095
4916,1773587100000,9652.203911379296
4917,1773587400000,9649.66940243331
4918,1773587700000,9649.715484414148
4919,1773588000000,9640.867744093617
4920,1773588300000,9655.706141922841
4921,1773588600000,9647.31922141067
4922,1773588900000,9652.157829398458
4923,1773589200000,9649.66940243331
4924,1773589500000,9644.00131879047
4925,1773589800000,9646.996647544816
4926,1773590100000,9649.715484414148
4927,1773590400000,9641.374645882814
4928,1773590700000,9632.112167734758
4929,1773591000000,9628.28540059795
4930,1773591300000,9624.43408643771
4931,1773591600000,9629.586026187591
4932,1773591900000,9625.492074064918
4933,1773592200000,9638.371923439623
4934,1773592500000,9625.170077830553
4935,1773592800000,9623.14610150024
4936,1773593100000,9626.182065995707
4937,1773593400000,9630.552014890694
4938,1773593700000,9631.656001979956
4939,1773594000000,9615.326192951312
4940,1773594300000,9613.302216621001
4941,1773594600000,9616.75217627494
4942,1773594900000,9611.922232759427
4943,1773595200000,9611.738234911218
4944,1773595500000,9615.924185957996
4945,1773595800000,9618.454156370884
4946,1773596100000,9606.907988439567
4947,1773596400000,9603.065993643151
4948,1773596700000,9605.542840565628
4949,1773597000000,9605.542840565628
4950,1773597300000,9605.542840565628
4951,1773597600000,9605.542840565628
4952,1773597900000,9605.542840565628
4953,1773598200000,9605.542840565628
4954,1773598500000,9605.542840565628
4955,1773598800000,9605.542840565628
4956,1773599100000,9605.542840565628
4957,1773599400000,9605.542840565628
4958,1773599700000,9605.542840565628
4959,1773600000000,9605.542840565628
4960,1773600300000,9605.542840565628
4961,1773600600000,9605.542840565628
4962,1773600900000,9605.542840565628
4963,1773601200000,9601.70139171917
4964,1773601500000,9592.34954431873
4965,1773601800000,9632.630916292333
4966,1773602100000,9626.289907567156
4967,1773602400000,9629.391983778036
4968,1773602700000,9633.862623023124
4969,1773603000000,9636.006705110052
4970,1773603300000,9628.70770226093
4971,1773603600000,9627.521614297946
4972,1773603900000,9630.532452973212
4973,1773604200000,9632.402822453298
4974,1773604500000,9641.480957246895
4975,1773604800000,9640.2036317483
4976,1773605100000,9638.561356107246
4977,1773605400000,9636.006705110052
4978,1773605700000,9630.806165580052
4979,1773606000000,9639.74744407023
4980,1773606300000,9644.765508529003
4981,1773606600000,9687.647150267607
4982,1773606900000,9749.141249271475
4983,1773607200000,9720.948850766734
4984,1773607500000,9716.523830289452
4985,1773607800000,9711.916334740941
4986,1773608100000,9712.463759954628
4987,1773608400000,9708.989567648317
4988,1773608700000,9708.989567648317
4989,1773609000000,9708.989567648317
4990,1773609300000,9708.989567648317
4991,1773609600000,9708.989567648317
4992,1773609900000,9708.989567648317
4993,1773610200000,9708.989567648317
4994,1773610500000,9708.989567648317
4995,1773610800000,9708.989567648317
4996,1773611100000,9708.989567648317
4997,1773611400000,9708.989567648317
4998,1773611700000,9708.989567648317
4999,1773612000000,9708.989567648317
5000,1773612300000,9708.989567648317
5001,1773612600000,9705.106748385113
5002,1773612900000,9702.737448796772
5003,1773613200000,9718.821347925325
5004,1773613500000,9724.425652720825
5005,1773613800000,9809.629310993894
5006,1773614100000,9861.753901937418
5007,1773614400000,9897.247832308927
5008,1773614700000,9915.564340664954
5009,1773615000000,9935.384442990508
5010,1773615300000,9952.652991913232
5011,1773615600000,9982.770434757349
5012,1773615900000,10002.909481258255
5013,1773616200000,10007.329136259585
5014,1773616500000,9959.168565781172
5015,1773616800000,9920.57632056337
5016,1773617100000,9900.027202979867
5017,1773617400000,9881.811931090026
5018,1773617700000,9881.811931090026
5019,1773618000000,9881.811931090026
5020,1773618300000,9881.811931090026
5021,1773618600000,9881.811931090026
5022,1773618900000,9881.811931090026
5023,1773619200000,9881.811931090026
5024,1773619500000,9881.811931090026
5025,1773619800000,9877.859996704467
5026,1773620100000,9872.135702647707
5027,1773620400000,9863.231245226083
5028,1773620700000,9851.510071681292
5029,1773621000000,9862.322627121835
5030,1773621300000,9856.09859310774
5031,1773621600000,9858.915309230908
5032,1773621900000,9874.816126055237
5033,1773622200000,9873.90750795099
5034,1773622500000,9864.094432425118
5035,1773622800000,9848.920510084186
5036,1773623100000,9857.734105695386
5037,1773623400000,9839.516312705227
5038,1773623700000,9863.640123372994
5039,1773624000000,9899.25795305949
5040,1773624300000,9901.847514656596
5041,1773624600000,9887.445917704275
5042,1773624900000,9891.080390121266
5043,1773625200000,9900.484587500225
5044,1773625500000,9900.666311121075
5045,1773625800000,9942.826191158152
5046,1773626100000,9930.696139466449
5047,1773626400000,9944.461703745797
5048,1773626700000,9924.290381831506
5049,1773627000000,9898.70460094865
5050,1773627300000,9894.74591084629
5051,1773627600000,9894.70047437444
5052,1773627900000,9876.66219505072
5053,1773628200000,9872.618349056234
5054,1773628500000,9886.112981195138
5055,1773628800000,9888.475677731243
5056,1773629100000,9882.069135200652
5057,1773629400000,9905.832409977242
5058,1773629700000,9907.377250020078
5059,1773630000000,9918.00938443255
5060,1773630300000,9921.644302180403
5061,1773630600000,9912.238952507832
5062,1773630900000,9931.640325986997
5063,1773631200000,10028.101955720647
5064,1773631500000,10000.930945555445
5065,1773631800000,10197.125630995815
5066,1773632100000,10199.715509891159
5067,1773632400000,10170.49985849279
5068,1773632700000,10148.326860230887
5069,1773633000000,10171.454024401603
5070,1773633300000,10158.095701678241
5071,1773633600000,10177.133583382623
5072,1773633900000,10185.902822449318
5073,1773634200000,10200.033565194097
5074,1773634500000,10201.63124715397
5075,1773634800000,10201.63124715397
5076,1773635100000,10201.63124715397
5077,1773635400000,10201.63124715397
5078,1773635700000,10201.63124715397
5079,1773636000000,10201.63124715397
5080,1773636300000,10201.63124715397
5081,1773636600000,10201.63124715397
5082,1773636900000,10201.63124715397
5083,1773637200000,10201.63124715397
5084,1773637500000,10201.63124715397
5085,1773637800000,10201.63124715397
5086,1773638100000,10201.63124715397
5087,1773638400000,10201.63124715397
5088,1773638700000,10201.63124715397
5089,1773639000000,10201.63124715397
5090,1773639300000,10201.63124715397
5091,1773639600000,10201.63124715397
5092,1773639900000,10201.63124715397
5093,1773640200000,10201.63124715397
5094,1773640500000,10201.63124715397
5095,1773640800000,10201.63124715397
5096,1773641100000,10197.551410622415
5097,1773641400000,10202.690078618749
5098,1773641700000,10226.850833408536
5099,1773642000000,10223.064446463868
5100,1773642300000,10212.336350120642
5101,1773642600000,10205.079108476693
5102,1773642900000,10217.069333801477
5103,1773643200000,10218.78222313359
5104,1773643500000,10200.706733076304
5105,1773643800000,10197.551410622415
5106,1773644100000,10194.846848519079
5107,1773644400000,10221.081100921423
5108,1773644700000,10217.6553222572
5109,1773645000000,10214.274619628033
5110,1773645300000,10223.109522498922
5111,1773645600000,10213.102642716587
5112,1773645900000,10218.286386747977
5113,1773646200000,10190.654777258911
5114,1773646500000,10150.577575824971
5115,1773646800000,10146.51815667847
5116,1773647100000,10138.683320457212
5117,1773647400000,10123.959231696574
5118,1773647700000,10126.525815975949
5119,1773648000000,10152.822047890977
5120,1773648300000,10164.799441194738
5121,1773648600000,10132.919762777206
5122,1773648900000,10147.463740360346
5123,1773649200000,10158.315438804733
5124,1773649500000,10136.34187514971
5125,1773649800000,10118.510868577192
5126,1773650100000,10092.124581073414
5127,1773650400000,10069.67913283708
5128,1773650700000,10069.67913283708
5129,1773651000000,10069.67913283708
5130,1773651300000,10069.67913283708
5131,1773651600000,10069.67913283708
5132,1773651900000,10069.67913283708
5133,1773652200000,10069.67913283708
5134,1773652500000,10065.651261183944
5135,1773652800000,10063.45721669287
5136,1773653100000,10037.71077623637
5137,1773653400000,10052.39744140112
5138,1773653700000,10043.307828509523
5139,1773654000000,10044.158580455041
5140,1773654300000,9996.964235687823
5141,1773654600000,10014.004804327962
5142,1773654900000,10014.004804327962
5143,1773655200000,10014.004804327962
5144,1773655500000,10014.004804327962
5145,1773655800000,10014.004804327962
5146,1773656100000,10014.004804327962
5147,1773656400000,10014.004804327962
5148,1773656700000,10014.004804327962
5149,1773657000000,10010.000003366422
5150,1773657300000,9999.102667887537
5151,1773657600000,10007.696501557877
5152,1773657900000,10044.33103993608
5153,1773658200000,10050.355583127659
5154,1773658500000,10092.438789245305
5155,1773658800000,10076.978748261032
5156,1773659100000,10076.890152037626
5157,1773659400000,10073.036216319484
5158,1773659700000,10088.363362968648
5159,1773660000000,10053.41215283515
5160,1773660300000,10044.375338047781
5161,1773660600000,10053.190662276636
5162,1773660900000,10053.41215283515
5163,1773661200000,10060.366956372487
5164,1773661500000,10064.486680760845
5165,1773661800000,10063.866507197008
5166,1773662100000,10055.405567861777
5167,1773662400000,10095.628253287903
5168,1773662700000,10082.914695229205
5169,1773663000000,10106.747079325303
5170,1773663300000,10136.382516054464
5171,1773663600000,10130.933848315022
5172,1773663900000,10188.565691640346
5173,1773664200000,10156.46118335871
5174,1773664500000,10156.46118335871
5175,1773664800000,10156.46118335871
5176,1773665100000,10152.39941123979
5177,1773665400000,10143.402689702114
5178,1773665700000,10151.50864673111
5179,1773666000000,10151.686799632846
5180,1773666300000,10132.179056892734
5181,1773666600000,10153.334713973905
5182,1773666900000,10128.526922407142
5183,1773667200000,10157.387692488403
5184,1773667500000,10158.857453927727
5185,1773667800000,10229.005158986347
5186,1773668100000,10234.438822489303
5187,1773668400000,10205.088131928265
5188,1773668700000,10205.978896436947
5189,1773669000000,10144.560683563397
5190,1773669300000,10193.864499118887
5191,1773669600000,10220.943740182785
5192,1773669900000,10242.500241292864
5193,1773670200000,10233.458981529753
5194,1773670500000,10219.384902292595
5195,1773670800000,10226.110174333136
5196,1773671100000,10159.659141985541
5197,1773671400000,10100.423302158259
5198,1773671700000,10062.058299259843
5199,1773672000000,10062.058299259843
5200,1773672300000,10062.058299259843
5201,1773672600000,10062.058299259843
5202,1773672900000,10062.058299259843
5203,1773673200000,10062.058299259843
5204,1773673500000,10062.058299259843
5205,1773673800000,10062.058299259843
5206,1773674100000,10062.058299259843
5207,1773674400000,10062.058299259843
5208,1773674700000,10062.058299259843
5209,1773675000000,10062.058299259843
5210,1773675300000,10058.034280743845
5211,1773675600000,10049.322521290187
5212,1773675900000,10051.52246054616
5213,1773676200000,10016.455428805933
5214,1773676500000,10004.79575074927
5215,1773676800000,10003.475787195684
5216,1773677100000,10028.687091069149
5217,1773677400000,10020.283323111327
5218,1773677700000,10053.722399802135
5219,1773678000000,10028.907084994747
5220,1773678300000,10044.086665860968
5221,1773678600000,10033.966945283488
5222,1773678900000,10051.214469050325
5223,1773679200000,10082.18961377444
5224,1773679500000,10073.82984460174
5225,1773679800000,10097.061203144827
5226,1773680100000,10106.652938300876
5227,1773680400000,10118.092622431941
5228,1773680700000,10124.95643291058
5229,1773681000000,10141.367979760149
5230,1773681300000,10136.616110967245
5231,1773681600000,10132.040237314817
5232,1773681900000,10122.49250094389
5233,1773682200000,10142.731942098852
5234,1773682500000,10170.60559705856
5235,1773682800000,10170.60559705856
5236,1773683100000,10170.60559705856
5237,1773683400000,10170.60559705856
5238,1773683700000,10170.60559705856
5239,1773684000000,10170.60559705856
5240,1773684300000,10170.60559705856
5241,1773684600000,10170.60559705856
5242,1773684900000,10170.60559705856
5243,1773685200000,10170.60559705856
5244,1773685500000,10170.60559705856
5245,1773685800000,10170.60559705856
5246,1773686100000,10170.60559705856
5247,1773686400000,10170.60559705856
5248,1773686700000,10170.60559705856
5249,1773687000000,10166.538168305487
5250,1773687300000,10152.805513290225
5251,1773687600000,10153.592735552245
5252,1773687900000,10252.69527142672
5253,1773688200000,10225.49236881687
5254,1773688500000,10192.122891821184
5255,1773688800000,10209.572985295992
5256,1773689100000,10201.394620684992
5257,1773689400000,10207.8236024915
5258,1773689700000,10217.226535065645
5259,1773690000000,10210.010330997115
5260,1773690300000,10182.982366667713
5261,1773690600000,10186.52486684681
5262,1773690900000,10194.178416616462
5263,1773691200000,10169.24971165245
5264,1773691500000,10173.054619252222
5265,1773691800000,10172.964058427766
5266,1773692100000,10168.895686478783
5267,1773692400000,10187.479354496025
5268,1773692700000,10193.076318040043
5269,1773693000000,10215.988887548356
5270,1773693300000,10240.694234441866
5271,1773693600000,10218.52501165424
5272,1773693900000,10239.819708888113
5273,1773694200000,10244.323515489938
5274,1773694500000,10255.16763235647
5275,1773694800000,10297.582121713467
5276,1773695100000,10262.732278396428
5277,1773695400000,10280.528873415293
5278,1773695700000,10279.217085084663
5279,1773696000000,10275.76270914734
5280,1773696300000,10262.295015619553
5281,1773696600000,10305.059315198048
5282,1773696900000,10332.082154809003
5283,1773697200000,10315.116359066204
5284,1773697500000,10345.462395781416
5285,1773697800000,10338.903454128273
5286,1773698100000,10323.992793436793
5287,1773698400000,10373.928202556059
5288,1773698700000,10412.97576853111
5289,1773699000000,10392.380691740238
5290,1773699300000,10376.20423820423
5291,1773699600000,10372.0545864393
5292,1773699900000,10375.176447796872
5293,1773700200000,10378.078459763063
5294,1773700500000,10400.722947075014
5295,1773700800000,10402.87747111052
5296,1773701100000,10405.867422833264
5297,1773701400000,10374.209110474807
5298,1773701700000,10367.349809463807
5299,1773702000000,10302.065645946397
5300,1773702300000,10302.065645946397
5301,1773702600000,10302.065645946397
5302,1773702900000,10302.065645946397
5303,1773703200000,10302.065645946397
5304,1773703500000,10297.94564368847
5305,1773703800000,10316.517073882525
5306,1773704100000,10314.370847279908
5307,1773704400000,10327.160605809777
5308,1773704700000,10312.75022719222
5309,1773705000000,10294.792004598914
5310,1773705300000,10306.136345212733
5311,1773705600000,10260.890384386184
5312,1773705900000,10286.951707417935
5313,1773706200000,10368.946323746397
5314,1773706500000,10352.827723955332
5315,1773706800000,10280.250224352627
5316,1773707100000,10310.823003304158
5317,1773707400000,10351.294704953465
5318,1773707700000,10306.267746841466
5319,1773708000000,10309.903191903037
5320,1773708300000,10295.361411656751
5321,1773708600000,10294.660602970182
5322,1773708900000,10326.503597666118
5323,1773709200000,10289.010332934728
5324,1773709500000,10334.300094304188
5325,1773709800000,10358.653196162428
5326,1773710100000,10366.230690085946
5327,1773710400000,10343.804812115768
5328,1773710700000,10352.758828252277
5329,1773711000000,10352.758828252277
5330,1773711300000,10352.758828252277
5331,1773711600000,10348.618552776074
5332,1773711900000,10348.969273155402
5333,1773712200000,10319.947161765898
5334,1773712500000,10351.555835952957
5335,1773712800000,10339.455982866093
5336,1773713100000,10301.709702040775
5337,1773713400000,10300.219140428624
5338,1773713700000,10284.129843026889
5339,1773714000000,10286.804085919277
5340,1773714300000,10293.29241293687
5341,1773714600000,10313.321712449482
5342,1773714900000,10313.321712449482
5343,1773715200000,10313.321712449482
5344,1773715500000,10309.19720866526
5345,1773715800000,10307.491828632523
5346,1773716100000,10281.692489675741
5347,1773716400000,10294.198609915808
5348,1773716700000,10270.324330113624
5349,1773717000000,10270.324330113624
5350,1773717300000,10270.324330113624
5351,1773717600000,10270.324330113624
5352,1773717900000,10270.324330113624
5353,1773718200000,10270.324330113624
5354,1773718500000,10270.324330113624
5355,1773718800000,10270.324330113624
5356,1773719100000,10270.324330113624
5357,1773719400000,10270.324330113624
5358,1773719700000,10270.324330113624
5359,1773720000000,10270.324330113624
5360,1773720300000,10270.324330113624
5361,1773720600000,10270.324330113624
5362,1773720900000,10270.324330113624
5363,1773721200000,10270.324330113624
5364,1773721500000,10270.324330113624
5365,1773721800000,10270.324330113624
5366,1773722100000,10270.324330113624
5367,1773722400000,10270.324330113624
5368,1773722700000,10270.324330113624
5369,1773723000000,10270.324330113624
5370,1773723300000,10270.324330113624
5371,1773723600000,10270.324330113624
5372,1773723900000,10270.324330113624
5373,1773724200000,10270.324330113624
5374,1773724500000,10270.324330113624
5375,1773724800000,10266.21620038158
5376,1773725100000,10261.247253912472
5377,1773725400000,10271.273878037633
5378,1773725700000,10297.227750220016
5379,1773726000000,10321.8062890047
5380,1773726300000,10330.280117358267
5381,1773726600000,10296.695363098326
5382,1773726900000,10299.756589048044
5383,1773727200000,10323.580912743666
5384,1773727500000,10312.933170309869
5385,1773727800000,10264.086651894819
5386,1773728100000,10270.076007013831
5387,1773728400000,10243.41228533586
5388,1773728700000,10235.356936078055
5389,1773729000000,10231.262793303624
5390,1773729300000,10222.57013969481
5391,1773729600000,10272.03442748912
5392,1773729900000,10273.269931555347
5393,1773730200000,10260.870765747854
5394,1773730500000,10250.14835545881
5395,1773730800000,10231.92467048196
5396,1773731100000,10231.262793303624
5397,1773731400000,10207.964716626197
5398,1773731700000,10156.247268985928
5399,1773732000000,10156.247268985928
5400,1773732300000,10156.247268985928
5401,1773732600000,10156.247268985928
5402,1773732900000,10156.247268985928
5403,1773733200000,10156.247268985928
5404,1773733500000,10156.247268985928
5405,1773733800000,10152.18558241565
5406,1773734100000,10162.445386797215
5407,1773734400000,10175.281056959688
5408,1773734700000,10160.262449694756
5409,1773735000000,10139.30625351113
5410,1773735300000,10163.4058791223
5411,1773735600000,10153.713638387371
5412,1773735900000,10157.293655235408
5413,1773736200000,10139.742840931622
5414,1773736500000,10140.790650740802
5415,1773736800000,10178.162533934938
5416,1773737100000,10177.594970288297
5417,1773737400000,10165.370522514513
5418,1773737700000,10131.709632394564
5419,1773738000000,10110.011237596102
5420,1773738300000,10086.329061367074
5421,1773738600000,10086.329061367074
5422,1773738900000,10086.329061367074
5423,1773739200000,10086.329061367074
5424,1773739500000,10086.329061367074
5425,1773739800000,10082.294529742527
5426,1773740100000,10068.993589438798
5427,1773740400000,10069.906399067486
5428,1773740700000,10079.643035106816
5429,1773741000000,10104.810500583477
5430,1773741300000,10102.550210074347
5431,1773741600000,10112.112977612973
5432,1773741900000,10119.067717641066
5433,1773742200000,10114.851406499034
5434,1773742500000,10122.67548903064
5435,1773742800000,10122.110416403357
5436,1773743100000,10112.112977612973
5437,1773743400000,10108.592140473751
5438,1773743700000,10110.070022729722
5439,1773744000000,10126.674464546793
5440,1773744300000,10133.75960595041
5441,1773744600000,10115.764216127722
5442,1773744900000,10114.938340749386
5443,1773745200000,10100.116051064513
5444,1773745500000,10075.1456878529
5445,1773745800000,10075.1456878529
5446,1773746100000,10075.1456878529
5447,1773746400000,10075.1456878529
5448,1773746700000,10075.1456878529
5449,1773747000000,10075.1456878529
5450,1773747300000,10075.1456878529
5451,1773747600000,10075.1456878529
5452,1773747900000,10075.1456878529
5453,1773748200000,10075.1456878529
5454,1773748500000,10075.1456878529
5455,1773748800000,10075.1456878529
5456,1773749100000,10075.1456878529
5457,1773749400000,10071.116435428246
5458,1773749700000,10103.020208533384
5459,1773750000000,10061.982519383218
5460,1773750300000,10043.757975994802
5461,1773750600000,10050.337858643352
5462,1773750900000,10050.511013449892
5463,1773751200000,10047.524093037066
5464,1773751500000,10031.117675117326
5465,1773751800000,10021.17744915159
5466,1773752100000,10021.17744915159
5467,1773752400000,10021.17744915159
5468,1773752700000,10021.17744915159
5469,1773753000000,10017.168978171929
5470,1773753300000,10014.792509989393
5471,1773753600000,10014.965344039032
5472,1773753900000,10011.508663046248
5473,1773754200000,9943.236614723302
5474,1773754500000,9943.236614723302
5475,1773754800000,9943.236614723302
5476,1773755100000,9943.236614723302
5477,1773755400000,9939.260115377281
5478,1773755700000,9947.33366040043
5479,1773756000000,9922.984873822677
5480,1773756300000,9967.325295695848
5481,1773756600000,9962.540972719167
5482,1773756900000,9954.168407509975
5483,1773757200000,9961.857498008212
5484,1773757500000,9969.973760200795
5485,1773757800000,10011.281263044104
5486,1773758100000,10001.370879735266
5487,1773758400000,10008.419212691982
5488,1773758700000,10001.712617090743
5489,1773759000000,9999.619475788444
5490,1773759300000,10010.555071163715
5491,1773759600000,10042.80653408688
5492,1773759900000,9982.532608014582
5493,1773760200000,9948.615175483468
5494,1773760500000,9963.907922141076
5495,1773760800000,9927.17179288918
5496,1773761100000,9927.17179288918
5497,1773761400000,9927.17179288918
5498,1773761700000,9927.17179288918
5499,1773762000000,9927.17179288918
5500,1773762300000,9927.17179288918
5501,1773762600000,9927.17179288918
5502,1773762900000,9927.17179288918
5503,1773763200000,9927.17179288918
5504,1773763500000,9927.17179288918
5505,1773763800000,9927.17179288918
5506,1773764100000,9927.17179288918
5507,1773764400000,9927.17179288918
5508,1773764700000,9927.17179288918
5509,1773765000000,9923.201718186965
5510,1773765300000,9906.187550929739
5511,1773765600000,9902.225075909366
5512,1773765900000,9902.054720147527
5513,1773766200000,9895.836734840408
5514,1773766500000,9898.64760491075
5515,1773766800000,9880.249182632153
5516,1773767100000,9893.835054638803
5517,1773767400000,9898.51983808937
5518,1773767700000,9886.65213525279
5519,1773768000000,9886.65213525279
5520,1773768300000,9882.698265172705
5521,1773768600000,9871.030130092324
5522,1773768900000,9893.6026677751
5523,1773769200000,9901.112703808654
5524,1773769500000,9920.672741161585
5525,1773769800000,9923.006368177661
5526,1773770100000,9928.691932180465
5527,1773770400000,9923.77010065565
5528,1773770700000,9939.087179797532
5529,1773771000000,9922.412354028114
5530,1773771300000,9923.006368177661
5531,1773771600000,9904.549499959603
5532,1773771900000,9898.312351389362
5533,1773772200000,9919.951438265707
5534,1773772500000,9926.48559391072
5535,1773772800000,9915.453902561996
5536,1773773100000,9917.914818324403
5537,1773773400000,9909.725908977081
5538,1773773700000,9898.736647210468
5539,1773774000000,9898.439640135693
5540,1773774300000,9907.05284530412
5541,1773774600000,9916.260064622096
5542,1773774900000,9920.20601575837
5543,1773775200000,9912.950557217477
5544,1773775500000,9902.920770000213
5545,1773775800000,9902.920770000213
5546,1773776100000,9898.960393767458
5547,1773776400000,9867.479361124282
5548,1773776700000,9863.066925282112
5549,1773777000000,9844.236078260059
5550,1773777300000,9844.236078260059
5551,1773777600000,9844.236078260059
5552,1773777900000,9844.236078260059
5553,1773778200000,9844.236078260059
5554,1773778500000,9844.236078260059
5555,1773778800000,9840.298383828755
5556,1773779100000,9835.816350702615
5557,1773779400000,9848.416783453464
5558,1773779700000,9838.48020057947
5559,1773780000000,9846.85230019245
5560,1773780300000,9844.019316990078
5561,1773780600000,9844.230733646973
5562,1773780900000,9841.482317107357
5563,1773781200000,9833.913600790573
5564,1773781500000,9821.197543050619
5565,1773781800000,9821.197543050619
5566,1773782100000,9821.197543050619
5567,1773782400000,9821.197543050619
5568,1773782700000,9821.197543050619
5569,1773783000000,9821.197543050619
5570,1773783300000,9821.197543050619
5571,1773783600000,9821.197543050619
5572,1773783900000,9821.197543050619
5573,1773784200000,9821.197543050619
5574,1773784500000,9821.197543050619
5575,1773784800000,9821.197543050619
5576,1773785100000,9817.269849572096
5577,1773785400000,9806.509631554532
5578,1773785700000,9803.81957705014
5579,1773786000000,9803.231127627307
5580,1773786300000,9784.436814478504
5581,1773786600000,9784.436814478504
5582,1773786900000,9784.436814478504
5583,1773787200000,9784.436814478504
5584,1773787500000,9784.436814478504
5585,1773787800000,9780.523039752714
5586,1773788100000,9775.396161611538
5587,1773788400000,9778.421860186658
5588,1773788700000,9771.277849662069
5589,1773789000000,9770.26928347036
5590,1773789300000,9763.167296537093
5591,1773789600000,9774.34557182851
5592,1773789900000,9783.338620371229
5593,1773790200000,9798.84532556872
5594,1773790500000,9801.366741047988
5595,1773790800000,9819.520932498712
5596,1773791100000,9808.804916711826
5597,1773791400000,9819.689026863996
5598,1773791700000,9826.454825066696
5599,1773792000000,9819.436885316069
5600,1773792300000,9810.780025503918
5601,1773792600000,9809.981577268818
5602,1773792900000,9830.489089833523
5603,1773793200000,9852.635522459752
5604,1773793500000,9840.952964072481
5605,1773793800000,9848.81137564953
5606,1773794100000,9860.914169950012
5607,1773794400000,9838.347501410572
5608,1773794700000,9812.208827608836
5609,1773795000000,9807.531598292535
5610,1773795300000,9803.608585653219
5611,1773795600000,9788.248977773745
5612,1773795900000,9784.831043053313
5613,1773796200000,9798.207404860435
5614,1773796500000,9797.1102900119
5615,1773796800000,9786.898682575551
5616,1773797100000,9778.628124486604
5617,1773797400000,9772.340812470005
5618,1773797700000,9778.754714661432
5619,1773798000000,9775.854174180888
5620,1773798300000,9775.854174180888
5621,1773798600000,9771.943832511217
5622,1773798900000,9766.159025870982
5623,1773799200000,9762.25334339713
5624,1773799500000,9796.283222365448
5625,1773799800000,9794.269123486929
5626,1773800100000,9789.40171786384
5627,1773800400000,9784.324510274238
5628,1773800700000,9781.261401563157
5629,1773801000000,9809.752508615547
5630,1773801300000,9804.801182205852
5631,1773801600000,9803.332568440264
5632,1773801900000,9796.283222365448
5633,1773802200000,9789.821321796864
5634,1773802500000,9783.02373808186
5635,1773802800000,9786.04488639964
5636,1773803100000,9776.981441446304
5637,1773803400000,9780.338272910501
5638,1773803700000,9776.510416036515
5639,1773804000000,9776.510416036515
5640,1773804300000,9776.510416036515
5641,1773804600000,9776.510416036515
5642,1773804900000,9776.510416036515
5643,1773805200000,9776.510416036515
5644,1773805500000,9776.510416036515
5645,1773805800000,9776.510416036515
5646,1773806100000,9776.510416036515
5647,1773806400000,9776.510416036515
5648,1773806700000,9772.600593834542
5649,1773807000000,9772.93482981841
5650,1773807300000,9760.81877540318
5651,1773807600000,9755.805235645154
5652,1773807900000,9745.903494623051
5653,1773808200000,9738.00716950416
5654,1773808500000,9732.233030703148
5655,1773808800000,9732.233030703148
5656,1773809100000,9732.233030703148
5657,1773809400000,9732.233030703148
5658,1773809700000,9732.233030703148
5659,1773810000000,9732.233030703148
5660,1773810300000,9732.233030703148
5661,1773810600000,9728.340137490868
5662,1773810900000,9729.676787606248
5663,1773811200000,9735.357550596604
5664,1773811500000,9743.085059076138
5665,1773811800000,9753.652949050847
5666,1773812100000,9752.69223178042
5667,1773812400000,9760.670362156587
5668,1773812700000,9760.169118363317
5669,1773813000000,9793.000586822303
5670,1773813300000,9776.459541644494
5671,1773813600000,9768.063708107275
5672,1773813900000,9761.296916898169
5673,1773814200000,9752.98462399316
5674,1773814500000,9758.957779196257
5675,1773814800000,9732.95386466215
5676,1773815100000,9732.95386466215
5677,1773815400000,9732.95386466215
5678,1773815700000,9729.060683116286
5679,1773816000000,9730.35863360155
5680,1773816300000,9729.102552486776
5681,1773816600000,9717.002304414476
5682,1773816900000,9736.890255398363
5683,1773817200000,9744.51048082798
5684,1773817500000,9762.430571398723
5685,1773817800000,9742.710097896805
5686,1773818100000,9756.192035195358
5687,1773818400000,9750.790886401839
5688,1773818700000,9758.32737309047
5689,1773819000000,9767.747981451257
5690,1773819300000,9776.414941143184
5691,1773819600000,9775.033251916935
5692,1773819900000,9761.802530841338
5693,1773820200000,9753.344918001874
5694,1773820500000,9757.783071274069
5695,1773820800000,9741.119061818095
5696,1773821100000,9749.702282769036
5697,1773821400000,9739.904850073815
5698,1773821700000,9744.049917752563
5699,1773822000000,9738.129752562942
5700,1773822300000,9734.234500661918
5701,1773822600000,9733.479473566065
5702,1773822900000,9731.675797725973
5703,1773823200000,9733.185851917679
5704,1773823500000,9727.942608196476
5705,1773823800000,9729.368770488643
5706,1773824100000,9730.039905684956
5707,1773824400000,9725.38390526053
5708,1773824700000,9708.22801180476
5709,1773825000000,9705.92098456743
5710,1773825300000,9693.932550124013
5711,1773825600000,9693.932550124013
5712,1773825900000,9693.932550124013
5713,1773826200000,9693.932550124013
5714,1773826500000,9693.932550124013
5715,1773826800000,9693.932550124013
5716,1773827100000,9693.932550124013
5717,1773827400000,9690.055752463495
5718,1773827700000,9698.17479441617
5719,1773828000000,9683.685427239086
5720,1773828300000,9687.057952357889
5721,1773828600000,9704.71166409089
5722,1773828900000,9699.632058356394
5723,1773829200000,9696.25953323759
5724,1773829500000,9704.003850177067
5725,1773829800000,9692.970280343941
5726,1773830100000,9669.98714620098
5727,1773830400000,9632.15805894662
5728,1773830700000,9632.15805894662
5729,1773831000000,9632.15805894662
5730,1773831300000,9632.15805894662
5731,1773831600000,9632.15805894662
5732,1773831900000,9632.15805894662
5733,1773832200000,9632.15805894662
5734,1773832500000,9632.15805894662
5735,1773832800000,9632.15805894662
5736,1773833100000,9632.15805894662
5737,1773833400000,9632.15805894662
5738,1773833700000,9632.15805894662
5739,1773834000000,9632.15805894662
5740,1773834300000,9632.15805894662
5741,1773834600000,9632.15805894662
5742,1773834900000,9632.15805894662
5743,1773835200000,9632.15805894662
5744,1773835500000,9632.15805894662
5745,1773835800000,9632.15805894662
5746,1773836100000,9632.15805894662
5747,1773836400000,9632.15805894662
5748,1773836700000,9632.15805894662
5749,1773837000000,9632.15805894662
5750,1773837300000,9632.15805894662
5751,1773837600000,9632.15805894662
5752,1773837900000,9632.15805894662
5753,1773838200000,9632.15805894662
5754,1773838500000,9632.15805894662
5755,1773838800000,9632.15805894662
5756,1773839100000,9632.15805894662
5757,1773839400000,9632.15805894662
5758,1773839700000,9632.15805894662
5759,1773840000000,9632.15805894662
5760,1773840300000,9632.15805894662
5761,1773840600000,9632.15805894662
5762,1773840900000,9632.15805894662
5763,1773841200000,9632.15805894662
5764,1773841500000,9632.15805894662
5765,1773841800000,9632.15805894662
5766,1773842100000,9632.15805894662
5767,1773842400000,9632.15805894662
5768,1773842700000,9632.15805894662
5769,1773843000000,9632.15805894662
5770,1773843300000,9632.15805894662
5771,1773843600000,9632.15805894662
5772,1773843900000,9632.15805894662
5773,1773844200000,9632.15805894662
5774,1773844500000,9632.15805894662
5775,1773844800000,9632.15805894662
5776,1773845100000,9632.15805894662
5777,1773845400000,9632.15805894662
5778,1773845700000,9632.15805894662
5779,1773846000000,9632.15805894662
5780,1773846300000,9632.15805894662
5781,1773846600000,9632.15805894662
5782,1773846900000,9632.15805894662
5783,1773847200000,9632.15805894662
5784,1773847500000,9632.15805894662
5785,1773847800000,9632.15805894662
5786,1773848100000,9632.15805894662
5787,1773848400000,9632.15805894662
5788,1773848700000,9632.15805894662
5789,1773849000000,9632.15805894662
5790,1773849300000,9632.15805894662
5791,1773849600000,9632.15805894662
5792,1773849900000,9632.15805894662
5793,1773850200000,9632.15805894662
5794,1773850500000,9632.15805894662
5795,1773850800000,9632.15805894662
5796,1773851100000,9632.15805894662
5797,1773851400000,9632.15805894662
5798,1773851700000,9632.15805894662
5799,1773852000000,9632.15805894662
5800,1773852300000,9632.15805894662
5801,1773852600000,9628.30519572304
5802,1773852900000,9647.522262539038
5803,1773853200000,9637.869653289717
5804,1773853500000,9651.136481527368
5805,1773853800000,9642.717995835037
5806,1773854100000,9626.36585870491
5807,1773854400000,9585.5957054829
5808,1773854700000,9569.18914379834
5809,1773855000000,9565.361468140822
5810,1773855300000,9503.966883584368
5811,1773855600000,9528.803585640562
5812,1773855900000,9519.261063271604
5813,1773856200000,9531.89728010721
5814,1773856500000,9530.938670554166
5815,1773856800000,9469.683883056296
5816,1773857100000,9469.683883056296
5817,1773857400000,9469.683883056296
5818,1773857700000,9469.683883056296
5819,1773858000000,9465.896009503072
5820,1773858300000,9461.844457497176
5821,1773858600000,9476.369702454484
5822,1773858900000,9455.637824637082
5823,1773859200000,9453.137930846211
5824,1773859500000,9482.36082722916
5825,1773859800000,9544.38405421303
5826,1773860100000,9534.25517419829
5827,1773860400000,9482.705640165832
5828,1773860700000,9484.73141616878
5829,1773861000000,9502.273774321966
5830,1773861300000,9472.619861768177
5831,1773861600000,9492.662113712235
5832,1773861900000,9481.800506207068
5833,1773862200000,9477.231734796163
5834,1773862500000,9491.455268433881
5835,1773862800000,9490.722540943454
5836,1773863100000,9514.773243276324
5837,1773863400000,9515.462869149667
5838,1773863700000,9514.212922254232
5839,1773864000000,9520.67816481683
5840,1773864300000,9603.045355064347
5841,1773864600000,9575.201710428086
5842,1773864900000,9578.3912300923
5843,1773865200000,9566.538341722842
5844,1773865500000,9566.538341722842
5845,1773865800000,9562.711726386153
5846,1773866100000,9555.175120310056
5847,1773866400000,9572.745928661889
5848,1773866700000,9529.673348587443
5849,1773867000000,9540.145725635044
5850,1773867300000,9544.790378216825
5851,1773867600000,9528.052101931538
5852,1773867900000,9519.06951910828
5853,1773868200000,9537.560494481033
5854,1773868500000,9516.834827771763
5855,1773868800000,9500.437232890401
5856,1773869100000,9500.437232890401
5857,1773869400000,9500.437232890401
5858,1773869700000,9500.437232890401
5859,1773870000000,9500.437232890401
5860,1773870300000,9500.437232890401
5861,1773870600000,9500.437232890401
5862,1773870900000,9500.437232890401
5863,1773871200000,9496.637817880244
5864,1773871500000,9482.197944479085
5865,1773871800000,9469.184765156486
5866,1773872100000,9488.855850179021
5867,1773872400000,9485.397197867367
5868,1773872700000,9485.26749840568
5869,1773873000000,9470.265594003877
5870,1773873300000,9471.432889159061
5871,1773873600000,9474.891541470713
5872,1773873900000,9475.54003877915
5873,1773874200000,9475.323873009671
5874,1773874500000,9487.126524023193
5875,1773874800000,9476.577634472646
5876,1773875100000,9490.282544257578
5877,1773875400000,9483.45170594206
5878,1773875700000,9472.254319083077
5879,1773876000000,9476.664100780437
5880,1773876300000,9489.504347487456
5881,1773876600000,9518.600260059253
5882,1773876900000,9525.387865220877
5883,1773877200000,9521.54011452416
5884,1773877500000,9536.844651003232
5885,1773877800000,9531.483739920168
5886,1773878100000,9525.949896221518
5887,1773878400000,9531.431307709168
5888,1773878700000,9531.431307709168
5889,1773879000000,9531.431307709168
5890,1773879300000,9527.619497548116
5891,1773879600000,9516.18370312599
5892,1773879900000,9545.033093599995
5893,1773880200000,9503.57833881978
5894,1773880500000,9508.776427193474
5895,1773880800000,9497.90375901183
5896,1773881100000,9497.470584980689
5897,1773881400000,9505.137765331889
5898,1773881700000,9500.979294632933
5899,1773882000000,9493.268796878618
5900,1773882300000,9491.146244126026
5901,1773882600000,9487.566665663653
5902,1773882900000,9487.566665663653
5903,1773883200000,9487.566665663653
5904,1773883500000,9483.771638997387
5905,1773883800000,9469.36284009712
5906,1773884100000,9459.973322495443
5907,1773884400000,9453.526142206734
5908,1773884700000,9446.638147726482
5909,1773885000000,9446.638147726482
5910,1773885300000,9442.86024804733
5911,1773885600000,9430.78223096113
5912,1773885900000,9444.579538735756
5913,1773886200000,9456.227733149848
5914,1773886500000,9456.227733149848
5915,1773886800000,9458.24789970875
5916,1773887100000,9465.039097928036
5917,1773887400000,9470.454863596582
5918,1773887700000,9471.959242948955
5919,1773888000000,9473.979409507856
5920,1773888300000,9452.488275902519
5921,1773888600000,9448.791800922401
5922,1773888900000,9441.82867363427
5923,1773889200000,9458.677722380855
5924,1773889500000,9474.753090317648
5925,1773889800000,9479.223246107558
5926,1773890100000,9559.986926196414
5927,1773890400000,9579.328946441217
5928,1773890700000,9578.082460692109
5929,1773891000000,9542.922966113776
5930,1773891300000,9517.950268864375
5931,1773891600000,9496.957439065607
5932,1773891900000,9496.957439065607
5933,1773892200000,9496.957439065607
5934,1773892500000,9493.159415694654
5935,1773892800000,9483.890637940427
5936,1773893100000,9452.35104697118
5937,1773893400000,9445.270730631146
5938,1773893700000,9438.705346388566
5939,1773894000000,9430.251877788647
5940,1773894300000,9413.783575998961
5941,1773894600000,9413.783575998961
5942,1773894900000,9413.783575998961
5943,1773895200000,9413.783575998961
5944,1773895500000,9413.783575998961
5945,1773895800000,9413.783575998961
5946,1773896100000,9413.783575998961
5947,1773896400000,9413.783575998961
5948,1773896700000,9413.783575998961
5949,1773897000000,9413.783575998961
5950,1773897300000,9410.018062568563
5951,1773897600000,9420.255371234116
5952,1773897900000,9440.001811798222
5953,1773898200000,9456.278704237178
5954,1773898500000,9443.942533125546
5955,1773898800000,9440.38731714546
5956,1773899100000,9438.074285062028
5957,1773899400000,9439.444970741099
5958,1773899700000,9446.855240193572
5959,1773900000000,9463.474804052297
5960,1773900300000,9449.767947261596
5961,1773900600000,9437.474610077435
5962,1773900900000,9433.362553040224
5963,1773901200000,9441.75800282453
5964,1773901500000,9454.137007863632
5965,1773901800000,9472.469928821196
5966,1773902100000,9462.532457647936
5967,1773902400000,9457.26388456901
5968,1773902700000,9469.94272710041
5969,1773903000000,9490.288842649108
5970,1773903300000,9483.264078543874
5971,1773903600000,9487.033464161315
5972,1773903900000,9513.719000975712
5973,1773904200000,9568.632095993462
5974,1773904500000,9571.91169115273
5975,1773904800000,9571.91169115273
5976,1773905100000,9571.91169115273
5977,1773905400000,9571.91169115273
5978,1773905700000,9571.91169115273
5979,1773906000000,9571.91169115273
5980,1773906300000,9571.91169115273
5981,1773906600000,9568.082926476269
5982,1773906900000,9587.393757686485
5983,1773907200000,9604.588333421605
5984,1773907500000,9596.035134209777
5985,1773907800000,9591.846711915323
5986,1773908100000,9589.157303915727
5987,1773908400000,9587.349669030751
5988,1773908700000,9618.784880567015
5989,1773909000000,9619.84300830456
5990,1773909300000,9622.841036894275
5991,1773909600000,9612.480202797471
5992,1773909900000,9600.003113225572
5993,1773910200000,9606.79276620816
5994,1773910500000,9613.935128436597
5995,1773910800000,9595.37380437381
5996,1773911100000,9590.259520309002
5997,1773911400000,9599.42996070107
5998,1773911700000,9584.660261031155
5999,1773912000000,9530.034416580344
6000,1773912300000,9528.888111531336
6001,1773912600000,9541.056580513114
6002,1773912900000,9517.651239008956
6003,1773913200000,9517.651239008956
6004,1773913500000,9517.651239008956
6005,1773913800000,9517.651239008956
6006,1773914100000,9517.651239008956
6007,1773914400000,9517.651239008956
6008,1773914700000,9517.651239008956
6009,1773915000000,9517.651239008956
6010,1773915300000,9517.651239008956
6011,1773915600000,9517.651239008956
6012,1773915900000,9517.651239008956
6013,1773916200000,9513.8449397732
6014,1773916500000,9510.963372104306
6015,1773916800000,9509.91552931562
6016,1773917100000,9507.95082408683
6017,1773917400000,9499.39344131255
6018,1773917700000,9486.295406453954
6019,1773918000000,9487.212268894054
6020,1773918300000,9477.388742750107
6021,1773918600000,9472.419814693387
6022,1773918900000,9472.419814693387
6023,1773919200000,9468.630846767512
6024,1773919500000,9463.706419134987
6025,1773919800000,9480.789389329226
6026,1773920100000,9496.695726372329
6027,1773920400000,9494.21172305327
6028,1773920700000,9492.163509790185
6029,1773921000000,9492.642878851757
6030,1773921300000,9497.828780517864
6031,1773921600000,9519.138914255063
6032,1773921900000,9530.425876704827
6033,1773922200000,9519.008177238271
6034,1773922500000,9535.393883342947
6035,1773922800000,9530.207981676842
6036,1773923100000,9546.55010877592
6037,1773923400000,9552.651169559575
6038,1773923700000,9545.460633635981
6039,1773924000000,9553.174117626746
6040,1773924300000,9582.546367399491
6041,1773924600000,9641.770236006554
6042,1773924900000,9648.0456128126
6043,1773925200000,9639.373390698687
6044,1773925500000,9648.612139885367
6045,1773925800000,9704.393267050224
6046,1773926100000,9669.3121675442
6047,1773926400000,9661.69925886062
6048,1773926700000,9661.69925886062
6049,1773927000000,9661.69925886062
6050,1773927300000,9661.69925886062
6051,1773927600000,9657.834579157077
6052,1773927900000,9649.24881207797
6053,1773928200000,9638.04212662735
6054,1773928500000,9660.59106227195
6055,1773928800000,9672.340006695988
6056,1773929100000,9699.40776711906
6057,1773929400000,9707.315710481394
6058,1773929700000,9724.893938869667
6059,1773930000000,9732.666317488647
6060,1773930300000,9786.892214830366
6061,1773930600000,9767.325703539564
6062,1773930900000,9794.167522723714
6063,1773931200000,9763.575078973428
6064,1773931500000,9752.684711257298
6065,1773931800000,9719.606913878852
6066,1773932100000,9732.033682019663
6067,1773932400000,9691.99689448236
6068,1773932700000,9706.863828003547
6069,1773933000000,9701.621991260516
6070,1773933300000,9750.33492237249
6071,1773933600000,9775.956658866453
6072,1773933900000,9773.832811220569
6073,1773934200000,9774.194317202848
6074,1773934500000,9767.77758601741
6075,1773934800000,9805.579994552789
6076,1773935100000,9801.657762554967
6077,1773935400000,9786.246223749817
6078,1773935700000,9801.19495358184
6079,1773936000000,9819.42962712307
6080,1773936300000,9804.851144469549
6081,1773936600000,9816.74533507893
6082,1773936900000,9850.993199090375
6083,1773937200000,9842.107266806324
6084,1773937500000,9828.778368380248
6085,1773937800000,9841.922143217073
6086,1773938100000,9815.310627262232
6087,1773938400000,9810.080885865891
6088,1773938700000,9824.057716854346
6089,1773939000000,9825.631267362978
6090,1773939300000,9818.411447382188
6091,1773939600000,9835.257694004036
6092,1773939900000,9858.814670736232
6093,1773940200000,9844.652716158525
6094,1773940500000,9803.786683831355
6095,1773940800000,9769.50903801991
6096,1773941100000,9769.50903801991
6097,1773941400000,9765.601234404703
6098,1773941700000,9781.30539723481
6099,1773942000000,9782.27251576687
6100,1773942300000,9763.022251652546
6101,1773942600000,9734.008695690763
6102,1773942900000,9739.765353619689
6103,1773943200000,9758.555085099699
6104,1773943500000,9753.581332649108
6105,1773943800000,9744.831212597142
6106,1773944100000,9756.114262137837
6107,1773944400000,9764.542009345781
6108,1773944700000,9777.252710052846
6109,1773945000000,9789.641037915893
6110,1773945300000,9786.002830104813
6111,1773945600000,9786.371256212264
6112,1773945900000,9790.884476028541
6113,1773946200000,9772.923703290295
6114,1773946500000,9748.607580198517
6115,1773946800000,9694.861913754436
6116,1773947100000,9694.861913754436
6117,1773947400000,9694.861913754436
6118,1773947700000,9694.861913754436
6119,1773948000000,9694.861913754436
6120,1773948300000,9694.861913754436
6121,1773948600000,9694.861913754436
6122,1773948900000,9694.861913754436
6123,1773949200000,9694.861913754436
6124,1773949500000,9694.861913754436
6125,1773949800000,9694.861913754436
6126,1773950100000,9694.861913754436
6127,1773950400000,9694.861913754436
6128,1773950700000,9694.861913754436
6129,1773951000000,9694.861913754436
6130,1773951300000,9694.861913754436
6131,1773951600000,9694.861913754436
6132,1773951900000,9690.984744422802
6133,1773952200000,9700.989498163499
6134,1773952500000,9732.361870753108
6135,1773952800000,9722.35711701241
6136,1773953100000,9714.796963733239
6137,1773953400000,9717.37737533152
6138,1773953700000,9716.607778889927
6139,1773954000000,9721.270627918399
6140,1773954300000,9741.506487294379
6141,1773954600000,9750.288940804314
6142,1773954900000,9733.584170983871
6143,1773955200000,9718.644945941202
6144,1773955500000,9727.3368586933
6145,1773955800000,9722.809820801582
6146,1773956100000,9728.242266271645
6147,1773956400000,9727.880103240308
6148,1773956700000,9722.719280043748
6149,1773957000000,9721.134816781647
6150,1773957300000,9732.905115300113
6151,1773957600000,9717.648997605023
6152,1773957900000,9729.645648018077
6153,1773958200000,9734.715930456801
6154,1773958500000,9740.555809337118
6155,1773958800000,9734.172685909796
6156,1773959100000,9728.016792573519
6157,1773959400000,9728.016792573519
6158,1773959700000,9728.016792573519
6159,1773960000000,9728.016792573519
6160,1773960300000,9728.016792573519
6161,1773960600000,9728.016792573519
6162,1773960900000,9728.016792573519
6163,1773961200000,9724.126363942216
6164,1773961500000,9723.945112751835
6165,1773961800000,9724.896681501335
6166,1773962100000,9698.343382110515
6167,1773962400000,9689.462073781844
6168,1773962700000,9708.720012759828
6169,1773963000000,9680.082324679628
6170,1773963300000,9654.65041399161
6171,1773963600000,9654.65041399161
6172,1773963900000,9654.65041399161
6173,1773964200000,9654.65041399161
6174,1773964500000,9654.65041399161
6175,1773964800000,9654.65041399161
6176,1773965100000,9654.65041399161
6177,1773965400000,9654.65041399161
6178,1773965700000,9654.65041399161
6179,1773966000000,9650.788553826016
6180,1773966300000,9640.324617136042
6181,1773966600000,9632.025632864681
6182,1773966900000,9613.030990098288
6183,1773967200000,9613.030990098288
6184,1773967500000,9613.030990098288
6185,1773967800000,9609.186546590952
6186,1773968100000,9615.819382481179
6187,1773968400000,9636.166054739038
6188,1773968700000,9645.487878152331
6189,1773969000000,9644.54673251926
6190,1773969300000,9640.468434775943
6191,1773969600000,9632.715187417773
6192,1773969900000,9634.149314096741
6193,1773970200000,9650.776220281028
6194,1773970500000,9676.411234667581
6195,1773970800000,9676.187152373994
6196,1773971100000,9672.46738630042
6197,1773971400000,9658.843182850222
6198,1773971700000,9639.482472684154
6199,1773972000000,9630.339915105733
6200,1773972300000,9621.062908151156
6201,1773972600000,9612.421424700233
6202,1773972900000,9612.421424700233
6203,1773973200000,9612.421424700233
6204,1773973500000,9612.421424700233
6205,1773973800000,9612.421424700233
6206,1773974100000,9612.421424700233
6207,1773974400000,9608.576456130353
6208,1773974700000,9601.310153409937
6209,1773975000000,9587.584914938041
6210,1773975300000,9602.38664270185
6211,1773975600000,9602.924887347806
6212,1773975900000,9598.349807857174
6213,1773976200000,9597.632148329232
6214,1773976500000,9572.326764557816
6215,1773976800000,9572.326764557816
6216,1773977100000,9572.326764557816
6217,1773977400000,9572.326764557816
6218,1773977700000,9568.498599485009
6219,1773978000000,9565.783058335996
6220,1773978300000,9573.885164715015
6221,1773978600000,9581.497583345852
6222,1773978900000,9577.312978952292
6223,1773979200000,9584.168607426845
6224,1773979500000,9605.803902482907
6225,1773979800000,9603.132878401912
6226,1773980100000,9590.668099357268
6227,1773980400000,9588.93193370462
6228,1773980700000,9591.202304173466
6229,1773981000000,9539.040007314401
6230,1773981300000,9539.040007314401
6231,1773981600000,9539.040007314401
6232,1773981900000,9539.040007314401
6233,1773982200000,9539.040007314401
6234,1773982500000,9535.225154282083
6235,1773982800000,9531.807638121629
6236,1773983100000,9546.320985971872
6237,1773983400000,9546.89796921974
6238,1773983700000,9540.728686800217
6239,1773984000000,9532.029554755423
6240,1773984300000,9512.722807615195
6241,1773984600000,9488.288106531303
6242,1773984900000,9488.288106531303
6243,1773985200000,9484.49279128869
6244,1773985500000,9491.438278878271
6245,1773985800000,9501.126570484115
6246,1773986100000,9504.046329598208
6247,1773986400000,9506.08131322318
6248,1773986700000,9513.026800812759
6249,1773987000000,9509.753131503021
6250,1773987300000,9528.996998391347
6251,1773987600000,9520.370437372443
6252,1773987900000,9513.203755910581
6253,1773988200000,9508.77987846499
6254,1773988500000,9518.025782326278
6255,1773988800000,9519.662616981146
6256,1773989100000,9518.158498649647
6257,1773989400000,9515.990798701305
6258,1773989700000,9520.680108793633
6259,1773990000000,9561.1585874208
6260,1773990300000,9545.719255135686
6261,1773990600000,9556.292322230649
6262,1773990900000,9540.587557298797
6263,1773991200000,9503.39529585143
6264,1773991500000,9499.593937733089
6265,1773991800000,9462.97764152302
6266,1773992100000,9457.200798674345
6267,1773992400000,9436.493038924476
6268,1773992700000,9447.8689756111
6269,1773993000000,9444.625056165303
6270,1773993300000,9444.65802851081
6271,1773993600000,9444.65802851081
6272,1773993900000,9444.65802851081
6273,1773994200000,9444.65802851081
6274,1773994500000,9444.65802851081
6275,1773994800000,9444.65802851081
6276,1773995100000,9444.65802851081
6277,1773995400000,9444.65802851081
6278,1773995700000,9444.65802851081
6279,1773996000000,9444.65802851081
6280,1773996300000,9444.65802851081
6281,1773996600000,9444.65802851081
6282,1773996900000,9444.65802851081
6283,1773997200000,9440.880920720965
6284,1773997500000,9441.711476244336
6285,1773997800000,9418.849342627307
6286,1773998100000,9397.473466262629
6287,1773998400000,9352.990213425235
6288,1773998700000,9352.990213425235
6289,1773999000000,9352.990213425235
6290,1773999300000,9352.990213425235
6291,1773999600000,9352.990213425235
6292,1773999900000,9352.990213425235
6293,1774000200000,9352.990213425235
6294,1774000500000,9352.990213425235
6295,1774000800000,9352.990213425235
6296,1774001100000,9352.990213425235
6297,1774001400000,9352.990213425235
6298,1774001700000,9352.990213425235
6299,1774002000000,9352.990213425235
6300,1774002300000,9352.990213425235
6301,1774002600000,9349.249017339866
6302,1774002900000,9331.598568693453
6303,1774003200000,9319.2345167951
6304,1774003500000,9313.90443081772
6305,1774003800000,9318.579178355258
6306,1774004100000,9316.132581513182
6307,1774004400000,9309.090970053974
6308,1774004700000,9309.090970053974
6309,1774005000000,9309.090970053974
6310,1774005300000,9309.090970053974
6311,1774005600000,9309.090970053974
6312,1774005900000,9305.368078244315
6313,1774006200000,9296.71192189246
6314,1774006500000,9249.340766573776
6315,1774006800000,9249.340766573776
6316,1774007100000,9249.340766573776
6317,1774007400000,9249.340766573776
6318,1774007700000,9249.340766573776
6319,1774008000000,9249.340766573776
6320,1774008300000,9249.340766573776
6321,1774008600000,9245.641030267147
6322,1774008900000,9246.503094033336
6323,1774009200000,9240.51175085832
6324,1774009500000,9260.684042987148
6325,1774009800000,9278.571866135575
6326,1774010100000,9273.658102668294
6327,1774010400000,9274.95119831758
6328,1774010700000,9267.968481811447
6329,1774011000000,9270.85639542818
6330,1774011300000,9266.028838337521
6331,1774011600000,9267.235727610187
6332,1774011900000,9260.080598350814
6333,1774012200000,9275.72705570715
6334,1774012500000,9264.390917181761
6335,1774012800000,9248.830666202048
6336,1774013100000,9241.589330566056
6337,1774013400000,9302.494135647325
6338,1774013700000,9311.718217945549
6339,1774014000000,9266.201251090759
6340,1774014300000,9268.528823259468
6341,1774014600000,9306.416525783485
6342,1774014900000,9325.25261907472
6343,1774015200000,9318.74403763999
6344,1774015500000,9321.24402256194
6345,1774015800000,9334.257457026299
6346,1774016100000,9334.257457026299
6347,1774016400000,9334.257457026299
6348,1774016700000,9330.52375404349
6349,1774017000000,9289.524215314324
6350,1774017300000,9304.298036306283
6351,1774017600000,9327.46408697415
6352,1774017900000,9328.950210979257
6353,1774018200000,9370.168297356233
6354,1774018500000,9357.711081431058
6355,1774018800000,9369.8623306493
6356,1774019100000,9389.619038011328
6357,1774019400000,9353.296418945298
6358,1774019700000,9382.188417985786
6359,1774020000000,9349.01288504822
6360,1774020300000,9353.077871297486
6361,1774020600000,9341.276298315744
6362,1774020900000,9343.898870089464
6363,1774021200000,9344.68564162158
6364,1774021500000,9336.031154768301
6365,1774021800000,9337.779535950782
6366,1774022100000,9337.123893007352
6367,1774022400000,9312.90881363
6368,1774022700000,9322.43749107452
6369,1774023000000,9313.870423280365
6370,1774023300000,9295.861267840122
6371,1774023600000,9295.861267840122
6372,1774023900000,9295.861267840122
6373,1774024200000,9292.142923332987
6374,1774024500000,9297.235019687843
6375,1774024800000,9295.929353955828
6376,1774025100000,9299.71578457867
6377,1774025400000,9295.232998898755
6378,1774025700000,9285.962772201452
6379,1774026000000,9271.735508927388
6380,1774026300000,9268.026814723817
6381,1774026600000,9281.43807128796
6382,1774026900000,9280.74363729111
6383,1774027200000,9283.00054778087
6384,1774027500000,9291.11674511904
6385,1774027800000,9315.248326509538
6386,1774028100000,9299.970778578863
6387,1774028400000,9317.765649748113
6388,1774028700000,9310.213680032384
6389,1774029000000,9291.507364242269
6390,1774029300000,9266.073719107679
6391,1774029600000,9280.917245790322
6392,1774029900000,9271.455582583258
6393,1774030200000,9272.106614455302
6394,1774030500000,9277.271467306866
6395,1774030800000,9314.076469139854
6396,1774031100000,9314.380284013478
6397,1774031400000,9325.361021588647
6398,1774031700000,9330.178657441787
6399,1774032000000,9323.147513223694
6400,1774032300000,9321.454830356375
6401,1774032600000,9314.55389251269
6402,1774032900000,9324.23256634377
6403,1774033200000,9314.944511635917
6404,1774033500000,9321.966138047554
6405,1774033800000,9318.237351592334
6406,1774034100000,9313.677153290584
6407,1774034400000,9334.066501466674
6408,1774034700000,9321.964436742803
6409,1774035000000,9335.031158799737
6410,1774035300000,9344.283099585014
6411,1774035600000,9302.715138142148
6412,1774035900000,9326.612331165737
6413,1774036200000,9291.533882690746
6414,1774036500000,9287.806797540277
6415,1774036800000,9289.385327721651
6416,1774037100000,9282.194245784278
6417,1774037400000,9276.060097641503
6418,1774037700000,9276.060097641503
6419,1774038000000,9272.350415538867
6420,1774038300000,9268.902825721625
6421,1774038600000,9268.902825721625
6422,1774038900000,9265.195264591337
6423,1774039200000,9265.238807346861
6424,1774039500000,9246.384794204798
6425,1774039800000,9244.479557768604
6426,1774040100000,9244.479557768604
6427,1774040400000,9244.479557768604
6428,1774040700000,9244.479557768604
6429,1774041000000,9244.479557768604
6430,1774041300000,9244.479557768604
6431,1774041600000,9244.479557768604
6432,1774041900000,9244.479557768604
6433,1774042200000,9244.479557768604
6434,1774042500000,9244.479557768604
6435,1774042800000,9244.479557768604
6436,1774043100000,9244.479557768604
6437,1774043400000,9244.479557768604
6438,1774043700000,9244.479557768604
6439,1774044000000,9244.479557768604
6440,1774044300000,9244.479557768604
6441,1774044600000,9244.479557768604
6442,1774044900000,9244.479557768604
6443,1774045200000,9244.479557768604
6444,1774045500000,9244.479557768604
6445,1774045800000,9244.479557768604
6446,1774046100000,9244.479557768604
6447,1774046400000,9244.479557768604
6448,1774046700000,9244.479557768604
6449,1774047000000,9244.479557768604
6450,1774047300000,9244.479557768604
6451,1774047600000,9240.782505355979
6452,1774047900000,9222.234218033927
6453,1774048200000,9211.37144791245
6454,1774048500000,9219.958617968956
6455,1774048800000,9223.908716194948
6456,1774049100000,9217.640082053698
6457,1774049400000,9218.32705565822
6458,1774049700000,9215.364481988725
6459,1774050000000,9216.137327293809
6460,1774050300000,9219.658067016977
6461,1774050600000,9209.318177539217
6462,1774050900000,9205.635186866337
6463,1774051200000,9213.99918897907
6464,1774051500000,9204.691555858746
6465,1774051800000,9207.265094970357
6466,1774052100000,9240.849780376868
6467,1774052400000,9227.638946270603
6468,1774052700000,9224.464914699618
6469,1774053000000,9227.896300181765
6470,1774053300000,9233.429409271725
6471,1774053600000,9222.835006595598
6472,1774053900000,9224.550699336673
6473,1774054200000,9234.415932597843
6474,1774054500000,9236.002948383337
6475,1774054800000,9230.55562393043
6476,1774055100000,9244.49562745165
6477,1774055400000,9244.409842814597
6478,1774055700000,9234.844855783113
6479,1774056000000,9238.748056769055
6480,1774056300000,9237.461287213247
6481,1774056600000,9228.453900322613
6482,1774056900000,9230.684300886009
6483,1774057200000,9215.158851318056
6484,1774057500000,9211.473524842824
6485,1774057800000,9203.331865372396
6486,1774058100000,9202.431997746717
6487,1774058400000,9200.332306620132
6488,1774058700000,9206.674230839202
6489,1774059000000,9204.874495587845
6490,1774059300000,9213.059005897592
6491,1774059600000,9218.843869205528
6492,1774059900000,9221.114963689384
6493,1774060200000,9219.615184313252
6494,1774060500000,9219.529482634616
6495,1774060800000,9230.070789106856
6496,1774061100000,9231.356314286399
6497,1774061400000,9237.483984308878
6498,1774061700000,9233.92736464548
6499,1774062000000,9224.7144341921
6500,1774062300000,9232.470436108666
6501,1774062600000,9229.042368963224
6502,1774062900000,9222.400488868925
6503,1774063200000,9223.60031236983
6504,1774063500000,9227.58544042641
6505,1774063800000,9221.800577118474
6506,1774064100000,9220.686455296203
6507,1774064400000,9223.38605817324
6508,1774064700000,9221.795924019534
6509,1774065000000,9218.107943246081
6510,1774065300000,9222.047525212647
6511,1774065600000,9232.23905247398
6512,1774065900000,9233.095483336276
6513,1774066200000,9230.354904576927
6514,1774066500000,9231.296978525455
6515,1774066800000,9232.924197163817
6516,1774067100000,9233.909092655458
6517,1774067400000,9213.269108874105
6518,1774067700000,9215.495829116076
6519,1774068000000,9215.62429374542
6520,1774068300000,9212.366456815
6521,1774068600000,9208.681510232273
6522,1774068900000,9208.166222533631
6523,1774069200000,9204.483692550613
6524,1774069500000,9206.92062998228
6525,1774069800000,9203.067285252435
6526,1774070100000,9199.386794436497
6527,1774070400000,9197.551449951663
6528,1774070700000,9202.118469948808
6529,1774071000000,9200.027030884696
6530,1774071300000,9193.710031262475
6531,1774071600000,9198.533145838901
6532,1774071900000,9194.307585280792
6533,1774072200000,9192.47224079596
6534,1774072500000,9191.191767899563
6535,1774072800000,9190.807626030646
6536,1774073100000,9184.315756943934
6537,1774073400000,9180.642030641155
6538,1774073700000,9171.292867541111
6539,1774074000000,9167.625083950814
6540,1774074300000,9170.391364835328
6541,1774074600000,9169.540201486248
6542,1774074900000,9169.072061644252
6543,1774075200000,9173.668343729292
6544,1774075500000,9171.838342528767
6545,1774075800000,9169.965783160787
6546,1774076100000,9174.68973974819
6547,1774076400000,9174.774856083099
6548,1774076700000,9175.072763255275
6549,1774077000000,9174.81741425055
6550,1774077300000,9187.116724644777
6551,1774077600000,9185.754863286247
6552,1774077900000,9192.521611911443
6553,1774078200000,9181.882070047926
6554,1774078500000,9180.860674029029
6555,1774078800000,9182.43532622483
6556,1774079100000,9177.11555529307
6557,1774079400000,9168.127432919398
6558,1774079700000,9164.460915249765
6559,1774080000000,9162.505304223487
6560,1774080300000,9163.950755851605
6561,1774080600000,9166.501552842401
6562,1774080900000,9154.512806985658
6563,1774081200000,9154.640346835198
6564,1774081500000,9138.22997301192
6565,1774081800000,9134.574681022714
6566,1774082100000,9131.900313193162
6567,1774082400000,9130.28720243883
6568,1774082700000,9131.772962344137
6569,1774083000000,9129.56554762768
6570,1774083300000,9129.013693948567
6571,1774083600000,9114.400811096684
6572,1774083900000,9114.400811096684
6573,1774084200000,9114.400811096684
6574,1774084500000,9110.75577977851
6575,1774084800000,9110.03741588038
6576,1774085100000,9106.868163388632
6577,1774085400000,9113.248925072017
6578,1774085700000,9120.136767154085
6579,1774086000000,9118.869066157384
6580,1774086300000,9121.911548549464
6581,1774086600000,9120.939644451993
6582,1774086900000,9122.249602148584
6583,1774087200000,9116.502690963545
6584,1774087500000,9118.995836257054
6585,1774087800000,9110.882549878179
6586,1774088100000,9105.93851599105
6587,1774088400000,9099.424198496978
6588,1774088700000,9095.78442881758
6589,1774089000000,9092.485806399323
6590,1774089300000,9088.84953933018
6591,1774089600000,9084.213102361397
6592,1774089900000,9076.120412379523
6593,1774090200000,9077.258446908225
6594,1774090500000,9076.787849287608
6595,1774090800000,9073.157134147892
6596,1774091100000,9075.937870787959
6597,1774091400000,9078.592210308025
6598,1774091700000,9070.966250734506
6599,1774092000000,9069.112426307793
6600,1774092300000,9069.112426307793
6601,1774092600000,9068.31191121444
6602,1774092900000,9063.761614894329
6603,1774093200000,9060.509061918488
6604,1774093500000,9056.885582989507
6605,1774093800000,9054.995748337418
6606,1774094100000,9060.161296386457
6607,1774094400000,9068.43457253004
6608,1774094700000,9068.140598250828
6609,1774095000000,9066.628730529157
6610,1774095300000,9063.269024481002
6611,1774095600000,9068.938528437264
6612,1774095900000,9069.148510065275
6613,1774096200000,9059.741333130438
6614,1774096500000,9066.92270480837
6615,1774096800000,9064.444921597855
6616,1774097100000,9061.799153084934
6617,1774097400000,9058.565436013583
6618,1774097700000,9062.723072248176
6619,1774098000000,9057.725509501544
6620,1774098300000,9060.87523392169
6621,1774098600000,9059.867322107244
6622,1774098900000,9068.266587227634
6623,1774099200000,9055.87767117506
6624,1774099500000,9054.575785081399
6625,1774099800000,9060.539263316876
6626,1774100100000,9052.685950429312
6627,1774100400000,9047.847831822784
6628,1774100700000,9044.228692690054
6629,1774101000000,9042.712637293163
6630,1774101300000,9039.095552238246
6631,1774101600000,9036.11172364563
6632,1774101900000,9032.498001700562
6633,1774102200000,9063.392935147236
6634,1774102500000,9061.048604153992
6635,1774102800000,9052.424815143131
6636,1774103100000,9050.24793636369
6637,1774103400000,9060.336932245329
6638,1774103700000,9045.391822163401
6639,1774104000000,9047.024481247981
6640,1774104300000,9025.32842745797
6641,1774104600000,9025.32842745797
6642,1774104900000,9025.32842745797
6643,1774105200000,9025.32842745797
6644,1774105500000,9025.32842745797
6645,1774105800000,9025.32842745797
6646,1774106100000,9025.32842745797
6647,1774106400000,9025.32842745797
6648,1774106700000,9025.32842745797
6649,1774107000000,9021.719017968882
6650,1774107300000,9000.38722219545
6651,1774107600000,8996.787067306572
6652,1774107900000,8992.31633041982
6653,1774108200000,8992.274547832094
6654,1774108500000,8992.525243358454
6655,1774108800000,8997.204893183838
6656,1774109100000,8998.040544938369
6657,1774109400000,9004.558628623727
6658,1774109700000,9011.787016300434
6659,1774110000000,9011.076712309083
6660,1774110300000,9019.224316915777
6661,1774110600000,9011.745233712709
6662,1774110900000,9016.46666612582
6663,1774111200000,9020.519577135303
6664,1774111500000,9013.20762428314
6665,1774111800000,9020.477794547576
6666,1774112100000,9027.915095162918
6667,1774112400000,9019.892838319402
6668,1774112700000,9037.107264462778
6669,1774113000000,9034.892787313267
6670,1774113300000,9032.552962400574
6671,1774113600000,9022.107315468915
6672,1774113900000,9023.736836390253
6673,1774114200000,9019.851055731677
6674,1774114500000,9015.0502950145
6675,1774114800000,9011.444274896496
6676,1774115100000,9014.170084851074
6677,1774115400000,9015.553957597245
6678,1774115700000,9016.392668352502
6679,1774116000000,9015.805570823823
6680,1774116300000,9012.912018718192
6681,1774116600000,9010.01846661256
6682,1774116900000,9009.095884781778
6683,1774117200000,9002.176521050922
6684,1774117500000,9003.81200702367
6685,1774117800000,8999.073291256476
6686,1774118100000,8989.881364503834
6687,1774118400000,8989.881364503834
6688,1774118700000,8989.881364503834
6689,1774119000000,8986.285411958032
6690,1774119300000,8985.282459434588
6691,1774119600000,8981.145280275387
6692,1774119900000,8982.90044719141
6693,1774120200000,8982.357181241212
6694,1774120500000,8980.933531577855
6695,1774120800000,8977.341876496239
6696,1774121100000,8977.300169720012
6697,1774121400000,8967.999558620964
6698,1774121700000,8959.74342685659
6699,1774122000000,8956.159529485849
6700,1774122300000,8953.492616729845
6701,1774122600000,8952.367512910909
6702,1774122900000,8947.74208609972
6703,1774123200000,8948.992201454093
6704,1774123500000,8949.07554247772
6705,1774123800000,8944.153862898145
6706,1774124100000,8940.576916742219
6707,1774124400000,8949.34300284553
6708,1774124700000,8948.429003346606
6709,1774125000000,8950.049275185607
6710,1774125300000,8953.580636885994
6711,1774125600000,8954.536181816686
6712,1774125900000,8954.494636384916
6713,1774126200000,8956.239544519225
6714,1774126500000,8955.824090201533
6715,1774126800000,8952.749728250608
6716,1774127100000,8958.441452402996
6717,1774127400000,8950.257002344453
6718,1774127700000,8950.880183820993
6719,1774128000000,8950.589365798607
6720,1774128300000,8949.841548026761
6721,1774128600000,8951.254092706917
6722,1774128900000,8953.913000340148
6723,1774129200000,8953.580636885994
6724,1774129500000,8956.114908223917
6725,1774129800000,8947.888912733608
6726,1774130100000,8947.63964014299
6727,1774130400000,8933.22192141009
6728,1774130700000,8933.22192141009
6729,1774131000000,8929.648632641527
6730,1774131300000,8931.349371547642
6731,1774131600000,8931.349371547642
6732,1774131900000,8931.349371547642
6733,1774132200000,8927.776831799023
6734,1774132500000,8927.112812552694
6735,1774132800000,8929.810390740906
6736,1774133100000,8931.511940059625
6737,1774133400000,8935.745062754973
6738,1774133700000,8936.61658801578
6739,1774134000000,8945.33184062385
6740,1774134300000,8948.485932043914
6741,1774134600000,8951.972033087142
6742,1774134900000,8950.976004217648
6743,1774135200000,8954.62811007246
6744,1774135500000,8959.483750811241
6745,1774135800000,8956.86917502882
6746,1774136100000,8953.466076391382
6747,1774136400000,8949.73096813078
6748,1774136700000,9048.711337036724
6749,1774137000000,9185.416299374743
6750,1774137300000,9206.664915257275
6751,1774137600000,9315.564071655259
6752,1774137900000,9243.144472602484
6753,1774138200000,9260.823985035997
6754,1774138500000,9231.524135791724
6755,1774138800000,9229.78108527011
6756,1774139100000,9202.099782938763
6757,1774139400000,9181.158634426785
6758,1774139700000,9181.158634426785
6759,1774140000000,9181.158634426785
6760,1774140300000,9181.158634426785
6761,1774140600000,9181.158634426785
6762,1774140900000,9181.158634426785
6763,1774141200000,9181.158634426785
6764,1774141500000,9181.158634426785
6765,1774141800000,9181.158634426785
6766,1774142100000,9181.158634426785
6767,1774142400000,9181.158634426785
6768,1774142700000,9181.158634426785
6769,1774143000000,9181.158634426785
6770,1774143300000,9181.158634426785
6771,1774143600000,9181.158634426785
6772,1774143900000,9181.158634426785
6773,1774144200000,9181.158634426785
6774,1774144500000,9177.486170973014
6775,1774144800000,9178.188577723413
6776,1774145100000,9190.83189923054
6777,1774145400000,9175.510651987526
6778,1774145700000,9175.115548190428
6779,1774146000000,9167.081770982773
6780,1774146300000,9113.215953311777
6781,1774146600000,9131.610230087774
6782,1774146900000,9134.332056245557
6783,1774147200000,9137.097782825243
6784,1774147500000,9125.551971865607
6785,1774147800000,9114.867082386636
6786,1774148100000,9111.22113555368
6787,1774148400000,9124.575045154044
6788,1774148700000,9110.830923909514
6789,1774149000000,9102.419695135257
6790,1774149300000,9096.349736226002
6791,1774149600000,9096.739947870168
6792,1774149900000,9059.843269071758
6793,1774150200000,9046.765461657995
6794,1774150500000,9046.765461657995
6795,1774150800000,9046.765461657995
6796,1774151100000,9046.765461657995
6797,1774151400000,9046.765461657995
6798,1774151700000,9046.765461657995
6799,1774152000000,9046.765461657995
6800,1774152300000,9046.765461657995
6801,1774152600000,9046.765461657995
6802,1774152900000,9046.765461657995
6803,1774153200000,9043.14747906985
6804,1774153500000,9046.958383383597
6805,1774153800000,9069.609713518108
6806,1774154100000,9066.783649644993
6807,1774154400000,9065.070883661287
6808,1774154700000,9073.420617831855
6809,1774155000000,9076.032585957004
6810,1774155300000,9075.047745516375
6811,1774155600000,9074.062905075743
6812,1774155900000,9067.640032636846
6813,1774156200000,9070.723011407517
6814,1774156500000,9067.297479440105
6815,1774156800000,9064.12886237025
6816,1774157100000,9061.516894245096
6817,1774157400000,9060.232319757317
6818,1774157700000,9056.464234593166
6819,1774158000000,9055.26529840457
6820,1774158300000,9058.94774526954
6821,1774158600000,9052.781787728198
6822,1774158900000,9044.067596310555
6823,1774159200000,9044.067596310555
6824,1774159500000,9044.067596310555
6825,1774159800000,9044.067596310555
6826,1774160100000,9044.067596310555
6827,1774160400000,9044.067596310555
6828,1774160700000,9040.449969272031
6829,1774161000000,9047.464837198519
6830,1774161300000,9043.84585126364
6831,1774161600000,9042.721743037759
6832,1774161900000,9042.721743037759
6833,1774162200000,9042.721743037759
6834,1774162500000,9042.721743037759
6835,1774162800000,9039.104654340545
6836,1774163100000,9047.930834744924
6837,1774163400000,9044.246118653775
6838,1774163700000,9037.647906118462
6839,1774164000000,9036.448231112043
6840,1774164300000,9037.090914151195
6841,1774164600000,9056.671324077415
6842,1774164900000,9086.44897155821
6843,1774165200000,9089.57669568209
6844,1774165500000,9068.967992893224
6845,1774165800000,9076.20888846769
6846,1774166100000,9112.62759401974
6847,1774166400000,9132.165158410015
6848,1774166700000,9134.264589671251
6849,1774167000000,9117.469139581364
6850,1774167300000,9150.931503153306
6851,1774167600000,9144.247599546106
6852,1774167900000,9180.195004202775
6853,1774168200000,9177.881345261821
6854,1774168500000,9168.112563066685
6855,1774168800000,9155.85873978682
6856,1774169100000,9144.16190847422
6857,1774169400000,9146.047112055738
6858,1774169700000,9142.105322748928
6859,1774170000000,9144.40957528666
6860,1774170300000,9140.751811456546
6861,1774170600000,9133.272526827599
6862,1774170900000,9175.436447191956
6863,1774171200000,9175.786355244772
6864,1774171500000,9179.722820838955
6865,1774171800000,9171.937366663793
6866,1774172100000,9163.102188330184
6867,1774172400000,9165.026682620673
6868,1774172700000,9170.53773445253
6869,1774173000000,9164.939205607468
6870,1774173300000,9165.289113660285
6871,1774173600000,9160.259185401053
6872,1774173900000,9176.223740310792
6873,1774174200000,9172.199797703406
6874,1774174500000,9173.861860954283
6875,1774174800000,9170.668949972334
6876,1774175100000,9174.211769007099
6877,1774175400000,9181.29740707663
6878,1774175700000,9187.814444560332
6879,1774176000000,9186.852197415088
6880,1774176300000,9187.508275014115
6881,1774176600000,9182.347131235078
6882,1774176900000,9181.209930063425
6883,1774177200000,9178.410665640895
6884,1774177500000,9173.533562734687
6885,1774177800000,9169.864149309593
6886,1774178100000,9176.208925910252
6887,1774178400000,9173.389025198849
6888,1774178700000,9194.978890020537
6889,1774179000000,9182.68588535676
6890,1774179300000,9173.741512787774
6891,1774179600000,9199.561228676568
6892,1774179900000,9216.30438915053
6893,1774180200000,9215.86377966437
6894,1774180500000,9222.869470494266
6895,1774180800000,9222.076373419184
6896,1774181100000,9205.15696915076
6897,1774181400000,9205.46539579107
6898,1774181700000,9188.766296265725
6899,1774182000000,9172.084304533402
6900,1774182300000,9172.084304533402
6901,1774182600000,9168.41547081159
6902,1774182900000,9174.09597969236
6903,1774183200000,9171.057567965436
6904,1774183500000,9186.91015088852
6905,1774183800000,9176.077552557745
6906,1774184100000,9170.4851135821
6907,1774184400000,9144.548526521834
6908,1774184700000,9148.687812062863
6909,1774185000000,9152.430783030812
6910,1774185300000,9151.02166454876
6911,1774185600000,9157.803047243635
6912,1774185900000,9155.645334567993
6913,1774186200000,9172.774931115437
6914,1774186500000,9186.954185841085
6915,1774186800000,9197.17029483596
6916,1774187100000,9191.269611192369
6917,1774187400000,9178.14719532826
6918,1774187700000,9186.91015088852
6919,1774188000000,9204.480096961604
6920,1774188300000,9194.748372444934
6921,1774188600000,9185.148752785954
6922,1774188900000,9190.1247024257
6923,1774189200000,9166.654072709023
6924,1774189500000,9177.486671039798
6925,1774189800000,9181.47045515492
6926,1774190100000,9181.47045515492
6927,1774190400000,9177.79786697286
6928,1774190700000,9192.440305408589
6929,1774191000000,9196.409641129116
6930,1774191300000,9193.895728506115
6931,1774191600000,9184.722152618671
6932,1774191900000,9181.9436176143
6933,1774192200000,9174.75470958712
6934,1774192500000,9181.01743927951
6935,1774192800000,9190.367430087867
6936,1774193100000,9185.868849604602
6937,1774193400000,9189.485355483306
6938,1774193700000,9197.203508273222
6939,1774194000000,9183.134418330459
6940,1774194300000,9180.09126094472
6941,1774194600000,9177.533244591492
6942,1774194900000,9172.020278312979
6943,1774195200000,9174.0931536337
6944,1774195500000,9181.50258031202
6945,1774195800000,9178.72404530765
6946,1774196100000,9173.799258322277
6947,1774196400000,9170.129738618947
6948,1774196700000,9177.75675292411
6949,1774197000000,9171.320081892007
6950,1774197300000,9171.893210134593
6951,1774197600000,9173.215813771325
6952,1774197900000,9161.370217189264
6953,1774198200000,9157.706401865455
6954,1774198500000,9155.639656125175
6955,1774198800000,9154.584296598223
6956,1774199100000,9158.541894824291
6957,1774199400000,9159.421361096749
6958,1774199700000,9156.958855533863
6959,1774200000000,9153.748803639386
6960,1774200300000,9156.255282515896
6961,1774200600000,9157.046802161109
6962,1774200900000,9140.952569375102
6963,1774201200000,9140.556809552496
6964,1774201500000,9138.483358588981
6965,1774201800000,9134.827965245546
6966,1774202100000,9139.044571283433
6967,1774202400000,9151.29908258104
6968,1774202700000,9139.3081091608
6969,1774203000000,9137.682958917032
6970,1774203300000,9142.163102832286
6971,1774203600000,9146.775015686226
6972,1774203900000,9145.105942462895
6973,1774204200000,9184.153471292906
6974,1774204500000,9203.25996740208
6975,1774204800000,9201.678740137872
6976,1774205100000,9182.133014233084
6977,1774205400000,9183.670318517732
6978,1774205700000,9169.470559957845
6979,1774206000000,9169.470559957845
6980,1774206300000,9169.470559957845
6981,1774206600000,9169.470559957845
6982,1774206900000,9169.470559957845
6983,1774207200000,9169.470559957845
6984,1774207500000,9169.470559957845
6985,1774207800000,9169.470559957845
6986,1774208100000,9165.802771733863
6987,1774208400000,9168.28793958316
6988,1774208700000,9195.358517941584
6989,1774209000000,9180.980046813502
6990,1774209300000,9179.160548923839
6991,1774209600000,9160.921192029884
6992,1774209900000,9160.610546048722
6993,1774210200000,9160.166766075634
6994,1774210500000,9155.063296385111
6995,1774210800000,9159.767364099853
6996,1774211100000,9172.548227324814
6997,1774211400000,9175.255285160656
6998,1774211700000,9189.323110307574
6999,1774212000000,9166.64595368273
7000,1774212300000,9175.388419152583
7001,1774212600000,9193.450264057303
7002,1774212900000,9199.707561677855
7003,1774213200000,9217.680650587956
7004,1774213500000,9251.008526566935
7005,1774213800000,9281.407454723525
7006,1774214100000,9331.998371655662
7007,1774214400000,9294.099561953868
7008,1774214700000,9273.375037210615
7009,1774215000000,9276.836521000709
7010,1774215300000,9244.102840103744
7011,1774215600000,9244.102840103744
7012,1774215900000,9244.102840103744
7013,1774216200000,9244.102840103744
7014,1774216500000,9244.102840103744
7015,1774216800000,9244.102840103744
7016,1774217100000,9240.405198967703
7017,1774217400000,9275.023592852956
7018,1774217700000,9261.996619112282
7019,1774218000000,9232.60704513678
7020,1774218300000,9200.197376903063
7021,1774218600000,9203.397775296102
7022,1774218900000,9203.442851329804
7023,1774219200000,9220.887276373544
7024,1774219500000,9195.91515370111
7025,1774219800000,9198.394335554873
7026,1774220100000,9184.939164255169
7027,1774220400000,9184.939164255169
7028,1774220700000,9184.939164255169
7029,1774221000000,9184.939164255169
7030,1774221300000,9184.939164255169
7031,1774221600000,9184.939164255169
7032,1774221900000,9184.939164255169
7033,1774222200000,9181.265188589468
7034,1774222500000,9172.644395021302
7035,1774222800000,9168.97607092811
7036,1774223100000,9140.589974590514
7037,1774223400000,9131.068619392636
7038,1774223700000,9134.576954724544
7039,1774224000000,9134.576954724544
7040,1774224300000,9130.923123942655
7041,1774224600000,9129.990571117914
7042,1774224900000,9144.24530715324
7043,1774225200000,9122.44133396525
7044,1774225500000,9144.334121707978
7045,1774225800000,9178.483318004444
7046,1774226100000,9202.552062338234
7047,1774226400000,9179.637907216027
7048,1774226700000,9168.935753370191
7049,1774227000000,9182.83523118657
7050,1774227300000,9191.716686660291
7051,1774227600000,9184.744744113419
7052,1774227900000,9155.036275553814
7053,1774228200000,9159.477003290674
7054,1774228500000,9121.676861145306
7055,1774228800000,9121.676861145306
7056,1774229100000,9121.676861145306
7057,1774229400000,9121.676861145306
7058,1774229700000,9121.676861145306
7059,1774230000000,9118.028190400848
7060,1774230300000,9137.071635144246
7061,1774230600000,9141.954569693837
7062,1774230900000,9149.944826229526
7063,1774231200000,9147.769700839257
7064,1774231500000,9117.8506291445
7065,1774231800000,9144.307256340457
7066,1774232100000,9133.165287504577
7067,1774232400000,9106.486708738183
7068,1774232700000,9060.764685228392
7069,1774233000000,9070.862848661367
7070,1774233300000,9070.862848661367
7071,1774233600000,9070.862848661367
7072,1774233900000,9070.862848661367
7073,1774234200000,9070.862848661367
7074,1774234500000,9070.862848661367
7075,1774234800000,9070.862848661367
7076,1774235100000,9070.862848661367
7077,1774235400000,9067.235229045826
7078,1774235700000,9057.503553780205
7079,1774236000000,9058.604422022923
7080,1774236300000,9056.754963375157
7081,1774236600000,9057.987935807001
7082,1774236900000,9046.318732434198
7083,1774237200000,9053.056046079628
7084,1774237500000,9053.760601754968
7085,1774237800000,9033.941160395912
7086,1774238100000,9033.941160395912
7087,1774238400000,9033.941160395912
7088,1774238700000,9033.941160395912
7089,1774239000000,9033.941160395912
7090,1774239300000,9030.327583931754
7091,1774239600000,9026.150354053205
7092,1774239900000,9025.66667480411
7093,1774240200000,9018.235602704373
7094,1774240500000,9008.649959404125
7095,1774240800000,9023.687986966903
7096,1774241100000,9014.400148016068
7097,1774241400000,9014.400148016068
7098,1774241700000,9014.400148016068
7099,1774242000000,9014.400148016068
7100,1774242300000,9014.400148016068
7101,1774242600000,9014.400148016068
7102,1774242900000,9014.400148016068
7103,1774243200000,9014.400148016068
7104,1774243500000,9014.400148016068
7105,1774243800000,9014.400148016068
7106,1774244100000,9014.400148016068
7107,1774244400000,9010.795108964672
7108,1774244700000,9006.296568408901
7109,1774245000000,9016.734929504331
7110,1774245300000,9037.567976544164
7111,1774245600000,9008.611351413327
7112,1774245900000,9000.968199983618
7113,1774246200000,8991.578042512834
7114,1774246500000,8991.403341908726
7115,1774246800000,8986.162323785498
7116,1774247100000,8993.237698251856
7117,1774247400000,8961.437899869143
7118,1774247700000,8961.437899869143
7119,1774248000000,8961.437899869143
7120,1774248300000,8961.437899869143
7121,1774248600000,8961.437899869143
7122,1774248900000,8961.437899869143
7123,1774249200000,8961.437899869143
7124,1774249500000,8961.437899869143
7125,1774249800000,8961.437899869143
7126,1774250100000,8961.437899869143
7127,1774250400000,8961.437899869143
7128,1774250700000,8961.437899869143
7129,1774251000000,8961.437899869143
7130,1774251300000,8957.853324709195
7131,1774251600000,8948.654108985771
7132,1774251900000,8952.465212642617
7133,1774252200000,8954.655502100575
7134,1774252500000,8962.233903625112
7135,1774252800000,8944.448753226488
7136,1774253100000,8927.276883876097
7137,1774253400000,8907.197684423532
7138,1774253700000,8907.197684423532
7139,1774254000000,8907.197684423532
7140,1774254300000,8907.197684423532
7141,1774254600000,8907.197684423532
7142,1774254900000,8907.197684423532
7143,1774255200000,8903.635517783092
7144,1774255500000,8893.132591622074
7145,1774255800000,8889.575338585426
7146,1774256100000,8895.997312840414
7147,1774256400000,8927.022391166884
7148,1774256700000,8920.166499732502
7149,1774257000000,8918.170480707304
7150,1774257300000,8918.213872425242
7151,1774257600000,8926.19794852604
7152,1774257900000,8915.263235605384
7153,1774258200000,8955.270399545248
7154,1774258500000,8943.033935086418
7155,1774258800000,8937.783537215784
7156,1774259100000,8933.400973703932
7157,1774259400000,8935.04985898562
7158,1774259700000,8915.046277015686
7159,1774260000000,8898.69203450865
7160,1774260300000,8898.69203450865
7161,1774260600000,8898.69203450865
7162,1774260900000,8895.132557694846
7163,1774261200000,8902.569517461723
7164,1774261500000,8899.394674988145
7165,1774261800000,8904.78755809395
7166,1774262100000,8916.269180190184
7167,1774262400000,8902.743481432879
7168,1774262700000,8911.876589918518
7169,1774263000000,8886.912760057769
7170,1774263300000,8882.346205814949
7171,1774263600000,8876.909831716353
7172,1774263900000,8403.18693117338
7173,1774264200000,8403.18693117338
7174,1774264500000,8403.18693117338
7175,1774264800000,8403.18693117338
7176,1774265100000,8403.18693117338
7177,1774265400000,8403.18693117338
7178,1774265700000,8403.18693117338
7179,1774266000000,8403.18693117338
7180,1774266300000,8403.18693117338
7181,1774266600000,8403.18693117338
7182,1774266900000,8403.18693117338
7183,1774267200000,8399.826328521442
7184,1774267500000,8423.357140200042
7185,1774267800000,8386.555584561289
7186,1774268100000,8410.87867946139
7187,1774268400000,8418.444984226731
7188,1774268700000,8419.474952414683
7189,1774269000000,8430.28961838818
7190,1774269300000,8428.308910334426
7191,1774269600000,8498.425975437322
7192,1774269900000,8495.019157584864
7193,1774270200000,8482.065326913313
7194,1774270500000,8494.345716846588
7195,1774270800000,8494.464559329814
7196,1774271100000,8496.881023155393
7197,1774271400000,8502.030864095153
7198,1774271700000,8502.427005705904
7199,1774272000000,8530.275760941688
7200,1774272300000,8518.629197585613
7201,1774272600000,8505.556524430836
7202,1774272900000,8556.619178056615
7203,1774273200000,8592.984977923543
7204,1774273500000,8604.235399668865
7205,1774273800000,8631.767241616048
7206,1774274100000,8658.2295012142
7207,1774274400000,8653.182623063087
7208,1774274700000,8653.182623063087
7209,1774275000000,8653.182623063087
7210,1774275300000,8653.182623063087
7211,1774275600000,8653.182623063087
7212,1774275900000,8653.182623063087
7213,1774276200000,8653.182623063087
7214,1774276500000,8653.182623063087
7215,1774276800000,8653.182623063087
7216,1774277100000,8653.182623063087
7217,1774277400000,8653.182623063087
7218,1774277700000,8653.182623063087
7219,1774278000000,8653.182623063087
7220,1774278300000,8653.182623063087
7221,1774278600000,8653.182623063087
7222,1774278900000,8649.722042130048
7223,1774279200000,8640.60017377521
7224,1774279500000,8622.197103120474
7225,1774279800000,8600.487853105687
7226,1774280100000,8596.34517053406
7227,1774280400000,8560.81402742127
7228,1774280700000,8557.390386538476
7229,1774281000000,8474.724096700393
7230,1774281300000,8451.059779340403
7231,1774281600000,8468.371259825228
7232,1774281900000,8485.047456622537
7233,1774282200000,8492.512039950854
7234,1774282500000,8441.60722292629
7235,1774282800000,8441.60722292629
7236,1774283100000,8441.60722292629
7237,1774283400000,8441.60722292629
7238,1774283700000,8441.60722292629
7239,1774284000000,8441.60722292629
7240,1774284300000,8438.230580037121
7241,1774284600000,8469.99587421753
7242,1774284900000,8462.113667224872
7243,1774285200000,8457.896686483802
7244,1774285500000,8463.926574833184
7245,1774285800000,8462.66542171436
7246,1774286100000,8480.045688133168
7247,1774286400000,8486.03616544759
7248,1774286700000,8479.296878468867
7249,1774287000000,8412.022241786535
7250,1774287300000,8396.770171255743
7251,1774287600000,8417.027443226872
7252,1774287900000,8405.03990696623
7253,1774288200000,8405.03990696623
7254,1774288500000,8405.03990696623
7255,1774288800000,8405.03990696623
7256,1774289100000,8405.03990696623
7257,1774289400000,8405.03990696623
7258,1774289700000,8405.03990696623
7259,1774290000000,8405.03990696623
7260,1774290300000,8401.678563272182
7261,1774290600000,8434.208160326072
7262,1774290900000,8431.62458222071
7263,1774291200000,8439.766767764884
7264,1774291500000,8473.353283134602
7265,1774291800000,8477.854972257584
7266,1774292100000,8489.481073731717
7267,1774292400000,8501.342045942703
7268,1774292700000,8474.292766082008
7269,1774293000000,8472.492090432816
7270,1774293300000,8471.904913590688
7271,1774293600000,8481.808629661247
7272,1774293900000,8476.289167345243
7273,1774294200000,8469.517061099366
7274,1774294500000,8462.744954853491
7275,1774294800000,8455.251601417202
7276,1774295100000,8451.870177061506
7277,1774295400000,8442.628838092245
7278,1774295700000,8436.480998184728
7279,1774296000000,8431.93864513204
7280,1774296300000,8439.026282222872
7281,1774296600000,8456.921586921822
7282,1774296900000,8458.057175184995
7283,1774297200000,8456.490846546138
7284,1774297500000,8459.388554528025
7285,1774297800000,8464.753230116114
7286,1774298100000,8472.310765798604
7287,1774298400000,8475.325948428404
7288,1774298700000,8464.283331524455
7289,1774299000000,8467.650938098
7290,1774299300000,8464.009224012654
7291,1774299600000,8450.499639502506
7292,1774299900000,8450.186373774735
7293,1774300200000,8434.515875197743
7294,1774300500000,8434.515875197743
7295,1774300800000,8431.142743474009
7296,1774301100000,8428.446053447728
7297,1774301400000,8445.290595495951
7298,1774301700000,8448.964347125959
7299,1774302000000,8445.407842888399
7300,1774302300000,8435.168237281358
7301,1774302600000,8441.81225618669
7302,1774302900000,8432.823289432416
7303,1774303200000,8399.994019547246
7304,1774303500000,8403.00336928672
7305,1774303800000,8402.845984342724
7306,1774304100000,8402.845984342724
7307,1774304400000,8402.845984342724
7308,1774304700000,8402.845984342724
7309,1774305000000,8402.845984342724
7310,1774305300000,8402.845984342724
7311,1774305600000,8402.845984342724
7312,1774305900000,8402.845984342724
7313,1774306200000,8399.484845948988
7314,1774306500000,8400.538577540834
7315,1774306800000,8407.992752875747
7316,1774307100000,8429.418628576623
7317,1774307400000,8425.515918977193
7318,1774307700000,8439.526646439148
7319,1774308000000,8431.526091760315
7320,1774308300000,8414.627359194781
7321,1774308600000,8427.077002816963
7322,1774308900000,8416.5396868985
7323,1774309200000,8409.866053483474
7324,1774309500000,8419.583800386057
7325,1774309800000,8416.110388842562
7326,1774310100000,8403.582691028389
7327,1774310400000,8411.700326995207
7328,1774310700000,8423.564564177477
7329,1774311000000,8422.51083258563
7330,1774311300000,8431.916362720258
7331,1774311600000,8442.024380582785
7332,1774311900000,8440.580378030994
7333,1774312200000,8445.380710838295
7334,1774312500000,8460.874467948037
7335,1774312800000,8446.590550814119
7336,1774313100000,8442.765895406677
7337,1774313400000,8425.680434431444
7338,1774313700000,8422.310162257672
7339,1774314000000,8435.086947380945
7340,1774314300000,8428.049887266894
7341,1774314600000,8430.998376141495
7342,1774314900000,8430.841123401517
7343,1774315200000,8412.40323963901
7344,1774315500000,8404.815794935035
7345,1774315800000,8413.621948373846
7346,1774316100000,8467.166506336609
7347,1774316400000,8470.744006171126
7348,1774316700000,8469.957742471233
7349,1774317000000,8438.703760400454
7350,1774317300000,8444.561424964664
7351,1774317600000,8428.954090521773
7352,1774317900000,8436.423595670763
7353,1774318200000,8451.637798263708
7354,1774318500000,8449.475573089001
7355,1774318800000,8436.38428248577
7356,1774319100000,8437.367112110636
7357,1774319400000,8433.71098590613
7358,1774319700000,8450.851534563813
7359,1774320000000,8438.585820845472
7360,1774320300000,8440.472853725218
7361,1774320600000,8443.067523934866
7362,1774320900000,8449.5707682587
7363,1774321200000,8449.5707682587
7364,1774321500000,8449.5707682587
7365,1774321800000,8449.5707682587
7366,1774322100000,8446.190939951395
7367,1774322400000,8437.44602040722
7368,1774322700000,8431.154426708017
7369,1774323000000,8443.421055932879
7370,1774323300000,8440.88859054452
7371,1774323600000,8432.816357119129
7372,1774323900000,8427.157879767014
7373,1774324200000,8418.729518396382
7374,1774324500000,8421.538972186592
7375,1774324800000,8412.47749446887
7376,1774325100000,8402.466342230517
7377,1774325400000,8404.16784241332
7378,1774325700000,8412.794052642415
7379,1774326000000,8414.336459712273
7380,1774326300000,8410.970725128387
7381,1774326600000,8427.245277071506
7382,1774326900000,8432.905990790854
7383,1774327200000,8431.019086217739
7384,1774327500000,8440.099814475856
7385,1774327800000,8418.04661727757
7386,1774328100000,8427.284587583448
7387,1774328400000,8449.377095293672
7388,1774328700000,8455.784708739877
7389,1774329000000,8450.71365269963
7390,1774329300000,8438.959809629598
7391,1774329600000,8449.770200413072
7392,1774329900000,8453.150904439903
7393,1774330200000,8444.777765396704
7394,1774330500000,8437.623252223642
7395,1774330800000,8429.761149835662
7396,1774331100000,8431.13701775356
7397,1774331400000,8432.473575159514
7398,1774331700000,8437.859115295281
7399,1774332000000,8431.962538504296
7400,1774332300000,8424.965267378993
7401,1774332600000,8421.58456335216
7402,1774332900000,8430.11494444312
7403,1774333200000,8423.707330996918
7404,1774333500000,8420.849435151815
7405,1774333800000,8420.849435151815
7406,1774334100000,8420.849435151815
7407,1774334400000,8420.849435151815
7408,1774334700000,8420.849435151815
7409,1774335000000,8420.849435151815
7410,1774335300000,8420.849435151815
7411,1774335600000,8420.849435151815
7412,1774335900000,8420.849435151815
7413,1774336200000,8420.849435151815
7414,1774336500000,8420.849435151815
7415,1774336800000,8420.849435151815
7416,1774337100000,8420.849435151815
7417,1774337400000,8420.849435151815
7418,1774337700000,8420.849435151815
7419,1774338000000,8420.849435151815
7420,1774338300000,8420.849435151815
7421,1774338600000,8420.849435151815
7422,1774338900000,8420.849435151815
7423,1774339200000,8420.849435151815
7424,1774339500000,8420.849435151815
7425,1774339800000,8420.849435151815
7426,1774340100000,8417.481768911002
7427,1774340400000,8416.544701451214
7428,1774340700000,8413.850632504314
7429,1774341000000,8419.277814875602
7430,1774341300000,8441.728389433083
7431,1774341600000,8436.964963179149
7432,1774341900000,8419.199725920618
7433,1774342200000,8419.316859353094
7434,1774342500000,8414.31916623421
7435,1774342800000,8425.720153661661
7436,1774343100000,8411.586052809822
7437,1774343400000,8383.75065884083
7438,1774343700000,8380.397829143232
7439,1774344000000,8373.933576103644
7440,1774344300000,8383.980427213366
7441,1774344600000,8387.679849133612
7442,1774344900000,8400.14105981234
7443,1774345200000,8422.065002350222
7444,1774345500000,8415.055571343439
7445,1774345800000,8432.34550116017
7446,1774346100000,8430.671025975216
7447,1774346400000,8422.220767483706
7448,1774346700000,8423.311123418094
7449,1774347000000,8415.561808027262
7450,1774347300000,8410.810971455998
7451,1774347600000,8407.890375203171
7452,1774347900000,8393.200174219848
7453,1774348200000,8389.84356547191
7454,1774348500000,8406.218963094796
7455,1774348800000,8404.157452230158
7456,1774349100000,8395.52244445752
7457,1774349400000,8400.96794485468
7458,1774349700000,8406.491238114655
7459,1774350000000,8376.813260950137
7460,1774350300000,8405.479930898038
7461,1774350600000,8399.56767332398
7462,1774350900000,8390.310322648811
7463,1774351200000,8397.039405282443
7464,1774351500000,8405.479930898038
7465,1774351800000,8429.595718371174
7466,1774352100000,8449.705173409255
7467,1774352400000,8446.632355328002
7468,1774352700000,8440.681201322534
7469,1774353000000,8415.981967378275
7470,1774353300000,8424.578078719505
7471,1774353600000,8415.087349455885
7472,1774353900000,8419.093681890938
7473,1774354200000,8428.273239703292
7474,1774354500000,8425.005939464998
7475,1774354800000,8426.28952170147
7476,1774355100000,8429.44013264554
7477,1774355400000,8402.079194270487
7478,1774355700000,8398.71903462471
7479,1774356000000,8400.506665863022
7480,1774356300000,8397.086849581034
7481,1774356600000,8408.278975594812
7482,1774356900000,8403.57672820708
7483,1774357200000,8401.011865995588
7484,1774357500000,8362.810963663835
7485,1774357800000,8382.436045736607
7486,1774358100000,8348.744676246877
7487,1774358400000,8348.744676246877
7488,1774358700000,8348.744676246877
7489,1774359000000,8345.405178376377
7490,1774359300000,8401.369792558258
7491,1774359600000,8423.531315658616
7492,1774359900000,8430.299669136039
7493,1774360200000,8428.907322134968
7494,1774360500000,8423.686020880958
7495,1774360800000,8405.662862478222
7496,1774361100000,8399.435977278994
7497,1774361400000,8453.118689431345
7498,1774361700000,8446.466364870681
7499,1774362000000,8456.483528017263
7500,1774362300000,8441.090358394327
7501,1774362600000,8421.752205601693
7502,1774362900000,8453.930891848637
7503,1774363200000,8442.52138170098
7504,1774363500000,8467.46759880348
7505,1774363800000,8425.581159854635
7506,1774364100000,8440.703595338475
7507,1774364400000,8428.907322134968
7508,1774364700000,8436.526554335265
7509,1774365000000,8429.79687716343
7510,1774365300000,8426.432038577512
7511,1774365600000,8396.225843915417
7512,1774365900000,8421.829558212865
7513,1774366200000,8428.895698109012
7514,1774366500000,8425.52413982977
7515,1774366800000,8434.536097374998
7516,1774367100000,8435.598642587753
7517,1774367400000,8435.283814376566
7518,1774367700000,8451.851648990281
7519,1774368000000,8451.340053147102
7520,1774368300000,8443.075812603443
7521,1774368600000,8440.596540440347
7522,1774368900000,8435.480582008558
7523,1774369200000,8442.603570286663
7524,1774369500000,8451.064578462314
7525,1774369800000,8465.861504388102
7526,1774370100000,8502.420930412189
7527,1774370400000,8470.111685239126
7528,1774370700000,8486.01050990407
7529,1774371000000,8481.799682579443
7530,1774371300000,8483.137702476988
7531,1774371600000,8507.654949423175
7532,1774371900000,8534.375993847669
7533,1774372200000,8521.940279505781
7534,1774372500000,8536.343670167587
7535,1774372800000,8525.63951098723
7536,1774373100000,8536.068195482798
7537,1774373400000,8549.487747984644
7538,1774373700000,8531.434236758258
7539,1774374000000,8531.434236758258
7540,1774374300000,8531.434236758258
7541,1774374600000,8531.434236758258
7542,1774374900000,8531.434236758258
7543,1774375200000,8531.434236758258
7544,1774375500000,8531.434236758258
7545,1774375800000,8531.434236758258
7546,1774376100000,8528.021663063555
7547,1774376400000,8519.909018858025
7548,1774376700000,8513.612638280598
7549,1774377000000,8503.643369033003
7550,1774377300000,8474.583150983339
7551,1774377600000,8501.302407023446
7552,1774377900000,8507.760233256706
7553,1774378200000,8499.728311879091
7554,1774378500000,8507.195173461296
7555,1774378800000,8490.324102426908
7556,1774379100000,8478.911779356931
7557,1774379400000,8478.911779356931
7558,1774379700000,8478.911779356931
7559,1774380000000,8475.520214645188
7560,1774380300000,8489.731238836952
7561,1774380600000,8501.78665823558
7562,1774380900000,8495.958541572667
7563,1774381200000,8490.529610982556
7564,1774381500000,8507.854286542175
7565,1774381800000,8505.818437570882
7566,1774382100000,8504.181774672394
7567,1774382400000,8502.265681522942
7568,1774382700000,8501.626983806458
7569,1774383000000,8488.773192262224
7570,1774383300000,8477.35647058008
7571,1774383600000,8389.202725911011
7572,1774383900000,8389.202725911011
7573,1774384200000,8389.202725911011
7574,1774384500000,8389.202725911011
7575,1774384800000,8389.202725911011
7576,1774385100000,8389.202725911011
7577,1774385400000,8389.202725911011
7578,1774385700000,8389.202725911011
7579,1774386000000,8389.202725911011
7580,1774386300000,8389.202725911011
7581,1774386600000,8389.202725911011
7582,1774386900000,8389.202725911011
7583,1774387200000,8389.202725911011
7584,1774387500000,8389.202725911011
7585,1774387800000,8389.202725911011
7586,1774388100000,8389.202725911011
7587,1774388400000,8389.202725911011
7588,1774388700000,8389.202725911011
7589,1774389000000,8389.202725911011
7590,1774389300000,8389.202725911011
7591,1774389600000,8389.202725911011
7592,1774389900000,8389.202725911011
7593,1774390200000,8389.202725911011
7594,1774390500000,8389.202725911011
7595,1774390800000,8389.202725911011
7596,1774391100000,8385.847715822663
7597,1774391400000,8372.876748292449
7598,1774391700000,8377.83853406455
7599,1774392000000,8376.54925114739
7600,1774392300000,8383.308219167653
7601,1774392600000,8380.846860871256
7602,1774392900000,8382.722181478035
7603,1774393200000,8385.769577464049
7604,1774393500000,8408.58597817985
7605,1774393800000,8401.084695752737
7606,1774394100000,8403.975815021522
7607,1774394400000,8422.221121758299
7608,1774394700000,8436.793925640139
7609,1774395000000,8447.772365025656
7610,1774395300000,8452.382528183984
7611,1774395600000,8440.935258646776
7612,1774395900000,8433.199561143816
7613,1774396200000,8430.620995309495
7614,1774396500000,8424.213649903002
7615,1774396800000,8428.042429475176
7616,1774397100000,8436.168818771213
7617,1774397400000,8439.91945998477
7618,1774397700000,8419.955109358443
7619,1774398000000,8417.493751062048
7620,1774398300000,8417.251374517286
7621,1774398600000,8417.251374517286
7622,1774398900000,8417.251374517286
7623,1774399200000,8417.251374517286
7624,1774399500000,8417.251374517286
7625,1774399800000,8417.251374517286
7626,1774400100000,8417.251374517286
7627,1774400400000,8417.251374517286
7628,1774400700000,8417.251374517286
7629,1774401000000,8417.251374517286
7630,1774401300000,8413.88514721294
7631,1774401600000,8418.484133915726
7632,1774401900000,8421.68003992953
7633,1774402200000,8416.65233412733
7634,1774402500000,8419.029776405889
7635,1774402800000,8425.109792724827
7636,1774403100000,8421.095422975784
7637,1774403400000,8423.200044009263
7638,1774403700000,8406.557948059346
7639,1774404000000,8403.751786681374
7640,1774404300000,8399.97126371383
7641,1774404600000,8396.892281090777
7642,1774404900000,8401.686140111478
7643,1774405200000,8394.546790813301
7644,1774405500000,8391.189643526432
7645,1774405800000,8397.26054312615
7646,1774406100000,8403.059030564344
7647,1774406400000,8405.977732294978
7648,1774406700000,8394.380757418592
7649,1774407000000,8394.419673441667
7650,1774407300000,8388.348773841948
7651,1774407600000,8390.33349101878
7652,1774407900000,8377.140959196315
7653,1774408200000,8370.678401240473
7654,1774408500000,8370.678401240473
7655,1774408800000,8370.678401240473
7656,1774409100000,8370.678401240473
7657,1774409400000,8367.330799400344
7658,1774409700000,8373.179699530083
7659,1774410000000,8369.831097370703
7660,1774410300000,8369.947470017676
7661,1774410600000,8375.029075602173
7662,1774410900000,8373.167113250602
7663,1774411200000,8375.843684130985
7664,1774411500000,8392.329809118854
7665,1774411800000,8388.993793238955
7666,1774412100000,8386.045686182302
7667,1774412400000,8387.791275886899
7668,1774412700000,8393.066835883017
7669,1774413000000,8386.433595005547
7670,1774413300000,8385.15349588884
7671,1774413600000,8381.623525597319
7672,1774413900000,8378.946954716937
7673,1774414200000,8384.688005300948
7674,1774414500000,8403.346419698984
7675,1774414800000,8398.924259114001
7676,1774415100000,8436.628996733318
7677,1774415400000,8435.154943204989
7678,1774415700000,8420.95748027426
7679,1774416000000,8421.810879685396
7680,1774416300000,8425.418431741566
7681,1774416600000,8418.66881821712
7682,1774416900000,8423.401305860696
7683,1774417200000,8426.391442548194
7684,1774417500000,8426.391442548194
7685,1774417800000,8426.391442548194
7686,1774418100000,8423.021559947696
7687,1774418400000,8416.381095377123
7688,1774418700000,8405.430153804597
7689,1774419000000,8409.507632049686
7690,1774419300000,8420.186741739206
7691,1774419600000,8430.32218766271
7692,1774419900000,8435.603492818254
7693,1774420200000,8437.312150368578
7694,1774420500000,8427.836867589514
7695,1774420800000,8430.671685798005
7696,1774421100000,8434.59383153852
7697,1774421400000,8431.75901333003
7698,1774421700000,8402.750668100682
7699,1774422000000,8409.97362956341
7700,1774422300000,8415.565599728105
7701,1774422600000,8435.215161556818
7702,1774422900000,8429.312526382975
7703,1774423200000,8423.953554975144
7704,1774423500000,8419.254746711755
7705,1774423800000,8433.35117150192
7706,1774424100000,8441.816793001246
7707,1774424400000,8428.846528869251
7708,1774424700000,8412.924947150332
7709,1774425000000,8408.847468905244
7710,1774425300000,8402.340041121408
7711,1774425600000,8398.979777157752
7712,1774425900000,8389.64542564152
7713,1774426200000,8384.958884008889
7714,1774426500000,8414.433745020726
7715,1774426800000,8408.430323921075
7716,1774427100000,8442.669190063605
7717,1774427400000,8474.739078260453
7718,1774427700000,8450.802857359906
7719,1774428000000,8458.08442617755
7720,1774428300000,8438.369965921273
7721,1774428600000,8430.50742086818
7722,1774428900000,8430.50742086818
7723,1774429200000,8437.324208697462
7724,1774429500000,8444.838168009284
7725,1774429800000,8442.901580557784
7726,1774430100000,8443.366361546145
7727,1774430400000,8439.531918392173
7728,1774430700000,8447.626853939444
7729,1774431000000,8451.112711352147
7730,1774431300000,8453.514079792007
7731,1774431600000,8446.581096715634
7732,1774431900000,8435.614415595775
7733,1774432200000,8435.614415595775
7734,1774432500000,8435.614415595775
7735,1774432800000,8435.614415595775
7736,1774433100000,8435.614415595775
7737,1774433400000,8435.614415595775
7738,1774433700000,8435.614415595775
7739,1774434000000,8435.614415595775
7740,1774434300000,8435.614415595775
7741,1774434600000,8432.240844543749
7742,1774434900000,8429.190050290805
7743,1774435200000,8428.340462017833
7744,1774435500000,8438.92169778121
7745,1774435800000,8445.563933369898
7746,1774436100000,8438.998933078752
7747,1774436400000,8437.222521235266
7748,1774436700000,8439.230638971381
7749,1774437000000,8445.757021613756
7750,1774437300000,8455.72037499679
7751,1774437600000,8458.037433923077
7752,1774437900000,8469.468257959426
7753,1774438200000,8487.464082286924
7754,1774438500000,8482.636876190492
7755,1774438800000,8462.59431647811
7756,1774439100000,8431.00507978306
7757,1774439400000,8441.624933195211
7758,1774439700000,8443.401345038697
7759,1774440000000,8462.130904692853
7760,1774440300000,8467.92355200857
7761,1774440600000,8460.624816390764
7762,1774440900000,8406.517609809966
7763,1774441200000,8406.517609809966
7764,1774441500000,8406.517609809966
7765,1774441800000,8406.517609809966
7766,1774442100000,8406.517609809966
7767,1774442400000,8406.517609809966
7768,1774442700000,8406.517609809966
7769,1774443000000,8406.517609809966
7770,1774443300000,8406.517609809966
7771,1774443600000,8406.517609809966
7772,1774443900000,8403.155675152973
7773,1774444200000,8409.610921162965
7774,1774444500000,8406.247749428847
7775,1774444800000,8404.69531682826
7776,1774445100000,8401.334110942706
7777,1774445400000,8425.239156958685
7778,1774445700000,8439.982526723774
7779,1774446000000,8426.009045719264
7780,1774446300000,8417.193819410633
7781,1774446600000,8415.423075261302
7782,1774446900000,8408.609559730177
7783,1774447200000,8399.139927975055
7784,1774447500000,8400.987661000445
7785,1774447800000,8387.360629938195
7786,1774448100000,8383.780647201504
7787,1774448400000,8373.42428468743
7788,1774448700000,8370.074914973557
7789,1774449000000,8353.981261329873
7790,1774449300000,8372.648363169563
7791,1774449600000,8375.183401691003
7792,1774449900000,8372.30267609846
7793,1774450200000,8384.286494563445
7794,1774450500000,8392.698213293676
7795,1774450800000,8389.587029653729
7796,1774451100000,8435.678639134445
7797,1774451400000,8443.091706325928
7798,1774451700000,8475.970387755506
7799,1774452000000,8433.566107033246
7800,1774452300000,8423.886869042295
7801,1774452600000,8436.139555229252
7802,1774452900000,8451.272967008756
7803,1774453200000,8439.404377567469
7804,1774453500000,8434.21907150089
7805,1774453800000,8431.95290070142
7806,1774454100000,8437.176616442568
7807,1774454400000,8445.972431918472
7808,1774454700000,8433.681336056949
7809,1774455000000,8446.241299640444
7810,1774455300000,8439.327558218336
7811,1774455600000,8418.390872185142
7812,1774455900000,8418.390872185142
7813,1774456200000,8418.390872185142
7814,1774456500000,8418.390872185142
7815,1774456800000,8418.390872185142
7816,1774457100000,8418.390872185142
7817,1774457400000,8418.390872185142
7818,1774457700000,8418.390872185142
7819,1774458000000,8415.024189172871
7820,1774458300000,8399.040428384267
7821,1774458600000,8395.680812212915
7822,1774458900000,8408.990268033538
7823,1774459200000,8403.264106808385
7824,1774459500000,8404.153983214997
7825,1774459800000,8410.499188896922
7826,1774460100000,8421.21639605481
7827,1774460400000,8417.386058478523
7828,1774460700000,8417.73427098546
7829,1774461000000,8430.966346248986
7830,1774461300000,8421.758059954485
7831,1774461600000,8414.71642925869
7832,1774461900000,8413.865243130627
7833,1774462200000,8404.773027671772
7834,1774462500000,8399.743291460489
7835,1774462800000,8391.115359344212
7836,1774463100000,8400.749238702745
7837,1774463400000,8405.430762407092
7838,1774463700000,8411.853348646115
7839,1774464000000,8422.183653018517
7840,1774464300000,8417.69558070691
7841,1774464600000,8406.591470763542
7842,1774464900000,8428.412787864796
7843,1774465200000,8402.68375263016
7844,1774465500000,8413.826552852079
7845,1774465800000,8400.038766133966
7846,1774466100000,8400.038766133966
7847,1774466400000,8400.038766133966
7848,1774466700000,8400.038766133966
7849,1774467000000,8400.038766133966
7850,1774467300000,8400.038766133966
7851,1774467600000,8400.038766133966
7852,1774467900000,8400.038766133966
7853,1774468200000,8400.038766133966
7854,1774468500000,8400.038766133966
7855,1774468800000,8400.038766133966
7856,1774469100000,8400.038766133966
7857,1774469400000,8400.038766133966
7858,1774469700000,8396.678750627512
7859,1774470000000,8414.114335868959
7860,1774470300000,8422.289688059947
7861,1774470600000,8422.289688059947
7862,1774470900000,8413.494403949262
7863,1774471200000,8405.009085798425
7864,1774471500000,8402.568103864623
7865,1774471800000,8398.538546386599
7866,1774472100000,8402.490612374662
7867,1774472400000,8402.606849609603
7868,1774472700000,8396.277527952085
7869,1774473000000,8392.919688508791
7870,1774473300000,8387.667679113398
7871,1774473600000,8384.312612041753
7872,1774473900000,8393.024517481545
7873,1774474200000,8392.017808408504
7874,1774474500000,8389.22999866777
7875,1774474800000,8394.340983192447
7876,1774475100000,8399.68428519552
7877,1774475400000,8394.84433772897
7878,1774475700000,8392.908358742348
7879,1774476000000,8382.066876417273
7880,1774476300000,8400.226359311773
7881,1774476600000,8396.122083860138
7882,1774476900000,8393.063237061278
7883,1774477200000,8390.933660175995
7884,1774477500000,8393.334274119406
7885,1774477800000,8349.322583561969
7886,1774478100000,8349.322583561969
7887,1774478400000,8349.322583561969
7888,1774478700000,8349.322583561969
7889,1774479000000,8349.322583561969
7890,1774479300000,8349.322583561969
7891,1774479600000,8349.322583561969
7892,1774479900000,8349.322583561969
7893,1774480200000,8349.322583561969
7894,1774480500000,8345.983522340788
7895,1774480800000,8354.479198915536
7896,1774481100000,8354.01789521012
7897,1774481400000,8346.406384070753
7898,1774481700000,8333.758974147258
7899,1774482000000,8326.570324737857
7900,1774482300000,8327.762025976848
7901,1774482600000,8339.948132194924
7902,1774482900000,8338.141359348712
7903,1774483200000,8332.451946981912
7904,1774483500000,8329.030611166743
7905,1774483800000,8329.761008700318
7906,1774484100000,8319.358943050689
7907,1774484400000,8316.031199473467
7908,1774484700000,8318.258173049642
7909,1774485000000,8316.683933107863
7910,1774485300000,8314.91771268538
7911,1774485600000,8311.116499167427
7912,1774485900000,8297.79305380652
7913,1774486200000,8325.399846931858
7914,1774486500000,8316.14638776189
7915,1774486800000,8313.036303974473
7916,1774487100000,8329.431437026657
7917,1774487400000,8327.55002831575
7918,1774487700000,8331.96557937196
7919,1774488000000,8321.944198279174
7920,1774488300000,8315.570446319776
7921,1774488600000,8313.458661032024
7922,1774488900000,8315.532050223635
7923,1774489200000,8323.710418701658
7924,1774489500000,8327.51163221961
7925,1774489800000,8326.014184470114
7926,1774490100000,8323.249665547964
7927,1774490400000,8322.020990471456
7928,1774490700000,8339.79838298471
7929,1774491000000,8342.332525330015
7930,1774491300000,8361.799346073472
7931,1774491600000,8364.53235659701
7932,1774491900000,8364.53235659701
7933,1774492200000,8364.53235659701
7934,1774492500000,8364.53235659701
7935,1774492800000,8364.53235659701
7936,1774493100000,8364.53235659701
7937,1774493400000,8364.53235659701
7938,1774493700000,8364.53235659701
7939,1774494000000,8364.53235659701
7940,1774494300000,8364.53235659701
7941,1774494600000,8361.186543654372
7942,1774494900000,8375.73848301807
7943,1774495200000,8389.70834480722
7944,1774495500000,8390.988915471225
7945,1774495800000,8379.347363980267
7946,1774496100000,8372.59526411551
7947,1774496400000,8373.41017271988
7948,1774496700000,8378.338429517718
7949,1774497000000,8368.210279720583
7950,1774497300000,8370.15053830241
7951,1774497600000,8377.601131256624
7952,1774497900000,8377.290689883532
7953,1774498200000,8387.69047588212
7954,1774498500000,8388.505384486487
7955,1774498800000,8381.404038077004
7956,1774499100000,8372.013186540964
7957,1774499400000,8374.0698606377
7958,1774499700000,8367.35508304375
7959,1774500000000,8364.008141010534
7960,1774500300000,8357.360008536469
7961,1774500600000,8368.751253068054
7962,1774500900000,8373.72763293168
7963,1774501200000,8375.865921154333
7964,1774501500000,8406.501759689783
7965,1774501800000,8408.25126823559
7966,1774502100000,8407.901366526428
7967,1774502400000,8401.875281535318
7968,1774502700000,8401.991915438372
7969,1774503000000,8398.84280005592
7970,1774503300000,8400.70894250478
7971,1774503600000,8449.345280078194
7972,1774503900000,8457.198629550481
7973,1774504200000,8496.854156588755
7974,1774504500000,8490.983583468382
7975,1774504800000,8499.10907871446
7976,1774505100000,8486.395983281602
7977,1774505400000,8485.074132380325
7978,1774505700000,8470.7670402724
7979,1774506000000,8488.9230511811
7980,1774506300000,8478.270488035523
7981,1774506600000,8479.67009487217
7982,1774506900000,8482.780332286937
7983,1774507200000,8487.610364594368
7984,1774507500000,8487.610364594368
7985,1774507800000,8487.610364594368
7986,1774508100000,8487.610364594368
7987,1774508400000,8487.610364594368
7988,1774508700000,8487.610364594368
7989,1774509000000,8487.610364594368
7990,1774509300000,8487.610364594368
7991,1774509600000,8487.610364594368
7992,1774509900000,8487.610364594368
7993,1774510200000,8487.610364594368
7994,1774510500000,8484.215320448531
7995,1774510800000,8486.49597887233
7996,1774511100000,8481.894650473438
7997,1774511400000,8471.611681790699
7998,1774511700000,8474.812605894276
7999,1774512000000,8474.652559689097
8000,1774512300000,8476.333044843474
8001,1774512600000,8499.579756145698
8002,1774512900000,8501.780391466906
8003,1774513200000,8502.140495428559
8004,1774513500000,8506.181662109322
8005,1774513800000,8505.22138487825
8006,1774514100000,8505.701523493786
8007,1774514400000,8504.021038339408
8008,1774514700000,8495.338531708458
8009,1774515000000,8492.657757771714
8010,1774515300000,8490.817226412157
8011,1774515600000,8496.578889798595
8012,1774515900000,8489.536856770726
8013,1774516200000,8494.178196720912
8014,1774516500000,8501.22022974878
8015,1774516800000,8504.101061441997
8016,1774517100000,8501.780391466906
8017,1774517400000,8654.344436553614
8018,1774517700000,8646.83058247308
8019,1774518000000,8646.83058247308
8020,1774518300000,8646.83058247308
8021,1774518600000,8646.83058247308
8022,1774518900000,8646.83058247308
8023,1774519200000,8646.83058247308
8024,1774519500000,8646.83058247308
8025,1774519800000,8646.83058247308
8026,1774520100000,8646.83058247308
8027,1774520400000,8646.83058247308
8028,1774520700000,8646.83058247308
8029,1774521000000,8646.83058247308
8030,1774521300000,8646.83058247308
8031,1774521600000,8646.83058247308
8032,1774521900000,8646.83058247308
8033,1774522200000,8646.83058247308
8034,1774522500000,8646.83058247308
8035,1774522800000,8646.83058247308
8036,1774523100000,8646.83058247308
8037,1774523400000,8646.83058247308
8038,1774523700000,8646.83058247308
8039,1774524000000,8646.83058247308
8040,1774524300000,8646.83058247308
8041,1774524600000,8646.83058247308
8042,1774524900000,8646.83058247308
8043,1774525200000,8646.83058247308
8044,1774525500000,8646.83058247308
8045,1774525800000,8646.83058247308
8046,1774526100000,8646.83058247308
8047,1774526400000,8646.83058247308
8048,1774526700000,8646.83058247308
8049,1774527000000,8646.83058247308
8050,1774527300000,8646.83058247308
8051,1774527600000,8646.83058247308
8052,1774527900000,8643.371850240092
8053,1774528200000,8654.807800598714
8054,1774528500000,8642.286687067373
8055,1774528800000,8642.244950022268
8056,1774529100000,8635.0661782643
8057,1774529400000,8639.865938451316
8058,1774529700000,8635.60875985066
8059,1774530000000,8637.069556429315
8060,1774530300000,8617.787041591051
8061,1774530600000,8610.619108247522
8062,1774530900000,8607.174860604222
8063,1774531200000,8609.949794251741
8064,1774531500000,8616.949253750703
8065,1774531800000,8635.504033960971
8066,1774532100000,8636.125287762654
8067,1774532400000,8588.661497314068
8068,1774532700000,8585.67947906599
8069,1774533000000,8565.923608172468
8070,1774533300000,8598.021721259427
8071,1774533600000,8600.051150344923
8072,1774533900000,8603.3645039539
8073,1774534200000,8604.441343876817
8074,1774534500000,8620.552525800465
8075,1774534800000,8626.68222997707
8076,1774535100000,8620.345441199905
8077,1774535400000,8586.507817468233
8078,1774535700000,8607.547612885233
8079,1774536000000,8613.967235502625
8080,1774536300000,8623.0375410072
8081,1774536600000,8642.25499193926
8082,1774536900000,8618.523096714967
8083,1774537200000,8633.80594023637
8084,1774537500000,8646.603768551044
8085,1774537800000,8689.263196266613
8086,1774538100000,8672.947545184465
8087,1774538400000,8672.947545184465
8088,1774538700000,8672.947545184465
8089,1774539000000,8672.947545184465
8090,1774539300000,8672.947545184465
8091,1774539600000,8672.947545184465
8092,1774539900000,8669.478366166391
8093,1774540200000,8652.415702901619
8094,1774540500000,8662.686839264934
8095,1774540800000,8670.861825350023
8096,1774541100000,8668.430291027278
8097,1774541400000,8664.65722052647
8098,1774541700000,8667.42413889373
8099,1774542000000,8667.3402928826
8100,1774542300000,8686.582952436733
8101,1774542600000,8674.676818856398
8102,1774542900000,8687.379489542458
8103,1774543200000,8682.642189913664
8104,1774543500000,8689.014486759477
8105,1774543800000,8693.709863382706
8106,1774544100000,8702.513694551262
8107,1774544400000,8687.169874514635
8108,1774544700000,8681.007192696645
8109,1774545000000,8693.626017371578
8110,1774545300000,8677.317968206966
8111,1774545600000,8679.330272474064
8112,1774545900000,8671.197209394539
8113,1774546200000,8667.843368949374
8114,1774546500000,8674.592972845268
8115,1774546800000,8677.192199190271
8116,1774547100000,8694.291308228316
8117,1774547400000,8694.291308228316
8118,1774547700000,8694.291308228316
8119,1774548000000,8694.291308228316
8120,1774548300000,8694.291308228316
8121,1774548600000,8694.291308228316
8122,1774548900000,8694.291308228316
8123,1774549200000,8694.291308228316
8124,1774549500000,8694.291308228316
8125,1774549800000,8694.291308228316
8126,1774550100000,8694.291308228316
8127,1774550400000,8694.291308228316
8128,1774550700000,8694.291308228316
8129,1774551000000,8694.291308228316
8130,1774551300000,8694.291308228316
8131,1774551600000,8694.291308228316
8132,1774551900000,8694.291308228316
8133,1774552200000,8694.291308228316
8134,1774552500000,8694.291308228316
8135,1774552800000,8690.813591705024
8136,1774553100000,8709.887379589589
8137,1774553400000,8710.397146749088
8138,1774553700000,8677.644606751317
8139,1774554000000,8669.955618762215
8140,1774554300000,8662.853372294516
8141,1774554600000,8659.388230945598
8142,1774554900000,8665.345043698857
8143,1774555200000,8668.936030110393
8144,1774555500000,8661.6695634894
8145,1774555800000,8566.872672627062
8146,1774556100000,8566.872672627062
8147,1774556400000,8566.872672627062
8148,1774556700000,8566.872672627062
8149,1774557000000,8566.872672627062
8150,1774557300000,8566.872672627062
8151,1774557600000,8566.872672627062
8152,1774557900000,8566.872672627062
8153,1774558200000,8566.872672627062
8154,1774558500000,8566.872672627062
8155,1774558800000,8563.44660877078
8156,1774559100000,8569.883167288272
8157,1774559400000,8578.063825533078
8158,1774559700000,8587.573321665368
8159,1774560000000,8615.645022038416
8160,1774560300000,8610.869510880279
8161,1774560600000,8605.055845122546
8162,1774560900000,8596.459925037901
8163,1774561200000,8599.200653180831
8164,1774561500000,8600.15575541246
8165,1774561800000,8593.760723078954
8166,1774562100000,8589.151316656753
8167,1774562400000,8590.646259280169
8168,1774562700000,8588.23774060911
8169,1774563000000,8592.224254271554
8170,1774563300000,8590.397102176266
8171,1774563600000,8559.938553514794
8172,1774563900000,8559.938553514794
8173,1774564200000,8559.938553514794
8174,1774564500000,8559.938553514794
8175,1774564800000,8556.51526275154
8176,1774565100000,8554.774693266361
8177,1774565400000,8557.551316016528
8178,1774565700000,8561.446876292883
8179,1774566000000,8574.957010868324
8180,1774566300000,8555.147672441757
8181,1774566600000,8550.879132990005
8182,1774566900000,8561.073897117487
8183,1774567200000,8536.664482194372
8184,1774567500000,8544.704255530678
8185,1774567800000,8535.379776145788
8186,1774568100000,8519.704001250653
8187,1774568400000,8519.704001250653
8188,1774568700000,8519.704001250653
8189,1774569000000,8516.296119650153
8190,1774569300000,8517.784429201563
8191,1774569600000,8514.683784302793
8192,1774569900000,8492.193773303708
8193,1774570200000,8492.152431371724
8194,1774570500000,8496.824069685872
8195,1774570800000,8509.39201700889
8196,1774571100000,8517.949796929499
8197,1774571400000,8510.75630076435
8198,1774571700000,8520.347628984548
8199,1774572000000,8509.26799121294
8200,1774572300000,8512.947423159481
8201,1774572600000,8497.692250257529
8202,1774572900000,8498.7671404891
8203,1774573200000,8492.340980981116
8204,1774573500000,8492.340980981116
8205,1774573800000,8492.340980981116
8206,1774574100000,8492.340980981116
8207,1774574400000,8492.340980981116
8208,1774574700000,8492.340980981116
8209,1774575000000,8492.340980981116
8210,1774575300000,8492.340980981116
8211,1774575600000,8492.340980981116
8212,1774575900000,8492.340980981116
8213,1774576200000,8492.340980981116
8214,1774576500000,8492.340980981116
8215,1774576800000,8492.340980981116
8216,1774577100000,8492.340980981116
8217,1774577400000,8492.340980981116
8218,1774577700000,8488.944723840152
8219,1774578000000,8489.928293602205
8220,1774578300000,8496.239532908712
8221,1774578600000,8497.141138523928
8222,1774578900000,8486.239906994504
8223,1774579200000,8481.240094037401
8224,1774579500000,8479.313936586715
8225,1774579800000,8484.395713690656
8226,1774580100000,8476.2402810803
8227,1774580400000,8472.317570148503
8228,1774580700000,8472.317570148503
8229,1774581000000,8472.317570148503
8230,1774581300000,8472.317570148503
8231,1774581600000,8472.317570148503
8232,1774581900000,8472.317570148503
8233,1774582200000,8472.317570148503
8234,1774582500000,8472.317570148503
8235,1774582800000,8472.317570148503
8236,1774583100000,8472.317570148503
8237,1774583400000,8472.317570148503
8238,1774583700000,8472.317570148503
8239,1774584000000,8472.317570148503
8240,1774584300000,8472.317570148503
8241,1774584600000,8472.317570148503
8242,1774584900000,8472.317570148503
8243,1774585200000,8472.317570148503
8244,1774585500000,8472.317570148503
8245,1774585800000,8472.317570148503
8246,1774586100000,8472.317570148503
8247,1774586400000,8472.317570148503
8248,1774586700000,8472.317570148503
8249,1774587000000,8472.317570148503
8250,1774587300000,8472.317570148503
8251,1774587600000,8472.317570148503
8252,1774587900000,8468.928643120445
8253,1774588200000,8452.550176191233
8254,1774588500000,8448.625728716359
8255,1774588800000,8445.246278424873
8256,1774589100000,8448.691867621366
8257,1774589400000,8450.250586543589
8258,1774589700000,8445.656467614932
8259,1774590000000,8449.799378434524
8260,1774590300000,8449.102056811424
8261,1774590600000,8444.79507031581
8262,1774590900000,8439.052421654991
8263,1774591200000,8444.179786530722
8264,1774591500000,8434.581359483353
8265,1774591800000,8428.797691903528
8266,1774592100000,8428.26444595645
8267,1774592400000,8416.883251994865
8268,1774592700000,8416.883251994865
8269,1774593000000,8416.883251994865
8270,1774593300000,8416.883251994865
8271,1774593600000,8416.883251994865
8272,1774593900000,8413.517171910085
8273,1774594200000,8413.435617526824
8274,1774594500000,8411.152094795521
8275,1774594800000,8413.680280676606
8276,1774595100000,8401.610231954006
8277,1774595400000,8432.478566018224
8278,1774595700000,8440.348564002892
8279,1774596000000,8435.659186965395
8280,1774596300000,8442.14276043463
8281,1774596600000,8430.847478353007
8282,1774596900000,8425.13867152475
8283,1774597200000,8431.98923971866
8284,1774597500000,8439.940792086589
8285,1774597800000,8444.05928844126
8286,1774598100000,8425.505666249424
8287,1774598400000,8423.426029476273
8288,1774598700000,8414.862819233887
8289,1774599000000,8413.843389443127
8290,1774599300000,8396.945575689319
8291,1774599600000,8396.945575689319
8292,1774599900000,8396.945575689319
8293,1774600200000,8396.945575689319
8294,1774600500000,8396.945575689319
8295,1774600800000,8396.945575689319
8296,1774601100000,8396.945575689319
8297,1774601400000,8396.945575689319
8298,1774601700000,8396.945575689319
8299,1774602000000,8396.945575689319
8300,1774602300000,8396.945575689319
8301,1774602600000,8396.945575689319
8302,1774602900000,8396.945575689319
8303,1774603200000,8396.945575689319
8304,1774603500000,8393.586797459044
8305,1774603800000,8411.646594375212
8306,1774604100000,8411.196123250318
8307,1774604400000,8418.321757407719
8308,1774604700000,8415.537026817472
8309,1774605000000,8415.741786419696
8310,1774605300000,8431.917794995403
8311,1774605600000,8431.794939234069
8312,1774605900000,8431.672083472733
8313,1774606200000,8436.299650482999
8314,1774606500000,8436.83202544878
8315,1774606800000,8428.395929837146
8316,1774607100000,8423.399795542877
8317,1774607400000,8427.249276064691
8318,1774607700000,8556.288777386344
8319,1774608000000,8553.463094875651
8320,1774608300000,8558.131613806363
8321,1774608600000,8623.982301881646
8322,1774608900000,8634.261233913297
8323,1774609200000,8636.882156821766
8324,1774609500000,8638.68404132134
8325,1774609800000,8622.58993658652
8326,1774610100000,8622.344225063853
8327,1774610400000,8624.228013404316
8328,1774610700000,8609.899411936694
8329,1774611000000,8609.899411936694
8330,1774611300000,8609.899411936694
8331,1774611600000,8609.899411936694
8332,1774611900000,8609.899411936694
8333,1774612200000,8609.899411936694
8334,1774612500000,8609.899411936694
8335,1774612800000,8609.899411936694
8336,1774613100000,8609.899411936694
8337,1774613400000,8609.899411936694
8338,1774613700000,8609.899411936694
8339,1774614000000,8609.899411936694
8340,1774614300000,8609.899411936694
8341,1774614600000,8609.899411936694
8342,1774614900000,8609.899411936694
8343,1774615200000,8609.899411936694
8344,1774615500000,8609.899411936694
8345,1774615800000,8609.899411936694
8346,1774616100000,8609.899411936694
8347,1774616400000,8606.455452171918
8348,1774616700000,8618.90287464387
8349,1774617000000,8613.327466661643
8350,1774617300000,8604.424101976843
8351,1774617600000,8589.253805839151
8352,1774617900000,8588.821603669985
8353,1774618200000,8636.061300759724
8354,1774618500000,8636.62316357964
8355,1774618800000,8625.688448699762
8356,1774619100000,8637.314687050302
8357,1774619400000,8656.50446336123
8358,1774619700000,8662.123091560376
8359,1774620000000,8638.784174425464
8360,1774620300000,8630.65877364516
8361,1774620600000,8629.059625619251
8362,1774620900000,8654.516333383071
8363,1774621200000,8671.58831906509
8364,1774621500000,8685.721329996786
8365,1774621800000,8669.47052843618
8366,1774622100000,8666.531553685858
8367,1774622400000,8664.327322623118
8368,1774622700000,8643.927380238527
8369,1774623000000,8641.161286355871
8370,1774623300000,8616.45049221795
8371,1774623600000,8613.003912021062
8372,1774623900000,8610.884637673256
8373,1774624200000,8622.562271834639
8374,1774624500000,8639.473216120196
8375,1774624800000,8604.397063139155
8376,1774625100000,8599.120502518086
8377,1774625400000,8550.87843010799
8378,1774625700000,8550.87843010799
8379,1774626000000,8550.87843010799
8380,1774626300000,8550.87843010799
8381,1774626600000,8547.458078735948
8382,1774626900000,8548.016272110583
8383,1774627200000,8571.718021556562
8384,1774627500000,8580.949681213962
8385,1774627800000,8565.234390820433
8386,1774628100000,8569.098806490972
8387,1774628400000,8583.654772183341
8388,1774628700000,8573.564353488042
8389,1774629000000,8574.508988429729
8390,1774629300000,8586.832180623564
8391,1774629600000,8565.749646243172
8392,1774629900000,8552.954136578493
8393,1774630200000,8565.062639012855
8394,1774630500000,8568.71236492392
8395,1774630800000,8560.89765767905
8396,1774631100000,8538.956364260759
8397,1774631400000,8537.324722088755
8398,1774631700000,8558.664884180514
8399,1774632000000,8575.797126986577
8400,1774632300000,8581.765502299966
8401,1774632600000,8579.661542657117
8402,1774632900000,8579.833294464695
8403,1774633200000,8609.803984887329
8404,1774633500000,8605.42431379405
8405,1774633800000,8605.927696454017
8406,1774634100000,8605.927696454017
8407,1774634400000,8605.927696454017
8408,1774634700000,8605.927696454017
8409,1774635000000,8605.927696454017
8410,1774635300000,8602.485325375435
8411,1774635600000,8635.71133816498
8412,1774635900000,8619.488715732487
8413,1774636200000,8604.740877157494
8414,1774636500000,8606.866300952124
8415,1774636800000,8610.726764579107
8416,1774637100000,8601.617805459258
8417,1774637400000,8599.318877681393
8418,1774637700000,8600.750285543083
8419,1774638000000,8614.847484180944
8420,1774638300000,8607.516940889256
8421,1774638600000,8610.553260595872
8422,1774638900000,8585.489337123394
8423,1774639200000,8585.489337123394
8424,1774639500000,8585.489337123394
8425,1774639800000,8585.489337123394
8426,1774640100000,8585.489337123394
8427,1774640400000,8585.489337123394
8428,1774640700000,8585.489337123394
8429,1774641000000,8585.489337123394
8430,1774641300000,8585.489337123394
8431,1774641600000,8585.489337123394
8432,1774641900000,8585.489337123394
8433,1774642200000,8585.489337123394
8434,1774642500000,8585.489337123394
8435,1774642800000,8582.055828090351
8436,1774643100000,8554.582415341118
8437,1774643400000,8548.285526390744
8438,1774643700000,8557.342695428953
8439,1774644000000,8549.536278305544
8440,1774644300000,8558.075894827283
8441,1774644600000,8574.766963483413
8442,1774644900000,8565.666665068831
8443,1774645200000,8584.902366930932
8444,1774645500000,8583.26345062878
8445,1774645800000,8582.875286241428
8446,1774646100000,8576.966561678406
8447,1774646400000,8576.49213853831
8448,1774646700000,8578.174184216834
8449,1774647000000,8578.389831098695
8450,1774647300000,8567.176193241867
8451,1774647600000,8571.35974274999
8452,1774647900000,8566.054829456183
8453,1774648200000,8565.709794445203
8454,1774648500000,8564.329654401286
8455,1774648800000,8555.558361445677
8456,1774649100000,8555.558361445677
8457,1774649400000,8552.1361381011
8458,1774649700000,8546.1026902356
8459,1774650000000,8545.025288831048
8460,1774650300000,8553.385923730382
8461,1774650600000,8552.998059224743
8462,1774650900000,8560.152004550977
8463,1774651200000,8550.283007685268
8464,1774651500000,8549.550374730172
8465,1774651800000,8552.524002606739
8466,1774652100000,8550.886352471818
8467,1774652400000,8553.816884292204
8468,1774652700000,8567.30594987721
8469,1774653000000,8549.765855011083
8470,1774653300000,8553.903076404567
8471,1774653600000,8535.414868302432
8472,1774653900000,8538.99184096555
8473,1774654200000,8535.55059697316
8474,1774654500000,8535.55059697316
8475,1774654800000,8535.55059697316
8476,1774655100000,8535.55059697316
8477,1774655400000,8535.55059697316
8478,1774655700000,8535.55059697316
8479,1774656000000,8535.55059697316
8480,1774656300000,8532.137059441879
8481,1774656600000,8527.16567586755
8482,1774656900000,8532.137059441879
8483,1774657200000,8536.679875466696
8484,1774657500000,8537.451297055815
8485,1774657800000,8538.73699970435
8486,1774658100000,8548.594053343106
8487,1774658400000,8545.25122645692
8488,1774658700000,8537.237013281061
8489,1774659000000,8539.16556725386
8490,1774659300000,8539.594134803372
8491,1774659600000,8535.737026857772
8492,1774659900000,8524.379986795728
8493,1774660200000,8512.102775685786
8494,1774660500000,8508.697934575512
8495,1774660800000,8505.496816070918
8496,1774661100000,8502.09461734449
8497,1774661400000,8496.498905476084
8498,1774661700000,8496.498905476084
8499,1774662000000,8493.100305913895
8500,1774662300000,8484.303915717051
8501,1774662600000,8480.910872759356
8502,1774662900000,8479.84579564089
8503,1774663200000,8492.498911808278
8504,1774663500000,8484.830356555314
8505,1774663800000,8480.612651166184
8506,1774664100000,8462.37853089803
8507,1774664400000,8463.74182960967
8508,1774664700000,8455.416690183265
8509,1774665000000,8455.416690183265
8510,1774665300000,8455.416690183265
8511,1774665600000,8452.03452350719
8512,1774665900000,8452.162208973312
8513,1774666200000,8452.162208973312
8514,1774666500000,8449.055195964365
8515,1774666800000,8449.86387058313
8516,1774667100000,8445.437441090933
8517,1774667400000,8445.948182955419
8518,1774667700000,8439.649033293445
8519,1774668000000,8436.164345411426
8520,1774668300000,8432.790554431456
8521,1774668600000,8424.462707469958
8522,1774668900000,8421.093596209223
8523,1774669200000,8423.734076409102
8524,1774669500000,8420.365256542515
8525,1774669800000,8417.99524204537
8526,1774670100000,8418.587745669656
8527,1774670400000,8421.804193915781
8528,1774670700000,8413.297534738529
8529,1774671000000,8415.540584173326
8530,1774671300000,8427.729230158642
8531,1774671600000,8428.364055470378
8532,1774671900000,8427.052083159459
8533,1774672200000,8426.628866284967
8534,1774672500000,8427.559943408845
8535,1774672800000,8426.586544597518
8536,1774673100000,8426.417257847723
8537,1774673400000,8426.036362660681
8538,1774673700000,8425.401537348946
8539,1774674000000,8419.772752918228
8540,1774674300000,8418.926319169248
8541,1774674600000,8421.677228853434
8542,1774674900000,8419.137927606493
8543,1774675200000,8434.373735088137
8544,1774675500000,8433.231049527014
8545,1774675800000,8435.431777274362
8546,1774676100000,8436.574462835486
8547,1774676400000,8436.193567648445
8548,1774676700000,8434.976970452937
8549,1774677000000,8434.976970452937
8550,1774677300000,8434.976970452937
8551,1774677600000,8431.603654327982
8552,1774677900000,8440.907726174059
8553,1774678200000,8443.868112670538
8554,1774678500000,8482.564593303081
8555,1774678800000,8473.260521457005
8556,1774679100000,8472.710735393373
8557,1774679400000,8471.653454501773
8558,1774679700000,8469.242854068927
8559,1774680000000,8464.379361967569
8560,1774680300000,8461.968761534723
8561,1774680600000,8461.503557942418
8562,1774680900000,8462.26480018437
8563,1774681200000,8464.548526910225
8564,1774681500000,8471.822619444429
8565,1774681800000,8476.939858959771
8566,1774682100000,8483.537291723353
8567,1774682400000,8478.885255800315
8568,1774682700000,8480.238575341562
8569,1774683000000,8479.096711978635
8570,1774683300000,8479.773371749257
8571,1774683600000,8477.574227494732
8572,1774683900000,8478.84296456465
8573,1774684200000,8481.042108819178
8574,1774684500000,8488.147036410726
8575,1774684800000,8487.795868224062
8576,1774685100000,8487.795868224062
8577,1774685400000,8484.401428764664
8578,1774685700000,8480.129323312114
8579,1774686000000,8486.26254401132
8580,1774686300000,8478.183611917884
8581,1774686600000,8471.500516259439
8582,1774686900000,8459.40233672545
8583,1774687200000,8456.019252407625
8584,1774687500000,8461.13156543621
8585,1774687800000,8446.555135726605
8586,1774688100000,8446.893139893784
8587,1774688400000,8440.809064884555
8588,1774688700000,8438.189532588916
8589,1774689000000,8433.54758563209
8590,1774689300000,8433.54758563209
8591,1774689600000,8433.54758563209
8592,1774689900000,8430.174166597839
8593,1774690200000,8436.674494948773
8594,1774690500000,8436.674494948773
8595,1774690800000,8436.674494948773
8596,1774691100000,8433.299825150792
8597,1774691400000,8427.092134052164
8598,1774691700000,8426.163091846925
8599,1774692000000,8407.86985328865
8600,1774692300000,8407.86985328865
8601,1774692600000,8404.507377842425
8602,1774692900000,8400.683957849806
8603,1774693200000,8392.032171525096
8604,1774693500000,8392.032171525096
8605,1774693800000,8392.032171525096
8606,1774694100000,8392.032171525096
8607,1774694400000,8392.032171525096
8608,1774694700000,8392.032171525096
8609,1774695000000,8388.675358656486
8610,1774695300000,8384.5544234865
8611,1774695600000,8381.9473012361
8612,1774695900000,8384.5544234865
8613,1774696200000,8382.620106978138
8614,1774696500000,8383.923668103338
8615,1774696800000,8384.133919897726
8616,1774697100000,8381.400646570693
8617,1774697400000,8381.484747288447
8618,1774697700000,8377.194963437098
8619,1774698000000,8373.844755493314
8620,1774698300000,8372.380525696273
8621,1774698600000,8369.032243142505
8622,1774698900000,8361.080937738607
8623,1774699200000,8357.736505363511
8624,1774699500000,8354.932332471408
8625,1774699800000,8346.184987181114
8626,1774700100000,8341.204441298123
8627,1774700400000,8339.315926831667
8628,1774700700000,8339.315926831667
8629,1774701000000,8335.980200460934
8630,1774701300000,8351.174012827
8631,1774701600000,8344.78760268412
8632,1774701900000,8331.806076184543
8633,1774702200000,8326.171008411413
8634,1774702500000,8326.75381639448
8635,1774702800000,8323.423780875028
8636,1774703100000,8326.752817483715
8637,1774703400000,8332.537018591314
8638,1774703700000,8327.501850720671
8639,1774704000000,8333.410890701094
8640,1774704300000,8333.410890701094
8641,1774704600000,8336.947992097826
8642,1774704900000,8341.691869265207
8643,1774705200000,8439.357480772625
8644,1774705500000,8427.414561938955
8645,1774705800000,8431.367792911773
8646,1774706100000,8432.449729809596
8647,1774706400000,8404.74324347296
8648,1774706700000,8404.74324347296
8649,1774707000000,8404.74324347296
8650,1774707300000,8404.74324347296
8651,1774707600000,8404.74324347296
8652,1774707900000,8404.74324347296
8653,1774708200000,8404.74324347296
8654,1774708500000,8404.74324347296
8655,1774708800000,8404.74324347296
8656,1774709100000,8404.74324347296
8657,1774709400000,8401.382018420582
8658,1774709700000,8412.705308953406
8659,1774710000000,8404.795657478271
8660,1774710300000,8404.71239798906
8661,1774710600000,8419.823995281027
8662,1774710900000,8440.68049732862
8663,1774711200000,8478.979862366115
8664,1774711500000,8444.593693321582
8665,1774711800000,8456.041873088225
8666,1774712100000,8434.810703339179
8667,1774712400000,8444.427174343158
8668,1774712700000,8435.643298231296
8669,1774713000000,8432.687586364274
8670,1774713300000,8437.68315571699
8671,1774713600000,8440.139310648743
8672,1774713900000,8444.676952810794
8673,1774714200000,8442.84524404813
8674,1774714500000,8449.46437344048
8675,1774714800000,8439.801348419309
8676,1774715100000,8439.801348419309
8677,1774715400000,8436.42610292904
8678,1774715700000,8423.277799055311
8679,1774716000000,8421.821499575626
8680,1774716300000,8422.487236480625
8681,1774716600000,8415.996301656885
8682,1774716900000,8424.81731564812
8683,1774717200000,8432.806158508109
8684,1774717500000,8417.827078145632
8685,1774717800000,8421.655065349376
8686,1774718100000,8416.828472788133
8687,1774718400000,8415.788258874072
8688,1774718700000,8410.379146520956
8689,1774719000000,8397.906701935404
8690,1774719300000,8394.548210952828
8691,1774719600000,8393.302525720675
8692,1774719900000,8384.91491182418
8693,1774720200000,8389.731561388504
8694,1774720500000,8391.101815143871
8695,1774720800000,8397.122627099276
8696,1774721100000,8397.828515397496
8697,1774721400000,8406.506789181492
8698,1774721700000,8401.980799504672
8699,1774722000000,8399.447906199293
8700,1774722300000,8396.707398688559
8701,1774722600000,8395.876941867124
8702,1774722900000,8395.295622092119
8703,1774723200000,8402.354505074316
8704,1774723500000,8398.326789490357
8705,1774723800000,8396.582830165344
8706,1774724100000,8395.08800788676
8707,1774724400000,8396.167601754625
8708,1774724700000,8396.333693118913
8709,1774725000000,8379.112413473871
8710,1774725300000,8375.76076850848
8711,1774725600000,8375.138671139177
8712,1774725900000,8376.922016931181
8713,1774726200000,8378.041792195929
8714,1774726500000,8378.16621166979
8715,1774726800000,8378.497996933418
8716,1774727100000,8380.654601147005
8717,1774727400000,8378.705362723187
8718,1774727700000,8374.972778507363
8719,1774728000000,8361.18129896094
8720,1774728300000,8361.18129896094
8721,1774728600000,8361.18129896094
8722,1774728900000,8357.83749520211
8723,1774729200000,8356.474723509411
8724,1774729500000,8356.226946838011
8725,1774729800000,8355.153247928612
8726,1774730100000,8355.483616823813
8727,1774730400000,8352.716777326517
8728,1774730700000,8354.203437354914
8729,1774731000000,8359.117674671006
8730,1774731300000,8360.769519147003
8731,1774731600000,8363.949319763296
8732,1774731900000,8344.664035506032
8733,1774732200000,8351.890855088519
8734,1774732500000,8345.40736552023
8735,1774732800000,8337.157264572585
8736,1774733100000,8337.157264572585
8737,1774733400000,8337.157264572585
8738,1774733700000,8337.157264572585
8739,1774734000000,8333.822401666755
8740,1774734300000,8345.670701418834
8741,1774734600000,8370.192966410943
8742,1774734900000,8374.651560045872
8743,1774735200000,8369.243451099801
8744,1774735500000,8382.165115986214
8745,1774735800000,8388.564023517825
8746,1774736100000,8372.298413405215
8747,1774736400000,8363.50507595855
8748,1774736700000,8366.766454635952
8749,1774737000000,8368.995751453416
8750,1774737300000,8368.417785611851
8751,1774737600000,8374.651560045872
8752,1774737900000,8366.560038263964
8753,1774738200000,8362.803260293793
8754,1774738500000,8365.238973483243
8755,1774738800000,8381.710999967841
8756,1774739100000,8396.985811494911
8757,1774739400000,8434.140758452651
8758,1774739700000,8445.82392510714
8759,1774740000000,8433.273809690303
8760,1774740300000,8429.475748445735
8761,1774740600000,8419.774178962325
8762,1774740900000,8427.865700744233
8763,1774741200000,8432.265326132741
8764,1774741500000,8432.265326132741
8765,1774741800000,8432.265326132741
8766,1774742100000,8432.265326132741
8767,1774742400000,8432.265326132741
8768,1774742700000,8432.265326132741
8769,1774743000000,8432.265326132741
8770,1774743300000,8428.892420002288
8771,1774743600000,8451.884828233186
8772,1774743900000,8449.52230555258
8773,1774744200000,8441.169100360437
8774,1774744500000,8446.231648961735
8775,1774744800000,8446.358212676769
8776,1774745100000,8440.873785025362
8777,1774745400000,8441.464415695513
8778,1774745700000,8427.120527991834
8779,1774746000000,8424.800193216239
8780,1774746300000,8409.099778228365
8781,1774746600000,8409.099778228365
8782,1774746900000,8409.099778228365
8783,1774747200000,8405.736138317074
8784,1774747500000,8404.267365898926
8785,1774747800000,8409.848701087885
8786,1774748100000,8424.200705859494
8787,1774748400000,8412.072842178222
8788,1774748700000,8410.98175409617
8789,1774749000000,8411.023719022403
8790,1774749300000,8400.53248746421
8791,1774749600000,8403.134312890641
8792,1774749900000,8404.393260677623
8793,1774750200000,8396.46188961963
8794,1774750500000,8398.26638144764
8795,1774750800000,8395.370801537578
8796,1774751100000,8399.693188939555
8797,1774751400000,8406.44954206303
8798,1774751700000,8396.245383215408
8799,1774752000000,8396.245383215408
8800,1774752300000,8396.245383215408
8801,1774752600000,8396.245383215408
8802,1774752900000,8396.245383215408
8803,1774753200000,8396.245383215408
8804,1774753500000,8396.245383215408
8805,1774753800000,8392.88755662744
8806,1774754100000,8425.492333421025
8807,1774754400000,8423.903895577236
8808,1774754700000,8417.591945197964
8809,1774755000000,8411.112790835137
8810,1774755300000,8412.49222369948
8811,1774755600000,8410.025964942017
8812,1774755900000,8405.993742522473
8813,1774756200000,8402.632017370495
8814,1774756500000,8402.71558074955
8815,1774756800000,8401.044313168473
8816,1774757100000,8405.807425774537
8817,1774757400000,8407.144439839398
8818,1774757700000,8393.398263985055
8819,1774758000000,8385.58508804353
8820,1774758300000,8381.99186274422
8821,1774758600000,8385.250834527316
8822,1774758900000,8375.131143082921
8823,1774759200000,8375.131143082921
8824,1774759500000,8375.131143082921
8825,1774759800000,8371.781090625687
8826,1774760100000,8373.279064500897
8827,1774760400000,8373.279064500897
8828,1774760700000,8373.279064500897
8829,1774761000000,8373.279064500897
8830,1774761300000,8373.279064500897
8831,1774761600000,8373.279064500897
8832,1774761900000,8373.279064500897
8833,1774762200000,8373.279064500897
8834,1774762500000,8373.279064500897
8835,1774762800000,8373.279064500897
8836,1774763100000,8369.929752875098
8837,1774763400000,8355.336403693782
8838,1774763700000,8358.05436271036
8839,1774764000000,8350.36044795574
8840,1774764300000,8356.005439759401
8841,1774764600000,8359.225175825193
8842,1774764900000,8357.468956152943
8843,1774765200000,8371.853231563753
8844,1774765500000,8371.936861071954
8845,1774765800000,8369.846123366895
8846,1774766100000,8369.051643038973
8847,1774766400000,8365.162870907563
8848,1774766700000,8355.62910697249
8849,1774767000000,8351.354843534164
8850,1774767300000,8348.01430159675
8851,1774767600000,8362.842790281416
8852,1774767900000,8368.007769486188
8853,1774768200000,8357.344586611822
8854,1774768500000,8353.054321627213
8855,1774768800000,8352.929362452904
8856,1774769100000,8351.263240128785
8857,1774769400000,8353.804076673066
8858,1774769700000,8351.721423767918
8859,1774770000000,8351.721423767918
8860,1774770300000,8345.681730342983
8861,1774770600000,8335.676247999807
8862,1774770900000,8332.342644221364
8863,1774771200000,8329.63280432534
8864,1774771500000,8326.301617440986
8865,1774771800000,8315.003925311255
8866,1774772100000,8311.677923741132
8867,1774772400000,8310.806543164197
8868,1774772700000,8307.404009482829
8869,1774773000000,8304.167453054211
8870,1774773300000,8301.00672232769
8871,1774773600000,8297.686983586505
8872,1774773900000,8296.652539850551
8873,1774774200000,8292.225120660665
8874,1774774500000,8293.176808897744
8875,1774774800000,8290.893899901095
8876,1774775100000,8287.577542341134
8877,1774775400000,8285.466667915138
8878,1774775700000,8288.736453790703
8879,1774776000000,8293.827386229876
8880,1774776300000,8290.764548827447
8881,1774776600000,8310.797161027114
8882,1774776900000,8300.739465232653
8883,1774777200000,8305.954566755707
8884,1774777500000,8301.650038514455
8885,1774777800000,8302.39505301775
8886,1774778100000,8303.802302635082
8887,1774778400000,8310.962719805624
8888,1774778700000,8313.653049956407
8889,1774779000000,8315.101689268366
8890,1774779300000,8323.876304529378
8891,1774779600000,8326.52524498553
8892,1774779900000,8325.159385062827
8893,1774780200000,8333.478713682936
8894,1774780500000,8316.633107969581
8895,1774780800000,8317.792019419148
8896,1774781100000,8314.273895375816
8897,1774781400000,8313.653049956407
8898,1774781700000,8317.543681251382
8899,1774782000000,8292.751063531941
8900,1774782300000,8292.751063531941
8901,1774782600000,8292.751063531941
8902,1774782900000,8292.751063531941
8903,1774783200000,8292.751063531941
8904,1774783500000,8292.751063531941
8905,1774783800000,8292.751063531941
8906,1774784100000,8292.751063531941
8907,1774784400000,8292.751063531941
8908,1774784700000,8289.434626393957
8909,1774785000000,8294.856588217883
8910,1774785300000,8293.449361484956
8911,1774785600000,8290.262406825092
8912,1774785900000,8287.696287488578
8913,1774786200000,8287.696287488578
8914,1774786500000,8287.075452165227
8915,1774786800000,8288.1515667257
8916,1774787100000,8285.622714509542
8917,1774787400000,8285.622714509542
8918,1774787700000,8282.308465423737
8919,1774788000000,8284.298214809847
8920,1774788300000,8280.984495523922
8921,1774788600000,8273.198332684837
8922,1774788900000,8269.889715075285
8923,1774789200000,8263.857762423508
8924,1774789500000,8200.752727392244
8925,1774789800000,8200.752727392244
8926,1774790100000,8200.752727392244
8927,1774790400000,8200.752727392244
8928,1774790700000,8200.752727392244
8929,1774791000000,8200.752727392244
8930,1774791300000,8200.752727392244
8931,1774791600000,8200.752727392244
8932,1774791900000,8200.752727392244
8933,1774792200000,8200.752727392244
8934,1774792500000,8200.752727392244
8935,1774792800000,8200.752727392244
8936,1774793100000,8200.752727392244
8937,1774793400000,8197.472426301289
8938,1774793700000,8205.897364581453
8939,1774794000000,8209.637215232648
8940,1774794300000,8211.034522069358
8941,1774794600000,8201.828735851032
8942,1774794900000,8206.513823480002
8943,1774795200000,8198.869733137999
8944,1774795500000,8205.85626732155
8945,1774795800000,8211.240008368875
8946,1774796100000,8202.732875568903
8947,1774796400000,8202.56848652929
8948,1774796700000,8199.486192036547
8949,1774797000000,8204.993224863581
8950,1774797300000,8203.43152898726
8951,1774797600000,8206.061753621067
8952,1774797900000,8221.391031564974
8953,1774798200000,8218.432028851941
8954,1774798500000,8221.802004164007
8955,1774798800000,8216.048387777553
8956,1774799100000,8215.637415178522
8957,1774799400000,8205.897364581453
8958,1774799700000,8207.664546757293
8959,1774800000000,8208.198811136035
8960,1774800300000,8203.678112546679
8961,1774800600000,8204.671393322686
8962,1774800900000,8204.671393322686
8963,1774801200000,8204.671393322686
8964,1774801500000,8204.671393322686
8965,1774801800000,8204.671393322686
8966,1774802100000,8204.671393322686
8967,1774802400000,8201.39018100782
8968,1774802700000,8204.716117637798
8969,1774803000000,8201.43124195387
8970,1774803300000,8203.237923580029
8971,1774803600000,8202.416704659046
8972,1774803900000,8208.863273188756
8973,1774804200000,8188.127495433963
8974,1774804500000,8182.666389609433
8975,1774804800000,8167.162382412937
8976,1774805100000,8167.162382412937
8977,1774805400000,8167.162382412937
8978,1774805700000,8163.895517459973
8979,1774806000000,8149.226274677566
8980,1774806300000,8155.700409760304
8981,1774806600000,8155.659434221806
8982,1774806900000,8156.028214068292
8983,1774807200000,8167.173560539841
8984,1774807500000,8168.361851156294
8985,1774807800000,8160.863327611096
8986,1774808100000,8158.650648532185
8987,1774808400000,8162.584300228026
8988,1774808700000,8162.215520381542
8989,1774809000000,8160.043816841129
8990,1774809300000,8140.21165620793
8991,1774809600000,8140.003140115444
8992,1774809900000,8140.003140115444
8993,1774810200000,8140.003140115444
8994,1774810500000,8136.7477899294345
8995,1774810800000,8135.5663843234115
8996,1774811100000,8138.051409908496
8997,1774811400000,8139.803149255358
8998,1774811700000,8142.939984829974
8999,1774812000000,8140.699387990963
9000,1774812300000,8137.8884574111125
9001,1774812600000,8143.102937327357
9002,1774812900000,8128.396474438577
9003,1774813200000,8128.314998189886
9004,1774813500000,8129.21123692549
9005,1774813800000,8129.903785039366
9006,1774814100000,8130.881500023662
9007,1774814400000,8139.762411131012
9008,1774814700000,8139.273553638865
9009,1774815000000,8136.70705180509
9010,1774815300000,8147.74708350276
9011,1774815600000,8168.767955665116
9012,1774815900000,8172.719553726643
9013,1774816200000,8165.060786349661
9014,1774816500000,8160.9462357907505
9015,1774816800000,8154.30592152241
9016,1774817100000,8150.922359833861
9017,1774817400000,8147.662642833328
9018,1774817700000,8152.751751292312
9019,1774818000000,8155.357374823313
9020,1774818300000,8148.680464525125
9021,1774818600000,8151.530365262156
9022,1774818900000,8151.082523717765
9023,1774819200000,8157.759434015953
9024,1774819500000,8159.184384384468
9025,1774819800000,8167.408383654186
9026,1774820100000,8163.703512696046
9027,1774820400000,8161.627156444781
9028,1774820700000,8164.110641372765
9029,1774821000000,8165.372740270592
9030,1774821300000,8169.077611228733
9031,1774821600000,8119.660380517484
9032,1774821900000,8119.660380517484
9033,1774822200000,8119.660380517484
9034,1774822500000,8119.660380517484
9035,1774822800000,8119.660380517484
9036,1774823100000,8119.660380517484
9037,1774823400000,8119.660380517484
9038,1774823700000,8119.660380517484
9039,1774824000000,8119.660380517484
9040,1774824300000,8119.660380517484
9041,1774824600000,8119.660380517484
9042,1774824900000,8119.660380517484
9043,1774825200000,8116.412516365277
9044,1774825500000,8117.885374145814
9045,1774825800000,8109.6210054883595
9046,1774826100000,8109.6210054883595
9047,1774826400000,8107.534456965933
9048,1774826700000,8121.894820326164
9049,1774827000000,8124.717797738859
9050,1774827300000,8125.372401196875
9051,1774827600000,8111.66664129466
9052,1774827900000,8125.208750332371
9053,1774828200000,8106.061599185396
9054,1774828500000,8116.371603649151
9055,1774828800000,8129.259109228847
9056,1774829100000,8120.176486248871
9057,1774829400000,8120.544700694006
9058,1774829700000,7974.933583407812
9059,1774830000000,7974.933583407812
9060,1774830300000,7974.933583407812
9061,1774830600000,7974.933583407812
9062,1774830900000,7974.933583407812
9063,1774831200000,7974.933583407812
9064,1774831500000,7974.933583407812
9065,1774831800000,7971.744247841563
9066,1774832100000,7984.497055756377
9067,1774832400000,8008.803347957653
9068,1774832700000,7998.689052025215
9069,1774833000000,8000.288150196351
9070,1774833300000,8020.196922427002
9071,1774833600000,8009.283077408995
9072,1774833900000,8026.113585660208
9073,1774834200000,8043.863575359823
9074,1774834500000,8035.108512872851
9075,1774834800000,8036.507723772595
9076,1774835100000,8049.420441504523
9077,1774835400000,8036.347813955482
9078,1774835700000,8037.1873404953285
9079,1774836000000,8039.546010297755
9080,1774836300000,8050.899607312824
9081,1774836600000,8070.68844718064
9082,1774836900000,8056.8562480003075
9083,1774837200000,8051.819088761227
9084,1774837500000,8053.138344752416
9085,1774837800000,8042.224499734409
9086,1774838100000,8036.267859046925
9087,1774838400000,8072.2075904432195
9088,1774838700000,8149.164189929168
9089,1774839000000,8121.008857589679
9090,1774839300000,8121.008857589679
9091,1774839600000,8121.008857589679
9092,1774839900000,8121.008857589679
9093,1774840200000,8121.008857589679
9094,1774840500000,8121.008857589679
9095,1774840800000,8121.008857589679
9096,1774841100000,8121.008857589679
9097,1774841400000,8121.008857589679
9098,1774841700000,8121.008857589679
9099,1774842000000,8121.008857589679
9100,1774842300000,8121.008857589679
9101,1774842600000,8121.008857589679
9102,1774842900000,8121.008857589679
9103,1774843200000,8121.008857589679
9104,1774843500000,8121.008857589679
9105,1774843800000,8121.008857589679
9106,1774844100000,8121.008857589679
9107,1774844400000,8121.008857589679
9108,1774844700000,8121.008857589679
9109,1774845000000,8121.008857589679
9110,1774845300000,8121.008857589679
9111,1774845600000,8121.008857589679
9112,1774845900000,8121.008857589679
9113,1774846200000,8121.008857589679
9114,1774846500000,8121.008857589679
9115,1774846800000,8121.008857589679
9116,1774847100000,8121.008857589679
9117,1774847400000,8121.008857589679
9118,1774847700000,8121.008857589679
9119,1774848000000,8121.008857589679
9120,1774848300000,8121.008857589679
9121,1774848600000,8121.008857589679
9122,1774848900000,8121.008857589679
9123,1774849200000,8121.008857589679
9124,1774849500000,8121.008857589679
9125,1774849800000,8117.761103597442
9126,1774850100000,8109.998974724844
9127,1774850400000,8124.057932631845
9128,1774850700000,8115.860174077622
9129,1774851000000,8100.296313634097
9130,1774851300000,8097.761740941003
9131,1774851600000,8100.375519030756
9132,1774851900000,8100.137902840778
9133,1774852200000,8100.771546014052
9134,1774852500000,8104.018967277077
9135,1774852800000,8108.4940721883195
9136,1774853100000,8107.939634411706
9137,1774853400000,8094.751935867956
9138,1774853700000,8088.69272302353
9139,1774854000000,8091.068884923304
9140,1774854300000,8111.583082658026
9141,1774854600000,8106.632745366829
9142,1774854900000,8107.54360742841
9143,1774855200000,8098.514192209265
9144,1774855500000,8096.732070784435
9145,1774855800000,8092.098555079873
9146,1774856100000,8092.217363174862
9147,1774856400000,8093.44504682308
9148,1774856700000,8143.4632548133395
9149,1774857000000,8153.863661547797
9150,1774857300000,8153.863661547797
9151,1774857600000,8153.863661547797
9152,1774857900000,8153.863661547797
9153,1774858200000,8153.863661547797
9154,1774858500000,8153.863661547797
9155,1774858800000,8153.863661547797
9156,1774859100000,8153.863661547797
9157,1774859400000,8153.863661547797
9158,1774859700000,8153.863661547797
9159,1774860000000,8153.863661547797
9160,1774860300000,8153.863661547797
9161,1774860600000,8153.863661547797
9162,1774860900000,8153.863661547797
9163,1774861200000,8150.602768261837
9164,1774861500000,8152.264065833246
9165,1774861800000,8146.607743149638
9166,1774862100000,8145.421102027203
9167,1774862400000,8136.323520088534
9168,1774862700000,8134.227120772231
9169,1774863000000,8126.593062884565
9170,1774863300000,8137.351942394644
9171,1774863600000,8131.537400894712
9172,1774863900000,8131.339627374306
9173,1774864200000,8130.152986251871
9174,1774864500000,8129.12456394576
9175,1774864800000,8124.331222817677
9176,1774865100000,8121.082140145087
9177,1774865400000,8114.759556452458
9178,1774865700000,8129.301498945503
9179,1774866000000,8121.042623997007
9180,1774866300000,8116.340202375613
9181,1774866600000,8111.993426086932
9182,1774866900000,8104.4063256557765
9183,1774867200000,8106.382133059724
9184,1774867500000,8114.008749638958
9185,1774867800000,8123.53214132598
9186,1774868100000,8131.553919386003
9187,1774868400000,8134.043436714975
9188,1774868700000,8140.010375074893
9189,1774869000000,8142.499892403866
9190,1774869300000,8148.743443800337
9191,1774869600000,8155.224092085281
9192,1774869900000,8165.853935918513
9193,1774870200000,8169.607969986011
9194,1774870500000,8169.212808505222
9195,1774870800000,8160.7314048478875
9196,1774871100000,8160.7314048478875
9197,1774871400000,8160.7314048478875
9198,1774871700000,8160.7314048478875
9199,1774872000000,8160.7314048478875
9200,1774872300000,8160.7314048478875
9201,1774872600000,8160.7314048478875
9202,1774872900000,8160.7314048478875
9203,1774873200000,8160.7314048478875
9204,1774873500000,8160.7314048478875
9205,1774873800000,8160.7314048478875
9206,1774874100000,8160.7314048478875
9207,1774874400000,8160.7314048478875
9208,1774874700000,8160.7314048478875
9209,1774875000000,8160.7314048478875
9210,1774875300000,8160.7314048478875
9211,1774875600000,8160.7314048478875
9212,1774875900000,8157.467765013916
9213,1774876200000,8160.695452243005
9214,1774876500000,8165.064638614091
9215,1774876800000,8182.187125744021
9216,1774877100000,8163.057174605755
9217,1774877400000,8158.609264155911
9218,1774877700000,8156.562438108195
9219,1774878000000,8137.443582051884
9220,1774878300000,8137.443582051884
9221,1774878600000,8137.443582051884
9222,1774878900000,8137.443582051884
9223,1774879200000,8137.443582051884
9224,1774879500000,8137.443582051884
9225,1774879800000,8134.189255484376
9226,1774880100000,8094.544625302778
9227,1774880400000,8102.253303393644
9228,1774880700000,8075.031027662079
9229,1774881000000,8075.031027662079
9230,1774881300000,8075.031027662079
9231,1774881600000,8075.031027662079
9232,1774881900000,8075.031027662079
9233,1774882200000,8075.031027662079
9234,1774882500000,8075.031027662079
9235,1774882800000,8075.031027662079
9236,1774883100000,8075.031027662079
9237,1774883400000,8075.031027662079
9238,1774883700000,8071.801661124322
9239,1774884000000,8072.28541348118
9240,1774884300000,8072.28541348118
9241,1774884600000,8072.28541348118
9242,1774884900000,8072.28541348118
9243,1774885200000,8072.28541348118
9244,1774885500000,8072.28541348118
9245,1774885800000,8072.28541348118
9246,1774886100000,8072.28541348118
9247,1774886400000,8069.057144969491
9248,1774886700000,8071.281412466327
9249,1774887000000,8072.4520795699245
9250,1774887300000,8063.633054056154
9251,1774887600000,8054.228694990585
9252,1774887900000,8055.360339857396
9253,1774888200000,8053.721405912358
9254,1774888500000,8064.491543265459
9255,1774888800000,8058.130918669244
9256,1774889100000,8052.433672098401
9257,1774889400000,8034.585534682119
9258,1774889700000,8031.371700468247
9259,1774890000000,8039.810002363656
9260,1774890300000,8035.493635956327
9261,1774890600000,8055.208931168185
9262,1774890900000,8071.463356017411
9263,1774891200000,8113.771524046015
9264,1774891500000,8128.548273908946
9265,1774891800000,8129.131566666693
9266,1774892100000,8118.671183211091
9267,1774892400000,8106.266490562999
9268,1774892700000,8108.832978697087
9269,1774893000000,8120.109972013535
9270,1774893300000,8126.176216694107
9271,1774893600000,8131.348079146133
9272,1774893900000,8144.491609287373
9273,1774894200000,8132.8257541324265
9274,1774894500000,8132.631323213177
9275,1774894800000,8144.102747448874
9276,1774895100000,8149.1968375332
9277,1774895400000,8140.330787615441
9278,1774895700000,8149.274609900901
9279,1774896000000,8144.063861265025
9280,1774896300000,8161.951505835942
9281,1774896600000,8168.367726171162
9282,1774896900000,8160.357602751045
9283,1774897200000,8160.357602751045
9284,1774897500000,8160.357602751045
9285,1774897800000,8160.357602751045
9286,1774898100000,8160.357602751045
9287,1774898400000,8160.357602751045
9288,1774898700000,8160.357602751045
9289,1774899000000,8160.357602751045
9290,1774899300000,8160.357602751045
9291,1774899600000,8160.357602751045
9292,1774899900000,8160.357602751045
9293,1774900200000,8157.093459709945
9294,1774900500000,8165.472229277085
9295,1774900800000,8162.531603419387
9296,1774901100000,8157.536567715899
9297,1774901400000,8160.154933205631
9298,1774901700000,8162.813581241358
9299,1774902000000,8156.771199341978
9300,1774902300000,8157.737980445879
9301,1774902600000,8165.673642007065
9302,1774902900000,8162.6524510573745
9303,1774903200000,8161.242561947519
9304,1774903500000,8164.626295811172
9305,1774903800000,8157.576850261895
9306,1774904100000,8167.486356576878
9307,1774904400000,8173.32732574628
9308,1774904700000,8153.306900386333
9309,1774905000000,8103.63698421061
9310,1774905300000,8103.63698421061
9311,1774905600000,8103.63698421061
9312,1774905900000,8103.63698421061
9313,1774906200000,8103.63698421061
9314,1774906500000,8103.63698421061
9315,1774906800000,8103.63698421061
9316,1774907100000,8103.63698421061
9317,1774907400000,8103.63698421061
9318,1774907700000,8100.396177578253
9319,1774908000000,8133.10013464097
9320,1774908300000,8094.030443843417
9321,1774908600000,8096.298236486452
9322,1774908900000,8100.794035936679
9323,1774909200000,8108.353344746797
9324,1774909500000,8104.852191192637
9325,1774909800000,8095.900378128024
9326,1774910100000,8095.422948097912
9327,1774910400000,8098.446671621959
9328,1774910700000,8083.248482330039
9329,1774911000000,8082.640321191634
9330,1774911300000,8079.407265063158
9331,1774911600000,8136.178323647481
9332,1774911900000,8140.551444406778
9333,1774912200000,8127.4320821288875
9334,1774912500000,8124.092608094516
9335,1774912800000,8115.346366575923
9336,1774913100000,8111.927381255017
9337,1774913400000,8106.0435460516
9338,1774913700000,8115.624656078787
9339,1774914000000,8104.5964364480515
9340,1774914300000,8104.5964364480515
9341,1774914600000,8101.354597873473
9342,1774914900000,8098.7141689863765
9343,1774915200000,8100.754500399133
9344,1774915500000,8116.957132206308
9345,1774915800000,8121.117808028398
9346,1774916100000,8118.757424629329
9347,1774916400000,8108.355735074105
9348,1774916700000,8096.7538505702
9349,1774917000000,8106.875494637399
9350,1774917300000,8087.952420946548
9351,1774917600000,8086.032109028661
9352,1774917900000,8048.424506211553
9353,1774918200000,8048.424506211553
9354,1774918500000,8048.424506211553
9355,1774918800000,8048.424506211553
9356,1774919100000,8048.424506211553
9357,1774919400000,8048.424506211553
9358,1774919700000,8048.424506211553
9359,1774920000000,8048.424506211553
9360,1774920300000,8048.424506211553
9361,1774920600000,8048.424506211553
9362,1774920900000,8048.424506211553
9363,1774921200000,8048.424506211553
9364,1774921500000,8048.424506211553
9365,1774921800000,8048.424506211553
9366,1774922100000,8048.424506211553
9367,1774922400000,8048.424506211553
9368,1774922700000,8048.424506211553
9369,1774923000000,8048.424506211553
9370,1774923300000,8048.424506211553
9371,1774923600000,8048.424506211553
9372,1774923900000,8048.424506211553
9373,1774924200000,8048.424506211553
9374,1774924500000,8048.424506211553
9375,1774924800000,8048.424506211553
9376,1774925100000,8048.424506211553
9377,1774925400000,8048.424506211553
9378,1774925700000,8048.424506211553
9379,1774926000000,8045.2057801542815
9380,1774926300000,8058.962054980877
9381,1774926600000,8050.956991098734
9382,1774926900000,8036.850980471461
9383,1774927200000,8029.661966790896
9384,1774927500000,8031.954679261996
9385,1774927800000,8037.705890206448
9386,1774928100000,8019.4030499710625
9387,1774928400000,8020.957431307401
9388,1774928700000,8023.016986578049
9389,1774929000000,8036.501244670786
9390,1774929300000,8031.138629060418
9391,1774929600000,8024.377070247345
9392,1774929900000,8030.3614383922495
9393,1774930200000,8027.485832920022
9394,1774930500000,8036.501244670786
9395,1774930800000,8038.8716762087015
9396,1774931100000,8003.610156394764
9397,1774931400000,8003.610156394764
9398,1774931700000,8000.409352492986
9399,1774932000000,8002.350144235459
9400,1774932300000,8011.0448912417405
9401,1774932600000,8008.7547569856215
9402,1774932900000,7999.43895662175
9403,1774933200000,8006.581070234051
9404,1774933500000,7992.3356588442975
9405,1774933800000,7982.864595141028
9406,1774934100000,7991.520526312459
9407,1774934400000,8012.054102947825
9408,1774934700000,8014.69357971759
9409,1774935000000,8021.796877495042
9410,1774935300000,8020.593586614709
9411,1774935600000,8016.285028946418
9412,1774935900000,8027.5804368876115
9413,1774936200000,8019.00213738588
9414,1774936500000,8012.791603809966
9415,1774936800000,8010.074495370503
9416,1774937100000,7996.0619789898465
9417,1774937400000,7992.413290513997
9418,1774937700000,7990.239603762427
9419,1774938000000,7988.595839933233
9420,1774938300000,7988.595839933233
9421,1774938600000,7988.595839933233
9422,1774938900000,7988.595839933233
9423,1774939200000,7988.595839933233
9424,1774939500000,7985.4004015972605
9425,1774939800000,7977.527915235977
9426,1774940100000,7976.13180928028
9427,1774940400000,7978.6525561447315
9428,1774940700000,7993.660695168461
9429,1774941000000,8018.790602370985
9430,1774941300000,8044.46343966739
9431,1774941600000,8045.277834808213
9432,1774941900000,8022.125744376259
9433,1774942200000,8021.272568514443
9434,1774942500000,8012.779590617294
9435,1774942800000,8012.003976197464
9436,1774943100000,8000.562336332509
9437,1774943400000,7997.362111397977
9438,1774943700000,7997.673409754977
9439,1774944000000,7988.918143464397
9440,1774944300000,7986.93361643853
9441,1774944600000,8005.144570322937
9442,1774944900000,7997.401023692603
9443,1774945200000,7996.856251567856
9444,1774945500000,8003.70481542182
9445,1774945800000,8026.196121714957
9446,1774946100000,8035.885283076532
9447,1774946400000,8055.535991862058
9448,1774946700000,8045.379882964984
9449,1774947000000,8050.827604212457
9450,1774947300000,8059.427221324539
9451,1774947600000,8055.302518094309
9452,1774947900000,8063.97995979564
9453,1774948200000,8069.194207275364
9454,1774948500000,8100.752078216078
9455,1774948800000,8094.603935665359
9456,1774949100000,8112.775977255142
9457,1774949400000,8108.106501900166
9458,1774949700000,8104.798956857057
9459,1774950000000,8096.549550396599
9460,1774950300000,8106.900220766796
9461,1774950600000,8118.812647842613
9462,1774950900000,8118.812647842613
9463,1774951200000,8118.812647842613
9464,1774951500000,8118.812647842613
9465,1774951800000,8118.812647842613
9466,1774952100000,8118.812647842613
9467,1774952400000,8118.812647842613
9468,1774952700000,8118.812647842613
9469,1774953000000,8118.812647842613
9470,1774953300000,8118.812647842613
9471,1774953600000,8118.812647842613
9472,1774953900000,8115.565122783476
9473,1774954200000,8105.03208085656
9474,1774954500000,8118.328544429702
9475,1774954800000,8109.237287709511
9476,1774955100000,8131.3046112902375
9477,1774955400000,8089.1323939934955
9478,1774955700000,8075.515533707748
9479,1774956000000,8068.7471531539495
9480,1774956300000,8072.271516992614
9481,1774956600000,8072.8322112396745
9482,1774956900000,8052.239995310855
9483,1774957200000,8052.239995310855
9484,1774957500000,8052.239995310855
9485,1774957800000,8052.239995310855
9486,1774958100000,8052.239995310855
9487,1774958400000,8052.239995310855
9488,1774958700000,8052.239995310855
9489,1774959000000,8049.019099312732
9490,1774959300000,8015.467782551322
9491,1774959600000,8015.467782551322
9492,1774959900000,8015.467782551322
9493,1774960200000,8015.467782551322
9494,1774960500000,8015.467782551322
9495,1774960800000,8015.467782551322
9496,1774961100000,8015.467782551322
9497,1774961400000,8015.467782551322
9498,1774961700000,8015.467782551322
9499,1774962000000,8015.467782551322
9500,1774962300000,8015.467782551322
9501,1774962600000,8015.467782551322
9502,1774962900000,8015.467782551322
9503,1774963200000,8015.467782551322
9504,1774963500000,8015.467782551322
9505,1774963800000,8015.467782551322
9506,1774964100000,8015.467782551322
9507,1774964400000,8015.467782551322
9508,1774964700000,8015.467782551322
9509,1774965000000,8015.467782551322
9510,1774965300000,8015.467782551322
9511,1774965600000,8015.467782551322
9512,1774965900000,8015.467782551322
9513,1774966200000,8015.467782551322
9514,1774966500000,8015.467782551322
9515,1774966800000,8015.467782551322
9516,1774967100000,8015.467782551322
9517,1774967400000,8015.467782551322
9518,1774967700000,8012.262236547502
9519,1774968000000,8000.621059859865
9520,1774968300000,7953.437553019616
9521,1774968600000,7901.274862564932
9522,1774968900000,7901.274862564932
9523,1774969200000,7901.274862564932
9524,1774969500000,7898.1149845955
9525,1774969800000,7953.913905545814
9526,1774970100000,7937.9713567028675
9527,1774970400000,7945.559396777155
9528,1774970700000,7896.582047206756
9529,1774971000000,7898.766482985717
9530,1774971300000,7901.219182807708
9531,1774971600000,7891.638324128053
9532,1774971900000,7894.857492644417
9533,1774972200000,7904.898232540696
9534,1774972500000,7874.890983156015
9535,1774972800000,7889.645505522684
9536,1774973100000,7914.095856873166
9537,1774973400000,7911.796450790049
9538,1774973700000,7909.726985315243
9539,1774974000000,7933.602485144945
9540,1774974300000,7918.541375300525
9541,1774974600000,7906.162905886412
9542,1774974900000,7976.984613246424
9543,1774975200000,8026.766754945915
9544,1774975500000,8039.451811837778
9545,1774975800000,8019.178714871627
9546,1774976100000,8016.112840094137
9547,1774976400000,8029.832629723404
9548,1774976700000,8008.960980594214
9549,1774977000000,8008.960980594214
9550,1774977300000,8008.960980594214
9551,1774977600000,8008.960980594214
9552,1774977900000,8008.960980594214
9553,1774978200000,8008.960980594214
9554,1774978500000,8008.960980594214
9555,1774978800000,8008.960980594214
9556,1774979100000,8008.960980594214
9557,1774979400000,8008.960980594214
9558,1774979700000,8005.758036790738
9559,1774980000000,8025.64469832593
9560,1774980300000,8051.0001917833015
9561,1774980600000,8061.784881308157
9562,1774980900000,8041.974706932714
9563,1774981200000,8041.974706932714
9564,1774981500000,8040.444963737698
9565,1774981800000,8032.0696197449915
9566,1774982100000,8046.181500719004
9567,1774982400000,8033.025709241876
9568,1774982700000,8033.216927141254
9569,1774983000000,8023.464814273033
9570,1774983300000,8030.731094449355
9571,1774983600000,8035.39681119415
9572,1774983900000,8024.535634509544
9573,1774984200000,8037.88264388605
9574,1774984500000,8033.561119360133
9575,1774984800000,8031.687183946238
9576,1774985100000,8021.096771533327
9577,1774985400000,8017.888974384145
9578,1774985700000,8001.610393374971
9579,1774986000000,8010.743212297959
9580,1774986300000,8016.0165554417745
9581,1774986600000,8008.526879672298
9582,1774986900000,8011.431039664543
9583,1774987200000,8018.958928065499
9584,1774987500000,8036.651376439318
9585,1774987800000,8047.694826936152
9586,1774988100000,8037.492054331811
9587,1774988400000,8041.427955373933
9588,1774988700000,8038.829496433503
9589,1774989000000,8030.499142771532
9590,1774989300000,8050.331498508059
9591,1774989600000,8042.268633266427
9592,1774989900000,8052.203917450429
9593,1774990200000,8051.095751137598
9594,1774990500000,8053.923485866891
9595,1774990800000,8021.404536480022
9596,1774991100000,8011.966016505219
9597,1774991400000,8014.602688077128
9598,1774991700000,8009.601892232223
9599,1774992000000,8009.601892232223
9600,1774992300000,8006.398692115354
9601,1774992600000,8011.812284869415
9602,1774992900000,8009.105488492384
9603,1774993200000,8011.164178694633
9604,1774993500000,8019.665806752067
9605,1774993800000,8029.692390514871
9606,1774994100000,8016.0440369518155
9607,1774994400000,8002.319435603491
9608,1774994700000,7988.671082040434
9609,1774995000000,8006.398692115354
9610,1774995300000,8006.284320437451
9611,1774995600000,8002.624426744565
9612,1774995900000,7994.427789828204
9613,1774996200000,7969.584628355373
9614,1774996500000,7969.584628355373
9615,1774996800000,7966.396794504031
9616,1774997100000,7972.210403964022
9617,1774997400000,7973.084345255394
9618,1774997700000,7969.778567327162
9619,1774998000000,7978.1760032138145
9620,1774998300000,7959.367266725611
9621,1774998600000,7968.524651561282
9622,1774998900000,7942.800379637011
9623,1774999200000,7957.999358617378
9624,1774999500000,7954.579588346795
9625,1774999800000,7944.997969213131
9626,1775000100000,7944.997969213131
9627,1775000400000,7944.997969213131
9628,1775000700000,7941.82060549819
9629,1775001000000,7952.548711719467
9630,1775001300000,7953.26643713568
9631,1775001600000,7950.093335295584
9632,1775001900000,7952.133186478503
9633,1775002200000,7941.253980169601
9634,1775002500000,7948.204584200289
9635,1775002800000,7932.754600240772
9636,1775003100000,7937.47647797901
9637,1775003400000,7926.370621538673
9638,1775003700000,7931.130274298818
9639,1775004000000,7946.013632929747
9640,1775004300000,7947.1846586088295
9641,1775004600000,7982.390979025135
9642,1775004900000,7988.359432486268
9643,1775005200000,7973.1738736800935
9644,1775005500000,7961.199191735922
9645,1775005800000,7960.74589147305
9646,1775006100000,7939.327454052399
9647,1775006400000,7934.490604453919
9648,1775006700000,7934.490604453919
9649,1775007000000,7934.490604453919
9650,1775007300000,7934.490604453919
9651,1775007600000,7934.490604453919
9652,1775007900000,7934.490604453919
9653,1775008200000,7934.490604453919
9654,1775008500000,7934.490604453919
9655,1775008800000,7934.490604453919
9656,1775009100000,7934.490604453919
9657,1775009400000,7934.490604453919
9658,1775009700000,7934.490604453919
9659,1775010000000,7934.490604453919
9660,1775010300000,7934.490604453919
9661,1775010600000,7934.490604453919
9662,1775010900000,7934.490604453919
9663,1775011200000,7934.490604453919
9664,1775011500000,7934.490604453919
9665,1775011800000,7934.490604453919
9666,1775012100000,7934.490604453919
9667,1775012400000,7931.316808212137
9668,1775012700000,7884.63284930665
9669,1775013000000,7897.1476392650675
9670,1775013300000,7897.792340565954
9671,1775013600000,7908.259255803903
9672,1775013900000,7907.6904017148845
9673,1775014200000,7912.6583940923165
9674,1775014500000,7910.307130524372
9675,1775014800000,7899.119666773667
9676,1775015100000,7885.682672737789
9677,1775015400000,7885.682672737789
9678,1775015700000,7885.682672737789
9679,1775016000000,7885.682672737789
9680,1775016300000,7885.682672737789
9681,1775016600000,7885.682672737789
9682,1775016900000,7885.682672737789
9683,1775017200000,7885.682672737789
9684,1775017500000,7885.682672737789
9685,1775017800000,7885.682672737789
9686,1775018100000,7885.682672737789
9687,1775018400000,7885.682672737789
9688,1775018700000,7885.682672737789
9689,1775019000000,7885.682672737789
9690,1775019300000,7885.682672737789
9691,1775019600000,7882.529030397163
9692,1775019900000,7893.752481541072
9693,1775020200000,7907.482503440453
9694,1775020500000,7927.6847154994875
9695,1775020800000,7941.639206421747
9696,1775021100000,7959.260024717681
9697,1775021400000,7967.191263526044
9698,1775021700000,7950.243852298742
9699,1775022000000,7952.338896512271
9700,1775022300000,7949.944560268238
9701,1775022600000,7953.087126588533
9702,1775022900000,7941.227679879803
9703,1775023200000,7952.787834558029
9704,1775023500000,7983.577502196149
9705,1775023800000,7999.4025683090595
9706,1775024100000,8006.061815987779
9707,1775024400000,8008.381329224186
9708,1775024700000,8020.5400679634195
9709,1775025000000,8032.773629710279
9710,1775025300000,8028.359072260343
9711,1775025600000,8061.879779676815
9712,1775025900000,8037.861594228852
9713,1775026200000,8041.67756761778
9714,1775026500000,8048.074934769808
9715,1775026800000,8047.997336138367
9716,1775027100000,8047.997336138367
9717,1775027400000,8047.997336138367
9718,1775027700000,8044.778780914957
9719,1775028000000,8034.677794212756
9720,1775028300000,8033.250889028061
9721,1775028600000,8028.219170745179
9722,1775028900000,8035.8042983059395
9723,1775029200000,8033.85169121109
9724,1775029500000,8015.114173127827
9725,1775029800000,8007.179023209401
9726,1775030100000,8003.976792046351
9727,1775030400000,8014.981790638887
9728,1775030700000,7994.924899006073
9729,1775031000000,7986.99979763056
9730,1775031300000,8000.633976774216
9731,1775031600000,8012.5028489764045
9732,1775031900000,8023.88344479053
9733,1775032200000,8019.939673963853
9734,1775032500000,8038.0059003222495
9735,1775032800000,8037.2922656012315
9736,1775033100000,8037.855661433614
9737,1775033400000,8018.925561465565
9738,1775033700000,8026.362386453013
9739,1775034000000,8032.447061442743
9740,1775034300000,8009.79854898097
9741,1775034600000,8013.366722586058
9742,1775034900000,8008.033242039504
9743,1775035200000,7998.0047962230965
9744,1775035500000,8014.1554767513935
9745,1775035800000,8020.615748962711
9746,1775036100000,8000.671536496374
9747,1775036400000,8001.685648994662
9748,1775036700000,8018.362165633182
9749,1775037000000,8026.287267008695
9750,1775037300000,8021.012114665901
9751,1775037600000,8021.012114665901
9752,1775037900000,8021.012114665901
9753,1775038200000,8021.012114665901
9754,1775038500000,8017.803709820036
9755,1775038800000,8013.150470431864
9756,1775039100000,8013.150470431864
9757,1775039400000,8013.150470431864
9758,1775039700000,8013.150470431864
9759,1775040000000,8009.945210243692
9760,1775040300000,7993.40076743486
9761,1775040600000,8000.244150596695
9762,1775040900000,8004.117054254217
9763,1775041200000,8000.206549590311
9764,1775041500000,8007.689149860669
9765,1775041800000,7985.05792573189
9766,1775042100000,7981.864541238497
9767,1775042400000,7977.677627772845
9768,1775042700000,7977.677627772845
9769,1775043000000,7972.182303849176
9770,1775043300000,7986.163604171979
9771,1775043600000,7985.079492649623
9772,1775043900000,7982.387905421702
9773,1775044200000,7983.172951696512
9774,1775044500000,7982.500054889533
9775,1775044800000,7968.780436658334
9776,1775045100000,7972.743051188326
9777,1775045400000,7978.425290891711
9778,1775045700000,7985.154258961509
9779,1775046000000,7976.929964653978
9780,1775046300000,7973.266415371531
9781,1775046600000,7960.817824442405
9782,1775046900000,7937.679194715212
9783,1775047200000,7937.679194715212
9784,1775047500000,7934.504123037326
9785,1775047800000,7942.398309731762
9786,1775048100000,7937.7064817907285
9787,1775048400000,7975.576235886209
9788,1775048700000,7973.826109590746
9789,1775049000000,7949.808418940218
9790,1775049300000,7933.945572091965
9791,1775049600000,7941.876995516092
9792,1775049900000,7929.328217610312
9793,1775050200000,7935.509514738977
9794,1775050500000,7942.584493380215
9795,1775050800000,7991.662503112609
9796,1775051100000,7999.519453077355
9797,1775051400000,7979.2254353959015
9798,1775051700000,7980.67766785384
9799,1775052000000,7976.432680669096
9800,1775052300000,7981.906479933636
9801,1775052600000,7972.113220024971
9802,1775052900000,7967.011788057341
9803,1775053200000,7970.02796316229
9804,1775053500000,7957.777079094038
9805,1775053800000,7991.662503112609
9806,1775054100000,7972.709007700022
9807,1775054400000,7972.857954618786
9808,1775054700000,7949.7167529595245
9809,1775055000000,7949.7167529595245
9810,1775055300000,7946.5368662583405
9811,1775055600000,7944.481043587708
9812,1775055900000,7936.781053221339
9813,1775056200000,7954.087342248664
9814,1775056500000,7943.5092001434095
9815,1775056800000,7920.895150766452
9816,1775057100000,7929.006305666948
9817,1775057400000,7931.772321623798
9818,1775057700000,7931.398535683683
9819,1775058000000,7925.801108883624
9820,1775058300000,7925.801108883624
9821,1775058600000,7925.801108883624
9822,1775058900000,7925.801108883624
9823,1775059200000,7922.6314223773725
9824,1775059500000,7922.81742321838
9825,1775059800000,7912.959378644983
9826,1775060100000,7932.080265100552
9827,1775060400000,7931.6710632503355
9828,1775060700000,7946.141928680719
9829,1775061000000,7942.645112869778
9830,1775061300000,7969.912836161475
9831,1775061600000,7998.482565340224
9832,1775061900000,7990.224127999492
9833,1775062200000,7985.908908488117
9834,1775062500000,7983.490897555022
9835,1775062800000,8054.096816801462
9836,1775063100000,8021.137467774935
9837,1775063400000,8007.522206213189
9838,1775063700000,8012.953430770607
9839,1775064000000,7977.799271820191
9840,1775064300000,7964.196590129213
9841,1775064600000,7961.011548501488
9842,1775064900000,7967.297428754419
9843,1775065200000,7961.085937616906
9844,1775065500000,7948.514177111045
9845,1775065800000,7952.5683839013955
9846,1775066100000,7949.258068265237
9847,1775066400000,7920.320702367124
9848,1775066700000,7921.808484675511
9849,1775067000000,7927.238890101121
9850,1775067300000,7923.9285744649615
9851,1775067600000,7905.517268398681
9852,1775067900000,7910.200290482003
9853,1775068200000,7910.200290482003
9854,1775068500000,7910.200290482003
9855,1775068800000,7910.200290482003
9856,1775069100000,7910.200290482003
9857,1775069400000,7910.200290482003
9858,1775069700000,7910.200290482003
9859,1775070000000,7907.03621036581
9860,1775070300000,7902.693902550133
9861,1775070600000,7908.854783724513
9862,1775070900000,7908.335191336313
9863,1775071200000,7908.780556240485
9864,1775071500000,7867.176051442421
9865,1775071800000,7884.545282705127
9866,1775072100000,7877.233875528304
9867,1775072400000,7879.015335144993
9868,1775072700000,7857.409459739285
9869,1775073000000,7857.409459739285
9870,1775073300000,7857.409459739285
9871,1775073600000,7857.409459739285
9872,1775073900000,7854.267124422454
9873,1775074200000,7856.105472148219
9874,1775074500000,7857.392315556254
9875,1775074800000,7865.223676868014
9876,1775075100000,7845.663657065873
9877,1775075400000,7844.81801711202
9878,1775075700000,7865.664880322197
9879,1775076000000,7872.797669498166
9880,1775076300000,7879.709856947044
9881,1775076600000,7892.909193618036
9882,1775076900000,7882.5409124447215
9883,1775077200000,7898.608071567908
9884,1775077500000,7923.462532820254
9885,1775077800000,7910.81470046699
9886,1775078100000,7918.09455746102
9887,1775078400000,7926.550956999538
9888,1775078700000,7926.220054408902
9889,1775079000000,7937.7281111721895
9890,1775079300000,7932.470436676502
9891,1775079600000,7928.462838634334
9892,1775079900000,7923.71990150186
9893,1775080200000,7920.66824427709
9894,1775080500000,7930.227652451068
9895,1775080800000,7913.31485337403
9896,1775081100000,7903.901961600566
9897,1775081400000,7900.741033001646
9898,1775081700000,7875.618388823238
9899,1775082000000,7900.741033001646
9900,1775082300000,7887.5920467211345
9901,1775082600000,7886.233073278734
9902,1775082900000,7877.565026456946
9903,1775083200000,7880.3197023537
9904,1775083500000,7868.2358574199325
9905,1775083800000,7859.090333442707
9906,1775084100000,7859.82491368184
9907,1775084400000,7872.863712926483
9908,1775084700000,7871.100720352559
9909,1775085000000,7867.721651252539
9910,1775085300000,7858.14987098221
9911,1775085600000,7858.14987098221
9912,1775085900000,7858.14987098221
9913,1775086200000,7858.14987098221
9914,1775086500000,7858.14987098221
9915,1775086800000,7855.006611033817
9916,1775087100000,7856.180454726615
9917,1775087400000,7857.757807188815
9918,1775087700000,7861.792894882811
9919,1775088000000,7867.185239346607
9920,1775088300000,7866.304856577008
9921,1775088600000,7862.453181960011
9922,1775088900000,7859.408524881813
9923,1775089200000,7866.414904423207
9924,1775089500000,7869.239465809005
9925,1775089800000,7862.012990575211
9926,1775090100000,7831.786515485633
9927,1775090400000,7810.388745665164
9928,1775090700000,7810.388745665164
9929,1775091000000,7810.388745665164
9930,1775091300000,7810.388745665164
9931,1775091600000,7810.388745665164
9932,1775091900000,7807.265214873057
9933,1775092200000,7786.967896719661
9934,1775092500000,7702.078491137328
9935,1775092800000,7702.078491137328
9936,1775093100000,7702.078491137328
9937,1775093400000,7702.078491137328
9938,1775093700000,7702.078491137328
9939,1775094000000,7702.078491137328
9940,1775094300000,7702.078491137328
9941,1775094600000,7702.078491137328
9942,1775094900000,7702.078491137328
9943,1775095200000,7702.078491137328
9944,1775095500000,7702.078491137328
9945,1775095800000,7702.078491137328
9946,1775096100000,7702.078491137328
9947,1775096400000,7702.078491137328
9948,1775096700000,7702.078491137328
9949,1775097000000,7702.078491137328
9950,1775097300000,7702.078491137328
9951,1775097600000,7702.078491137328
9952,1775097900000,7702.078491137328
9953,1775098200000,7702.078491137328
9954,1775098500000,7702.078491137328
9955,1775098800000,7702.078491137328
9956,1775099100000,7702.078491137328
9957,1775099400000,7702.078491137328
9958,1775099700000,7702.078491137328
9959,1775100000000,7702.078491137328
9960,1775100300000,7702.078491137328
9961,1775100600000,7702.078491137328
9962,1775100900000,7702.078491137328
9963,1775101200000,7702.078491137328
9964,1775101500000,7702.078491137328
9965,1775101800000,7702.078491137328
9966,1775102100000,7702.078491137328
9967,1775102400000,7702.078491137328
9968,1775102700000,7702.078491137328
9969,1775103000000,7702.078491137328
9970,1775103300000,7702.078491137328
9971,1775103600000,7702.078491137328
9972,1775103900000,7702.078491137328
9973,1775104200000,7702.078491137328
9974,1775104500000,7702.078491137328
9975,1775104800000,7702.078491137328
9976,1775105100000,7702.078491137328
9977,1775105400000,7702.078491137328
9978,1775105700000,7702.078491137328
9979,1775106000000,7702.078491137328
9980,1775106300000,7702.078491137328
9981,1775106600000,7702.078491137328
9982,1775106900000,7702.078491137328
9983,1775107200000,7702.078491137328
9984,1775107500000,7702.078491137328
9985,1775107800000,7702.078491137328
9986,1775108100000,7702.078491137328
9987,1775108400000,7698.997659740872
9988,1775108700000,7706.814853933022
9989,1775109000000,7705.7249566658475
9990,1775109300000,7695.840715932504
9991,1775109600000,7699.298321055955
9992,1775109900000,7709.445640439995
9993,1775110200000,7709.144979124912
9994,1775110500000,7684.002176651124
9995,1775110800000,7685.543065890923
9996,1775111100000,7694.8259839941
9997,1775111400000,7697.193691850376
9998,1775111700000,7705.649791337077
9999,1775112000000,7712.903245563446
10000,1775112300000,7705.875287323389
10001,1775112600000,7700.012391679276
10002,1775112900000,7696.291707905128
10003,1775113200000,7696.404455898284
10004,1775113500000,7706.025617980929
10005,1775113800000,7713.617316186767
10006,1775114100000,7703.733075453424
10007,1775114400000,7705.7249566658475
10008,1775114700000,7707.754420542656
10009,1775115000000,7690.31606426786
10010,1775115300000,7688.77517502806
10011,1775115600000,7680.46277603212
10012,1775115900000,7677.390590921708
10013,1775116200000,7676.381837364806
10014,1775116500000,7676.0455861791725
10015,1775116800000,7690.354942190032
10016,1775117100000,7693.418564103584
10017,1775117400000,7692.484533032379
10018,1775117700000,7698.948028045117
10019,1775118000000,7706.046664186274
10020,1775118300000,7697.565662059734
10021,1775118600000,7693.343841617888
10022,1775118900000,7702.983042272722
10023,1775119200000,7711.987101799137
10024,1775119500000,7708.998202371282
10025,1775119800000,7709.222369828371
10026,1775120100000,7712.659604170405
10027,1775120400000,7720.019769011499
10028,1775120700000,7735.7862134934385
10029,1775121000000,7722.373527310935
10030,1775121300000,7727.940352495317
10031,1775121600000,7721.925192396758
10032,1775121900000,7711.389321913566
10033,1775122200000,7715.424336141172
10034,1775122500000,7713.892525184395
10035,1775122800000,7718.226429354786
10036,1775123100000,7719.771213034738
10037,1775123400000,7719.771213034738
10038,1775123700000,7716.683304549525
10039,1775124000000,7720.951084134031
10040,1775124300000,7733.603351043847
10041,1775124600000,7752.260723740713
10042,1775124900000,7749.352590749501
10043,1775125200000,7747.16204901586
10044,1775125500000,7746.859905328462
10045,1775125800000,7735.793892777488
10046,1775126100000,7748.25731988268
10047,1775126400000,7732.168168528704
10048,1775126700000,7737.757826745578
10049,1775127000000,7738.437650042226
10050,1775127300000,7736.36041219136
10051,1775127600000,7732.583616098877
10052,1775127900000,7748.446159687305
10053,1775128200000,7761.3250343626705
10054,1775128500000,7752.071883936088
10055,1775128800000,7740.552655854016
10056,1775129100000,7739.320206072816
10057,1775129400000,7739.320206072816
10058,1775129700000,7739.320206072816
10059,1775130000000,7739.320206072816
10060,1775130300000,7739.320206072816
10061,1775130600000,7739.320206072816
10062,1775130900000,7739.320206072816
10063,1775131200000,7739.320206072816
10064,1775131500000,7739.320206072816
10065,1775131800000,7739.320206072816
10066,1775132100000,7739.320206072816
10067,1775132400000,7736.224477990387
10068,1775132700000,7741.479219384916
10069,1775133000000,7747.571673175675
10070,1775133300000,7743.154644177374
10071,1775133600000,7741.859997746838
10072,1775133900000,7750.237121709131
10073,1775134200000,7754.2733723455085
10074,1775134500000,7757.243443568504
10075,1775134800000,7767.752926357562
10076,1775135100000,7766.458279927026
10077,1775135400000,7775.216182251241
10078,1775135700000,7777.691241603737
10079,1775136000000,7760.632370989613
10080,1775136300000,7743.306955522143
10081,1775136600000,7765.658645366989
10082,1775136900000,7788.276880065179
10083,1775137200000,7782.565204636343
10084,1775137500000,7756.596120353235
10085,1775137800000,7744.677757625064
10086,1775138100000,7712.197363353083
10087,1775138400000,7727.542731338556
10088,1775138700000,7713.111231421697
10089,1775139000000,7708.69683142078
10090,1775139300000,7708.69683142078
10091,1775139600000,7708.69683142078
10092,1775139900000,7708.69683142078
10093,1775140200000,7708.69683142078
10094,1775140500000,7708.69683142078
10095,1775140800000,7708.69683142078
10096,1775141100000,7708.69683142078
10097,1775141400000,7708.69683142078
10098,1775141700000,7708.69683142078
10099,1775142000000,7708.69683142078
10100,1775142300000,7708.69683142078
10101,1775142600000,7708.69683142078
10102,1775142900000,7708.69683142078
10103,1775143200000,7705.613969260643
10104,1775143500000,7720.671330436762
10105,1775143800000,7716.578431762954
10106,1775144100000,7739.03305017522
10107,1775144400000,7752.851276890459
10108,1775144700000,7729.195073546435
10109,1775145000000,7735.991538316703
10110,1775145300000,7733.701017040535
10111,1775145600000,7721.910464897639
10112,1775145900000,7733.963863744358
10113,1775146200000,7728.519182022319
10114,1775146500000,7716.5033327047195
10115,1775146800000,7713.64956849179
10116,1775147100000,7728.106137202028
10117,1775147400000,7753.827564647516
10118,1775147700000,7761.1497228254275
10119,1775148000000,7764.491630916887
10120,1775148300000,7759.422444486022
10121,1775148600000,7760.7742275342525
10122,1775148900000,7747.631892343127
10123,1775149200000,7722.500391647268
10124,1775149500000,7719.412009167106
10125,1775149800000,7729.293862691198
10126,1775150100000,7742.207648546548
10127,1775150400000,7745.539030984593
10128,1775150700000,7732.7749701826415
10129,1775151000000,7708.9686866927805
10130,1775151300000,7712.599519237618
10131,1775151600000,7707.770886265617
10132,1775151900000,7672.547491101247
10133,1775152200000,7672.547491101247
10134,1775152500000,7672.547491101247
10135,1775152800000,7672.547491101247
10136,1775153100000,7672.547491101247
10137,1775153400000,7672.547491101247
10138,1775153700000,7672.547491101247
10139,1775154000000,7672.547491101247
10140,1775154300000,7672.547491101247
10141,1775154600000,7672.547491101247
10142,1775154900000,7672.547491101247
10143,1775155200000,7672.547491101247
10144,1775155500000,7669.47908578587
10145,1775155800000,7684.81239215987
10146,1775156100000,7684.81239215987
10147,1775156400000,7684.81239215987
10148,1775156700000,7684.81239215987
10149,1775157000000,7684.81239215987
10150,1775157300000,7684.81239215987
10151,1775157600000,7684.81239215987
10152,1775157900000,7684.81239215987
10153,1775158200000,7681.739081865066
10154,1775158500000,7686.817078283419
10155,1775158800000,7687.78787171634
10156,1775159100000,7692.119103955524
10157,1775159400000,7708.809283359968
10158,1775159700000,7711.609649031854
10159,1775160000000,7701.752361866813
10160,1775160300000,7719.488011122094
10161,1775160600000,7713.028500972276
10162,1775160900000,7731.0255176902665
10163,1775161200000,7718.778585151884
10164,1775161500000,7733.340486645692
10165,1775161800000,7725.76083022712
10166,1775162100000,7744.168567243653
10167,1775162400000,7734.1245890338205
10168,1775162700000,7726.768961868999
10169,1775163000000,7725.6861538092035
10170,1775163300000,7722.251038585022
10171,1775163600000,7715.642175599371
10172,1775163900000,7706.046255897039
10173,1775164200000,7686.765844213433
10174,1775164500000,7683.691752694052
10175,1775164800000,7670.574054439347
10176,1775165100000,7674.896932273283
10177,1775165400000,7675.418658908413
10178,1775165700000,7675.642256037754
10179,1775166000000,7669.2697378515195
10180,1775166300000,7670.9094501333575
10181,1775166600000,7682.126572788661
10182,1775166900000,7687.940098151542
10183,1775167200000,7694.536213467119
10184,1775167500000,7690.92139320943
10185,1775167800000,7683.691752694052
10186,1775168100000,7687.30657295174
10187,1775168400000,7673.145421426775
10188,1775168700000,7666.213910417186
10189,1775169000000,7674.7106013321645
10190,1775169300000,7677.170169754922
10191,1775169600000,7681.642112341754
10192,1775169900000,7675.142644704519
10193,1775170200000,7672.073201535271
10194,1775170500000,7665.730046030056
10195,1775170800000,7662.6637540116435
10196,1775171100000,7667.054909842763
10197,1775171400000,7671.073933823788
10198,1775171700000,7670.5157360486455
10199,1775172000000,7661.0263738712265
10200,1775172300000,7680.153950966104
10201,1775172600000,7675.2790237298605
10202,1775172900000,7677.623454385459
10203,1775173200000,7679.484113635934
10204,1775173500000,7677.214109350354
10205,1775173800000,7674.609186399691
10206,1775174100000,7673.009019444281
10207,1775174400000,7666.794417547696
10208,1775174700000,7680.600509186217
10209,1775175000000,7678.516570825686
10210,1775175300000,7678.367718085648
10211,1775175600000,7665.715235182421
10212,1775175900000,7680.898214666293
10213,1775176200000,7680.674935556236
10214,1775176500000,7677.846733495516
10215,1775176800000,7687.001177007851
10216,1775177100000,7691.057414173884
10217,1775177400000,7696.713818295327
10218,1775177700000,7688.489704408229
10219,1775178000000,7682.908723359868
10220,1775178300000,7679.835559870526
10221,1775178600000,7679.012726356679
10222,1775178900000,7683.7627198229775
10223,1775179200000,7672.916278049539
10224,1775179500000,7660.760782958617
10225,1775179800000,7664.538336817641
10226,1775180100000,7709.00874808874
10227,1775180400000,7701.902458650969
10228,1775180700000,7701.416238847331
10229,1775181000000,7695.9930179606135
10230,1775181300000,7693.150502185505
10231,1775181600000,7702.23907236118
10232,1775181900000,7707.961505434751
10233,1775182200000,7696.890654521173
10234,1775182500000,7661.73322256589
10235,1775182800000,7675.422180114438
10236,1775183100000,7699.172147445931
10237,1775183400000,7701.491041894045
10238,1775183700000,7721.837470600081
10239,1775184000000,7717.872909124273
10240,1775184300000,7709.906384649299
10241,1775184600000,7690.27058488704
10242,1775184900000,7686.156417317805
10243,1775185200000,7692.589479335154
10244,1775185500000,7678.149004867657
10245,1775185800000,7678.149004867657
10246,1775186100000,7678.149004867657
10247,1775186400000,7678.149004867657
10248,1775186700000,7675.07774526571
10249,1775187000000,7664.117724714486
10250,1775187300000,7672.833372456586
10251,1775187600000,7672.870778670071
10252,1775187900000,7675.07774526571
10253,1775188200000,7672.160060613848
10254,1775188500000,7669.1301573215305
10255,1775188800000,7664.416974422371
10256,1775189100000,7668.606470332736
10257,1775189400000,7662.465139808532
10258,1775189700000,7659.400766627245
10259,1775190000000,7647.809957055047
10260,1775190300000,7641.770772756454
10261,1775190600000,7641.770772756454
10262,1775190900000,7641.770772756454
10263,1775191200000,7638.714064447352
10264,1775191500000,7625.19427777183
10265,1775191800000,7624.300407578406
10266,1775192100000,7626.939044674254
10267,1775192400000,7626.939044674254
10268,1775192700000,7623.888879089501
10269,1775193000000,7618.138388684534
10270,1775193300000,7609.123103727073
10271,1775193600000,7602.705014786422
10272,1775193900000,7599.66454087529
10273,1775194200000,7625.529346525599
10274,1775194500000,7628.785573846382
10275,1775194800000,7625.677356858361
10276,1775195100000,7620.978028793141
10277,1775195400000,7610.691310666123
10278,1775195700000,7611.875393328225
10279,1775196000000,7607.250070429386
10280,1775196300000,7607.43508334534
10281,1775196600000,7622.49513470396
10282,1775196900000,7623.087176035012
10283,1775197200000,7627.9345144329955
10284,1775197500000,7621.718080456956
10285,1775197800000,7620.719010710807
10286,1775198100000,7632.7078476645975
10287,1775198400000,7633.336891578841
10288,1775198700000,7634.039940659464
10289,1775199000000,7631.634772752067
10290,1775199300000,7636.075082734952
10291,1775199600000,7634.187950992226
10292,1775199900000,7646.32479827878
10293,1775200200000,7638.184229976823
10294,1775200500000,7640.996426299317
10295,1775200800000,7635.557046570283
10296,1775201100000,7640.418514872369
10297,1775201400000,7640.418514872369
10298,1775201700000,7640.418514872369
10299,1775202000000,7640.418514872369
10300,1775202300000,7640.418514872369
10301,1775202600000,7637.362958577679
10302,1775202900000,7637.399928347644
10303,1775203200000,7642.427817062969
10304,1775203500000,7657.844211138632
10305,1775203800000,7646.272673139393
10306,1775204100000,7647.825403477949
10307,1775204400000,7645.496307970115
10308,1775204700000,7637.954474897128
10309,1775205000000,7640.246600634997
10310,1775205300000,7622.630544091256
10311,1775205600000,7622.630544091256
10312,1775205900000,7622.630544091256
10313,1775206200000,7622.630544091256
10314,1775206500000,7622.630544091256
10315,1775206800000,7619.581491873619
10316,1775207100000,7619.203151622696
10317,1775207400000,7616.155470362048
10318,1775207700000,7610.4909870822485
10319,1775208000000,7610.4909870822485
10320,1775208300000,7610.4909870822485
10321,1775208600000,7610.4909870822485
10322,1775208900000,7610.4909870822485
10323,1775209200000,7607.447399404951
10324,1775209500000,7600.090702337928
10325,1775209800000,7597.050666056994
10326,1775210100000,7593.952366999983
10327,1775210400000,7602.288266843848
10328,1775210700000,7603.321033196185
10329,1775211000000,7604.095607960439
10330,1775211300000,7603.025957095519
10331,1775211600000,7609.001248134041
10332,1775211900000,7614.386386971229
10333,1775212200000,7615.419153323565
10334,1775212500000,7615.197846248065
10335,1775212800000,7610.734820225463
10336,1775213100000,7602.066959768347
10337,1775213400000,7601.3661540292605
10338,1775213700000,7599.300621324586
10339,1775214000000,7596.1576314665845
10340,1775214300000,7593.119168413999
10341,1775214600000,7591.680159774477
10342,1775214900000,7594.484381738674
10343,1775215200000,7586.108613503503
10344,1775215500000,7585.665841614419
10345,1775215800000,7581.791587584934
10346,1775216100000,7576.183143656538
10347,1775216400000,7576.6628132030455
10348,1775216700000,7580.204988315718
10349,1775217000000,7574.472271106783
10350,1775217300000,7571.4430880349555
10351,1775217600000,7572.4341914915785
10352,1775217900000,7567.331844066741
10353,1775218200000,7565.09268440548
10354,1775218500000,7563.2940151693865
10355,1775218800000,7562.156081571042
10356,1775219100000,7588.695629687288
10357,1775219400000,7562.397185620389
10358,1775219700000,7562.397185620389
10359,1775220000000,7562.397185620389
10360,1775220300000,7562.397185620389
10361,1775220600000,7562.397185620389
10362,1775220900000,7562.397185620389
10363,1775221200000,7562.397185620389
10364,1775221500000,7562.397185620389
10365,1775221800000,7562.397185620389
10366,1775222100000,7562.397185620389
10367,1775222400000,7562.397185620389
10368,1775222700000,7562.397185620389
10369,1775223000000,7562.397185620389
10370,1775223300000,7562.397185620389
10371,1775223600000,7562.397185620389
10372,1775223900000,7562.397185620389
10373,1775224200000,7559.372226746141
10374,1775224500000,7561.69764173391
10375,1775224800000,7555.939471288007
10376,1775225100000,7557.194457154422
10377,1775225400000,7555.49653509986
10378,1775225700000,7557.379013899482
10379,1775226000000,7553.872435743323
10380,1775226300000,7542.171538106454
10381,1775226600000,7547.523683713223
10382,1775226900000,7546.748545383968
10383,1775227200000,7553.097297414067
10384,1775227500000,7541.094988590298
10385,1775227800000,7541.094988590298
10386,1775228100000,7541.094988590298
10387,1775228400000,7541.094988590298
10388,1775228700000,7541.094988590298
10389,1775229000000,7541.094988590298
10390,1775229300000,7538.078550594863
10391,1775229600000,7536.2783106313
10392,1775229900000,7534.367851894458
10393,1775230200000,7537.637675501746
10394,1775230500000,7546.455177364092
10395,1775230800000,7545.793864724416
10396,1775231100000,7543.883405987574
10397,1775231400000,7541.201415837777
10398,1775231700000,7542.928176619153
10399,1775232000000,7538.078550594863
10400,1775232300000,7545.573427177858
10401,1775232600000,7537.1233212264415
10402,1775232900000,7531.832820109033
10403,1775233200000,7534.62502903211
10404,1775233500000,7526.615798173812
10405,1775233800000,7533.926976801341
10406,1775234100000,7535.874175129276
10407,1775234400000,7538.4459465057935
10408,1775234700000,7530.4367156474955
10409,1775235000000,7524.992429107619
10410,1775235300000,7521.983034014996
10411,1775235600000,7516.821211813233
10412,1775235900000,7521.946425346899
10413,1775236200000,7512.830866990594
10414,1775236500000,7488.564905996006
10415,1775236800000,7488.564905996006
10416,1775237100000,7488.564905996006
10417,1775237400000,7488.564905996006
10418,1775237700000,7485.569480033608
10419,1775238000000,7485.532940110576
10420,1775238300000,7489.15039249073
10421,1775238600000,7485.204080803289
10422,1775238900000,7482.134727268613
10423,1775239200000,7480.855829962497
10424,1775239500000,7485.569480033608
10425,1775239800000,7483.194385036536
10426,1775240100000,7474.022864355539
10427,1775240400000,7475.630620968942
10428,1775240700000,7481.440468731007
10429,1775241000000,7473.584385279158
10430,1775241300000,7479.430772964255
10431,1775241600000,7480.015411732765
10432,1775241900000,7484.473282342653
10433,1775242200000,7484.546362188717
10434,1775242500000,7486.1541188021165
10435,1775242800000,7491.0870084114185
10436,1775243100000,7493.498643331522
10437,1775243400000,7492.037046410247
10438,1775243700000,7489.296552182857
10439,1775244000000,7482.6462861910595
10440,1775244300000,7487.067616877914
10441,1775244600000,7487.140696723979
10442,1775244900000,7483.998358428887
10443,1775245200000,7481.004759085515
10444,1775245500000,7471.369931436731
10445,1775245800000,7472.939240485587
10446,1775246100000,7473.632656111826
10447,1775246400000,7473.267700519067
10448,1775246700000,7471.511935241824
10449,1775247000000,7471.511935241824
10450,1775247300000,7471.511935241824
10451,1775247600000,7468.523928069163
10452,1775247900000,7469.797532223666
10453,1775248200000,7468.851426280321
10454,1775248500000,7472.563072673441
10455,1775248800000,7473.873065518072
10456,1775249100000,7474.382507179872
10457,1775249400000,7469.397256632251
10458,1775249700000,7469.688366153279
10459,1775250000000,7471.835298870868
10460,1775250300000,7474.1641750391
10461,1775250600000,7491.63074630084
10462,1775250900000,7484.753283866529
10463,1775251200000,7484.425785655372
10464,1775251500000,7484.9716160073
10465,1775251800000,7488.610485020163
10466,1775252100000,7487.191326105147
10467,1775252400000,7489.447424893121
10468,1775252700000,7492.39490879354
10469,1775253000000,7488.865205851064
10470,1775253300000,7490.320753456209
10471,1775253600000,7487.264103485404
10472,1775253900000,7476.8205494184895
10473,1775254200000,7474.5212288575985
10474,1775254500000,7471.532018208185
10475,1775254800000,7468.551532676084
10476,1775255100000,7468.951353906001
10477,1775255400000,7467.606500678102
10478,1775255700000,7468.042669292556
10479,1775256000000,7466.879552987345
10480,1775256300000,7458.592349312725
10481,1775256600000,7459.900855156085
10482,1775256900000,7457.720012083816
10483,1775257200000,7456.5932431631445
10484,1775257500000,7451.685263236599
10485,1775257800000,7451.685263236599
10486,1775258100000,7451.685263236599
10487,1775258400000,7451.685263236599
10488,1775258700000,7451.685263236599
10489,1775259000000,7448.7045891313055
10490,1775259300000,7450.775945193301
10491,1775259600000,7447.578062150221
10492,1775259900000,7438.965581681927
10493,1775260200000,7437.330300580352
10494,1775260500000,7435.362511764734
10495,1775260800000,7432.3883667600285
10496,1775261100000,7431.011454486468
10497,1775261400000,7430.250529282658
10498,1775261700000,7431.1926271540415
10499,1775262000000,7427.967753671227
10500,1775262300000,7431.518737955675
10501,1775262600000,7427.134359400387
10502,1775262900000,7426.808248598753
10503,1775263200000,7426.77201406524
10504,1775263500000,7428.656209808008
10505,1775263800000,7430.395467416717
10506,1775264100000,7431.482503422159
10507,1775264400000,7429.67077674642
10508,1775264700000,7429.417135011819
10509,1775265000000,7436.374165446655
10510,1775265300000,7435.830647443933
10511,1775265600000,7436.808979848832
10512,1775265900000,7438.62070652457
10513,1775266200000,7436.990152516406
10514,1775266500000,7433.729044500076
10515,1775266800000,7436.664041714773
10516,1775267100000,7434.634907837945
10517,1775267400000,7434.924784106063
10518,1775267700000,7435.069722240122
10519,1775268000000,7426.2611211596495
10520,1775268300000,7423.290616711185
10521,1775268600000,7427.490970167755
10522,1775268900000,7428.649688362671
10523,1775269200000,7433.320771085926
10524,1775269500000,7429.373887234494
10525,1775269800000,7426.114992311293
10526,1775270100000,7428.9031579678085
10527,1775270400000,7429.337677290903
10528,1775270700000,7428.323798870351
10529,1775271000000,7431.655113680735
10530,1775271300000,7426.0425724241095
10531,1775271600000,7423.47166642914
10532,1775271900000,7421.697379193176
10533,1775272200000,7418.90711311515
10534,1775272500000,7415.9395502699035
10535,1775272800000,7415.867211621401
10536,1775273100000,7416.554428782175
10537,1775273400000,7416.120396891159
10538,1775273700000,7419.7011599920315
10539,1775274000000,7420.352207828553
10540,1775274300000,7416.69910607918
10541,1775274600000,7418.507572291741
10542,1775274900000,7419.954345261789
10543,1775275200000,7421.039424989326
10544,1775275500000,7419.267128101017
10545,1775275800000,7424.656357414449
10546,1775276100000,7423.426600389907
10547,1775276400000,7420.062853234544
10548,1775276700000,7417.313984591449
10549,1775277000000,7418.869265534253
10550,1775277300000,7416.554428782175
10551,1775277600000,7413.76798001587
10552,1775277900000,7410.803065806707
10553,1775278200000,7407.261183916598
10554,1775278500000,7404.298871905435
10555,1775278800000,7402.564263302591
10556,1775279100000,7399.603829683993
10557,1775279400000,7393.436266099245
10558,1775279700000,7390.479482949436
10559,1775280000000,7392.749164518644
10560,1775280300000,7393.181484817541
10561,1775280600000,7400.891196814535
10562,1775280900000,7394.8387126299785
10563,1775281200000,7395.739379919347
10564,1775281500000,7396.640047208715
10565,1775281800000,7399.125888927372
10566,1775282100000,7399.125888927372
10567,1775282400000,7397.900981413831
10568,1775282700000,7399.197942310521
10569,1775283000000,7403.485118607915
10570,1775283300000,7405.070293037204
10571,1775283600000,7402.044050944925
10572,1775283900000,7400.602983281936
10573,1775284200000,7399.8824494504415
10574,1775284500000,7397.612767881233
10575,1775284800000,7401.935970870202
10576,1775285100000,7404.601946046731
10577,1775285400000,7414.004912547738
10578,1775285700000,7408.745015577826
10579,1775286000000,7407.0517610738125
10580,1775286300000,7399.9905295251665
10581,1775286600000,7400.314769749338
10582,1775286900000,7393.717699337774
10583,1775287200000,7390.760803637179
10584,1775287500000,7390.148899279524
10585,1775287800000,7391.264724872895
10586,1775288100000,7391.480691116776
10587,1775288400000,7389.501000547889
10588,1775288700000,7387.629293100941
10589,1775289000000,7390.364865523402
10590,1775289300000,7392.596516710148
10591,1775289600000,7393.820325425459
10592,1775289900000,7393.280409815764
10593,1775290200000,7393.208421067802
10594,1775290500000,7393.208421067802
10595,1775290800000,7395.620044124446
10596,1775291100000,7396.987830335677
10597,1775291400000,7387.377332483083
10598,1775291700000,7388.637135572373
10599,1775292000000,7382.731618094697
10600,1775292300000,7379.778525447459
10601,1775292600000,7385.17610081357
10602,1775292900000,7383.772731218381
10603,1775293200000,7384.38445642654
10604,1775293500000,7382.261410115871
10605,1775293800000,7380.858040520681
10606,1775294100000,7382.549280802063
10607,1775294400000,7383.988634233025
10608,1775294700000,7384.6363432769585
10609,1775295000000,7385.967745200599
10610,1775295300000,7385.17610081357
10611,1775295600000,7387.874888496625
10612,1775295900000,7384.960197798926
10613,1775296200000,7385.427987663988
10614,1775296500000,7384.2765049192185
10615,1775296800000,7383.808715054155
10616,1775297100000,7383.017070667125
10617,1775297400000,7393.380415370058
10618,1775297700000,7389.242274256039
10619,1775298000000,7390.897530701646
10620,1775298300000,7389.710064121103
10621,1775298600000,7389.638096449555
10622,1775298900000,7380.678121341812
10623,1775299200000,7376.6119478993405
10624,1775299500000,7370.382073050073
10625,1775299800000,7370.382073050073
10626,1775300100000,7370.382073050073
10627,1775300400000,7370.382073050073
10628,1775300700000,7367.434509733517
10629,1775301000000,7365.317781371399
10630,1775301300000,7362.9857924978805
10631,1775301600000,7365.676548890403
10632,1775301900000,7362.447641219376
10633,1775302200000,7361.981243444672
10634,1775302500000,7359.756884826854
10635,1775302800000,7360.115652345857
10636,1775303100000,7359.756884826854
10637,1775303400000,7360.689680376261
10638,1775303700000,7361.3354619104675
10639,1775304000000,7362.878162242179
10640,1775304300000,7353.6215226287195
10641,1775304600000,7350.680074019668
10642,1775304900000,7348.707478334345
10643,1775305200000,7344.51122933102
10644,1775305500000,7346.699017272925
10645,1775305800000,7347.595651675345
10646,1775306100000,7349.711708865054
10647,1775306400000,7357.673822358542
10648,1775306700000,7352.9754580898625
10649,1775307000000,7352.114689063539
10650,1775307300000,7351.361516165506
10651,1775307600000,7350.931131652345
10652,1775307900000,7349.926901121635
10653,1775308200000,7350.823535524054
10654,1775308500000,7347.845626070372
10655,1775308800000,7344.906487819945
10656,1775309100000,7345.766501060551
10657,1775309400000,7346.053172140752
10658,1775309700000,7336.915531459328
10659,1775310000000,7336.557192609076
10660,1775310300000,7341.394767087477
10661,1775310600000,7340.283916651696
10662,1775310900000,7332.467069457063
10663,1775311200000,7332.467069457063
10664,1775311500000,7332.467069457063
10665,1775311800000,7329.534669109351
10666,1775312100000,7330.462711328246
10667,1775312400000,7325.001539809362
10668,1775312700000,7324.644600494403
10669,1775313000000,7321.860473837716
10670,1775313300000,7313.116238700365
10671,1775313600000,7313.116238700365
10672,1775313900000,7310.190992204884
10673,1775314200000,7309.691720617483
10674,1775314500000,7300.023004924962
10675,1775314800000,7300.023004924962
10676,1775315100000,7300.023004924962
10677,1775315400000,7300.023004924962
10678,1775315700000,7300.023004924962
10679,1775316000000,7297.103579608056
10680,1775316300000,7298.87954913191
10681,1775316600000,7297.707409246166
10682,1775316900000,7298.13364193189
10683,1775317200000,7296.499749969946
10684,1775317500000,7298.13364193189
10685,1775317800000,7297.956044979504
10686,1775318100000,7303.816744408221
10687,1775318400000,7298.98610730334
10688,1775318700000,7299.199223646202
10689,1775319000000,7296.32215301756
10690,1775319300000,7292.800327878832
10691,1775319600000,7292.800327878832
10692,1775319900000,7292.800327878832
10693,1775320200000,7292.800327878832
10694,1775320500000,7292.800327878832
10695,1775320800000,7292.800327878832
10696,1775321100000,7292.800327878832
10697,1775321400000,7289.883791055046
10698,1775321700000,7283.931216839169
10699,1775322000000,7277.234570846307
10700,1775322300000,7279.785674081683
10701,1775322600000,7286.305160127644
10702,1775322900000,7284.958744531195
10703,1775323200000,7289.281447235583
10704,1775323500000,7290.663294821412
10705,1775323800000,7288.82083137364
10706,1775324100000,7282.726529200241
10707,1775324400000,7282.053321402017
10708,1775324700000,7283.541464955986
10709,1775325000000,7286.198864159503
10710,1775325300000,7288.289351532936
10711,1775325600000,7286.801207978967
10712,1775325900000,7289.316879224963
10713,1775326200000,7287.757871692233
10714,1775326500000,7291.797118481578
10715,1775326800000,7291.903414449719
10716,1775327100000,7288.289351532936
10717,1775327400000,7283.080849094044
10718,1775327700000,7285.986272223222
10719,1775328000000,7280.167908077641
10720,1775328300000,7277.255840914411
10721,1775328600000,7272.752172554992
10722,1775328900000,7269.843071685971
10723,1775329200000,7252.4926896636325
10724,1775329500000,7252.4926896636325
10725,1775329800000,7252.4926896636325
10726,1775330100000,7252.4926896636325
10727,1775330400000,7252.4926896636325
10728,1775330700000,7252.4926896636325
10729,1775331000000,7252.4926896636325
10730,1775331300000,7252.4926896636325
10731,1775331600000,7249.592272671166
10732,1775331900000,7248.43384316382
10733,1775332200000,7257.104512506686
10734,1775332500000,7247.94238822131
10735,1775332800000,7231.7243751184615
10736,1775333100000,7237.376106957332
10737,1775333400000,7236.674028468032
10738,1775333700000,7242.080032835647
10739,1775334000000,7241.834305364392
10740,1775334300000,7244.818138943921
10741,1775334600000,7240.710979781512
10742,1775334900000,7243.8352290589
10743,1775335200000,7243.2735662674595
10744,1775335500000,7237.393906406444
10745,1775335800000,7234.4995277196185
10746,1775336100000,7236.007899017303
10747,1775336400000,7236.884859074097
10748,1775336700000,7240.568091312631
10749,1775337000000,7236.919937476369
10750,1775337300000,7241.795835392141
10751,1775337600000,7244.98796999887
10752,1775337900000,7252.03872885549
10753,1775338200000,7249.337691880566
10754,1775338500000,7254.669609025871
10755,1775338800000,7250.390043948717
10756,1775339100000,7258.1072924485015
10757,1775339400000,7262.91303355973
10758,1775339700000,7257.125097184892
10759,1775340000000,7261.544975871133
10760,1775340300000,7259.615663746186
10761,1775340600000,7260.10676137799
10762,1775340900000,7266.245481775545
10763,1775341200000,7268.174793900492
10764,1775341500000,7265.508835327838
10765,1775341800000,7261.544975871133
10766,1775342100000,7260.843407825697
10767,1775342400000,7266.7716578096215
10768,1775342700000,7260.738172618882
10769,1775343000000,7256.361464142175
10770,1775343300000,7253.459499949357
10771,1775343600000,7246.869078875915
10772,1775343900000,7249.007460181659
10773,1775344200000,7243.293424889258
10774,1775344500000,7241.821096777107
10775,1775344800000,7240.278657802472
10776,1775345100000,7233.458197977697
10777,1775345400000,7233.458197977697
10778,1775345700000,7233.458197977697
10779,1775346000000,7233.458197977697
10780,1775346300000,7233.458197977697
10781,1775346600000,7230.564814698507
10782,1775346900000,7227.330656198925
10783,1775347200000,7224.439723936445
10784,1775347500000,7222.444123197206
10785,1775347800000,7228.605978111348
10786,1775348100000,7227.940777864935
10787,1775348400000,7226.330293057829
10788,1775348700000,7222.794228590054
10789,1775349000000,7226.435324675684
10790,1775349300000,7223.879555307887
10791,1775349600000,7221.218754322234
10792,1775349900000,7227.485640854231
10793,1775350200000,7231.091726400576
10794,1775350500000,7232.247074196977
10795,1775350800000,7239.004108278961
10796,1775351100000,7242.470151668167
10797,1775351400000,7237.148549696863
10798,1775351700000,7241.06973009677
10799,1775352000000,7242.960299218155
10800,1775352300000,7241.980004118177
10801,1775352600000,7242.470151668167
10802,1775352900000,7246.601395303785
10803,1775353200000,7246.181268832366
10804,1775353500000,7244.500762946691
10805,1775353800000,7248.07183795375
10806,1775354100000,7248.807059278733
10807,1775354400000,7251.749120075726
10808,1775354700000,7251.749120075726
10809,1775355000000,7251.749120075726
10810,1775355300000,7248.8484204276965
10811,1775355600000,7245.746987587817
10812,1775355900000,7246.275640912795
10813,1775356200000,7243.138964517917
10814,1775356500000,7244.161027612878
10815,1775356800000,7245.993692472806
10816,1775357100000,7246.874781347773
10817,1775357400000,7240.945629882755
10818,1775357700000,7238.049251630802
10819,1775358000000,7238.7171512306195
10820,1775358300000,7237.55711508357
10821,1775358600000,7236.889215483753
10822,1775358900000,7244.5876371869
10823,1775359200000,7243.076074934685
10824,1775359500000,7243.357295818818
10825,1775359800000,7252.004838005913
10826,1775360100000,7251.266633185064
10827,1775360400000,7247.927135185982
10828,1775360700000,7248.876255669931
10829,1775361000000,7250.56358097473
10830,1775361300000,7249.368392217165
10831,1775361600000,7250.669038806281
10832,1775361900000,7253.692163310713
10833,1775362200000,7256.363761709978
10834,1775362500000,7251.9696853953965
10835,1775362800000,7251.653311900747
10836,1775363100000,7243.352774076658
10837,1775363400000,7240.455432967028
10838,1775363700000,7241.547328437868
10839,1775364000000,7244.400345635869
10840,1775364300000,7247.394252572045
10841,1775364600000,7245.844465452143
10842,1775364900000,7245.034349457648
10843,1775365200000,7243.378895034116
10844,1775365500000,7241.476883568781
10845,1775365800000,7247.57036474476
10846,1775366100000,7250.282492204588
10847,1775366400000,7253.135509402589
10848,1775366700000,7253.205954271676
10849,1775367000000,7251.937946628121
10850,1775367300000,7254.931853564295
10851,1775367600000,7253.029842098961
10852,1775367900000,7252.959397229874
10853,1775368200000,7265.322471754546
10854,1775368500000,7268.140266518006
10855,1775368800000,7269.795720941536
10856,1775369100000,7302.376472894022
10857,1775369400000,7322.241925976404
10858,1775369700000,7332.280319821223
10859,1775370000000,7319.071906867513
10860,1775370300000,7314.669102549609
10861,1775370600000,7302.07985229554
10862,1775370900000,7302.07985229554
10863,1775371200000,7302.07985229554
10864,1775371500000,7302.07985229554
10865,1775371800000,7302.07985229554
10866,1775372100000,7302.07985229554
10867,1775372400000,7302.07985229554
10868,1775372700000,7302.07985229554
10869,1775373000000,7299.159020354623
10870,1775373300000,7301.626627892019
10871,1775373600000,7304.094235429417
10872,1775373900000,7304.916771275216
10873,1775374200000,7318.32768180455
10874,1775374500000,7322.833747742406
10875,1775374800000,7318.93564308188
10876,1775375100000,7321.93968704045
10877,1775375400000,7317.755482955297
10878,1775375700000,7315.395162702135
10879,1775376000000,7315.824311839074
10880,1775376300000,7313.320941873599
10881,1775376600000,7311.854682322391
10882,1775376900000,7308.779113507664
10883,1775377200000,7311.282483473139
10884,1775377500000,7315.001775993274
10885,1775377800000,7311.675870182001
10886,1775378100000,7308.538662848393
10887,1775378400000,7305.615247383254
10888,1775378700000,7304.072937836414
10889,1775379000000,7305.1131000889345
10890,1775379300000,7300.163362473491
10891,1775379600000,7293.312638672408
10892,1775379900000,7297.00700805205
10893,1775380200000,7296.82766973265
10894,1775380500000,7291.842064453327
10895,1775380800000,7281.2964054229005
10896,1775381100000,7281.2964054229005
10897,1775381400000,7281.2964054229005
10898,1775381700000,7281.2964054229005
10899,1775382000000,7281.2964054229005
10900,1775382300000,7281.2964054229005
10901,1775382600000,7281.2964054229005
10902,1775382900000,7281.2964054229005
10903,1775383200000,7278.384469247966
10904,1775383500000,7279.701785238996
10905,1775383800000,7275.180187107625
10906,1775384100000,7276.212678019512
10907,1775384400000,7277.4943908756495
10908,1775384700000,7281.197116904489
10909,1775385000000,7283.012876784016
10910,1775385300000,7294.655101893927
10911,1775385600000,7288.922997176203
10912,1775385900000,7278.640818256241
10913,1775386200000,7275.72994410377
10914,1775386500000,7276.263723243655
10915,1775386800000,7273.20338950832
10916,1775387100000,7276.868672935523
10917,1775387400000,7277.722719559338
10918,1775387700000,7276.9398434875075
10919,1775388000000,7274.484459444041
10920,1775388300000,7269.182253321193
10921,1775388600000,7268.470547801347
10922,1775388900000,7266.299845965818
10923,1775389200000,7261.2949251244145
10924,1775389500000,7258.390407154365
10925,1775389800000,7254.305153658016
10926,1775390100000,7251.403431596554
10927,1775390400000,7264.82996293387
10928,1775390700000,7258.152217189384
10929,1775391000000,7263.4091659669575
10930,1775391300000,7261.420050213282
10931,1775391600000,7263.196046421921
10932,1775391900000,7268.204355730285
10933,1775392200000,7294.737739087363
10934,1775392500000,7310.934824510156
10935,1775392800000,7312.817380491314
10936,1775393100000,7313.066019960524
10937,1775393400000,7299.888128092417
10938,1775393700000,7300.989245741774
10939,1775394000000,7291.491682529067
10940,1775394300000,7291.491682529067
10941,1775394600000,7291.491682529067
10942,1775394900000,7291.491682529067
10943,1775395200000,7288.575085856056
10944,1775395500000,7307.528103930163
10945,1775395800000,7292.344151950338
10946,1775396100000,7292.774902361114
10947,1775396400000,7293.45692384484
10948,1775396700000,7283.836831337529
10949,1775397000000,7280.929266064796
10950,1775397300000,7267.940434456339
10951,1775397600000,7267.940434456339
10952,1775397900000,7267.940434456339
10953,1775398200000,7267.940434456339
10954,1775398500000,7267.940434456339
10955,1775398800000,7267.940434456339
10956,1775399100000,7267.940434456339
10957,1775399400000,7267.940434456339
10958,1775399700000,7267.940434456339
10959,1775400000000,7267.940434456339
10960,1775400300000,7267.940434456339
10961,1775400600000,7267.940434456339
10962,1775400900000,7265.033839601528
10963,1775401200000,7264.499250235899
10964,1775401500000,7266.958361317791
10965,1775401800000,7273.4090729963755
10966,1775402100000,7276.687887772231
10967,1775402400000,7274.121858817214
10968,1775402700000,7344.046147841434
10969,1775403000000,7334.494817842203
10970,1775403300000,7328.578695529247
10971,1775403600000,7339.769432916405
10972,1775403900000,7329.683513551546
10973,1775404200000,7329.3983992232115
10974,1775404500000,7316.84817311667
10975,1775404800000,7316.84817311667
10976,1775405100000,7316.84817311667
10977,1775405400000,7316.84817311667
10978,1775405700000,7316.84817311667
10979,1775406000000,7316.84817311667
10980,1775406300000,7316.84817311667
10981,1775406600000,7316.84817311667
10982,1775406900000,7316.84817311667
10983,1775407200000,7316.84817311667
10984,1775407500000,7313.922019078233
10985,1775407800000,7306.228365383023
10986,1775408100000,7309.505291956909
10987,1775408400000,7304.732377164509
10988,1775408700000,7320.40463469179
10989,1775409000000,7322.862329622205
10990,1775409300000,7312.782218530795
10991,1775409600000,7313.922019078233
10992,1775409900000,7323.0760422248495
10993,1775410200000,7320.6895848286495
10994,1775410500000,7327.564006880389
10995,1775410800000,7339.923719066677
10996,1775411100000,7340.885425778579
10997,1775411400000,7342.096463860233
10998,1775411700000,7346.47757221445
10999,1775412000000,7341.56218235362
11000,1775412300000,7337.50164290337
11001,1775412600000,7333.369865918905
11002,1775412900000,7331.197121125349
11003,1775413200000,7332.6931093438625
11004,1775413500000,7329.66551413973
11005,1775413800000,7346.441953447342
11006,1775414100000,7353.8506570056925
11007,1775414400000,7354.990457553132
11008,1775414700000,7350.375343081536
11009,1775415000000,7350.375343081536
11010,1775415300000,7350.375343081536
11011,1775415600000,7347.435780856748
11012,1775415900000,7351.854540886947
11013,1775416200000,7352.282162825352
11014,1775416500000,7367.605282284909
11015,1775416800000,7375.053031045482
11016,1775417100000,7363.792320000786
11017,1775417400000,7357.271085440092
11018,1775417700000,7339.510173196588
11019,1775418000000,7336.574956170715
11020,1775418300000,7333.119046793629
11021,1775418600000,7339.175795186462
11022,1775418900000,7347.797754663319
11023,1775419200000,7348.617197092937
11024,1775419500000,7349.009104341886
11025,1775419800000,7349.89980263495
11026,1775420100000,7351.324919903852
11027,1775420400000,7361.585764239945
11028,1775420700000,7360.80194974205
11029,1775421000000,7360.94446146894
11030,1775421300000,7384.387640542376
11031,1775421600000,7365.967999841819
11032,1775421900000,7377.01265867581
11033,1775422200000,7372.951074459438
11034,1775422500000,7371.098422009866
11035,1775422800000,7366.965581930051
11036,1775423100000,7366.217395363877
11037,1775423400000,7340.051082406743
11038,1775423700000,7340.051082406743
11039,1775424000000,7340.051082406743
11040,1775424300000,7340.051082406743
11041,1775424600000,7340.051082406743
11042,1775424900000,7340.051082406743
11043,1775425200000,7340.051082406743
11044,1775425500000,7337.115649060451
11045,1775425800000,7346.684005936795
11046,1775426100000,7327.476151984284
11047,1775426400000,7350.027595328529
11048,1775426700000,7337.969331458341
11049,1775427000000,7309.762242228078
11050,1775427300000,7305.451950663175
11051,1775427600000,7305.451950663175
11052,1775427900000,7305.451950663175
11053,1775428200000,7305.451950663175
11054,1775428500000,7302.530354202202
11055,1775428800000,7332.049982631727
11056,1775429100000,7332.049982631727
11057,1775429400000,7332.049982631727
11058,1775429700000,7332.049982631727
11059,1775430000000,7332.049982631727
11060,1775430300000,7332.049982631727
11061,1775430600000,7332.049982631727
11062,1775430900000,7332.049982631727
11063,1775431200000,7332.049982631727
11064,1775431500000,7332.049982631727
11065,1775431800000,7332.049982631727
11066,1775432100000,7332.049982631727
11067,1775432400000,7332.049982631727
11068,1775432700000,7332.049982631727
11069,1775433000000,7332.049982631727
11070,1775433300000,7332.049982631727
11071,1775433600000,7332.049982631727
11072,1775433900000,7332.049982631727
11073,1775434200000,7332.049982631727
11074,1775434500000,7332.049982631727
11075,1775434800000,7332.049982631727
11076,1775435100000,7332.049982631727
11077,1775435400000,7332.049982631727
11078,1775435700000,7332.049982631727
11079,1775436000000,7332.049982631727
11080,1775436300000,7332.049982631727
11081,1775436600000,7332.049982631727
11082,1775436900000,7332.049982631727
11083,1775437200000,7332.049982631727
11084,1775437500000,7332.049982631727
11085,1775437800000,7329.117749085384
11086,1775438100000,7327.558848795599
11087,1775438400000,7325.688168447856
11088,1775438700000,7343.147851693458
11089,1775439000000,7331.230925033761
11090,1775439300000,7339.75291328459
11091,1775439600000,7329.2909602286945
11092,1775439900000,7329.04846462806
11093,1775440200000,7327.004573137009
11094,1775440500000,7327.247068737641
11095,1775440800000,7341.138602431068
11096,1775441100000,7350.63057308443
11097,1775441400000,7391.161980618864
11098,1775441700000,7404.707092025669
11099,1775442000000,7394.141212283786
11100,1775442300000,7395.700112573573
11101,1775442600000,7408.448452721155
11102,1775442900000,7399.198977668426
11103,1775443200000,7392.0626785640725
11104,1775443500000,7391.889467420764
11105,1775443800000,7390.711631646259
11106,1775444100000,7391.231265076188
11107,1775444400000,7391.335191762172
11108,1775444700000,7387.478615636816
11109,1775445000000,7387.478615636816
11110,1775445300000,7384.524215070675
11111,1775445600000,7406.024827973396
11112,1775445900000,7406.718396131548
11113,1775446200000,7402.348916735189
11114,1775446500000,7399.470608878856
11115,1775446800000,7392.7776761526875
11116,1775447100000,7389.795333072632
11117,1775447400000,7376.860286923093
11118,1775447700000,7384.246787807415
11119,1775448000000,7400.996458826791
11120,1775448300000,7375.61186423842
11121,1775448600000,7381.853977661789
11122,1775448900000,7371.4157768815985
11123,1775449200000,7372.594842750456
11124,1775449500000,7377.1723925942615
11125,1775449800000,7382.270118556682
11126,1775450100000,7397.771366891384
11127,1775450400000,7396.037446496003
11128,1775450700000,7390.488901230786
11129,1775451000000,7392.951068192226
11130,1775451300000,7390.176795559616
11131,1775451600000,7389.968725112171
11132,1775451900000,7392.396213665703
11133,1775452200000,7389.864689888447
11134,1775452500000,7390.028848020922
11135,1775452800000,7387.073427565804
11136,1775453100000,7381.634419686461
11137,1775453400000,7384.163385133544
11138,1775453700000,7381.495846237306
11139,1775454000000,7384.163385133544
11140,1775454300000,7373.597159635459
11141,1775454600000,7381.114769252129
11142,1775454900000,7383.5051612500565
11143,1775455200000,7374.1860967943685
11144,1775455500000,7388.805595680244
11145,1775455800000,7402.80151404492
11146,1775456100000,7394.10603011043
11147,1775456400000,7366.876347351431
11148,1775456700000,7346.753656348054
11149,1775457000000,7346.753656348054
11150,1775457300000,7346.753656348054
11151,1775457600000,7346.753656348054
11152,1775457900000,7346.753656348054
11153,1775458200000,7343.815542508283
11154,1775458500000,7340.5332839674675
11155,1775458800000,7340.5332839674675
11156,1775459100000,7340.5332839674675
11157,1775459400000,7337.59707065388
11158,1775459700000,7319.080870719734
11159,1775460000000,7299.634399563378
11160,1775460300000,7299.634399563378
11161,1775460600000,7299.634399563378
11162,1775460900000,7299.634399563378
11163,1775461200000,7296.715129657533
11164,1775461500000,7303.69949965256
11165,1775461800000,7321.810929688684
11166,1775462100000,7309.280148227018
11167,1775462400000,7313.970631998188
11168,1775462700000,7312.087591068155
11169,1775463000000,7316.40146665332
11170,1775463300000,7311.300137588324
11171,1775463600000,7323.111939785797
11172,1775463900000,7315.785198712583
11173,1775464200000,7317.428579887884
11174,1775464500000,7331.123423015387
11175,1775464800000,7329.514278947905
11176,1775465100000,7326.87802164586
11177,1775465400000,7324.412949882911
11178,1775465700000,7321.537032826134
11179,1775466000000,7328.898011007168
11180,1775466300000,7341.565740900108
11181,1775466600000,7356.082274615263
11182,1775466900000,7392.476320226603
11183,1775467200000,7414.69620320098
11184,1775467500000,7391.072598806035
11185,1775467800000,7394.496309587911
11186,1775468100000,7380.116724304033
11187,1775468400000,7365.289448041222
11188,1775468700000,7365.289448041222
11189,1775469000000,7365.289448041222
11190,1775469300000,7365.289448041222
11191,1775469600000,7365.289448041222
11192,1775469900000,7365.289448041222
11193,1775470200000,7365.289448041222
11194,1775470500000,7365.289448041222
11195,1775470800000,7365.289448041222
11196,1775471100000,7365.289448041222
11197,1775471400000,7365.289448041222
11198,1775471700000,7365.289448041222
11199,1775472000000,7365.289448041222
11200,1775472300000,7362.343921367342
11201,1775472600000,7354.002639087974
11202,1775472900000,7361.079054792192
11203,1775473200000,7350.891751024768
11204,1775473500000,7354.105195837312
11205,1775473800000,7347.165522465542
11206,1775474100000,7348.601316956253
11207,1775474400000,7349.626884449619
11208,1775474700000,7353.284741842619
11209,1775475000000,7357.797238813425
11210,1775475300000,7351.8831329350205
11211,1775475600000,7353.489855341293
11212,1775475900000,7354.447051668432
11213,1775476200000,7358.82280630679
11214,1775476500000,7355.130763330677
11215,1775476800000,7355.951217325368
11216,1775477100000,7348.977358370487
11217,1775477400000,7345.319500977485
11218,1775477700000,7350.994307774105
11219,1775478000000,7347.404821547328
11220,1775478300000,7344.6357893152435
11221,1775478600000,7348.567131373142
11222,1775478900000,7359.711631467705
11223,1775479200000,7355.472619161798
11224,1775479500000,7346.892359142393
11225,1775479800000,7346.892359142393
11226,1775480100000,7346.892359142393
11227,1775480400000,7346.892359142393
11228,1775480700000,7346.892359142393
11229,1775481000000,7346.892359142393
11230,1775481300000,7346.892359142393
11231,1775481600000,7346.892359142393
11232,1775481900000,7346.892359142393
11233,1775482200000,7343.953602198735
11234,1775482500000,7361.028496297261
11235,1775482800000,7360.857405174029
11236,1775483100000,7355.62201680314
11237,1775483400000,7349.154772344979
11238,1775483700000,7347.649170460541
11239,1775484000000,7372.833783800249
11240,1775484300000,7365.032028580884
11241,1775484600000,7360.344131804333
11242,1775484900000,7341.181926002381
11243,1775485200000,7311.275197661478
11244,1775485500000,7316.750113604893
11245,1775485800000,7308.697031419246
11246,1775486100000,7308.697031419246
11247,1775486400000,7305.774137185525
11248,1775486700000,7298.257523741835
11249,1775487000000,7338.833631607545
11250,1775487300000,7335.364425402765
11251,1775487600000,7342.3368496378625
11252,1775487900000,7350.873817847663
11253,1775488200000,7371.042830391138
11254,1775488500000,7358.390431291353
11255,1775488800000,7356.315709933592
11256,1775489100000,7366.859375850079
11257,1775489400000,7356.9619346187965
11258,1775489700000,7357.880253908296
11259,1775490000000,7362.267779402577
11260,1775490300000,7359.92096344052
11261,1775490600000,7362.879992262245
11262,1775490900000,7362.369814879189
11263,1775491200000,7362.165743925966
11264,1775491500000,7350.193581336923
11265,1775491800000,7368.93409720784
11266,1775492100000,7355.363378818555
11267,1775492400000,7354.343024052443
11268,1775492700000,7341.248471220676
11269,1775493000000,7347.540658945031
11270,1775493300000,7348.527001885605
11271,1775493600000,7350.755614795364
11272,1775493900000,7350.755614795364
11273,1775494200000,7350.755614795364
11274,1775494500000,7350.755614795364
11275,1775494800000,7350.755614795364
11276,1775495100000,7350.755614795364
11277,1775495400000,7350.755614795364
11278,1775495700000,7350.755614795364
11279,1775496000000,7350.755614795364
11280,1775496300000,7350.755614795364
11281,1775496600000,7350.755614795364
11282,1775496900000,7350.755614795364
11283,1775497200000,7350.755614795364
11284,1775497500000,7350.755614795364
11285,1775497800000,7350.755614795364
11286,1775498100000,7350.755614795364
11287,1775498400000,7350.755614795364
11288,1775498700000,7350.755614795364
11289,1775499000000,7347.815312549446
11290,1775499300000,7343.697492091419
11291,1775499600000,7341.707212203373
11292,1775499900000,7333.5058864578
11293,1775500200000,7342.290570101593
11294,1775500500000,7344.829892717376
11295,1775500800000,7346.957433287357
11296,1775501100000,7343.628861750452
11297,1775501400000,7338.241379984533
11298,1775501700000,7338.515901348401
11299,1775502000000,7346.854487775908
11300,1775502300000,7363.257139267049
11301,1775502600000,7356.359789999854
11302,1775502900000,7352.996903292465
11303,1775503200000,7343.285710045617
11304,1775503500000,7342.050363908208
11305,1775503800000,7345.9966085138185
11306,1775504100000,7344.246534819155
11307,1775504400000,7349.119289027822
11308,1775504700000,7349.87422277846
11309,1775505000000,7339.167889587588
11310,1775505300000,7340.540496406931
11311,1775505600000,7343.21707970465
11312,1775505900000,7340.609126747899
11313,1775506200000,7333.849148551795
11314,1775506500000,7333.849148551795
11315,1775506800000,7333.849148551795
11316,1775507100000,7333.849148551795
11317,1775507400000,7333.849148551795
11318,1775507700000,7333.849148551795
11319,1775508000000,7333.849148551795
11320,1775508300000,7333.849148551795
11321,1775508600000,7333.849148551795
11322,1775508900000,7330.91619548299
11323,1775509200000,7327.47046256224
11324,1775509500000,7324.877633829793
11325,1775509800000,7322.182456594751
11326,1775510100000,7319.657860197371
11327,1775510400000,7323.956497306424
11328,1775510700000,7319.657860197371
11329,1775511000000,7317.576773977907
11330,1775511300000,7312.45934884808
11331,1775511600000,7294.665957827513
11332,1775511900000,7294.665957827513
11333,1775512200000,7294.665957827513
11334,1775512500000,7294.665957827513
11335,1775512800000,7294.665957827513
11336,1775513100000,7294.665957827513
11337,1775513400000,7294.665957827513
11338,1775513700000,7294.665957827513
11339,1775514000000,7294.665957827513
11340,1775514300000,7294.665957827513
11341,1775514600000,7294.665957827513
11342,1775514900000,7294.665957827513
11343,1775515200000,7294.665957827513
11344,1775515500000,7294.665957827513
11345,1775515800000,7294.665957827513
11346,1775516100000,7294.665957827513
11347,1775516400000,7294.665957827513
11348,1775516700000,7294.665957827513
11349,1775517000000,7294.665957827513
11350,1775517300000,7294.665957827513
11351,1775517600000,7294.665957827513
11352,1775517900000,7294.665957827513
11353,1775518200000,7294.665957827513
11354,1775518500000,7294.665957827513
11355,1775518800000,7294.665957827513
11356,1775519100000,7294.665957827513
11357,1775519400000,7291.748091444383
11358,1775519700000,7297.3174101430095
11359,1775520000000,7287.320310118766
11360,1775520300000,7268.052542944016
11361,1775520600000,7267.1877419038565
11362,1775520900000,7273.241349184972
11363,1775521200000,7271.9960356871425
11364,1775521500000,7271.477155063047
11365,1775521800000,7288.15051911732
11366,1775522100000,7290.917882445829
11367,1775522400000,7279.84842913179
11368,1775522700000,7261.964343621294
11369,1775523000000,7269.609184816302
11370,1775523300000,7278.2917872595035
11371,1775523600000,7283.75732983331
11372,1775523900000,7300.569062054009
11373,1775524200000,7296.590977269276
11374,1775524500000,7267.222333945462
11375,1775524800000,7276.354632929547
11376,1775525100000,7277.011881720066
11377,1775525400000,7276.216264763119
11378,1775525700000,7297.663330559073
11379,1775526000000,7287.078165827523
11380,1775526300000,7301.260902886136
11381,1775526600000,7315.239705806809
11382,1775526900000,7315.239705806809
11383,1775527200000,7315.239705806809
11384,1775527500000,7315.239705806809
11385,1775527800000,7315.239705806809
11386,1775528100000,7315.239705806809
11387,1775528400000,7312.313609924487
11388,1775528700000,7310.229060529797
11389,1775529000000,7316.343738754221
11390,1775529300000,7298.659811389266
11391,1775529600000,7310.680712898646
11392,1775529900000,7310.958652817939
11393,1775530200000,7313.633824541124
11394,1775530500000,7307.866571215814
11395,1775530800000,7306.720069048734
11396,1775531100000,7307.380176357053
11397,1775531400000,7308.561421014045
11398,1775531700000,7315.509918996346
11399,1775532000000,7303.697472426434
11400,1775532300000,7300.15373845546
11401,1775532600000,7301.473953072098
11402,1775532900000,7304.427064714576
11403,1775533200000,7298.859315411213
11404,1775533500000,7295.939771685049
11405,1775533800000,7289.392715351667
11406,1775534100000,7291.2979433851915
11407,1775534400000,7297.983561757375
11408,1775534700000,7298.260685834978
11409,1775535000000,7299.299901125993
11410,1775535300000,7302.348265979631
11411,1775535600000,7296.77114391786
11412,1775535900000,7299.750227752098
11413,1775536200000,7278.307752247528
11414,1775536500000,7276.333243194602
11415,1775536800000,7272.751419576803
11416,1775537100000,7272.751419576803
11417,1775537400000,7272.751419576803
11418,1775537700000,7272.751419576803
11419,1775538000000,7269.842900712745
11420,1775538300000,7268.672566154864
11421,1775538600000,7266.607269876254
11422,1775538900000,7267.63991801556
11423,1775539200000,7263.165109411901
11424,1775539500000,7251.73713667025
11425,1775539800000,7246.978708666626
11426,1775540100000,7246.978708666626
11427,1775540400000,7246.978708666626
11428,1775540700000,7246.978708666626
11429,1775541000000,7246.978708666626
11430,1775541300000,7246.978708666626
11431,1775541600000,7246.978708666626
11432,1775541900000,7246.978708666626
11433,1775542200000,7246.978708666626
11434,1775542500000,7246.978708666626
11435,1775542800000,7246.978708666626
11436,1775543100000,7246.978708666626
11437,1775543400000,7246.978708666626
11438,1775543700000,7246.978708666626
11439,1775544000000,7244.0799171831595
11440,1775544300000,7239.459416985885
11441,1775544600000,7232.701073413752
11442,1775544900000,7235.321655615192
11443,1775545200000,7241.735185739767
11444,1775545500000,7249.527969654572
11445,1775545800000,7243.769585080357
11446,1775546100000,7248.7004173804335
11447,1775546400000,7241.39037229221
11448,1775546700000,7245.838465765704
11449,1775547000000,7237.528461679561
11450,1775547300000,7241.769667084522
11451,1775547600000,7237.528461679561
11452,1775547900000,7241.011077499896
11453,1775548200000,7235.769913097017
11454,1775548500000,7236.045763855063
11455,1775548800000,7228.390905319279
11456,1775549100000,7225.873767152109
11457,1775549400000,7221.70152443666
11458,1775549700000,7212.377994946115
11459,1775550000000,7212.377994946115
11460,1775550300000,7212.377994946115
11461,1775550600000,7212.377994946115
11462,1775550900000,7212.377994946115
11463,1775551200000,7212.377994946115
11464,1775551500000,7212.377994946115
11465,1775551800000,7212.377994946115
11466,1775552100000,7212.377994946115
11467,1775552400000,7212.377994946115
11468,1775552700000,7212.377994946115
11469,1775553000000,7212.377994946115
11470,1775553300000,7212.377994946115
11471,1775553600000,7212.377994946115
11472,1775553900000,7212.377994946115
11473,1775554200000,7212.377994946115
11474,1775554500000,7212.377994946115
11475,1775554800000,7212.377994946115
11476,1775555100000,7212.377994946115
11477,1775555400000,7212.377994946115
11478,1775555700000,7212.377994946115
11479,1775556000000,7209.493620623001
11480,1775556300000,7199.481613476556
11481,1775556600000,7186.143583617052
11482,1775556900000,7191.98109286854
11483,1775557200000,7199.821003549317
11484,1775557500000,7146.392467924938
11485,1775557800000,7146.392467924938
11486,1775558100000,7146.392467924938
11487,1775558400000,7146.392467924938
11488,1775558700000,7146.392467924938
11489,1775559000000,7146.392467924938
11490,1775559300000,7146.392467924938
11491,1775559600000,7146.392467924938
11492,1775559900000,7146.392467924938
11493,1775560200000,7146.392467924938
11494,1775560500000,7146.392467924938
11495,1775560800000,7146.392467924938
11496,1775561100000,7146.392467924938
11497,1775561400000,7146.392467924938
11498,1775561700000,7146.392467924938
11499,1775562000000,7146.392467924938
11500,1775562300000,7146.392467924938
11501,1775562600000,7146.392467924938
11502,1775562900000,7146.392467924938
11503,1775563200000,7146.392467924938
11504,1775563500000,7146.392467924938
11505,1775563800000,7146.392467924938
11506,1775564100000,7146.392467924938
11507,1775564400000,7146.392467924938
11508,1775564700000,7146.392467924938
11509,1775565000000,7146.392467924938
11510,1775565300000,7146.392467924938
11511,1775565600000,7146.392467924938
11512,1775565900000,7146.392467924938
11513,1775566200000,7146.392467924938
11514,1775566500000,7143.533910937767
11515,1775566800000,7142.780574149883
11516,1775567100000,7131.617492656713
11517,1775567400000,7132.747497838536
11518,1775567700000,7149.731818147166
11519,1775568000000,7153.395774342777
11520,1775568300000,7151.957585929546
11521,1775568600000,7164.182187442008
11522,1775568900000,7168.085841706491
11523,1775569200000,7171.715555320835
11524,1775569500000,7176.954670254748
11525,1775569800000,7158.018522813875
11526,1775570100000,7184.693493621181
11527,1775570400000,7196.6441544835025
11528,1775570700000,7220.716689114485
11529,1775571000000,7210.6493702218695
11530,1775571300000,7213.423019304529
11531,1775571600000,7185.89198396554
11532,1775571900000,7178.153160599107
11533,1775572200000,7184.659251039913
11534,1775572500000,7193.973233144645
11535,1775572800000,7194.486871863656
11536,1775573100000,7184.796221364983
11537,1775573400000,7184.693493621181
11538,1775573700000,7202.2241174086475
11539,1775574000000,7202.2241174086475
11540,1775574300000,7202.2241174086475
11541,1775574600000,7202.2241174086475
11542,1775574900000,7199.343227761684
11543,1775575200000,7198.233379106396
11544,1775575500000,7185.539485111541
11545,1775575800000,7186.16377498014
11546,1775576100000,7195.666854091043
11547,1775576400000,7198.268061876874
11548,1775576700000,7196.187095648208
11549,1775577000000,7190.256341896515
11550,1775577300000,7187.3429891763835
11551,1775577600000,7175.099971197738
11552,1775577900000,7191.470238863236
11553,1775578200000,7189.077127700271
11554,1775578500000,7191.713018256579
11555,1775578800000,7178.048006688348
11556,1775579100000,7171.215500904232
11557,1775579400000,7170.04108893572
11558,1775579700000,7170.04108893572
11559,1775580000000,7170.04108893572
11560,1775580300000,7170.04108893572
11561,1775580600000,7170.04108893572
11562,1775580900000,7167.173645988734
11563,1775581200000,7177.595448954213
11564,1775581500000,7173.536793013862
11565,1775581800000,7162.805431544457
11566,1775582100000,7162.117523757957
11567,1775582400000,7171.610651211661
11568,1775582700000,7172.332954387486
11569,1775583000000,7185.88473778154
11570,1775583300000,7218.216403747052
11571,1775583600000,7213.504235409525
11572,1775583900000,7223.650875260403
11573,1775584200000,7226.78085568898
11574,1775584500000,7221.311988786303
11575,1775584800000,7211.788097762064
11576,1775585100000,7211.788097762064
11577,1775585400000,7211.788097762064
11578,1775585700000,7211.788097762064
11579,1775586000000,7208.903959350642
11580,1775586300000,7211.175954830015
11581,1775586600000,7218.405031355288
11582,1775586900000,7208.766262654923
11583,1775587200000,7197.784951171293
11584,1775587500000,7196.270287518379
11585,1775587800000,7177.233719335159
11586,1775588100000,7181.915406989622
11587,1775588400000,7183.705464033976
11588,1775588700000,7181.123650989235
11589,1775589000000,7187.87078907949
11590,1775589300000,7228.904404403899
11591,1775589600000,7215.616673266969
11592,1775589900000,7217.510002833111
11593,1775590200000,7202.087972912527
11594,1775590500000,7204.566513435479
11595,1775590800000,7210.659592221066
11596,1775591100000,7253.448840415899
11597,1775591400000,7272.795226164489
11598,1775591700000,7275.17049416565
11599,1775592000000,7297.821600611506
11600,1775592300000,7298.406811568315
11601,1775592600000,7297.029844611119
11602,1775592900000,7286.186229823211
11603,1775593200000,7277.766381876766
11604,1775593500000,7277.766381876766
11605,1775593800000,7277.766381876766
11606,1775594100000,7277.766381876766
11607,1775594400000,7277.766381876766
11608,1775594700000,7277.766381876766
11609,1775595000000,7274.8558574289045
11610,1775595300000,7290.466988188808
11611,1775595600000,7298.565477655865
11612,1775595900000,7368.419257016397
11613,1775596200000,7382.755306455953
11614,1775596500000,7364.8007829992
11615,1775596800000,7356.977986790596
11616,1775597100000,7343.227785525253
11617,1775597400000,7355.427212211799
11618,1775597700000,7384.926390866271
11619,1775598000000,7386.821782018134
11620,1775598300000,7382.5140748548065
11621,1775598600000,7390.130101119571
11622,1775598900000,7392.163338900662
11623,1775599200000,7416.114190728767
11624,1775599500000,7422.489597330495
11625,1775599800000,7440.581967416473
11626,1775600100000,7430.174546909872
11627,1775600400000,7436.1019519666115
11628,1775600700000,7442.821975141403
11629,1775601000000,7502.544027253788
11630,1775601300000,7520.326242424007
11631,1775601600000,7505.7834230406115
11632,1775601900000,7533.283825571298
11633,1775602200000,7559.827089283447
11634,1775602500000,7559.827089283447
11635,1775602800000,7559.827089283447
11636,1775603100000,7559.827089283447
11637,1775603400000,7559.827089283447
11638,1775603700000,7559.827089283447
11639,1775604000000,7559.827089283447
11640,1775604300000,7559.827089283447
11641,1775604600000,7559.827089283447
11642,1775604900000,7559.827089283447
11643,1775605200000,7559.827089283447
11644,1775605500000,7559.827089283447
11645,1775605800000,7559.827089283447
11646,1775606100000,7559.827089283447
11647,1775606400000,7559.827089283447
11648,1775606700000,7559.827089283447
11649,1775607000000,7559.827089283447
11650,1775607300000,7559.827089283447
11651,1775607600000,7559.827089283447
11652,1775607900000,7559.827089283447
11653,1775608200000,7559.827089283447
11654,1775608500000,7559.827089283447
11655,1775608800000,7559.827089283447
11656,1775609100000,7556.803763112969
11657,1775609400000,7562.430924946943
11658,1775609700000,7579.990381754162
11659,1775610000000,7568.4987681293605
11660,1775610300000,7600.702405131017
11661,1775610600000,7598.024418475091
11662,1775610900000,7576.159843879228
11663,1775611200000,7571.312349046348
11664,1775611500000,7568.4987681293605
11665,1775611800000,7575.075089790752
11666,1775612100000,7584.803978021779
11667,1775612400000,7582.6005712795595
11668,1775612700000,7583.617528237507
11669,1775613000000,7579.719193232043
11670,1775613300000,7573.1428715706525
11671,1775613600000,7581.109034407904
11672,1775613900000,7609.312640708303
11673,1775614200000,7611.685540276845
11674,1775614500000,7580.87174445105
11675,1775614800000,7576.634423792938
11676,1775615100000,7580.058178884692
11677,1775615400000,7576.2276410097575
11678,1775615700000,7569.820812174692
11679,1775616000000,7569.549623652572
11680,1775616300000,7577.90746900253
11681,1775616600000,7574.876912126304
11682,1775616900000,7578.12863005381
11683,1775617200000,7578.839943350451
11684,1775617500000,7572.675228112888
11685,1775617800000,7564.95239803506
11686,1775618100000,7561.0571109344
11687,1775618400000,7563.631387627011
11688,1775618700000,7584.733682094057
11689,1775619000000,7578.806071288707
11690,1775619300000,7572.946204606847
11691,1775619600000,7577.823781498107
11692,1775619900000,7568.305732147802
11693,1775620200000,7570.642904408197
11694,1775620500000,7569.321894000146
11695,1775620800000,7581.8884289074895
11696,1775621100000,7605.192407387953
11697,1775621400000,7599.67126132354
11698,1775621700000,7598.7228435946845
11699,1775622000000,7597.164728754421
11700,1775622300000,7604.210117597351
11701,1775622600000,7600.145470187969
11702,1775622900000,7621.552613210719
11703,1775623200000,7617.216989307378
11704,1775623500000,7614.642712614768
11705,1775623800000,7603.640409260796
11706,1775624100000,7600.59956126669
11707,1775624400000,7608.808101606959
11708,1775624700000,7610.1988047224595
11709,1775625000000,7603.821922144068
11710,1775625300000,7603.414887085873
11711,1775625600000,7613.624683128935
11712,1775625900000,7611.894784131606
11713,1775626200000,7604.975188142288
11714,1775626500000,7598.293029270251
11715,1775626800000,7600.090767443946
11716,1775627100000,7600.735239619421
11717,1775627400000,7606.060614964143
11718,1775627700000,7600.362124149408
11719,1775628000000,7588.2528311681035
11720,1775628300000,7588.659866226298
11721,1775628600000,7603.143530380409
11722,1775628900000,7622.545534821045
11723,1775629200000,7635.299299977829
11724,1775629500000,7635.095782448731
11725,1775629800000,7627.5995534603035
11726,1775630100000,7627.667392636669
11727,1775630400000,7629.125934928535
11728,1775630700000,7624.309353406559
11729,1775631000000,7621.256590470095
11730,1775631300000,7615.326380839295
11731,1775631600000,7612.28085939125
11732,1775631900000,7627.166940781029
11733,1775632200000,7631.676846987954
11734,1775632500000,7634.55911787208
11735,1775632800000,7654.633286853285
11736,1775633100000,7652.598742699784
11737,1775633400000,7622.690943643327
11738,1775633700000,7628.285940065454
11739,1775634000000,7631.982028610979
11740,1775634300000,7632.965391618505
11741,1775634600000,7639.001205940556
11742,1775634900000,7642.290385655383
11743,1775635200000,7651.75101596916
11744,1775635500000,7649.004381361932
11745,1775635800000,7643.138112386007
11746,1775636100000,7658.566738883385
11747,1775636400000,7650.699834823183
11748,1775636700000,7651.038925515434
11749,1775637000000,7659.312738406336
11750,1775637300000,7645.138747470282
11751,1775637600000,7640.4932049864565
11752,1775637900000,7650.767652961635
11753,1775638200000,7643.782384701281
11754,1775638500000,7651.513652484584
11755,1775638800000,7656.520483739113
11756,1775639100000,7656.520483739113
11757,1775639400000,7656.520483739113
11758,1775639700000,7656.520483739113
11759,1775640000000,7653.458487944777
11760,1775640300000,7634.088741133307
11761,1775640600000,7639.957333424698
11762,1775640900000,7636.022323564575
11763,1775641200000,7617.404020677481
11764,1775641500000,7617.404020677481
11765,1775641800000,7617.404020677481
11766,1775642100000,7617.404020677481
11767,1775642400000,7617.404020677481
11768,1775642700000,7614.357668339679
11769,1775643000000,7604.446575604726
11770,1775643300000,7608.674857488238
11771,1775643600000,7610.77208530246
11772,1775643900000,7610.975042832868
11773,1775644200000,7589.029643465946
11774,1775644500000,7589.029643465946
11775,1775644800000,7589.029643465946
11776,1775645100000,7589.029643465946
11777,1775645400000,7585.99403160856
11778,1775645700000,7601.157501543572
11779,1775646000000,7596.632100716641
11780,1775646300000,7591.296180338619
11781,1775646600000,7582.346693628647
11782,1775646900000,7580.658111230538
11783,1775647200000,7579.476103551861
11784,1775647500000,7562.414213962823
11785,1775647800000,7562.414213962823
11786,1775648100000,7562.414213962823
11787,1775648400000,7562.414213962823
11788,1775648700000,7562.414213962823
11789,1775649000000,7559.389248277238
11790,1775649300000,7562.450355207726
11791,1775649600000,7552.2578782853325
11792,1775649900000,7551.786938757566
11793,1775650200000,7539.710703724105
11794,1775650500000,7554.780768612657
11795,1775650800000,7566.85700364612
11796,1775651100000,7558.682838985587
11797,1775651400000,7546.23658003745
11798,1775651700000,7537.718918257365
11799,1775652000000,7537.718918257365
11800,1775652300000,7537.718918257365
11801,1775652600000,7537.718918257365
11802,1775652900000,7537.718918257365
11803,1775653200000,7537.718918257365
11804,1775653500000,7537.718918257365
11805,1775653800000,7537.718918257365
11806,1775654100000,7537.718918257365
11807,1775654400000,7537.718918257365
11808,1775654700000,7537.718918257365
11809,1775655000000,7537.718918257365
11810,1775655300000,7537.718918257365
11811,1775655600000,7537.718918257365
11812,1775655900000,7537.718918257365
11813,1775656200000,7537.718918257365
11814,1775656500000,7537.718918257365
11815,1775656800000,7537.718918257365
11816,1775657100000,7537.718918257365
11817,1775657400000,7537.718918257365
11818,1775657700000,7537.718918257365
11819,1775658000000,7537.718918257365
11820,1775658300000,7537.718918257365
11821,1775658600000,7537.718918257365
11822,1775658900000,7537.718918257365
11823,1775659200000,7537.718918257365
11824,1775659500000,7537.718918257365
11825,1775659800000,7537.718918257365
11826,1775660100000,7537.718918257365
11827,1775660400000,7537.718918257365
11828,1775660700000,7537.718918257365
11829,1775661000000,7537.718918257365
11830,1775661300000,7537.718918257365
11831,1775661600000,7537.718918257365
11832,1775661900000,7537.718918257365
11833,1775662200000,7537.718918257365
11834,1775662500000,7534.703830690062
11835,1775662800000,7544.166826803121
11836,1775663100000,7538.209904789504
11837,1775663400000,7537.2908368216895
11838,1775663700000,7531.129677481893
11839,1775664000000,7531.027558818802
11840,1775664300000,7536.644085288783
11841,1775664600000,7530.278688622805
11842,1775664900000,7520.237020085567
11843,1775665200000,7510.77402397251
11844,1775665500000,7518.194646823756
11845,1775665800000,7538.141825680777
11846,1775666100000,7528.712869122083
11847,1775666400000,7525.785467446821
11848,1775666700000,7513.8375838652255
11849,1775667000000,7514.688572724313
11850,1775667300000,7513.054674114864
11851,1775667600000,7509.378402243605
11852,1775667900000,7505.919394988632
11853,1775668200000,7505.919394988632
11854,1775668500000,7505.919394988632
11855,1775668800000,7502.917027230636
11856,1775669100000,7499.5672126432555
11857,1775669400000,7484.509965255539
11858,1775669700000,7457.406919957649
11859,1775670000000,7448.474069698376
11860,1775670300000,7448.474069698376
11861,1775670600000,7448.474069698376
11862,1775670900000,7448.474069698376
11863,1775671200000,7448.474069698376
11864,1775671500000,7448.474069698376
11865,1775671800000,7445.495275829271
11866,1775672100000,7409.8563398291535
11867,1775672400000,7405.242668939833
11868,1775672700000,7395.730738961092
11869,1775673000000,7395.730738961092
11870,1775673300000,7395.730738961092
11871,1775673600000,7395.730738961092
11872,1775673900000,7395.730738961092
11873,1775674200000,7395.730738961092
11874,1775674500000,7395.730738961092
11875,1775674800000,7395.730738961092
11876,1775675100000,7395.730738961092
11877,1775675400000,7395.730738961092
11878,1775675700000,7395.730738961092
11879,1775676000000,7395.730738961092
11880,1775676300000,7395.730738961092
11881,1775676600000,7395.730738961092
11882,1775676900000,7392.772446665509
11883,1775677200000,7396.926523469839
11884,1775677500000,7396.156009223874
11885,1775677800000,7395.988506126926
11886,1775678100000,7381.38223607299
11887,1775678400000,7374.280104762362
11888,1775678700000,7371.968562024467
11889,1775679000000,7366.693713290972
11890,1775679300000,7366.693713290972
11891,1775679600000,7363.747035805655
11892,1775679900000,7363.1482149868225
11893,1775680200000,7373.19509761392
11894,1775680500000,7381.545321254321
11895,1775680800000,7387.666600735731
11896,1775681100000,7382.742962891988
11897,1775681400000,7378.950431039376
11898,1775681700000,7378.883895392839
11899,1775682000000,7385.204781813861
11900,1775682300000,7375.424041772912
11901,1775682600000,7362.981875870479
11902,1775682900000,7359.35568313421
11903,1775683200000,7348.761262913456
11904,1775683500000,7348.761262913456
11905,1775683800000,7348.761262913456
11906,1775684100000,7348.761262913456
11907,1775684400000,7345.822346191636
11908,1775684700000,7347.546390757048
11909,1775685000000,7346.816987287067
11910,1775685300000,7342.208483544907
11911,1775685600000,7328.58190053751
11912,1775685900000,7334.781830032359
11913,1775686200000,7324.126254559778
11914,1775686500000,7324.126254559778
11915,1775686800000,7324.126254559778
11916,1775687100000,7324.126254559778
11917,1775687400000,7324.126254559778
11918,1775687700000,7324.126254559778
11919,1775688000000,7324.126254559778
11920,1775688300000,7324.126254559778
11921,1775688600000,7324.126254559778
11922,1775688900000,7324.126254559778
11923,1775689200000,7324.126254559778
11924,1775689500000,7324.126254559778
11925,1775689800000,7324.126254559778
11926,1775690100000,7324.126254559778
11927,1775690400000,7324.126254559778
11928,1775690700000,7324.126254559778
11929,1775691000000,7324.126254559778
11930,1775691300000,7324.126254559778
11931,1775691600000,7324.126254559778
11932,1775691900000,7324.126254559778
11933,1775692200000,7324.126254559778
11934,1775692500000,7324.126254559778
11935,1775692800000,7324.126254559778
11936,1775693100000,7321.196604057955
11937,1775693400000,7319.59204878539
11938,1775693700000,7328.31681807996
11939,1775694000000,7331.960495678074
11940,1775694300000,7341.520970843771
11941,1775694600000,7345.565787260027
11942,1775694900000,7351.984008350285
11943,1775695200000,7347.905763699183
11944,1775695500000,7348.60775663093
11945,1775695800000,7350.011742494424
11946,1775696100000,7347.838907229493
11947,1775696400000,7344.897222563126
11948,1775696700000,7395.54099835344
11949,1775697000000,7385.6796690741385
11950,1775697300000,7391.262184293269
11951,1775697600000,7397.479835974456
11952,1775697900000,7391.095043119043
11953,1775698200000,7366.157579924604
11954,1775698500000,7372.475516310327
11955,1775698800000,7375.550913916076
11956,1775699100000,7370.302681045396
11957,1775699400000,7359.627323561051
11958,1775699700000,7356.6834726316265
11959,1775700000000,7359.62233762458
11960,1775700300000,7353.981068040405
11961,1775700600000,7369.283434038198
11962,1775700900000,7350.197701612694
11963,1775701200000,7351.413783678744
11964,1775701500000,7345.468493578056
11965,1775701800000,7346.008974496301
11966,1775702100000,7348.981619546646
11967,1775702400000,7353.406807064771
11968,1775702700000,7339.016502616514
11969,1775703000000,7336.989699173098
11970,1775703300000,7346.549455414545
11971,1775703600000,7343.813270765933
11972,1775703900000,7350.670622416159
11973,1775704200000,7349.420760292718
11974,1775704500000,7352.629865744794
11975,1775704800000,7348.238458284059
11976,1775705100000,7357.15639343509
11977,1775705400000,7351.515123850916
11978,1775705700000,7351.751584252646
11979,1775706000000,7359.048076648946
11980,1775706300000,7350.83952270311
11981,1775706600000,7339.996124280832
11982,1775706900000,7342.369695891338
11983,1775707200000,7339.432748012982
11984,1775707500000,7344.414528129299
11985,1775707800000,7345.659973158377
11986,1775708100000,7346.838096834533
11987,1775708400000,7351.718894921465
11988,1775708700000,7349.867557716077
11989,1775709000000,7342.32756618868
11990,1775709300000,7343.505689864836
11991,1775709600000,7344.582831511606
11992,1775709900000,7352.998000627005
11993,1775710200000,7346.97273954038
11994,1775710500000,7351.718894921465
11995,1775710800000,7349.09336215746
11996,1775711100000,7348.790416069305
11997,1775711400000,7350.439789215924
11998,1775711700000,7344.145242717606
11999,1775712000000,7348.487469981152
12000,1775712300000,7338.389267042673
12001,1775712600000,7327.49132219257
12002,1775712900000,7327.49132219257
12003,1775713200000,7327.49132219257
12004,1775713500000,7324.5609117457825
12005,1775713800000,7314.800286641291
12006,1775714100000,7319.361953356793
12007,1775714400000,7326.103828428966
12008,1775714700000,7323.386953399881
12009,1775715000000,7323.051536729624
12010,1775715300000,7311.848619943025
12011,1775715600000,7303.157313676491
12012,1775715900000,7303.157313676491
12013,1775716200000,7303.157313676491
12014,1775716500000,7303.157313676491
12015,1775716800000,7300.23605075102
12016,1775717100000,7302.482350801593
12017,1775717400000,7295.139967054198
12018,1775717700000,7289.473926628125
12019,1775718000000,7277.035459183909
12020,1775718300000,7277.711832255132
12021,1775718600000,7277.711832255132
12022,1775718900000,7274.801329622758
12023,1775719200000,7272.7015890078055
12024,1775719500000,7269.43532582899
12025,1775719800000,7277.434337695476
12026,1775720100000,7275.101292567751
12027,1775720400000,7272.534942927255
12028,1775720700000,7270.935140553957
12029,1775721000000,7270.701836041185
12030,1775721300000,7269.568642693432
12031,1775721600000,7277.534325343808
12032,1775721900000,7270.3018854478605
12033,1775722200000,7263.036116335803
12034,1775722500000,7255.40033663321
12035,1775722800000,7252.498176498557
12036,1775723100000,7254.560929316951
12037,1775723400000,7243.981003570995
12038,1775723700000,7237.1010129434235
12039,1775724000000,7237.1010129434235
12040,1775724300000,7237.1010129434235
12041,1775724600000,7237.1010129434235
12042,1775724900000,7237.1010129434235
12043,1775725200000,7234.206172538246
12044,1775725500000,7228.7086353415625
12045,1775725800000,7225.817730068481
12046,1775726100000,7236.80676145737
12047,1775726400000,7228.829783852785
12048,1775726700000,7232.272131034848
12049,1775727000000,7231.378444747195
12050,1775727300000,7233.132717830362
12051,1775727600000,7234.688393960716
12052,1775727900000,7242.499874104626
12053,1775728200000,7251.072642567645
12054,1775728500000,7262.49196735429
12055,1775728800000,7254.084696351948
12056,1775729100000,7247.8619918305285
12057,1775729400000,7244.088649727116
12058,1775729700000,7250.212055772128
12059,1775730000000,7256.103765372196
12060,1775730300000,7257.692540994686
12061,1775730600000,7255.772770450844
12062,1775730900000,7260.373599857638
12063,1775731200000,7264.610334850945
12064,1775731500000,7260.373599857638
12065,1775731800000,7259.711610014934
12066,1775732100000,7251.105742059779
12067,1775732400000,7253.72060193846
12068,1775732700000,7248.921175578856
12069,1775733000000,7231.827894244332
12070,1775733300000,7231.827894244332
12071,1775733600000,7231.827894244332
12072,1775733900000,7231.827894244332
12073,1775734200000,7231.827894244332
12074,1775734500000,7231.827894244332
12075,1775734800000,7231.827894244332
12076,1775735100000,7231.827894244332
12077,1775735400000,7231.827894244332
12078,1775735700000,7231.827894244332
12079,1775736000000,7231.827894244332
12080,1775736300000,7228.935163086635
12081,1775736600000,7232.447947000365
12082,1775736900000,7237.186891336813
12083,1775737200000,7246.499082655286
12084,1775737500000,7220.451458540266
12085,1775737800000,7228.404931552486
12086,1775738100000,7235.496778321714
12087,1775738400000,7224.063660866649
12088,1775738700000,7233.674107423082
12089,1775739000000,7234.9665467875675
12090,1775739300000,7225.289821289366
12091,1775739600000,7236.126428268516
12092,1775739900000,7241.528162022649
12093,1775740200000,7243.781646042777
12094,1775740500000,7242.1578119694495
12095,1775740800000,7244.941527523727
12096,1775741100000,7240.997930488501
12097,1775741400000,7262.174052383536
12098,1775741700000,7269.597293861608
12099,1775742000000,7270.724035871672
12100,1775742300000,7276.09263015492
12101,1775742600000,7292.23155247555
12102,1775742900000,7285.338542531626
12103,1775743200000,7280.897853433136
12104,1775743500000,7284.577505847538
12105,1775743800000,7284.577505847538
12106,1775744100000,7284.577505847538
12107,1775744400000,7284.577505847538
12108,1775744700000,7284.577505847538
12109,1775745000000,7284.577505847538
12110,1775745300000,7281.6636748452
12111,1775745600000,7270.17459976784
12112,1775745900000,7254.788645424476
12113,1775746200000,7247.062074466017
12114,1775746500000,7250.757391011366
12115,1775746800000,7260.3316202424985
12116,1775747100000,7277.262888777556
12117,1775747400000,7223.242220510678
12118,1775747700000,7223.242220510678
12119,1775748000000,7223.242220510678
12120,1775748300000,7223.242220510678
12121,1775748600000,7223.242220510678
12122,1775748900000,7223.242220510678
12123,1775749200000,7223.242220510678
12124,1775749500000,7223.242220510678
12125,1775749800000,7223.242220510678
12126,1775750100000,7223.242220510678
12127,1775750400000,7223.242220510678
12128,1775750700000,7223.242220510678
12129,1775751000000,7223.242220510678
12130,1775751300000,7223.242220510678
12131,1775751600000,7223.242220510678
12132,1775751900000,7223.242220510678
12133,1775752200000,7220.353501366302
12134,1775752500000,7198.480786326248
12135,1775752800000,7213.2808869222135
12136,1775753100000,7191.604633394494
12137,1775753400000,7208.467579869985
12138,1775753700000,7230.864192276269
12139,1775754000000,7267.373289985344
12140,1775754300000,7269.698084547985
12141,1775754600000,7282.17339058131
12142,1775754900000,7267.275059229176
12143,1775755200000,7258.008624564002
12144,1775755500000,7253.391779024111
12145,1775755800000,7236.56157613401
12146,1775756100000,7274.118468575541
12147,1775756400000,7271.728186842121
12148,1775756700000,7272.9724430869155
12149,1775757000000,7276.3450323820125
12150,1775757300000,7278.080442407647
12151,1775757600000,7227.164167127277
12152,1775757900000,7237.118217085626
12153,1775758200000,7227.688064493507
12154,1775758500000,7234.007576473643
12155,1775758800000,7219.2729630484555
12156,1775759100000,7233.516422692803
12157,1775759400000,7221.753342873598
12158,1775759700000,7218.86521916119
12159,1775760000000,7207.784667173253
12160,1775760300000,7214.779469903102
12161,1775760600000,7213.047112217671
12162,1775760900000,7213.341286164255
12163,1775761200000,7220.859064799137
12164,1775761500000,7245.242816371409
12165,1775761800000,7240.17648729138
12166,1775762100000,7227.265519635819
12167,1775762400000,7209.9092567874595
12168,1775762700000,7215.139015837813
12169,1775763000000,7223.670060288702
12170,1775763300000,7237.855781712786
12171,1775763600000,7247.988439872845
12172,1775763900000,7261.5858134037635
12173,1775764200000,7257.728866104128
12174,1775764500000,7244.5890964901155
12175,1775764800000,7248.119183849104
12176,1775765100000,7243.347028715656
12177,1775765400000,7254.558324679851
12178,1775765700000,7254.917870614563
12179,1775766000000,7258.1864700210335
12180,1775766300000,7249.3612516235635
12181,1775766600000,7255.931136430569
12182,1775766900000,7247.2132742797785
12183,1775767200000,7244.314968631196
12184,1775767500000,7229.681176704375
12185,1775767800000,7232.098365549429
12186,1775768100000,7228.962552993681
12187,1775768400000,7240.558526507124
12188,1775768700000,7224.160840017694
12189,1775769000000,7231.477735981104
12190,1775769300000,7224.912128442508
12191,1775769600000,7227.753958571154
12192,1775769900000,7215.55742597804
12193,1775770200000,7215.55742597804
12194,1775770500000,7215.55742597804
12195,1775770800000,7215.55742597804
12196,1775771100000,7215.55742597804
12197,1775771400000,7212.671203007649
12198,1775771700000,7213.708435125914
12199,1775772000000,7210.823528733143
12200,1775772300000,7213.590774354601
12201,1775772600000,7223.455191099327
12202,1775772900000,7266.493999470707
12203,1775773200000,7259.624719163323
12204,1775773500000,7230.003512806164
12205,1775773800000,7227.1120896856655
12206,1775774100000,7207.567116689909
12207,1775774400000,7205.091420110446
12208,1775774700000,7211.215511649117
12209,1775775000000,7188.706217749005
12210,1775775300000,7156.101984085538
12211,1775775600000,7156.101984085538
12212,1775775900000,7156.101984085538
12213,1775776200000,7156.101984085538
12214,1775776500000,7156.101984085538
12215,1775776800000,7156.101984085538
12216,1775777100000,7156.101984085538
12217,1775777400000,7156.101984085538
12218,1775777700000,7156.101984085538
12219,1775778000000,7156.101984085538
12220,1775778300000,7156.101984085538
12221,1775778600000,7156.101984085538
12222,1775778900000,7156.101984085538
12223,1775779200000,7156.101984085538
12224,1775779500000,7156.101984085538
12225,1775779800000,7156.101984085538
12226,1775780100000,7156.101984085538
12227,1775780400000,7156.101984085538
12228,1775780700000,7156.101984085538
12229,1775781000000,7153.239543291904
12230,1775781300000,7156.700382831613
12231,1775781600000,7149.876652041057
12232,1775781900000,7146.774956227167
12233,1775782200000,7143.020271820882
12234,1775782500000,7142.2366855100045
12235,1775782800000,7152.292709832927
12236,1775783100000,7147.264697671466
12237,1775783400000,7145.305731894273
12238,1775783700000,7151.6070718109095
12239,1775784000000,7175.571753151903
12240,1775784300000,7171.164080153219
12241,1775784600000,7134.039641711456
12242,1775784900000,7134.039641711456
12243,1775785200000,7134.039641711456
12244,1775785500000,7134.039641711456
12245,1775785800000,7134.039641711456
12246,1775786100000,7131.186025854772
12247,1775786400000,7137.914718641185
12248,1775786700000,7123.05958529147
12249,1775787000000,7127.870438104945
12250,1775787300000,7132.583773631659
12251,1775787600000,7132.746302442926
12252,1775787900000,7126.310161516791
12253,1775788200000,7127.057794048615
12254,1775788500000,7129.268185881832
12255,1775788800000,7127.837932342691
12256,1775789100000,7144.708422952106
12257,1775789400000,7149.844333388112
12258,1775789700000,7149.324241192062
12259,1775790000000,7143.895778895776
12260,1775790300000,7150.787000493455
12261,1775790600000,7156.345485838754
12262,1775790900000,7155.045255348625
12263,1775791200000,7162.066499995319
12264,1775791500000,7168.177583298921
12265,1775791800000,7161.123832889976
12266,1775792100000,7158.783418007744
12267,1775792400000,7155.565347544678
12268,1775792700000,7158.523371909719
12269,1775793000000,7156.085439740728
12270,1775793300000,7157.855146266449
12271,1775793600000,7154.992004207943
12272,1775793900000,7153.683037541502
12273,1775794200000,7154.6320383746715
12274,1775794500000,7151.163276708603
12275,1775794800000,7146.287375876111
12276,1775795100000,7144.683891709719
12277,1775795400000,7146.385548376093
12278,1775795700000,7144.094856709821
12279,1775796000000,7144.945685043007
12280,1775796300000,7144.749340043041
12281,1775796600000,7128.7472225458
12282,1775796900000,7126.126324964964
12283,1775797200000,7126.126324964964
12284,1775797500000,7126.126324964964
12285,1775797800000,7126.126324964964
12286,1775798100000,7126.126324964964
12287,1775798400000,7126.126324964964
12288,1775798700000,7126.126324964964
12289,1775799000000,7126.126324964964
12290,1775799300000,7126.126324964964
12291,1775799600000,7126.126324964964
12292,1775799900000,7126.126324964964
12293,1775800200000,7123.276444411089
12294,1775800500000,7122.95221698986
12295,1775800800000,7124.249126674778
12296,1775801100000,7118.834528740246
12297,1775801400000,7123.827631027179
12298,1775801700000,7105.800586406822
12299,1775802000000,7103.639155665065
12300,1775802300000,7103.639155665065
12301,1775802600000,7103.639155665065
12302,1775802900000,7103.639155665065
12303,1775803200000,7103.639155665065
12304,1775803500000,7103.639155665065
12305,1775803800000,7103.639155665065
12306,1775804100000,7103.639155665065
12307,1775804400000,7103.639155665065
12308,1775804700000,7103.639155665065
12309,1775805000000,7103.639155665065
12310,1775805300000,7103.639155665065
12311,1775805600000,7100.797700002799
12312,1775805900000,7101.739456814417
12313,1775806200000,7102.226572406634
12314,1775806500000,7107.779690157901
12315,1775806800000,7113.365282281982
12316,1775807100000,7116.6451939362405
12317,1775807400000,7135.12311206765
12318,1775807700000,7127.361736965001
12319,1775808000000,7131.7782516677635
12320,1775808300000,7120.964285520559
12321,1775808600000,7121.516349858405
12322,1775808900000,7114.989000922704
12323,1775809200000,7111.481768658746
12324,1775809500000,7112.39105109755
12325,1775809800000,7110.41011435587
12326,1775810100000,7092.359417431794
12327,1775810400000,7089.5224736648215
12328,1775810700000,7102.592509768006
12329,1775811000000,7094.030501005622
12330,1775811300000,7092.733226950715
12331,1775811600000,7084.26851374245
12332,1775811900000,7089.554905516194
12333,1775812200000,7085.50092409461
12334,1775812500000,7062.147857758565
12335,1775812800000,7062.147857758565
12336,1775813100000,7062.147857758565
12337,1775813400000,7062.147857758565
12338,1775813700000,7062.147857758565
12339,1775814000000,7062.147857758565
12340,1775814300000,7062.147857758565
12341,1775814600000,7062.147857758565
12342,1775814900000,7062.147857758565
12343,1775815200000,7062.147857758565
12344,1775815500000,7059.323563474318
12345,1775815800000,7060.192617218436
12346,1775816100000,7063.701019370618
12347,1775816400000,7056.297968957757
12348,1775816700000,7053.88393077965
12349,1775817000000,7057.585455986081
12350,1775817300000,7058.132637973118
12351,1775817600000,7060.739799205474
12352,1775817900000,7064.956319223234
12353,1775818200000,7072.520305514635
12354,1775818500000,7072.2949952846775
12355,1775818800000,7084.590496405169
12356,1775819100000,7114.106136529489
12357,1775819400000,7116.262677301931
12358,1775819700000,7123.150732903462
12359,1775820000000,7130.199724383535
12360,1775820300000,7136.411849295196
12361,1775820600000,7130.3928474377835
12362,1775820900000,7149.705152862638
12363,1775821200000,7138.986823351844
12364,1775821500000,7151.829506459371
12365,1775821800000,7141.23992565141
12366,1775822100000,7131.5515857632745
12367,1775822400000,7145.585194372003
12368,1775822700000,7134.168881752332
12369,1775823000000,7134.168881752332
12370,1775823300000,7134.168881752332
12371,1775823600000,7134.168881752332
12372,1775823900000,7134.168881752332
12373,1775824200000,7134.168881752332
12374,1775824500000,7134.168881752332
12375,1775824800000,7134.168881752332
12376,1775825100000,7134.168881752332
12377,1775825400000,7131.3157848190185
12378,1775825700000,7132.601575359441
12379,1775826000000,7127.1691103261555
12380,1775826300000,7132.987312521567
12381,1775826600000,7132.312272487846
12382,1775826900000,7128.197742758494
12383,1775827200000,7136.362512690177
12384,1775827500000,7135.462459311881
12385,1775827800000,7115.982732624479
12386,1775828100000,7099.609091369648
12387,1775828400000,7096.769815588257
12388,1775828700000,7118.807483866817
12389,1775829000000,7119.704365715363
12390,1775829300000,7120.857499520636
12391,1775829600000,7119.960617672092
12392,1775829900000,7123.195798625775
12393,1775830200000,7156.9249624300255
12394,1775830500000,7178.097780354629
12395,1775830800000,7210.09724345097
12396,1775831100000,7191.87132302873
12397,1775831400000,7208.143322280923
12398,1775831700000,7198.629968387418
12399,1775832000000,7173.64540260649
12400,1775832300000,7165.66956045335
12401,1775832600000,7183.639228918861
12402,1775832900000,7183.89548087559
12403,1775833200000,7177.905591387084
12404,1775833500000,7200.167480127782
12405,1775833800000,7190.237716804592
12406,1775834100000,7191.583039577412
12407,1775834400000,7221.6606129982965
12408,1775834700000,7167.975828063896
12409,1775835000000,7158.622631643344
12410,1775835300000,7154.714789303251
12411,1775835600000,7149.195638864351
12412,1775835900000,7149.195638864351
12413,1775836200000,7149.195638864351
12414,1775836500000,7149.195638864351
12415,1775836800000,7149.195638864351
12416,1775837100000,7149.195638864351
12417,1775837400000,7146.336532430093
12418,1775837700000,7173.623994618809
12419,1775838000000,7179.03664850366
12420,1775838300000,7179.164758654781
12421,1775838600000,7176.986886085729
12422,1775838900000,7168.4035059606385
12423,1775839200000,7164.528173889236
12424,1775839500000,7172.374920645382
12425,1775839800000,7179.9654470992855
12426,1775840100000,7191.335223011251
12427,1775840400000,7185.089853144114
12428,1775840700000,7187.139615562048
12429,1775841000000,7182.49562258392
12430,1775841300000,7184.545385001851
12431,1775841600000,7187.363808326508
12432,1775841900000,7188.100441695452
12433,1775842200000,7180.509915241549
12434,1775842500000,7181.791016752756
12435,1775842800000,7181.694934139416
12436,1775843100000,7188.516799686595
12437,1775843400000,7198.12506102065
12438,1775843700000,7201.135649571987
12439,1775844000000,7178.139877445815
12440,1775844300000,7189.926011348923
12441,1775844600000,7197.935336077123
12442,1775844900000,7197.935336077123
12443,1775845200000,7195.056737662377
12444,1775845500000,7202.682149580209
12445,1775845800000,7197.491743148744
12446,1775846100000,7194.960619024758
12447,1775846400000,7195.056737662377
12448,1775846700000,7195.37713312111
12449,1775847000000,7203.4831382270395
12450,1775847300000,7206.75117190611
12451,1775847600000,7205.725906438167
12452,1775847900000,7207.359923277702
12453,1775848200000,7222.5787075674925
12454,1775848500000,7217.997052507619
12455,1775848800000,7206.84729054373
12456,1775849100000,7202.29767502973
12457,1775849400000,7197.876217699222
12458,1775849700000,7191.122120635477
12459,1775850000000,7188.246246961958
12460,1775850300000,7194.714499815762
12461,1775850600000,7206.882500233811
12462,1775850900000,7214.887763666738
12463,1775851200000,7217.449447965273
12464,1775851500000,7221.868353380249
12465,1775851800000,7216.392753192127
12466,1775852100000,7220.715595445907
12467,1775852400000,7209.764395069665
12468,1775852700000,7213.222668872689
12469,1775853000000,7209.6042898010055
12470,1775853300000,7183.891383654445
12471,1775853600000,7197.500331490421
12472,1775853900000,7200.830521078519
12473,1775854200000,7205.0252791173725
12474,1775854500000,7221.8043112727855
12475,1775854800000,7222.8289849922
12476,1775855100000,7201.374878991956
12477,1775855400000,7192.697173430664
12478,1775855700000,7193.049405021714
12479,1775856000000,7200.542331594933
12480,1775856300000,7196.091405126226
12481,1775856600000,7189.884398762363
12482,1775856900000,7187.009020078595
12483,1775857200000,7192.092493988897
12484,1775857500000,7192.476152397222
12485,1775857800000,7203.762103908773
12486,1775858100000,7209.165293159346
12487,1775858400000,7206.73545657329
12488,1775858700000,7200.469035903987
12489,1775859000000,7202.291413343528
12490,1775859300000,7194.202615234683
12491,1775859600000,7185.85804485362
12492,1775859900000,7185.921987921674
12493,1775860200000,7178.861310746693
12494,1775860500000,7178.861310746693
12495,1775860800000,7178.861310746693
12496,1775861100000,7178.861310746693
12497,1775861400000,7178.861310746693
12498,1775861700000,7178.861310746693
12499,1775862000000,7178.861310746693
12500,1775862300000,7178.861310746693
12501,1775862600000,7178.861310746693
12502,1775862900000,7178.861310746693
12503,1775863200000,7175.989766222394
12504,1775863500000,7172.564064881572
12505,1775863800000,7174.805177908278
12506,1775864100000,7174.485018904464
12507,1775864400000,7171.6676196708895
12508,1775864700000,7167.02531411557
12509,1775865000000,7173.044303387296
12510,1775865300000,7167.121361816714
12511,1775865600000,7182.585041700988
12512,1775865900000,7178.871197256731
12513,1775866200000,7177.814672544141
12514,1775866500000,7178.83918135635
12515,1775866800000,7182.713105302514
12516,1775867100000,7184.4419639231155
12517,1775867400000,7193.662543232991
12518,1775867700000,7185.5305045360865
12519,1775868000000,7191.581509708194
12520,1775868300000,7189.884666987973
12521,1775868600000,7187.579522160504
12522,1775868900000,7187.227347256307
12523,1775869200000,7192.862145723453
12524,1775869500000,7180.792151279622
12525,1775869800000,7187.387426758215
12526,1775870100000,7193.886654535662
12527,1775870400000,7193.578759371043
12528,1775870700000,7190.701327867296
12529,1775871000000,7178.363144230167
12530,1775871300000,7183.6968381983
12531,1775871600000,7182.28308798988
12532,1775871900000,7167.726152495306
12533,1775872200000,7167.726152495306
12534,1775872500000,7167.726152495306
12535,1775872800000,7164.859635337741
12536,1775873100000,7165.633770485615
12537,1775873400000,7165.633770485615
12538,1775873700000,7165.633770485615
12539,1775874000000,7165.633770485615
12540,1775874300000,7165.633770485615
12541,1775874600000,7165.633770485615
12542,1775874900000,7165.633770485615
12543,1775875200000,7162.768090113495
12544,1775875500000,7158.5600977512195
12545,1775875800000,7160.727851392391
12546,1775876100000,7166.944203745754
12547,1775876400000,7165.573418355013
12548,1775876700000,7165.700933275081
12549,1775877000000,7172.267951658632
12550,1775877300000,7169.685774527236
12551,1775877600000,7166.721052635632
12552,1775877900000,7165.796569465132
12553,1775878200000,7159.35706600165
12554,1775878500000,7153.785001266499
12555,1775878800000,7150.924059454356
12556,1775879100000,7151.815842806908
12557,1775879400000,7142.038075334299
12558,1775879700000,7122.40362229775
12559,1775880000000,7122.40362229775
12560,1775880300000,7122.40362229775
12561,1775880600000,7122.40362229775
12562,1775880900000,7122.40362229775
12563,1775881200000,7122.40362229775
12564,1775881500000,7122.40362229775
12565,1775881800000,7119.554660848831
12566,1775882100000,7118.155892038324
12567,1775882400000,7119.999723652173
12568,1775882700000,7118.569164641429
12569,1775883000000,7116.94786442925
12570,1775883300000,7117.869780236176
12571,1775883600000,7122.320408269605
12572,1775883900000,7130.1090073281075
12573,1775884200000,7148.769854868272
12574,1775884500000,7142.729716822903
12575,1775884800000,7139.455326198309
12576,1775885100000,7135.068278565357
12577,1775885400000,7135.894823771565
12578,1775885700000,7135.863033571327
12579,1775886000000,7136.753159178012
12580,1775886300000,7140.377242005234
12581,1775886600000,7135.608711969417
12582,1775886900000,7143.874164031499
12583,1775887200000,7146.353799650124
12584,1775887500000,7148.6109038670775
12585,1775887800000,7147.49824685872
12586,1775888100000,7143.905954231737
12587,1775888400000,7143.61984242959
12588,1775888700000,7146.894233054183
12589,1775889000000,7144.621725581101
12590,1775889300000,7141.763876890869
12591,1775889600000,7142.019721539847
12592,1775889900000,7138.40591587305
12593,1775890200000,7135.9753917077705
12594,1775890500000,7136.615003330213
12595,1775890800000,7138.277993548561
12596,1775891100000,7140.708517713841
12597,1775891400000,7141.188226430671
12598,1775891700000,7142.307546769945
12599,1775892000000,7135.079935436353
12600,1775892300000,7137.734323669486
12601,1775892600000,7138.40591587305
12602,1775892900000,7139.557216793446
12603,1775893200000,7147.488400911723
12604,1775893500000,7150.526556118323
12605,1775893800000,7149.822983333636
12606,1775894100000,7146.401061153573
12607,1775894400000,7145.249760233178
12608,1775894700000,7143.490828271462
12609,1775895000000,7141.188226430671
12610,1775895300000,7142.307546769945
12611,1775895600000,7142.019721539847
12612,1775895900000,7141.92377979648
12613,1775896200000,7139.822772766744
12614,1775896500000,7136.966843657637
12615,1775896800000,7135.848124924355
12616,1775897100000,7133.738541027309
12617,1775897400000,7137.574148112847
12618,1775897700000,7139.683732009893
12619,1775898000000,7137.44629454333
12620,1775898300000,7138.724830238509
12621,1775898600000,7132.332151762613
12622,1775898900000,7100.077010982572
12623,1775899200000,7100.077010982572
12624,1775899500000,7100.077010982572
12625,1775899800000,7100.077010982572
12626,1775900100000,7100.077010982572
12627,1775900400000,7100.077010982572
12628,1775900700000,7100.077010982572
12629,1775901000000,7100.077010982572
12630,1775901300000,7100.077010982572
12631,1775901600000,7100.077010982572
12632,1775901900000,7100.077010982572
12633,1775902200000,7097.2375480707615
12634,1775902500000,7098.504928892481
12635,1775902800000,7101.990226152211
12636,1775903100000,7102.053595193297
12637,1775903400000,7101.863488070039
12638,1775903700000,7099.582202590944
12639,1775904000000,7093.878988893203
12640,1775904300000,7094.766155468407
12641,1775904600000,7099.455464508772
12642,1775904900000,7098.790089577369
12643,1775905200000,7099.5505180704
12644,1775905500000,7103.099184371217
12645,1775905800000,7099.3287264266
12646,1775906100000,7094.671101906778
12647,1775906400000,7101.324851220809
12648,1775906700000,7094.892893550579
12649,1775907000000,7095.970167249042
12650,1775907300000,7100.025785878545
12651,1775907600000,7106.267636425518
12652,1775907900000,7109.56282656199
12653,1775908200000,7119.194920807062
12654,1775908500000,7116.691843684165
12655,1775908800000,7112.034219164343
12656,1775909100000,7112.572856013574
12657,1775909400000,7109.601423982074
12658,1775909700000,7106.758152066865
12659,1775910000000,7099.188640199777
12660,1775910300000,7103.020903529977
12661,1775910600000,7111.857279307874
12662,1775910900000,7107.708299999972
12663,1775911200000,7111.508891732401
12664,1775911500000,7112.332353274428
12665,1775911800000,7111.9522941011855
12666,1775912100000,7111.857279307874
12667,1775912400000,7101.1522792615315
12668,1775912700000,7091.632068081942
12669,1775913000000,7091.632068081942
12670,1775913300000,7088.795982471831
12671,1775913600000,7080.225620792034
12672,1775913900000,7076.557126493671
12673,1775914200000,7072.715193037114
12674,1775914500000,7069.8861069599
12675,1775914800000,7067.1064730960625
12676,1775915100000,7063.347650030191
12677,1775915400000,7065.3376151827115
12678,1775915700000,7067.927728555832
12679,1775916000000,7066.885365856892
12680,1775916300000,7056.682846106672
12681,1775916600000,7060.536429417902
12682,1775916900000,7057.790689080229
12683,1775917200000,7054.968137314951
12684,1775917500000,7050.34364090374
12685,1775917800000,7049.77737603706
12686,1775918100000,7044.033215430263
12687,1775918400000,7041.215602144091
12688,1775918700000,7040.146375571037
12689,1775919000000,7034.202733738481
12690,1775919300000,7034.328525100016
12691,1775919600000,7032.098710649073
12692,1775919900000,7029.28643362022
12693,1775920200000,7034.773115834846
12694,1775920500000,7054.274352049116
12695,1775920800000,7046.843816707023
12696,1775921100000,7049.414719230448
12697,1775921400000,7049.038489592874
12698,1775921700000,7050.229883445192
12699,1775922000000,7040.797348257497
12700,1775922300000,7037.981592469351
12701,1775922600000,7045.219252002089
12702,1775922900000,7048.227110509201
12703,1775923200000,7046.127875926112
12704,1775923500000,7043.809318326881
12705,1775923800000,7047.475145882424
12706,1775924100000,7046.723181255645
12707,1775924400000,7040.237486349684
12708,1775924700000,7041.553424446546
12709,1775925000000,7040.39414564693
12710,1775925300000,7053.522194756097
12711,1775925600000,7092.311036754063
12712,1775925900000,7091.245753532793
12713,1775926200000,7078.994996488202
12714,1775926500000,7074.033967348222
12715,1775926800000,7074.033967348222
12716,1775927100000,7074.033967348222
12717,1775927400000,7074.033967348222
12718,1775927700000,7071.204919570839
12719,1775928000000,7084.3730740919145
12720,1775928300000,7080.736155224188
12721,1775928600000,7100.300270512644
12722,1775928900000,7093.904309745264
12723,1775929200000,7092.524788795437
12724,1775929500000,7086.160180776917
12725,1775929800000,7084.310368594195
12726,1775930100000,7085.752595041742
12727,1775930400000,7078.38469905971
12728,1775930700000,7087.194821489286
12729,1775931000000,7088.480284192536
12730,1775931300000,7095.5346526859685
12731,1775931600000,7095.064361453073
12732,1775931900000,7095.158419699653
12733,1775932200000,7131.715724870066
12734,1775932500000,7215.176742334595
12735,1775932800000,7197.5564974754425
12736,1775933100000,7227.122139650141
12737,1775933400000,7215.866502809509
12738,1775933700000,7228.188133111372
12739,1775934000000,7239.381064454286
12740,1775934300000,7269.855936345917
12741,1775934600000,7256.280196089666
12742,1775934900000,7254.506221786953
12743,1775935200000,7254.506221786953
12744,1775935500000,7254.506221786953
12745,1775935800000,7254.506221786953
12746,1775936100000,7254.506221786953
12747,1775936400000,7254.506221786953
12748,1775936700000,7254.506221786953
12749,1775937000000,7254.506221786953
12750,1775937300000,7254.506221786953
12751,1775937600000,7254.506221786953
12752,1775937900000,7254.506221786953
12753,1775938200000,7251.604999542687
12754,1775938500000,7250.221831358139
12755,1775938800000,7236.42158515321
12756,1775939100000,7239.816634333466
12757,1775939400000,7196.825163066952
12758,1775939700000,7193.947008632613
12759,1775940000000,7204.301487846689
12760,1775940300000,7219.268416892489
12761,1775940600000,7218.986022004832
12762,1775940900000,7211.486868877062
12763,1775941200000,7211.8006409744585
12764,1775941500000,7221.339312735304
12765,1775941800000,7226.453797922863
12766,1775942100000,7218.546741068478
12767,1775942400000,7213.024352154303
12768,1775942700000,7211.078965150447
12769,1775943000000,7216.632731274361
12770,1775943300000,7215.220756836077
12771,1775943600000,7209.823876760862
12772,1775943900000,7212.52231679847
12773,1775944200000,7223.818112304733
12774,1775944500000,7214.750098689983
12775,1775944800000,7220.492128072334
12776,1775945100000,7227.834395151406
12777,1775945400000,7228.33643050724
12778,1775945700000,7233.921573840892
12779,1775946000000,7235.584565957092
12780,1775946300000,7234.831512923342
12781,1775946600000,7220.303864813896
12782,1775946900000,7188.497815457954
12783,1775947200000,7185.622991296602
12784,1775947500000,7186.717974358742
12785,1775947800000,7173.359181000634
12786,1775948100000,7185.841987909031
12787,1775948400000,7150.208110543959
12788,1775948700000,7128.365773781848
12789,1775949000000,7128.365773781848
12790,1775949300000,7128.365773781848
12791,1775949600000,7128.365773781848
12792,1775949900000,7128.365773781848
12793,1775950200000,7128.365773781848
12794,1775950500000,7128.365773781848
12795,1775950800000,7128.365773781848
12796,1775951100000,7128.365773781848
12797,1775951400000,7128.365773781848
12798,1775951700000,7128.365773781848
12799,1775952000000,7128.365773781848
12800,1775952300000,7128.365773781848
12801,1775952600000,7128.365773781848
12802,1775952900000,7128.365773781848
12803,1775953200000,7128.365773781848
12804,1775953500000,7128.365773781848
12805,1775953800000,7128.365773781848
12806,1775954100000,7128.365773781848
12807,1775954400000,7128.365773781848
12808,1775954700000,7128.365773781848
12809,1775955000000,7125.514427472334
12810,1775955300000,7120.552318669284
12811,1775955600000,7123.14260188094
12812,1775955900000,7124.484555833966
12813,1775956200000,7124.859054611554
12814,1775956500000,7122.424812557228
12815,1775956800000,7124.172473519308
12816,1775957100000,7126.9812143512245
12817,1775957400000,7181.002663018403
12818,1775957700000,7230.530126354517
12819,1775958000000,7302.777182197683
12820,1775958300000,7348.4660330635115
12821,1775958600000,7316.571220505536
12822,1775958900000,7328.6175978513065
12823,1775959200000,7360.730868029543
12824,1775959500000,7330.833382285374
12825,1775959800000,7309.081244953761
12826,1775960100000,7301.809727022245
12827,1775960400000,7311.827569322745
12828,1775960700000,7312.857440961114
12829,1775961000000,7301.154354161465
12830,1775961300000,7309.455743731349
12831,1775961600000,7306.272504121845
12832,1775961900000,7307.83291569513
12833,1775962200000,7310.569805890643
12834,1775962500000,7310.569805890643
12835,1775962800000,7310.569805890643
12836,1775963100000,7310.569805890643
12837,1775963400000,7310.569805890643
12838,1775963700000,7310.569805890643
12839,1775964000000,7310.569805890643
12840,1775964300000,7310.569805890643
12841,1775964600000,7310.569805890643
12842,1775964900000,7310.569805890643
12843,1775965200000,7310.569805890643
12844,1775965500000,7310.569805890643
12845,1775965800000,7310.569805890643
12846,1775966100000,7310.569805890643
12847,1775966400000,7310.569805890643
12848,1775966700000,7310.569805890643
12849,1775967000000,7310.569805890643
12850,1775967300000,7310.569805890643
12851,1775967600000,7310.569805890643
12852,1775967900000,7310.569805890643
12853,1775968200000,7310.569805890643
12854,1775968500000,7310.569805890643
12855,1775968800000,7310.569805890643
12856,1775969100000,7310.569805890643
12857,1775969400000,7310.569805890643
12858,1775969700000,7310.569805890643
12859,1775970000000,7310.569805890643
12860,1775970300000,7307.6455779682865
12861,1775970600000,7313.524312599006
12862,1775970900000,7314.812349961918
12863,1775971200000,7298.827476022205
12864,1775971500000,7289.613054887536
12865,1775971800000,7298.100890843128
12866,1775972100000,7299.256821809842
12867,1775972400000,7301.370524148978
12868,1775972700000,7293.11387438673
12869,1775973000000,7291.8769334171275
12870,1775973300000,7288.96018264376
12871,1775973600000,7284.257400850399
12872,1775973900000,7279.982144674614
12873,1775974200000,7278.370701962204
12874,1775974500000,7283.731215474918
12875,1775974800000,7282.909050825729
12876,1775975100000,7281.593587387026
12877,1775975400000,7290.637398528107
12878,1775975700000,7296.787190104043
12879,1775976000000,7295.5374998372745
12880,1775976300000,7294.419355914378
12881,1775976600000,7292.34750099842
12882,1775976900000,7292.939459545836
12883,1775977200000,7301.292652381599
12884,1775977500000,7296.589870588237
12885,1775977800000,7299.746982841124
12886,1775978100000,7300.865126764022
12887,1775978400000,7298.16842671468
12888,1775978700000,7296.655643760172
12889,1775979000000,7293.103892475675
12890,1775979300000,7282.994250939314
12891,1775979600000,7280.081053238938
12892,1775979900000,7281.5252061170495
12893,1775980200000,7276.601957668943
12894,1775980500000,7283.166288933085
12895,1775980800000,7287.465925911097
12896,1775981100000,7289.238295352415
12897,1775981400000,7289.730620197226
12898,1775981700000,7289.599333571943
12899,1775982000000,7283.199110589404
12900,1775982300000,7280.934416303277
12901,1775982600000,7283.855543715819
12902,1775982900000,7283.461683839972
12903,1775983200000,7283.330397214689
12904,1775983500000,7294.58822533269
12905,1775983800000,7299.577117093438
12906,1775984100000,7296.360594774008
12907,1775984400000,7300.561766783059
12908,1775984700000,7300.922805002586
12909,1775985000000,7293.800505580993
12910,1775985300000,7293.997435518918
12911,1775985600000,7290.45269663628
12912,1775985900000,7295.343123428066
12913,1775986200000,7291.79838454543
12914,1775986500000,7291.896849514392
12915,1775986800000,7295.895260660729
12916,1775987100000,7292.976902556466
12917,1775987400000,7288.8561570722595
12918,1775987700000,7289.58140827748
12919,1775988000000,7290.471489302068
12920,1775988300000,7279.526789296017
12921,1775988600000,7287.306756770197
12922,1775988900000,7285.658458576515
12923,1775989200000,7283.680500744096
12924,1775989500000,7287.339722734072
12925,1775989800000,7290.108863699457
12926,1775990100000,7291.625298037645
12927,1775990400000,7292.976902556466
12928,1775990700000,7300.361278464163
12929,1775991000000,7345.12905740458
12930,1775991300000,7330.887761011163
12931,1775991600000,7339.6896733654285
12932,1775991900000,7336.854600472294
12933,1775992200000,7317.833239317198
12934,1775992500000,7321.162801668435
12935,1775992800000,7325.778036610747
12936,1775993100000,7316.844260400988
12937,1775993400000,7324.72312576679
12938,1775993700000,7322.613304078876
12939,1775994000000,7321.495480452776
12940,1775994300000,7321.495480452776
12941,1775994600000,7318.566882260596
12942,1775994900000,7318.832550895075
12943,1775995200000,7327.466781515647
12944,1775995500000,7326.238064081182
12945,1775995800000,7324.843303750165
12946,1775996100000,7321.8545316122745
12947,1775996400000,7318.998593791623
12948,1775996700000,7318.068753570947
12949,1775997000000,7327.699241570817
12950,1775997300000,7313.286718150322
12951,1775997600000,7311.526663446896
12952,1775997900000,7315.876987336493
12953,1775998200000,7342.975188053369
12954,1775998500000,7351.576210094631
12955,1775998800000,7353.900810646324
12956,1775999100000,7343.7721939568055
12957,1775999400000,7361.206698094501
12958,1775999700000,7351.775461570492
12959,1776000000000,7346.9934261498665
12960,1776000300000,7350.745995611884
12961,1776000600000,7351.343750039463
12962,1776000900000,7364.295095970322
12963,1776001200000,7365.490604825477
12964,1776001500000,7365.490604825477
12965,1776001800000,7375.83854598038
12966,1776002100000,7375.83854598038
12967,1776002400000,7375.83854598038
12968,1776002700000,7375.83854598038
12969,1776003000000,7375.83854598038
12970,1776003300000,7375.83854598038
12971,1776003600000,7372.888210561988
12972,1776003900000,7375.511161366844
12973,1776004200000,7386.910909095645
12974,1776004500000,7398.882325589607
12975,1776004800000,7405.77597834596
12976,1776005100000,7417.881905137606
12977,1776005400000,7421.24466257973
12978,1776005700000,7415.023561311801
12979,1776006000000,7411.862569316204
12980,1776006300000,7415.9987609700165
12981,1776006600000,7403.522930859736
12982,1776006900000,7414.149244376849
12983,1776007200000,7410.685604211461
12984,1776007500000,7414.384637397798
12985,1776007800000,7411.2572729766225
12986,1776008100000,7408.634322171765
12987,1776008400000,7407.860887960078
12988,1776008700000,7404.498130517954
12989,1776009000000,7391.462799789733
12990,1776009300000,7388.506214669818
12991,1776009600000,7381.407067697959
12992,1776009900000,7394.45597594147
12993,1776010200000,7382.928313477644
12994,1776010500000,7391.548706229185
12995,1776010800000,7386.646914272426
12996,1776011100000,7387.052579813675
12997,1776011400000,7387.762494510861
12998,1776011700000,7394.117921323763
12999,1776012000000,7391.075429764394
13000,1776012300000,7392.461453696995
13001,1776012600000,7390.027460449502
13002,1776012900000,7386.41027604003
13003,1776013200000,7375.761555582245
13004,1776013500000,7376.336248432346
13005,1776013800000,7384.043893716079
13006,1776014100000,7375.2206681939115
13007,1776014400000,7367.987537723124
13008,1776014700000,7367.987537723124
13009,1776015000000,7367.987537723124
13010,1776015300000,7367.987537723124
13011,1776015600000,7367.987537723124
13012,1776015900000,7367.987537723124
13013,1776016200000,7367.987537723124
13014,1776016500000,7367.987537723124
13015,1776016800000,7367.987537723124
13016,1776017100000,7367.987537723124
13017,1776017400000,7367.987537723124
13018,1776017700000,7367.987537723124
13019,1776018000000,7367.987537723124
13020,1776018300000,7367.987537723124
13021,1776018600000,7367.987537723124
13022,1776018900000,7367.987537723124
13023,1776019200000,7367.987537723124
13024,1776019500000,7365.040932029173
13025,1776019800000,7365.810675660399
13026,1776020100000,7364.773195113964
13027,1776020400000,7366.647353520428
13028,1776020700000,7370.161400532547
13029,1776021000000,7371.3996837653885
13030,1776021300000,7371.43315087979
13031,1776021600000,7376.75442206957
13032,1776021900000,7378.561646247232
13033,1776022200000,7379.632593908069
13034,1776022500000,7368.621913270094
13035,1776022800000,7366.915090435637
13036,1776023100000,7362.095825961874
13037,1776023400000,7361.0583454154375
13038,1776023700000,7354.032861594532
13039,1776024000000,7351.091836654881
13040,1776024300000,7338.155305615886
13041,1776024600000,7339.291848394507
13042,1776024900000,7341.0300902912195
13043,1776025200000,7345.208556389086
13044,1776025500000,7346.51223781162
13045,1776025800000,7356.239706887453
13046,1776026100000,7363.827801321179
13047,1776026400000,7396.0521318679275
13048,1776026700000,7379.67254476429
13049,1776027000000,7387.160356011666
13050,1776027300000,7399.328049288655
13051,1776027600000,7401.968839862507
13052,1776027900000,7390.870833906572
13053,1776028200000,7380.47481025508
13054,1776028500000,7389.199447467426
13055,1776028800000,7386.792650995056
13056,1776029100000,7383.851010862157
13057,1776029400000,7369.002253997695
13058,1776029700000,7369.002253997695
13059,1776030000000,7369.002253997695
13060,1776030300000,7366.055242498397
13061,1776030600000,7367.189852539692
13062,1776030900000,7379.103257973277
13063,1776031200000,7301.397672428183
13064,1776031500000,7301.397672428183
13065,1776031800000,7301.397672428183
13066,1776032100000,7301.397672428183
13067,1776032400000,7301.397672428183
13068,1776032700000,7301.397672428183
13069,1776033000000,7301.397672428183
13070,1776033300000,7301.397672428183
13071,1776033600000,7301.397672428183
13072,1776033900000,7301.397672428183
13073,1776034200000,7298.477113359213
13074,1776034500000,7291.898050292844
13075,1776034800000,7312.831432776743
13076,1776035100000,7315.290274528821
13077,1776035400000,7324.959503580908
13078,1776035700000,7315.622550441264
13079,1776036000000,7324.992731172153
13080,1776036300000,7317.4500679597
13081,1776036600000,7331.305973508566
13082,1776036900000,7326.3550624131685
13083,1776037200000,7319.942137303022
13084,1776037500000,7333.233173800736
13085,1776037800000,7317.948481828364
13086,1776038100000,7317.549750733432
13087,1776038400000,7319.676316573066
13088,1776038700000,7304.1922590532295
13089,1776039000000,7303.095748542168
13090,1776039300000,7306.086231754154
13091,1776039600000,7296.184409563357
13092,1776039900000,7288.940794672101
13093,1776040200000,7274.379500030488
13094,1776040500000,7274.379500030488
13095,1776040800000,7274.379500030488
13096,1776041100000,7274.379500030488
13097,1776041400000,7274.379500030488
13098,1776041700000,7274.379500030488
13099,1776042000000,7274.379500030488
13100,1776042300000,7274.379500030488
13101,1776042600000,7274.379500030488
13102,1776042900000,7274.379500030488
13103,1776043200000,7271.47033006447
13104,1776043500000,7275.961664425225
13105,1776043800000,7282.269347240699
13106,1776044100000,7278.207331605604
13107,1776044400000,7279.231091643717
13108,1776044700000,7276.060737977301
13109,1776045000000,7273.154580449752
13110,1776045300000,7277.579865775791
13111,1776045600000,7274.046242418432
13112,1776045900000,7267.276216359939
13113,1776046200000,7243.869573754596
13114,1776046500000,7243.869573754596
13115,1776046800000,7240.972025925094
13116,1776047100000,7230.063592144019
13117,1776047400000,7227.172144996591
13118,1776047700000,7209.103475461255
13119,1776048000000,7204.348300182401
13120,1776048300000,7204.348300182401
13121,1776048600000,7204.348300182401
13122,1776048900000,7204.348300182401
13123,1776049200000,7204.348300182401
13124,1776049500000,7204.348300182401
13125,1776049800000,7204.348300182401
13126,1776050100000,7201.466560862327
13127,1776050400000,7209.475075640273
13128,1776050700000,7205.9303231975755
13129,1776051000000,7204.683095486255
13130,1776051300000,7209.212501385258
13131,1776051600000,7205.897501415699
13132,1776051900000,7208.1950261470765
13133,1776052200000,7205.142600432532
13134,1776052500000,7203.534333120567
13135,1776052800000,7203.337402429305
13136,1776053100000,7209.212501385258
13137,1776053400000,7207.7683429826775
13138,1776053700000,7209.212501385258
13139,1776054000000,7207.7683429826775
13140,1776054300000,7201.466560862327
13141,1776054600000,7190.798792783769
13142,1776054900000,7190.798792783769
13143,1776055200000,7187.92304841553
13144,1776055500000,7178.178063697474
13145,1776055800000,7178.178063697474
13146,1776056100000,7178.178063697474
13147,1776056400000,7178.178063697474
13148,1776056700000,7178.178063697474
13149,1776057000000,7178.178063697474
13150,1776057300000,7178.178063697474
13151,1776057600000,7178.178063697474
13152,1776057900000,7178.178063697474
13153,1776058200000,7178.178063697474
13154,1776058500000,7178.178063697474
13155,1776058800000,7178.178063697474
13156,1776059100000,7175.306792471995
13157,1776059400000,7170.023629265511
13158,1776059700000,7162.673141326053
13159,1776060000000,7150.82704245934
13160,1776060300000,7152.00837087818
13161,1776060600000,7148.330837064761
13162,1776060900000,7148.330837064761
13163,1776061200000,7148.330837064761
13164,1776061500000,7148.330837064761
13165,1776061800000,7148.330837064761
13166,1776062100000,7148.330837064761
13167,1776062400000,7148.330837064761
13168,1776062700000,7148.330837064761
13169,1776063000000,7148.330837064761
13170,1776063300000,7148.330837064761
13171,1776063600000,7148.330837064761
13172,1776063900000,7145.471504729935
13173,1776064200000,7147.398903737124
13174,1776064500000,7147.398903737124
13175,1776064800000,7147.398903737124
13176,1776065100000,7147.398903737124
13177,1776065400000,7147.398903737124
13178,1776065700000,7147.398903737124
13179,1776066000000,7147.398903737124
13180,1776066300000,7147.398903737124
13181,1776066600000,7147.398903737124
13182,1776066900000,7147.398903737124
13183,1776067200000,7144.53994417563
13184,1776067500000,7156.620588441839
13185,1776067800000,7161.681398877681
13186,1776068100000,7167.852322570421
13187,1776068400000,7161.5507973180465
13188,1776068700000,7155.57577596476
13189,1776069000000,7159.852977042796
13190,1776069300000,7164.9790882584575
13191,1776069600000,7168.962435827315
13192,1776069900000,7163.640422272203
13193,1776070200000,7161.191643029052
13194,1776070500000,7156.914441951016
13195,1776070800000,7131.74329742194
13196,1776071100000,7128.890600102972
13197,1776071400000,7126.968051398546
13198,1776071700000,7128.336645391527
13199,1776072000000,7122.731927134558
13200,1776072300000,7123.611737558618
13201,1776072600000,7124.687061410245
13202,1776072900000,7124.980331551597
13203,1776073200000,7125.534286263042
13204,1776073500000,7129.151284673063
13205,1776073800000,7131.660373660194
13206,1776074100000,7130.650220951089
13207,1776074400000,7133.941363648494
13208,1776074700000,7136.54820934941
13209,1776075000000,7133.4851656508345
13210,1776075300000,7139.90452318934
13211,1776075600000,7145.248556876216
13212,1776075900000,7148.73521300119
13213,1776076200000,7152.4499681249945
13214,1776076500000,7140.588820185829
13215,1776076800000,7145.509241446307
13216,1776077100000,7147.39920457947
13217,1776077400000,7152.058941269856
13218,1776077700000,7145.867682730183
13219,1776078000000,7141.142774897273
13220,1776078300000,7135.5484206585115
13221,1776078600000,7132.694201290249
13222,1776078900000,7136.154256791575
13223,1776079200000,7130.0175545816755
13224,1776079500000,7130.898889473523
13225,1776079800000,7132.074002662653
13226,1776080100000,7132.661559257217
13227,1776080400000,7122.5098869844605
13228,1776080700000,7123.162727645087
13229,1776081000000,7122.085540555052
13230,1776081300000,7128.352810897077
13231,1776081600000,7139.940732623214
13232,1776081900000,7127.242981774009
13233,1776082200000,7130.866247440492
13234,1776082500000,7135.7951944282295
13235,1776082800000,7143.107009827258
13236,1776083100000,7151.169591986007
13237,1776083400000,7146.534423295551
13238,1776083700000,7154.499079355207
13239,1776084000000,7153.389250232141
13240,1776084300000,7145.489878238548
13241,1776084600000,7095.607446648088
13242,1776084900000,7095.607446648088
13243,1776085200000,7095.607446648088
13244,1776085500000,7095.607446648088
13245,1776085800000,7095.607446648088
13246,1776086100000,7095.607446648088
13247,1776086400000,7095.607446648088
13248,1776086700000,7095.607446648088
13249,1776087000000,7092.769771204517
13250,1776087300000,7065.078929296843
13251,1776087600000,7077.468640103664
13252,1776087900000,7155.235911068677
13253,1776088200000,7129.162524879908
13254,1776088500000,7166.849243130422
13255,1776088800000,7141.390490114838
13256,1776089100000,7132.6885783471225
13257,1776089400000,7142.846200261854
13258,1776089700000,7142.5874073468285
13259,1776090000000,7153.424360663502
13260,1776090300000,7153.392011549123
13261,1776090600000,7176.845119473263
13262,1776090900000,7178.009687590876
13263,1776091200000,7200.427623854916
13264,1776091500000,7183.217895005754
13265,1776091800000,7190.367049283319
13266,1776092100000,7227.374436131894
13267,1776092400000,7194.054848322426
13268,1776092700000,7179.853587110429
13269,1776093000000,7182.635610946947
13270,1776093300000,7172.186847002813
13271,1776093600000,7162.57916003251
13272,1776093900000,7162.093923316838
13273,1776094200000,7133.68379317046
13274,1776094500000,7133.68379317046
13275,1776094800000,7130.83089023378
13276,1776095100000,7124.465000200718
13277,1776095400000,7126.403849956981
13278,1776095700000,7139.103315860503
13279,1776096000000,7130.443120282528
13280,1776096300000,7155.066512187066
13281,1776096600000,7171.158965164047
13282,1776096900000,7175.392120465222
13283,1776097200000,7189.868865311983
13284,1776097500000,7193.649622336696
13285,1776097800000,7198.1736051013095
13286,1776098100000,7198.787574190793
13287,1776098400000,7199.466171605485
13288,1776098700000,7196.396326158069
13289,1776099000000,7186.217364937689
13290,1776099300000,7192.680197458565
13291,1776099600000,7194.134334775762
13292,1776099900000,7198.658317540376
13293,1776100200000,7192.453998320334
13294,1776100500000,7201.695848825188
13295,1776100800000,7197.559636011826
13296,1776101100000,7214.5245713791255
13297,1776101400000,7226.319240729725
13298,1776101700000,7223.217081119704
13299,1776102000000,7222.104651318694
13300,1776102300000,7222.104651318694
13301,1776102600000,7219.216387111008
13302,1776102900000,7218.113458933312
13303,1776103200000,7224.309320166841
13304,1776103500000,7223.790295142043
13305,1776103800000,7225.412248344538
13306,1776104100000,7221.973707555249
13307,1776104400000,7206.240761491052
13308,1776104700000,7207.862714693546
13309,1776105000000,7231.3485970656675
13310,1776105300000,7226.936884354882
13311,1776105600000,7237.187628594648
13312,1776105900000,7230.051034503672
13313,1776106200000,7241.307389728984
13314,1776106500000,7241.145194408735
13315,1776106800000,7236.8307988901
13316,1776107100000,7231.510792385918
13317,1776107400000,7228.202007852828
13318,1776107700000,7254.055941900591
13319,1776108000000,7268.4913254027915
13320,1776108300000,7273.097672497876
13321,1776108600000,7303.2011239361755
13322,1776108900000,7317.020165221428
13323,1776109200000,7302.455025463028
13324,1776109500000,7332.785550349676
13325,1776109800000,7334.651790719789
13326,1776110100000,7334.651790719789
13327,1776110400000,7334.651790719789
13328,1776110700000,7334.651790719789
13329,1776111000000,7334.651790719789
13330,1776111300000,7331.718516658313
13331,1776111600000,7334.979783190642
13332,1776111900000,7351.057827195022
13333,1776112200000,7362.015682743645
13334,1776112500000,7345.937638739266
13335,1776112800000,7355.395311683019
13336,1776113100000,7353.079812445065
13337,1776113400000,7341.0131262754485
13338,1776113700000,7345.970251404588
13339,1776114000000,7338.8933030294365
13340,1776114300000,7353.079812445065
13341,1776114600000,7357.515134929033
13342,1776114900000,7348.7423279570685
13343,1776115200000,7354.1560304007335
13344,1776115500000,7350.046834569998
13345,1776115800000,7363.939829997718
13346,1776116100000,7365.537850598559
13347,1776116400000,7374.799847550373
13348,1776116700000,7377.637149433498
13349,1776117000000,7376.36525548589
13350,1776117300000,7370.690651719639
13351,1776117600000,7379.072106707723
13352,1776117900000,7400.335564498504
13353,1776118200000,7485.976423637451
13354,1776118500000,7558.678653773231
13355,1776118800000,7558.678653773231
13356,1776119100000,7558.678653773231
13357,1776119400000,7558.678653773231
13358,1776119700000,7558.678653773231
13359,1776120000000,7558.678653773231
13360,1776120300000,7558.678653773231
13361,1776120600000,7558.678653773231
13362,1776120900000,7558.678653773231
13363,1776121200000,7558.678653773231
13364,1776121500000,7558.678653773231
13365,1776121800000,7558.678653773231
13366,1776122100000,7558.678653773231
13367,1776122400000,7558.678653773231
13368,1776122700000,7558.678653773231
13369,1776123000000,7558.678653773231
13370,1776123300000,7558.678653773231
13371,1776123600000,7558.678653773231
13372,1776123900000,7558.678653773231
13373,1776124200000,7558.678653773231
13374,1776124500000,7558.678653773231
13375,1776124800000,7558.678653773231
13376,1776125100000,7558.678653773231
13377,1776125400000,7558.678653773231
13378,1776125700000,7558.678653773231
13379,1776126000000,7558.678653773231
13380,1776126300000,7558.678653773231
13381,1776126600000,7558.678653773231
13382,1776126900000,7558.678653773231
13383,1776127200000,7558.678653773231
13384,1776127500000,7558.678653773231
13385,1776127800000,7555.6557868851
13386,1776128100000,7551.050317822133
13387,1776128400000,7548.523706322311
13388,1776128700000,7557.638697176099
13389,1776129000000,7565.026637131275
13390,1776129300000,7565.954127428678
13391,1776129600000,7566.018092276774
13392,1776129900000,7559.205835954471
13393,1776130200000,7552.233667511923
13394,1776130500000,7561.380640789759
13395,1776130800000,7571.1672625485635
13396,1776131100000,7577.499782510142
13397,1776131400000,7584.887722465317
13398,1776131700000,7575.676784339384
13399,1776132000000,7585.43142367414
13400,1776132300000,7586.61477336393
13401,1776132600000,7594.450467255783
13402,1776132900000,7596.08157088225
13403,1776133200000,7590.196804857348
13404,1776133500000,7581.4656030921415
13405,1776133800000,7572.190700118112
13406,1776134100000,7590.196804857348
13407,1776134400000,7587.990017598011
13408,1776134700000,7585.495388522237
13409,1776135000000,7570.057276431717
13410,1776135300000,7567.0298590046295
13411,1776135600000,7566.582412125375
13412,1776135900000,7575.403507744964
13413,1776136200000,7564.249296254977
13414,1776136500000,7565.783399840992
13415,1776136800000,7556.578778324899
13416,1776137100000,7553.22292673049
13417,1776137400000,7561.6285359622
13418,1776137700000,7563.801849375723
13419,1776138000000,7569.778461262908
13420,1776138300000,7563.801849375723
13421,1776138600000,7566.518491142625
13422,1776138900000,7560.254234833062
13423,1776139200000,7559.199538617676
13424,1776139500000,7562.58735070346
13425,1776139800000,7561.756377927701
13426,1776140100000,7562.299706281082
13427,1776140400000,7561.980101367329
13428,1776140700000,7562.970876599964
13429,1776141000000,7559.0077756694245
13430,1776141300000,7563.642046918846
13431,1776141600000,7556.7066202904
13432,1776141900000,7559.10365714355
13433,1776142200000,7553.894097049372
13434,1776142500000,7553.492553659806
13435,1776142800000,7550.471760796915
13436,1776143100000,7548.778041732616
13437,1776143400000,7549.513051892595
13438,1776143700000,7549.57696581955
13439,1776144000000,7557.725991506277
13440,1776144300000,7564.213255092182
13441,1776144600000,7552.804619130763
13442,1776144900000,7554.050940706381
13443,1776145200000,7549.513051892595
13444,1776145500000,7537.2616800629585
13445,1776145800000,7537.2616800629585
13446,1776146100000,7537.2616800629585
13447,1776146400000,7537.2616800629585
13448,1776146700000,7534.247378251295
13449,1776147000000,7526.707251560963
13450,1776147300000,7523.697170676517
13451,1776147600000,7527.4960317680225
13452,1776147900000,7527.4960317680225
13453,1776148200000,7527.4960317680225
13454,1776148500000,7527.4960317680225
13455,1776148800000,7527.4960317680225
13456,1776149100000,7527.4960317680225
13457,1776149400000,7527.4960317680225
13458,1776149700000,7527.4960317680225
13459,1776150000000,7527.4960317680225
13460,1776150300000,7527.4960317680225
13461,1776150600000,7527.4960317680225
13462,1776150900000,7527.4960317680225
13463,1776151200000,7527.4960317680225
13464,1776151500000,7527.4960317680225
13465,1776151800000,7524.485635434583
13466,1776152100000,7521.539788237626
13467,1776152400000,7511.34018826537
13468,1776152700000,7516.281609369941
13469,1776153000000,7526.988021763182
13470,1776153300000,7532.214524854555
13471,1776153600000,7530.757439144232
13472,1776153900000,7533.893340999058
13473,1776154200000,7530.440681381118
13474,1776154500000,7530.345654052186
13475,1776154800000,7530.599060262676
13476,1776155100000,7539.34157452461
13477,1776155400000,7572.981248967276
13478,1776155700000,7568.895073823109
13479,1776156000000,7563.795273836981
13480,1776156300000,7566.075929731398
13481,1776156600000,7564.112031600094
13482,1776156900000,7562.940027876574
13483,1776157200000,7559.233962048145
13484,1776157500000,7578.68288870332
13485,1776157800000,7578.524509821764
13486,1776158100000,7571.365784375395
13487,1776158400000,7564.428789363208
13488,1776158700000,7569.908698665073
13489,1776159000000,7566.722722445617
13490,1776159300000,7566.722722445617
13491,1776159600000,7563.696638573415
13492,1776159900000,7557.264169291343
13493,1776160200000,7558.088032352101
13494,1776160500000,7564.1402571445915
13495,1776160800000,7555.584756129029
13496,1776161100000,7556.725489597771
13497,1776161400000,7557.200795209746
13498,1776161700000,7549.12059980616
13499,1776162000000,7556.4403062305855
13500,1776162300000,7552.2893038859975
13501,1776162600000,7555.77487837382
13502,1776162900000,7531.752765167018
13503,1776163200000,7531.752765167018
13504,1776163500000,7531.752765167018
13505,1776163800000,7531.752765167018
13506,1776164100000,7531.752765167018
13507,1776164400000,7531.752765167018
13508,1776164700000,7531.752765167018
13509,1776165000000,7531.752765167018
13510,1776165300000,7531.752765167018
13511,1776165600000,7531.752765167018
13512,1776165900000,7531.752765167018
13513,1776166200000,7531.752765167018
13514,1776166500000,7531.752765167018
13515,1776166800000,7531.752765167018
13516,1776167100000,7528.740064060951
13517,1776167400000,7532.3536773603455
13518,1776167700000,7533.62161185136
13519,1776168000000,7529.754411653764
13520,1776168300000,7528.106096815444
13521,1776168600000,7548.931920830371
13522,1776168900000,7540.595251551945
13523,1776169200000,7546.871527282471
13524,1776169500000,7539.612602321408
13525,1776169800000,7535.301625051956
13526,1776170100000,7534.03369056094
13527,1776170400000,7545.1598157196
13528,1776170700000,7539.39071378548
13529,1776171000000,7536.09408410884
13530,1776171300000,7535.491815225608
13531,1776171600000,7518.279604510075
13532,1776171900000,7516.884876569959
13533,1776172200000,7513.112771459188
13534,1776172500000,7506.621234360458
13535,1776172800000,7506.621234360458
13536,1776173100000,7506.621234360458
13537,1776173400000,7506.621234360458
13538,1776173700000,7506.621234360458
13539,1776174000000,7506.621234360458
13540,1776174300000,7506.621234360458
13541,1776174600000,7506.621234360458
13542,1776174900000,7506.621234360458
13543,1776175200000,7506.621234360458
13544,1776175500000,7503.619186276332
13545,1776175800000,7504.910345520716
13546,1776176100000,7500.06062543205
13547,1776176400000,7508.122497787234
13548,1776176700000,7533.63076578606
13549,1776177000000,7528.592095564069
13550,1776177300000,7482.454601813504
13551,1776177600000,7482.454601813504
13552,1776177900000,7482.454601813504
13553,1776178200000,7482.454601813504
13554,1776178500000,7482.454601813504
13555,1776178800000,7482.454601813504
13556,1776179100000,7482.454601813504
13557,1776179400000,7482.454601813504
13558,1776179700000,7482.454601813504
13559,1776180000000,7482.454601813504
13560,1776180300000,7482.454601813504
13561,1776180600000,7482.454601813504
13562,1776180900000,7479.46161997278
13563,1776181200000,7460.123425683589
13564,1776181500000,7464.815315445557
13565,1776181800000,7445.730736819175
13566,1776182100000,7465.576162433983
13567,1776182400000,7454.987708511706
13568,1776182700000,7451.183473569569
13569,1776183000000,7476.576741808327
13570,1776183300000,7494.424944078513
13571,1776183600000,7507.042323303264
13572,1776183900000,7502.413837456998
13573,1776184200000,7509.736989720611
13574,1776184500000,7513.668032494151
13575,1776184800000,7509.388268184249
13576,1776185100000,7518.708643792482
13577,1776185400000,7544.862759019666
13578,1776185700000,7562.6792593320015
13579,1776186000000,7568.385611745206
13580,1776186300000,7558.71651460061
13581,1776186600000,7548.159762636184
13582,1776186900000,7541.4389475717435
13583,1776187200000,7532.911120909789
13584,1776187500000,7560.11140074606
13585,1776187800000,7582.556386904662
13586,1776188100000,7583.6062952689645
13587,1776188400000,7583.6062952689645
13588,1776188700000,7583.6062952689645
13589,1776189000000,7583.6062952689645
13590,1776189300000,7580.572852750856
13591,1776189600000,7571.20024610891
13592,1776189900000,7563.481628874367
13593,1776190200000,7577.654047914264
13594,1776190500000,7575.351435209841
13595,1776190800000,7604.150309597551
13596,1776191100000,7592.248072097225
13597,1776191400000,7600.323432145129
13598,1776191700000,7620.463185517616
13599,1776192000000,7619.230801253278
13600,1776192300000,7666.904613584283
13601,1776192600000,7650.364719510261
13602,1776192900000,7659.964344306164
13603,1776193200000,7646.797291376649
13604,1776193500000,7635.089640865428
13605,1776193800000,7647.672932827626
13606,1776194100000,7641.3812868465275
13607,1776194400000,7680.687858645968
13608,1776194700000,7660.45081177893
13609,1776195000000,7670.018005409981
13610,1776195300000,7663.823652923436
13611,1776195600000,7670.472041717895
13612,1776195900000,7667.845117364963
13613,1776196200000,7665.769522814498
13614,1776196500000,7660.328395376149
13615,1776196800000,7657.264264017999
13616,1776197100000,7654.554362990717
13617,1776197400000,7647.680467702002
13618,1776197700000,7664.832158350286
13619,1776198000000,7681.289849954997
13620,1776198300000,7678.877377089247
13621,1776198600000,7677.258045987577
13622,1776198900000,7679.6044237063215
13623,1776199200000,7669.095295332229
13624,1776199500000,7664.799110776782
13625,1776199800000,7673.755003196214
13626,1776200100000,7666.748917613485
13627,1776200400000,7633.9326771245715
13628,1776200700000,7643.219045279038
13629,1776201000000,7650.026845420746
13630,1776201300000,7653.695126079627
13631,1776201600000,7662.849303940078
13632,1776201900000,7645.697613291796
13633,1776202200000,7653.199412477076
13634,1776202500000,7653.199412477076
13635,1776202800000,7652.538461007007
13636,1776203100000,7656.1075989453775
13637,1776203400000,7637.6806984811
13638,1776203700000,7637.6806984811
13639,1776204000000,7634.625626201708
13640,1776204300000,7613.27717247751
13641,1776204600000,7613.803482584732
13642,1776204900000,7639.559783456915
13643,1776205200000,7644.39525756702
13644,1776205500000,7659.230623714344
13645,1776205800000,7652.520169847261
13646,1776206100000,7660.9082371811155
13647,1776206400000,7665.513450619309
13648,1776206700000,7660.184560783684
13649,1776207000000,7655.8096080174
13650,1776207300000,7657.289855193963
13651,1776207600000,7643.112376680665
13652,1776207900000,7648.90178786011
13653,1776208200000,7644.329468803618
13654,1776208500000,7638.869001441187
13655,1776208800000,7642.947904772159
13656,1776209100000,7642.651855336846
13657,1776209400000,7633.013801498341
13658,1776209700000,7625.529050177722
13659,1776210000000,7625.529050177722
13660,1776210300000,7625.529050177722
13661,1776210600000,7622.478838557651
13662,1776210900000,7614.7402388784285
13663,1776211200000,7614.7402388784285
13664,1776211500000,7614.7402388784285
13665,1776211800000,7614.7402388784285
13666,1776212100000,7614.7402388784285
13667,1776212400000,7614.7402388784285
13668,1776212700000,7614.7402388784285
13669,1776213000000,7614.7402388784285
13670,1776213300000,7614.7402388784285
13671,1776213600000,7614.7402388784285
13672,1776213900000,7611.694951840285
13673,1776214200000,7615.387918718014
13674,1776214500000,7627.153122930245
13675,1776214800000,7634.277607703208
13676,1776215100000,7639.964123072454
13677,1776215400000,7646.565709880429
13678,1776215700000,7639.70267408996
13679,1776216000000,7628.983265807704
13680,1776216300000,7635.127316896314
13681,1776216600000,7629.538844895504
13682,1776216900000,7633.787390861033
13683,1776217200000,7641.271367984924
13684,1776217500000,7643.591727704559
13685,1776217800000,7632.676232685432
13686,1776218100000,7633.19913065042
13687,1776218400000,7632.676232685432
13688,1776218700000,7625.682472403717
13689,1776219000000,7629.440801527069
13690,1776219300000,7626.041964754645
13691,1776219600000,7606.788499382165
13692,1776219900000,7606.788499382165
13693,1776220200000,7606.788499382165
13694,1776220500000,7606.788499382165
13695,1776220800000,7606.788499382165
13696,1776221100000,7606.788499382165
13697,1776221400000,7606.788499382165
13698,1776221700000,7606.788499382165
13699,1776222000000,7606.788499382165
13700,1776222300000,7606.788499382165
13701,1776222600000,7606.788499382165
13702,1776222900000,7606.788499382165
13703,1776223200000,7603.745783982413
13704,1776223500000,7605.216421044073
13705,1776223800000,7604.824251160964
13706,1776224100000,7613.027137882672
13707,1776224400000,7614.889944827443
13708,1776224700000,7611.197011761495
13709,1776225000000,7607.667482813508
13710,1776225300000,7599.791404327725
13711,1776225600000,7584.994438171243
13712,1776225900000,7584.994438171243
13713,1776226200000,7584.994438171243
13714,1776226500000,7581.961047074194
13715,1776226800000,7582.384051342677
13716,1776227100000,7580.789650638395
13717,1776227400000,7581.538042805711
13718,1776227700000,7586.321244918553
13719,1776228000000,7585.735546700655
13720,1776228300000,7590.811597922447
13721,1776228600000,7594.488481179259
13722,1776228900000,7592.731386525561
13723,1776229200000,7596.701118891322
13724,1776229500000,7581.863430704543
13725,1776229800000,7582.123741023609
13726,1776230100000,7582.253896183142
13727,1776230400000,7560.941811988912
13728,1776230700000,7560.941811988912
13729,1776231000000,7560.941811988912
13730,1776231300000,7560.941811988912
13731,1776231600000,7560.941811988912
13732,1776231900000,7560.941811988912
13733,1776232200000,7560.941811988912
13734,1776232500000,7560.941811988912
13735,1776232800000,7560.941811988912
13736,1776233100000,7560.941811988912
13737,1776233400000,7560.941811988912
13738,1776233700000,7560.941811988912
13739,1776234000000,7560.941811988912
13740,1776234300000,7560.941811988912
13741,1776234600000,7560.941811988912
13742,1776234900000,7560.941811988912
13743,1776235200000,7557.917435264118
13744,1776235500000,7556.189018732443
13745,1776235800000,7561.472103225484
13746,1776236100000,7561.53732649083
13747,1776236400000,7554.656271996809
13748,1776236700000,7556.515135059175
13749,1776237000000,7552.308234444347
13750,1776237300000,7579.571559359044
13751,1776237600000,7575.788609968967
13752,1776237900000,7570.668583639293
13753,1776238200000,7579.7672291550825
13754,1776238500000,7577.451803235294
13755,1776238800000,7575.234212213524
13756,1776239100000,7568.320546086831
13757,1776239400000,7561.53732649083
13758,1776239700000,7563.9831989413115
13759,1776240000000,7560.265472816579
13760,1776240300000,7563.689694247253
13761,1776240600000,7553.7757579146355
13762,1776240900000,7552.66696240375
13763,1776241200000,7544.170689977565
13764,1776241500000,7544.170689977565
13765,1776241800000,7544.170689977565
13766,1776242100000,7544.170689977565
13767,1776242400000,7544.170689977565
13768,1776242700000,7544.170689977565
13769,1776243000000,7544.170689977565
13770,1776243300000,7544.170689977565
13771,1776243600000,7541.153625114547
13772,1776243900000,7535.541754689147
13773,1776244200000,7538.526101967394
13774,1776244500000,7544.624550753379
13775,1776244800000,7538.526101967394
13776,1776245100000,7526.5887128544055
13777,1776245400000,7525.7777489201
13778,1776245700000,7523.117787215574
13779,1776246000000,7528.24307928039
13780,1776246300000,7525.5182404611205
13781,1776246600000,7526.102134493822
13782,1776246900000,7522.57318535216
13783,1776247200000,7522.57318535216
13784,1776247500000,7519.564757763538
13785,1776247800000,7514.0960539961325
13786,1776248100000,7497.634675511555
13787,1776248400000,7497.634675511555
13788,1776248700000,7497.634675511555
13789,1776249000000,7497.634675511555
13790,1776249300000,7497.634675511555
13791,1776249600000,7497.634675511555
13792,1776249900000,7497.634675511555
13793,1776250200000,7494.636221332186
13794,1776250500000,7474.506255802083
13795,1776250800000,7471.516453299762
13796,1776251100000,7461.880121384355
13797,1776251400000,7448.311908219184
13798,1776251700000,7452.772089335944
13799,1776252000000,7452.772089335944
13800,1776252300000,7452.772089335944
13801,1776252600000,7452.772089335944
13802,1776252900000,7452.772089335944
13803,1776253200000,7452.772089335944
13804,1776253500000,7452.772089335944
13805,1776253800000,7452.772089335944
13806,1776254100000,7452.772089335944
13807,1776254400000,7452.772089335944
13808,1776254700000,7452.772089335944
13809,1776255000000,7452.772089335944
13810,1776255300000,7452.772089335944
13811,1776255600000,7452.772089335944
13812,1776255900000,7449.791576602756
13813,1776256200000,7455.478464790094
13814,1776256500000,7475.382573445778
13815,1776256800000,7465.254800662709
13816,1776257100000,7462.123817278669
13817,1776257400000,7461.133404167392
13818,1776257700000,7453.593484997662
13819,1776258000000,7442.123862192861
13820,1776258300000,7453.30594570729
13821,1776258600000,7449.440139692302
13822,1776258900000,7442.0280157627385
13823,1776259200000,7435.251114453929
13824,1776259500000,7432.277608709298
13825,1776259800000,7418.001864221019
13826,1776260100000,7418.288653730829
13827,1776260400000,7388.876796224842
13828,1776260700000,7396.55638198751
13829,1776261000000,7391.521632815305
13830,1776261300000,7414.910910615298
13831,1776261600000,7404.587256173582
13832,1776261900000,7401.625421271114
13833,1776262200000,7375.263675080687
13834,1776262500000,7375.263675080687
13835,1776262800000,7375.263675080687
13836,1776263100000,7375.263675080687
13837,1776263400000,7375.263675080687
13838,1776263700000,7372.314159513767
13839,1776264000000,7368.675448067178
13840,1776264300000,7392.97571233658
13841,1776264600000,7396.17145021576
13842,1776264900000,7398.924214527528
13843,1776265200000,7402.0883114376065
13844,1776265500000,7387.565106620346
13845,1776265800000,7427.464368656436
13846,1776266100000,7410.093476620104
13847,1776266400000,7398.924214527528
13848,1776266700000,7392.754225552874
13849,1776267000000,7347.130824015445
13850,1776267300000,7347.130824015445
13851,1776267600000,7344.192559338774
13852,1776267900000,7349.76509487869
13853,1776268200000,7343.5943775576525
13854,1776268500000,7342.020214975755
13855,1776268800000,7362.169496024042
13856,1776269100000,7365.538203949302
13857,1776269400000,7372.212653296547
13858,1776269700000,7376.588825274222
13859,1776270000000,7387.009781566381
13860,1776270300000,7381.185380013361
13861,1776270600000,7374.951696189048
13862,1776270900000,7377.659255829912
13863,1776271200000,7361.319448229817
13864,1776271500000,7373.975715388272
13865,1776271800000,7356.313611219383
13866,1776272100000,7371.740404521977
13867,1776272400000,7386.096767268881
13868,1776272700000,7384.9633702099145
13869,1776273000000,7385.089303216466
13870,1776273300000,7378.635236630688
13871,1776273600000,7379.611217431464
13872,1776273900000,7405.773799542598
13873,1776274200000,7413.014947419326
13874,1776274500000,7391.102604279315
13875,1776274800000,7372.411129083396
13876,1776275100000,7369.462754306718
13877,1776275400000,7376.155610180593
13878,1776275700000,7379.926233208126
13879,1776276000000,7400.57039428388
13880,1776276300000,7380.020498783815
13881,1776276600000,7396.674083822093
13882,1776276900000,7391.520899017796
13883,1776277200000,7384.105340396977
13884,1776277500000,7381.340216843453
13885,1776277800000,7396.705505680657
13886,1776278100000,7391.929383179113
13887,1776278400000,7396.328443377904
13888,1776278700000,7407.797421753322
13889,1776279000000,7411.536622922293
13890,1776279300000,7411.348091770916
13891,1776279600000,7423.414085459028
13892,1776279900000,7437.836718539348
13893,1776280200000,7431.4266593925395
13894,1776280500000,7429.509926020209
13895,1776280800000,7426.14778715399
13896,1776281100000,7432.180783998046
13897,1776281400000,7461.717331047068
13898,1776281700000,7471.489529060096
13899,1776282000000,7464.042548580714
13900,1776282300000,7455.497785602489
13901,1776282600000,7455.497785602489
13902,1776282900000,7455.497785602489
13903,1776283200000,7455.497785602489
13904,1776283500000,7452.516182808808
13905,1776283800000,7446.749493612899
13906,1776284100000,7436.098450180018
13907,1776284400000,7433.892612782676
13908,1776284700000,7439.060574685021
13909,1776285000000,7434.869483630071
13910,1776285300000,7428.976746582885
13911,1776285600000,7430.709904537939
13912,1776285900000,7435.153091295442
13913,1776286200000,7446.560421835984
13914,1776286500000,7446.119254356515
13915,1776286800000,7432.569110344271
13916,1776287100000,7423.367617201072
13917,1776287400000,7414.256192026464
13918,1776287700000,7414.256192026464
13919,1776288000000,7414.256192026464
13920,1776288300000,7414.256192026464
13921,1776288600000,7414.256192026464
13922,1776288900000,7411.291082571544
13923,1776289200000,7405.32476967035
13924,1776289500000,7411.479492452635
13925,1776289800000,7417.822625116011
13926,1776290100000,7414.870870312263
13927,1776290400000,7446.806345157083
13928,1776290700000,7472.618498866467
13929,1776291000000,7453.777510757428
13930,1776291300000,7428.876004806649
13931,1776291600000,7443.226557416366
13932,1776291900000,7438.704720270196
13933,1776292200000,7435.941375347538
13934,1776292500000,7459.492610483837
13935,1776292800000,7440.180597672072
13936,1776293100000,7448.721845614836
13937,1776293400000,7444.702434818241
13938,1776293700000,7421.622224384668
13939,1776294000000,7408.452418939942
13940,1776294300000,7408.452418939942
13941,1776294600000,7408.452418939942
13942,1776294900000,7408.452418939942
13943,1776295200000,7408.452418939942
13944,1776295500000,7408.452418939942
13945,1776295800000,7408.452418939942
13946,1776296100000,7408.452418939942
13947,1776296400000,7408.452418939942
13948,1776296700000,7405.489037972366
13949,1776297000000,7398.387521877388
13950,1776297300000,7398.356099239801
13951,1776297600000,7421.828809518329
13952,1776297900000,7420.226255001321
13953,1776298200000,7419.377843786434
13954,1776298500000,7418.529432571547
13955,1776298800000,7423.619899860868
13956,1776299100000,7415.387168812708
13957,1776299400000,7388.740772137751
13958,1776299700000,7402.912381690117
13959,1776300000000,7401.592630911405
13960,1776300300000,7403.603679717061
13961,1776300600000,7401.49836299864
13962,1776300900000,7396.376473071732
13963,1776301200000,7413.59607847017
13964,1776301500000,7426.762163619706
13965,1776301800000,7428.301872861537
13966,1776302100000,7418.937926860196
13967,1776302400000,7427.233503183532
13968,1776302700000,7425.191031740287
13969,1776303000000,7414.664448148174
13970,1776303300000,7420.226255001321
13971,1776303600000,7414.350221772291
13972,1776303900000,7409.853999819941
13973,1776304200000,7406.890058220013
13974,1776304500000,7409.535422391822
13975,1776304800000,7398.7020262596525
13976,1776305100000,7409.472437530589
13977,1776305400000,7407.834831138516
13978,1776305700000,7412.558695731032
13979,1776306000000,7404.024247033887
13980,1776306300000,7387.648183113165
13981,1776306600000,7382.357454769549
13982,1776306900000,7372.531816417117
13983,1776307200000,7363.128042310915
13984,1776307500000,7360.183380026447
13985,1776307800000,7353.380963590429
13986,1776308100000,7353.724204786741
13987,1776308400000,7365.238386735781
13988,1776308700000,7354.816335865919
13989,1776309000000,7357.843099142496
13990,1776309300000,7371.635154485249
13991,1776309600000,7374.1626578399155
13992,1776309900000,7367.859501325807
13993,1776310200000,7358.810415241195
13994,1776310500000,7365.987276618646
13995,1776310800000,7365.893665383288
13996,1776311100000,7363.397365773741
13997,1776311400000,7365.30079422602
13998,1776311700000,7357.406246710825
13999,1776312000000,7350.283949015884
14000,1776312300000,7347.344423341413
14001,1776312600000,7350.678304514459
14002,1776312900000,7354.136816759397
14003,1776313200000,7344.540224223896
14004,1776313500000,7348.341471916529
14005,1776313800000,7345.880008246709
14006,1776314100000,7352.205035145108
14007,1776314400000,7358.841639723231
14008,1776314700000,7330.706175244147
14009,1776315000000,7336.813097766739
14010,1776315300000,7332.009947633465
14011,1776315600000,7332.009947633465
14012,1776315900000,7332.009947633465
14013,1776316200000,7332.009947633465
14014,1776316500000,7332.009947633465
14015,1776316800000,7329.077143654412
14016,1776317100000,7322.882490671742
14017,1776317400000,7316.56332205123
14018,1776317700000,7313.917364747075
14019,1776318000000,7321.139271741946
14020,1776318300000,7324.003131412325
14021,1776318600000,7325.248287790752
14022,1776318900000,7324.438936144775
14023,1776319200000,7324.8436119677635
14024,1776319500000,7317.715091701274
14025,1776319800000,7325.186029971831
14026,1776320100000,7319.862986454059
14027,1776320400000,7323.8786157744835
14028,1776320700000,7328.48569437466
14029,1776321000000,7332.812612789689
14030,1776321300000,7334.71147626679
14031,1776321600000,7336.17453501144
14032,1776321900000,7332.283421328859
14033,1776322200000,7330.633589127445
14034,1776322500000,7327.0848934489295
14035,1776322800000,7326.898119992165
14036,1776323100000,7336.392437377665
14037,1776323400000,7338.54033213045
14038,1776323700000,7334.306800443801
14039,1776324000000,7334.928668517841
14040,1776324300000,7331.994697050435
14041,1776324600000,7331.277615986712
14042,1776324900000,7337.575458372459
14043,1776325200000,7340.1631856893755
14044,1776325500000,7344.715091572144
14045,1776325800000,7380.444435008119
14046,1776326100000,7366.664007609602
14047,1776326400000,7376.36019068865
14048,1776326700000,7385.5887122044
14049,1776327000000,7386.991696894293
14050,1776327300000,7374.42718956035
14051,1776327600000,7369.688219052262
14052,1776327900000,7367.786395361518
14053,1776328200000,7363.577441291834
14054,1776328500000,7361.239133475343
14055,1776328800000,7361.363843225557
14056,1776329100000,7356.874292217895
14057,1776329400000,7365.042780856835
14058,1776329700000,7374.177770059924
14059,1776330000000,7365.697507045453
14060,1776330300000,7366.975781985134
14061,1776330600000,7360.054390848322
14062,1776330900000,7349.490883062983
14063,1776331200000,7346.551086709759
14064,1776331500000,7348.680475331134
14065,1776331800000,7356.289908198697
14066,1776332100000,7353.659486960528
14067,1776332400000,7369.755159775045
14068,1776332700000,7373.66947709375
14069,1776333000000,7371.195628548328
14070,1776333300000,7374.421026018941
14071,1776333600000,7391.174304143002
14072,1776333900000,7391.049045988802
14073,1776334200000,7397.656413622777
14074,1776334500000,7399.159511473161
14075,1776334800000,7385.694259896814
14076,1776335100000,7383.7527585067355
14077,1776335400000,7383.846702122385
14078,1776335700000,7383.095153197192
14079,1776336000000,7390.798529680405
14080,1776336300000,7402.040449019728
14081,1776336600000,7390.5166988334595
14082,1776336900000,7392.17636937659
14083,1776337200000,7387.886277595288
14084,1776337500000,7397.280639160183
14085,1776337800000,7396.497775696441
14086,1776338100000,7400.349463938047
14087,1776338400000,7395.078891279271
14088,1776338700000,7392.1208597227605
14089,1776339000000,7386.6042498891375
14090,1776339300000,7392.501315573355
14091,1776339600000,7391.962336451679
14092,1776339900000,7390.503922357733
14093,1776340200000,7381.404686597678
14094,1776340500000,7382.038779682001
14095,1776340800000,7365.172526252435
14096,1776341100000,7362.226457241934
14097,1776341400000,7340.641664225528
14098,1776341700000,7346.219048698381
14099,1776342000000,7353.371965508197
14100,1776342300000,7351.449816057101
14101,1776342600000,7350.441475361445
14102,1776342900000,7360.65092490497
14103,1776343200000,7355.766774660383
14104,1776343500000,7359.45352032888
14105,1776343800000,7357.751945404957
14106,1776344100000,7352.521178046237
14107,1776344400000,7358.2246051060465
14108,1776344700000,7342.784874342495
14109,1776345000000,7342.784874342495
14110,1776345300000,7342.784874342495
14111,1776345600000,7342.784874342495
14112,1776345900000,7342.784874342495
14113,1776346200000,7339.848347698086
14114,1776346500000,7317.672916893532
14115,1776346800000,7319.646154380378
14116,1776347100000,7312.5988776416425
14117,1776347400000,7197.9646793223865
14118,1776347700000,7197.9646793223865
14119,1776348000000,7197.9646793223865
14120,1776348300000,7197.9646793223865
14121,1776348600000,7197.9646793223865
14122,1776348900000,7197.9646793223865
14123,1776349200000,7197.9646793223865
14124,1776349500000,7197.9646793223865
14125,1776349800000,7197.9646793223865
14126,1776350100000,7197.9646793223865
14127,1776350400000,7197.9646793223865
14128,1776350700000,7197.9646793223865
14129,1776351000000,7195.085493450658
14130,1776351300000,7198.6048998318765
14131,1776351600000,7186.987744254934
14132,1776351900000,7153.382085092679
14133,1776352200000,7151.544518929033
14134,1776352500000,7158.894783583614
14135,1776352800000,7143.104172651952
14136,1776353100000,7169.9824709439135
14137,1776353400000,7158.988219151256
14138,1776353700000,7104.639863972262
14139,1776354000000,7109.124771219124
14140,1776354300000,7124.7285110155
14141,1776354600000,7115.416099440417
14142,1776354900000,7106.684615532739
14143,1776355200000,7106.684615532739
14144,1776355500000,7106.684615532739
14145,1776355800000,7106.684615532739
14146,1776356100000,7106.684615532739
14147,1776356400000,7106.684615532739
14148,1776356700000,7103.842510107612
14149,1776357000000,7075.026024332845
14150,1776357300000,7081.818916856918
14151,1776357600000,7072.071268391881
14152,1776357900000,7075.482945354644
14153,1776358200000,7049.255678703402
14154,1776358500000,7054.35305511104
14155,1776358800000,7054.35305511104
14156,1776359100000,7054.35305511104
14157,1776359400000,7054.35305511104
14158,1776359700000,7054.35305511104
14159,1776360000000,7051.531313888996
14160,1776360300000,7050.86363865297
14161,1776360600000,7057.540391013234
14162,1776360900000,7059.027485857111
14163,1776361200000,7039.725601761075
14164,1776361500000,7036.205132334755
14165,1776361800000,7050.0442190451195
14166,1776362100000,7047.373518101013
14167,1776362400000,7045.977469880231
14168,1776362700000,7062.153419916688
14169,1776363000000,7042.2445583333565
14170,1776363300000,7036.083736837294
14171,1776363600000,7054.171665958736
14172,1776363900000,7047.039680483
14173,1776364200000,7035.303985721126
14174,1776364500000,7035.303985721126
14175,1776364800000,7035.303985721126
14176,1776365100000,7035.303985721126
14177,1776365400000,7035.303985721126
14178,1776365700000,7035.303985721126
14179,1776366000000,7035.303985721126
14180,1776366300000,7035.303985721126
14181,1776366600000,7035.303985721126
14182,1776366900000,7035.303985721126
14183,1776367200000,7035.303985721126
14184,1776367500000,7035.303985721126
14185,1776367800000,7035.303985721126
14186,1776368100000,7035.303985721126
14187,1776368400000,7035.303985721126
14188,1776368700000,7035.303985721126
14189,1776369000000,7035.303985721126
14190,1776369300000,7035.303985721126
14191,1776369600000,7035.303985721126
14192,1776369900000,7035.303985721126
14193,1776370200000,7035.303985721126
14194,1776370500000,7035.303985721126
14195,1776370800000,7035.303985721126
14196,1776371100000,7032.4904268386135
14197,1776371400000,7018.493040202452
14198,1776371700000,7010.387715889632
14199,1776372000000,7013.288883632598
14200,1776372300000,7023.278471531054
14201,1776372600000,7023.517743097485
14202,1776372900000,7029.29016963761
14203,1776373200000,7027.734904455815
14204,1776373500000,7044.513823051726
14205,1776373800000,7031.7127942477155
14206,1776374100000,7029.140624908591
14207,1776374400000,6998.663409134558
14208,1776374700000,7001.086033744664
14209,1776375000000,7006.3799171519295
14210,1776375300000,6995.714738800332
14211,1776375600000,6995.714738800332
14212,1776375900000,6995.714738800332
14213,1776376200000,6995.714738800332
14214,1776376500000,6995.714738800332
14215,1776376800000,6995.714738800332
14216,1776377100000,6992.9170124500815
14217,1776377400000,6987.103618220644
14218,1776377700000,6979.650548695726
14219,1776378000000,6976.013450767567
14220,1776378300000,6986.030376209057
14221,1776378600000,6986.537184936752
14222,1776378900000,6985.732253428059
14223,1776379200000,6990.859965261204
14224,1776379500000,6994.82499824846
14225,1776379800000,6985.8515025404595
14226,1776380100000,6983.82426762968
14227,1776380400000,6990.35315653351
14228,1776380700000,6987.759488338838
14229,1776381000000,6991.366773988899
14230,1776381300000,6990.859965261204
14231,1776381600000,7007.912588334218
14232,1776381900000,7000.757641590297
14233,1776382200000,7009.194516292504
14234,1776382500000,7017.035145432717
14235,1776382800000,7013.99429306655
14236,1776383100000,7001.5029485427885
14237,1776383400000,6997.299417330733
14238,1776383700000,7000.429706531199
14239,1776384000000,6997.776413780329
14240,1776384300000,6984.964664053881
14241,1776384600000,6984.964664053881
14242,1776384900000,6982.171236873697
14243,1776385200000,6972.703159360762
14244,1776385500000,6984.374500194316
14245,1776385800000,6994.646471080992
14246,1776386100000,6989.5551463806405
14247,1776386400000,6983.6003806492345
14248,1776386700000,6983.332416191321
14249,1776387000000,6980.980283727416
14250,1776387300000,6980.176390353676
14251,1776387600000,6981.099379042043
14252,1776387900000,6985.208167396714
14253,1776388200000,6979.074758693367
14254,1776388500000,6977.496745774543
14255,1776388800000,6941.253627740337
14256,1776389100000,6941.253627740337
14257,1776389400000,6941.253627740337
14258,1776389700000,6941.253627740337
14259,1776390000000,6941.253627740337
14260,1776390300000,6941.253627740337
14261,1776390600000,6941.253627740337
14262,1776390900000,6941.253627740337
14263,1776391200000,6938.477126289241
14264,1776391500000,6957.891559615627
14265,1776391800000,6954.477706660681
14266,1776392100000,6966.975377043569
14267,1776392400000,6965.936378318151
14268,1776392700000,6969.468973984573
14269,1776393000000,6967.450347889475
14270,1776393300000,6957.030674957424
14271,1776393600000,6961.542897993525
14272,1776393900000,6963.947437900922
14273,1776394200000,6961.483526637787
14274,1776394500000,6957.772816904151
14275,1776394800000,6967.420662211605
14276,1776395100000,6968.7862033935835
14277,1776395400000,6966.470720519794
14278,1776395700000,6964.778636881257
14279,1776396000000,6964.392723068958
14280,1776396300000,6967.509719245213
14281,1776396600000,6961.780383416478
14282,1776396900000,6964.125551968136
14283,1776397200000,6966.441034841926
14284,1776397500000,6967.6284619566895
14285,1776397800000,6970.804829488681
14286,1776398100000,6976.266994216595
14287,1776398400000,6971.448667113658
14288,1776398700000,6971.448667113658
14289,1776399000000,6968.660087646813
14290,1776399300000,6955.001563188048
14291,1776399600000,6960.482944714264
14292,1776399900000,6961.171861518104
14293,1776400200000,6955.151327710622
14294,1776400500000,6955.840244514464
14295,1776400800000,6953.953211530029
14296,1776401100000,6962.87917707545
14297,1776401400000,6961.321626040678
14298,1776401700000,6964.197104874102
14299,1776402000000,6978.454687423163
14300,1776402300000,6988.578769149175
14301,1776402600000,6988.458957531116
14302,1776402900000,6984.834656084821
14303,1776403200000,6977.915535141895
14304,1776403500000,6984.295503803554
14305,1776403800000,6982.108941773971
14306,1776404100000,6987.620276204701
14307,1776404400000,6987.170982636979
14308,1776404700000,6987.829946536304
14309,1776405000000,6990.585613751669
14310,1776405300000,6993.161563539945
14311,1776405600000,6989.117921430443
14312,1776405900000,6986.99126520989
14313,1776406200000,6978.562281407226
14314,1776406500000,6975.770856494662
14315,1776406800000,6973.00798525573
14316,1776407100000,6969.884739507372
14317,1776407400000,6967.752523659934
14318,1776407700000,6967.992773332884
14319,1776408000000,6959.403847524899
14320,1776408300000,6958.05244311455
14321,1776408600000,6953.908136256151
14322,1776408900000,6952.38322580356
14323,1776409200000,6952.38322580356
14324,1776409500000,6952.38322580356
14325,1776409800000,6952.38322580356
14326,1776410100000,6952.38322580356
14327,1776410400000,6952.38322580356
14328,1776410700000,6952.38322580356
14329,1776411000000,6952.38322580356
14330,1776411300000,6952.38322580356
14331,1776411600000,6952.38322580356
14332,1776411900000,6949.602828592681
14333,1776412200000,6958.220540062581
14334,1776412500000,6960.248236879027
14335,1776412800000,6962.991591395396
14336,1776413100000,6968.716852994777
14337,1776413400000,6967.255718524102
14338,1776413700000,6970.4463591029225
14339,1776414000000,6975.694515569021
14340,1776414300000,6979.123708714481
14341,1776414600000,7008.883141402923
14342,1776414900000,7003.992813786786
14343,1776415200000,7004.469918920067
14344,1776415500000,7010.702104723559
14345,1776415800000,7024.001410313785
14346,1776416100000,7022.003532568168
14347,1776416400000,7009.3602465362055
14348,1776416700000,7011.447581494312
14349,1776417000000,7026.416755051023
14350,1776417300000,7015.413517914715
14351,1776417600000,7023.077019118052
14352,1776417900000,7072.1592097043995
14353,1776418200000,7022.8086474805805
14354,1776418500000,7017.202662164523
14355,1776418800000,7024.120686597105
14356,1776419100000,7024.232419437957
14357,1776419400000,7024.232419437957
14358,1776419700000,7024.232419437957
14359,1776420000000,7024.232419437957
14360,1776420300000,7024.232419437957
14361,1776420600000,7021.423288296411
14362,1776420900000,7024.734731602172
14363,1776421200000,7030.283636601017
14364,1776421500000,6987.861362900171
14365,1776421800000,6991.3518031413805
14366,1776422100000,6989.532000964339
14367,1776422400000,6978.0761970957565
14368,1776422700000,6985.743232497386
14369,1776423000000,6991.858961125145
14370,1776423300000,6992.843444270102
14371,1776423600000,7001.2861330586675
14372,1776423900000,7005.552226686811
14373,1776424200000,7001.763458219858
14374,1776424500000,7016.44120692648
14375,1776424800000,7019.126160958179
14376,1776425100000,7017.097529023117
14377,1776425400000,7025.868378860001
14378,1776425700000,7012.6822712821
14379,1776426000000,7010.713304992188
14380,1776426300000,7018.290841926095
14381,1776426600000,7024.257406440981
14382,1776426900000,7025.599883456831
14383,1776427200000,7015.934048942714
14384,1776427500000,7027.6285153918925
14385,1776427800000,7028.634819092631
14386,1776428100000,7028.634819092631
14387,1776428400000,7028.634819092631
14388,1776428700000,7028.634819092631
14389,1776429000000,7028.634819092631
14390,1776429300000,7025.823927343344
14391,1776429600000,7028.508169130086
14392,1776429900000,7072.470084615162
14393,1776430200000,7081.745631233791
14394,1776430500000,7074.3788787746225
14395,1776430800000,7072.022710984038
14396,1776431100000,7141.365623808193
14397,1776431400000,7178.49763519145
14398,1776431700000,7197.376802424865
14399,1776432000000,7226.813987352796
14400,1776432300000,7172.0256299945295
14401,1776432600000,7160.0956664979
14402,1776432900000,7189.5925012433145
14403,1776433200000,7212.676980609292
14404,1776433500000,7221.326204144347
14405,1776433800000,7266.779365066503
14406,1776434100000,7268.479384864773
14407,1776434400000,7270.179404663042
14408,1776434700000,7247.154575114549
14409,1776435000000,7248.108972194278
14410,1776435300000,7250.405490167379
14411,1776435600000,7266.212691800413
14412,1776435900000,7255.565199379671
14413,1776436200000,7290.758591694726
14414,1776436500000,7296.339279180147
14415,1776436800000,7296.339279180147
14416,1776437100000,7296.339279180147
14417,1776437400000,7296.339279180147
14418,1776437700000,7296.339279180147
14419,1776438000000,7296.339279180147
14420,1776438300000,7296.339279180147
14421,1776438600000,7296.339279180147
14422,1776438900000,7296.339279180147
14423,1776439200000,7296.339279180147
14424,1776439500000,7296.339279180147
14425,1776439800000,7296.339279180147
14426,1776440100000,7296.339279180147
14427,1776440400000,7293.4213270589
14428,1776440700000,7286.514819638866
14429,1776441000000,7309.476714437942
14430,1776441300000,7301.045393691406
14431,1776441600000,7312.496442790424
14432,1776441900000,7312.526341090945
14433,1776442200000,7309.805595743657
14434,1776442500000,7315.785255847583
14435,1776442800000,7328.462135267907
14436,1776443100000,7336.026405299372
14437,1776443400000,7343.142200823044
14438,1776443700000,7359.376978005203
14439,1776444000000,7353.068436595561
14440,1776444300000,7336.953252615481
14441,1776444600000,7328.581728469985
14442,1776444900000,7328.97040637674
14443,1776445200000,7326.698135537248
14444,1776445500000,7288.89038777558
14445,1776445800000,7285.975414615103
14446,1776446100000,7292.312865022924
14447,1776446400000,7252.733693608036
14448,1776446700000,7259.459761257847
14449,1776447000000,7279.040091527297
14450,1776447300000,7278.232963409319
14451,1776447600000,7280.086368717268
14452,1776447900000,7294.764143010854
14453,1776448200000,7293.209674042898
14454,1776448500000,7295.30222842284
14455,1776448800000,7269.892639523555
14456,1776449100000,7254.467524379988
14457,1776449400000,7229.752402797785
14458,1776449700000,7229.752402797785
14459,1776450000000,7229.752402797785
14460,1776450300000,7229.752402797785
14461,1776450600000,7229.752402797785
14462,1776450900000,7229.752402797785
14463,1776451200000,7226.860501836667
14464,1776451500000,7242.124191854344
14465,1776451800000,7252.746291925126
14466,1776452100000,7256.227484385297
14467,1776452400000,7251.853678473799
14468,1776452700000,7254.561272609488
14469,1776453000000,7245.248338933986
14470,1776453300000,7235.994912821905
14471,1776453600000,7234.626238863205
14472,1776453900000,7243.225081777646
14473,1776454200000,7232.45421279831
14474,1776454500000,7225.462074096256
14475,1776454800000,7223.5875858484715
14476,1776455100000,7225.0752749340145
14477,1776455400000,7226.533210237848
14478,1776455700000,7232.632735488576
14479,1776456000000,7211.543453229224
14480,1776456300000,7211.543453229224
14481,1776456600000,7211.543453229224
14482,1776456900000,7211.543453229224
14483,1776457200000,7208.659412656047
14484,1776457500000,7198.749942799807
14485,1776457800000,7198.749942799807
14486,1776458100000,7198.749942799807
14487,1776458400000,7198.749942799807
14488,1776458700000,7195.870442822687
14489,1776459000000,7193.465911913958
14490,1776459300000,7190.586411936837
14491,1776459600000,7182.897850142261
14492,1776459900000,7182.215082106449
14493,1776460200000,7183.729046011944
14494,1776460500000,7179.5730666635245
14495,1776460800000,7180.552690367081
14496,1776461100000,7181.680741904508
14497,1776461400000,7191.091066572003
14498,1776461700000,7210.56479837603
14499,1776462000000,7186.549174855516
14500,1776462300000,7186.727288256162
14501,1776462600000,7182.541623340968
14502,1776462900000,7182.541623340968
14503,1776463200000,7180.9386027351475
14504,1776463500000,7176.0773856115975
14505,1776463800000,7176.0773856115975
14506,1776464100000,7176.0773856115975
14507,1776464400000,7173.206954657353
14508,1776464700000,7161.739984220894
14509,1776465000000,7129.285296490438
14510,1776465300000,7129.285296490438
14511,1776465600000,7129.285296490438
14512,1776465900000,7129.285296490438
14513,1776466200000,7129.285296490438
14514,1776466500000,7126.43415260062
14515,1776466800000,7121.543646241583
14516,1776467100000,7118.29307015863
14517,1776467400000,7114.134675529989
14518,1776467700000,7079.645456341125
14519,1776468000000,7079.645456341125
14520,1776468300000,7079.645456341125
14521,1776468600000,7079.645456341125
14522,1776468900000,7079.645456341125
14523,1776469200000,7079.645456341125
14524,1776469500000,7079.645456341125
14525,1776469800000,7079.645456341125
14526,1776470100000,7079.645456341125
14527,1776470400000,7079.645456341125
14528,1776470700000,7079.645456341125
14529,1776471000000,7079.645456341125
14530,1776471300000,7079.645456341125
14531,1776471600000,7079.645456341125
14532,1776471900000,7076.813598158589
14533,1776472200000,7101.108118639671
14534,1776472500000,7095.0856502653
14535,1776472800000,7098.740060686642
14536,1776473100000,7078.070715343531
14537,1776473400000,7075.556480973648
14538,1776473700000,7078.626185727576
14539,1776474000000,7080.994243680606
14540,1776474300000,7074.504010772301
14541,1776474600000,7060.422932810913
14542,1776474900000,7060.422932810913
14543,1776475200000,7060.422932810913
14544,1776475500000,7057.5987636377895
14545,1776475800000,7067.677259003702
14546,1776476100000,7069.8036467543125
14547,1776476400000,7068.871531575962
14548,1776476700000,7070.590118936046
14549,1776477000000,7070.8231477306335
14550,1776477300000,7066.016928842266
14551,1776477600000,7073.532107467714
14552,1776477900000,7067.648130404379
14553,1776478200000,7065.871285845648
14554,1776478500000,7061.356352950514
14555,1776478800000,7061.239838553221
14556,1776479100000,7063.104068909922
14557,1776479400000,7068.900660175286
14558,1776479700000,7064.356598680829
14559,1776480000000,7067.240330013849
14560,1776480300000,7068.580245582728
14561,1776480600000,7069.133688969873
14562,1776480900000,7071.230948121162
14563,1776481200000,7073.299078673127
14564,1776481500000,7073.7942648616245
14565,1776481800000,7078.192683359465
14566,1776482100000,7072.279577696805
14567,1776482400000,7072.0756775015425
14568,1776482700000,7077.487920793909
14569,1776483000000,7077.487920793909
14570,1776483300000,7077.487920793909
14571,1776483600000,7077.487920793909
14572,1776483900000,7074.6569256255925
14573,1776484200000,7111.016891862733
14574,1776484500000,7111.309645214078
14575,1776484800000,7102.117189981823
14576,1776485100000,7099.014004457558
14577,1776485400000,7096.730528317061
14578,1776485700000,7098.399222419732
14579,1776486000000,7103.990811430435
14580,1776486300000,7117.369639586936
14581,1776486600000,7118.599203662587
14582,1776486900000,7105.68878086824
14583,1776487200000,7112.187905268116
14584,1776487500000,7107.3867503060455
14585,1776487800000,7100.038641187268
14586,1776488100000,7104.166463441243
14587,1776488400000,7094.737837028614
14588,1776488700000,7091.899941893802
14589,1776489000000,7093.517529179947
14590,1776489300000,7099.429075443857
14591,1776489600000,7097.840898835641
14592,1776489900000,7101.693697644459
14593,1776490200000,7103.92890916713
14594,1776490500000,7105.311211029835
14595,1776490800000,7106.046477978083
14596,1776491100000,7105.664139164994
14597,1776491400000,7103.399516964392
14598,1776491700000,7101.752519000318
14599,1776492000000,7100.281985103824
14600,1776492300000,7100.576091883122
14601,1776492600000,7100.399627815543
14602,1776492900000,7103.66421306576
14603,1776493200000,7108.369921534545
14604,1776493500000,7102.664250016145
14605,1776493800000,7095.75274070262
14606,1776494100000,7099.987878324523
14607,1776494400000,7095.3409912116
14608,1776494700000,7097.370327988763
14609,1776495000000,7097.399738666693
14610,1776495300000,7098.664397817679
14611,1776495600000,7093.981981298804
14612,1776495900000,7091.144388506285
14613,1776496200000,7090.4376435465265
14614,1776496500000,7095.178724318251
14615,1776496800000,7095.09038119828
14616,1776497100000,7099.419194076811
14617,1776497400000,7098.948030770304
14618,1776497700000,7101.804458316002
14619,1776498000000,7101.951696849284
14620,1776498300000,7106.840016154293
14621,1776498600000,7105.190944581519
14622,1776498900000,7106.751673034322
14623,1776499200000,7106.339405141129
14624,1776499500000,7108.1946106605
14625,1776499800000,7122.123375909106
14626,1776500100000,7139.703656783137
14627,1776500400000,7161.347721175791
14628,1776500700000,7155.016464244606
14629,1776501000000,7181.136580049075
14630,1776501300000,7188.351268179958
14631,1776501600000,7193.857989324756
14632,1776501900000,7183.050680981757
14633,1776502200000,7177.632302956931
14634,1776502500000,7174.893666237859
14635,1776502800000,7180.842102982507
14636,1776503100000,7201.200006845593
14637,1776503400000,7201.200006845593
14638,1776503700000,7201.200006845593
14639,1776504000000,7201.200006845593
14640,1776504300000,7201.200006845593
14641,1776504600000,7201.200006845593
14642,1776504900000,7201.200006845593
14643,1776505200000,7201.200006845593
14644,1776505500000,7201.200006845593
14645,1776505800000,7201.200006845593
14646,1776506100000,7201.200006845593
14647,1776506400000,7201.200006845593
14648,1776506700000,7201.200006845593
14649,1776507000000,7201.200006845593
14650,1776507300000,7201.200006845593
14651,1776507600000,7201.200006845593
14652,1776507900000,7201.200006845593
14653,1776508200000,7201.200006845593
14654,1776508500000,7201.200006845593
14655,1776508800000,7201.200006845593
14656,1776509100000,7201.200006845593
14657,1776509400000,7201.200006845593
14658,1776509700000,7201.200006845593
14659,1776510000000,7201.200006845593
14660,1776510300000,7201.200006845593
14661,1776510600000,7201.200006845593
14662,1776510900000,7201.200006845593
14663,1776511200000,7201.200006845593
14664,1776511500000,7201.200006845593
14665,1776511800000,7201.200006845593
14666,1776512100000,7201.200006845593
14667,1776512400000,7201.200006845593
14668,1776512700000,7201.200006845593
14669,1776513000000,7201.200006845593
14670,1776513300000,7201.200006845593
14671,1776513600000,7198.319526842855
14672,1776513900000,7201.250753710744
14673,1776514200000,7198.136325163611
14674,1776514500000,7196.8844470221175
14675,1776514800000,7201.983560427716
14676,1776515100000,7208.548287267258
14677,1776515400000,7203.2965057956235
14678,1776515700000,7216.5786275407445
14679,1776516000000,7203.388106635246
14680,1776516300000,7200.853816739051
14681,1776516600000,7199.66300582397
14682,1776516900000,7199.907274729629
14683,1776517200000,7203.907178059768
14684,1776517500000,7206.166665437097
14685,1776517800000,7206.991072993691
14686,1776518100000,7205.220123427675
14687,1776518400000,7203.5102410880745
14688,1776518700000,7212.151253625704
14689,1776519000000,7221.494539267098
14690,1776519300000,7233.158379512239
14691,1776519600000,7223.143354380286
14692,1776519900000,7208.853623399329
14693,1776520200000,7204.151446965425
14694,1776520500000,7208.456686427636
14695,1776520800000,7209.036238287257
14696,1776521100000,7206.152623791942
14697,1776521400000,7203.245285415474
14698,1776521700000,7203.5513210340505
14699,1776522000000,7216.496627699793
14700,1776522300000,7204.500031451635
14701,1776522600000,7194.309045353072
14702,1776522900000,7193.543956306633
14703,1776523200000,7192.778867260195
14704,1776523500000,7185.606266170822
14705,1776523800000,7185.606266170822
14706,1776524100000,7185.606266170822
14707,1776524400000,7185.606266170822
14708,1776524700000,7185.606266170822
14709,1776525000000,7185.606266170822
14710,1776525300000,7182.732598397908
14711,1776525600000,7193.6231316983185
14712,1776525900000,7192.6192557237
14713,1776526200000,7194.079438959509
14714,1776526500000,7190.641924258542
14715,1776526800000,7183.827735824766
14716,1776527100000,7182.945541786463
14717,1776527400000,7185.622544385447
14718,1776527700000,7190.307298933668
14719,1776528000000,7176.46597867756
14720,1776528300000,7190.854867647097
14721,1776528600000,7197.699476564953
14722,1776528900000,7189.820571188398
14723,1776529200000,7206.460575979808
14724,1776529500000,7204.1486191897775
14725,1776529800000,7196.938964462969
14726,1776530100000,7195.722145099795
14727,1776530400000,7193.227665405287
14728,1776530700000,7182.444499621569
14729,1776531000000,7182.444499621569
14730,1776531300000,7179.57152182172
14731,1776531600000,7178.743446464359
14732,1776531900000,7178.743446464359
14733,1776532200000,7178.743446464359
14734,1776532500000,7175.871949085775
14735,1776532800000,7178.572525566436
14736,1776533100000,7175.701670727177
14737,1776533400000,7182.841370084126
14738,1776533700000,7178.800604065087
14739,1776534000000,7176.552358310133
14740,1776534300000,7182.355262893866
14741,1776534600000,7183.843966164039
14742,1776534900000,7174.516784450918
14743,1776535200000,7174.9421282423955
14744,1776535500000,7181.109613218824
14745,1776535800000,7173.7572419661365
14746,1776536100000,7154.852904714298
14747,1776536400000,7154.852904714298
14748,1776536700000,7154.852904714298
14749,1776537000000,7154.852904714298
14750,1776537300000,7154.852904714298
14751,1776537600000,7154.852904714298
14752,1776537900000,7154.852904714298
14753,1776538200000,7154.852904714298
14754,1776538500000,7154.852904714298
14755,1776538800000,7151.990963552413
14756,1776539100000,7153.3890962514415
14757,1776539400000,7152.021357741522
14758,1776539700000,7156.671668675249
14759,1776540000000,7167.188058107077
14760,1776540300000,7160.015029477275
14761,1776540600000,7166.488991757563
14762,1776540900000,7171.807974851695
14763,1776541200000,7172.020734175461
14764,1776541500000,7166.276232433796
14765,1776541800000,7171.291273636836
14766,1776542100000,7168.495008238778
14767,1776542400000,7179.315339561699
14768,1776542700000,7165.516377706063
14769,1776543000000,7164.574157843675
14770,1776543300000,7166.337020812015
14771,1776543600000,7165.21243581497
14772,1776543900000,7168.160672158576
14773,1776544200000,7168.160672158576
14774,1776544500000,7165.485983516955
14775,1776544800000,7157.4619175920925
14776,1776545100000,7151.076614693367
14777,1776545400000,7151.076614693367
14778,1776545700000,7148.216184047491
14779,1776546000000,7144.720618207322
14780,1776546300000,7142.136939108067
14781,1776546600000,7148.3377689462795
14782,1776546900000,7158.45971177042
14783,1776547200000,7154.386617661005
14784,1776547500000,7148.489750069764
14785,1776547800000,7154.538598784491
14786,1776548100000,7159.067636264362
14787,1776548400000,7147.334693531275
14788,1776548700000,7147.456278430063
14789,1776549000000,7147.638655778245
14790,1776549300000,7139.978807154572
14791,1776549600000,7154.325825211611
14792,1776549900000,7158.45971177042
14793,1776550200000,7158.3989193210255
14794,1776550500000,7154.508202559794
14795,1776550800000,7147.517070879458
14796,1776551100000,7145.632504948237
14797,1776551400000,7136.538057137729
14798,1776551700000,7133.6840127237565
14799,1776552000000,7131.0731492495825
14800,1776552300000,7131.0731492495825
14801,1776552600000,7131.0731492495825
14802,1776552900000,7131.0731492495825
14803,1776553200000,7131.0731492495825
14804,1776553500000,7131.0731492495825
14805,1776553800000,7128.22129036166
14806,1776554100000,7126.314644833039
14807,1776554400000,7127.31336391946
14808,1776554700000,7126.4054374772595
14809,1776555000000,7122.410561131576
14810,1776555300000,7117.084059337333
14811,1776555600000,7121.139464112495
14812,1776555900000,7121.684219977816
14813,1776556200000,7111.121543039696
14814,1776556500000,7111.121543039696
14815,1776556800000,7108.27709442248
14816,1776557100000,7099.385838797597
14817,1776557400000,7096.5460844620775
14818,1776557700000,7100.288957948518
14819,1776558000000,7108.3482097298065
14820,1776558300000,7108.831161147413
14821,1776558600000,7114.294549059072
14822,1776558900000,7117.162073101103
14823,1776559200000,7115.2000829670815
14824,1776559500000,7105.239209978973
14825,1776559800000,7107.412491358196
14826,1776560100000,7105.329763369773
14827,1776560400000,7101.345414174531
14828,1776560700000,7108.1972874118055
14829,1776561000000,7106.627695304588
14830,1776561300000,7112.4231123158515
14831,1776561600000,7116.618752756297
14832,1776561900000,7119.6371991163305
14833,1776562200000,7120.482364097139
14834,1776562500000,7122.112325131557
14835,1776562800000,7118.0374225455125
14836,1776563100000,7111.42702501704
14837,1776563400000,7102.8848218181465
14838,1776563700000,7108.529316511408
14839,1776564000000,7112.543850170253
14840,1776564300000,7114.686947085876
14841,1776564600000,7112.307753778386
14842,1776564900000,7109.462830676874
14843,1776565200000,7140.068781208031
14844,1776565500000,7137.341518289413
14845,1776565800000,7141.159686375478
14846,1776566100000,7132.6142625638095
14847,1776566400000,7117.129469770322
14848,1776566700000,7124.826411785089
14849,1776567000000,7130.068817173099
14850,1776567300000,7136.19000727933
14851,1776567600000,7135.6445546956065
14852,1776567900000,7140.6142337917545
14853,1776568200000,7126.432466614942
14854,1776568500000,7133.917288180482
14855,1776568800000,7131.190025261863
14856,1776569100000,7120.735517407162
14857,1776569400000,7125.947619873854
14858,1776569700000,7123.977929988185
14859,1776570000000,7121.014923336817
14860,1776570300000,7118.166517367483
14861,1776570600000,7119.625013236265
14862,1776570900000,7129.712942995341
14863,1776571200000,7121.569674394642
14864,1776571500000,7121.235435758045
14865,1776571800000,7116.069929556108
14866,1776572100000,7118.257673359282
14867,1776572400000,7120.202334517658
14868,1776572700000,7123.362408900019
14869,1776573000000,7141.289753953799
14870,1776573300000,7141.411295276198
14871,1776573600000,7164.01798124232
14872,1776573900000,7160.007117603169
14873,1776574200000,7150.466123794887
14874,1776574500000,7149.250710570901
14875,1776574800000,7159.034787023982
14876,1776575100000,7157.5459058246
14877,1776575400000,7150.544033915595
14878,1776575700000,7150.544033915595
14879,1776576000000,7147.683816302028
14880,1776576300000,7147.775731515524
14881,1776576600000,7136.80718270501
14882,1776576900000,7142.322095514766
14883,1776577200000,7141.09655933482
14884,1776577500000,7142.352733919264
14885,1776577800000,7152.310215381322
14886,1776578100000,7151.0234023923795
14887,1776578400000,7160.460030977963
14888,1776578700000,7158.866833944033
14889,1776579000000,7178.904350486145
14890,1776579300000,7163.707701854818
14891,1776579600000,7156.66086882013
14892,1776579900000,7164.443023562785
14893,1776580200000,7159.326410011512
14894,1776580500000,7159.326410011512
14895,1776580800000,7158.4378962810515
14896,1776581100000,7162.145143225387
14897,1776581400000,7171.857517451457
14898,1776581700000,7168.058355293626
14899,1776582000000,7172.317093518936
14900,1776582300000,7185.062669790372
14901,1776582600000,7187.054166082783
14902,1776582900000,7203.8746501525375
14903,1776583200000,7235.60009853911
14904,1776583500000,7235.60009853911
14905,1776583800000,7235.60009853911
14906,1776584100000,7235.60009853911
14907,1776584400000,7235.60009853911
14908,1776584700000,7235.60009853911
14909,1776585000000,7232.705858499696
14910,1776585300000,7237.6074343344835
14911,1776585600000,7245.256390255015
14912,1776585900000,7244.4134440923435
14913,1776586200000,7235.609339726671
14914,1776586500000,7231.4258291415645
14915,1776586800000,7231.675590967542
14916,1776587100000,7239.605528942297
14917,1776587400000,7242.415349484532
14918,1776587700000,7231.363388685071
14919,1776588000000,7227.741842208412
14920,1776588300000,7225.743747600601
14921,1776588600000,7227.148657871718
14922,1776588900000,7229.302853620765
14923,1776589200000,7232.799519184436
14924,1776589500000,7234.610292422766
14925,1776589800000,7232.830739412683
14926,1776590100000,7238.325499584165
14927,1776590400000,7245.787134135215
14928,1776590700000,7240.167493050742
14929,1776591000000,7243.632938386167
14930,1776591300000,7254.809780098615
14931,1776591600000,7250.595049285262
14932,1776591900000,7258.462546803522
14933,1776592200000,7251.9032753811025
14934,1776592500000,7251.9032753811025
14935,1776592800000,7251.9032753811025
14936,1776593100000,7251.9032753811025
14937,1776593400000,7251.9032753811025
14938,1776593700000,7251.9032753811025
14939,1776594000000,7251.9032753811025
14940,1776594300000,7249.00251407095
14941,1776594600000,7242.728834311986
14942,1776594900000,7245.61472700111
14943,1776595200000,7240.031152015631
14944,1776595500000,7232.816420292821
14945,1776595800000,7225.773465837845
14946,1776596100000,7225.773465837845
14947,1776596400000,7225.773465837845
14948,1776596700000,7225.773465837845
14949,1776597000000,7225.773465837845
14950,1776597300000,7225.773465837845
14951,1776597600000,7225.773465837845
14952,1776597900000,7225.773465837845
14953,1776598200000,7225.773465837845
14954,1776598500000,7225.773465837845
14955,1776598800000,7225.773465837845
14956,1776599100000,7225.773465837845
14957,1776599400000,7225.773465837845
14958,1776599700000,7225.773465837845
14959,1776600000000,7225.773465837845
14960,1776600300000,7225.773465837845
14961,1776600600000,7225.773465837845
14962,1776600900000,7225.773465837845
14963,1776601200000,7225.773465837845
14964,1776601500000,7222.883734397798
14965,1776601800000,7224.062221224364
14966,1776602100000,7214.69635223429
14967,1776602400000,7214.448249744488
14968,1776602700000,7215.09951878022
14969,1776603000000,7225.209695239704
14970,1776603300000,7229.985668168417
14971,1776603600000,7247.600944944448
14972,1776603900000,7252.345905061937
14973,1776604200000,7245.616125026023
14974,1776604500000,7262.549119955096
14975,1776604800000,7269.247887179784
14976,1776605100000,7264.037734893916
14977,1776605400000,7261.494684373432
14978,1776605700000,7261.184556261178
14979,1776606000000,7263.758619592887
14980,1776606300000,7253.617430322178
14981,1776606600000,7251.6636232149785
14982,1776606900000,7252.873122852769
14983,1776607200000,7232.953040088106
14984,1776607500000,7232.953040088106
14985,1776607800000,7230.06043739261
14986,1776608100000,7237.037374549935
14987,1776608400000,7240.2622699470985
14988,1776608700000,7252.882774049458
14989,1776609000000,7245.843819672958
14990,1776609300000,7245.254656090784
14991,1776609600000,7249.812921700236
14992,1776609900000,7262.371408583422
14993,1776610200000,7249.812921700236
14994,1776610500000,7250.091999186529
14995,1776610800000,7251.611421056346
14996,1776611100000,7242.153795131973
14997,1776611400000,7244.882552775726
14998,1776611700000,7252.293610467285
14999,1776612000000,7243.33212229632
15000,1776612300000,7240.975467967625
15001,1776612600000,7208.199023500683
15002,1776612900000,7208.199023500683
15003,1776613200000,7208.199023500683
15004,1776613500000,7208.199023500683
15005,1776613800000,7208.199023500683
15006,1776614100000,7205.315743891284
15007,1776614400000,7205.655928331213
15008,1776614700000,7219.634416226451
15009,1776615000000,7220.654969546236
15010,1776615300000,7234.169569568847
15011,1776615600000,7233.674755838041
15012,1776615900000,7238.128079415285
15013,1776616200000,7225.7268102869875
15014,1776616500000,7229.530690842551
15015,1776616800000,7241.498997956394
15016,1776617100000,7234.07679199432
15017,1776617400000,7271.558932102793
15018,1776617700000,7264.4459847224725
15019,1776618000000,7287.423897346725
15020,1776618300000,7290.516483164257
15021,1776618600000,7276.197810829089
15022,1776618900000,7265.280982893206
15023,1776619200000,7267.445792965477
15024,1776619500000,7261.971916068447
15025,1776619800000,7278.857434632166
15026,1776620100000,7264.971724311452
15027,1776620400000,7271.77541311002
15028,1776620700000,7281.115022278963
15029,1776621000000,7302.886826434379
15030,1776621300000,7309.713499752571
15031,1776621600000,7309.713499752571
15032,1776621900000,7309.713499752571
15033,1776622200000,7309.713499752571
15034,1776622500000,7309.713499752571
15035,1776622800000,7309.713499752571
15036,1776623100000,7309.713499752571
15037,1776623400000,7309.713499752571
15038,1776623700000,7309.713499752571
15039,1776624000000,7309.713499752571
15040,1776624300000,7309.713499752571
15041,1776624600000,7309.713499752571
15042,1776624900000,7309.713499752571
15043,1776625200000,7306.78961435267
15044,1776625500000,7299.696263944732
15045,1776625800000,7300.65052633145
15046,1776626100000,7285.286901905289
15047,1776626400000,7314.964462132221
15048,1776626700000,7302.654477343557
15049,1776627000000,7308.4118604100895
15050,1776627300000,7306.0580131895185
15051,1776627600000,7309.46154903548
15052,1776627900000,7304.8174720867855
15053,1776628200000,7305.135559549025
15054,1776628500000,7301.604788718168
15055,1776628800000,7322.153238778829
15056,1776629100000,7319.067790395108
15057,1776629400000,7316.872986905657
15058,1776629700000,7331.282348945098
15059,1776630000000,7330.709791513068
15060,1776630300000,7324.538894745624
15061,1776630600000,7311.115603839125
15062,1776630900000,7324.411659760729
15063,1776631200000,7356.697537178023
15064,1776631500000,7368.880286981789
15065,1776631800000,7346.359694655244
15066,1776632100000,7362.1686415285385
15067,1776632400000,7357.99191376053
15068,1776632700000,7357.99191376053
15069,1776633000000,7357.99191376053
15070,1776633300000,7357.99191376053
15071,1776633600000,7357.99191376053
15072,1776633900000,7355.048716995027
15073,1776634200000,7355.724532714082
15074,1776634500000,7348.805467018997
15075,1776634800000,7350.575460568901
15076,1776635100000,7361.227603569242
15077,1776635400000,7388.903866349581
15078,1776635700000,7388.195868929619
15079,1776636000000,7445.640205049278
15080,1776636300000,7412.299962909241
15081,1776636600000,7438.753321055099
15082,1776636900000,7432.99279659268
15083,1776637200000,7434.505336535327
15084,1776637500000,7428.809175474723
15085,1776637800000,7415.614678102699
15086,1776638100000,7404.447627887842
15087,1776638400000,7396.981473277331
15088,1776638700000,7404.479809588748
15089,1776639000000,7394.59271268335
15090,1776639300000,7394.59271268335
15091,1776639600000,7394.59271268335
15092,1776639900000,7394.59271268335
15093,1776640200000,7394.59271268335
15094,1776640500000,7394.59271268335
15095,1776640800000,7394.59271268335
15096,1776641100000,7394.59271268335
15097,1776641400000,7394.59271268335
15098,1776641700000,7391.634875598277
15099,1776642000000,7390.754252433732
15100,1776642300000,7394.994289892653
15101,1776642600000,7391.145640506863
15102,1776642900000,7404.420219320559
15103,1776643200000,7376.207662382361
15104,1776643500000,7381.752326751719
15105,1776643800000,7385.046509700572
15106,1776644100000,7376.729513146536
15107,1776644400000,7358.497352073182
15108,1776644700000,7359.745693920136
15109,1776645000000,7359.745693920136
15110,1776645300000,7356.801795642567
15111,1776645600000,7354.504948359582
15112,1776645900000,7343.667711179299
15113,1776646200000,7338.4270173786845
15114,1776646500000,7340.723864661669
15115,1776646800000,7337.5212184501825
15116,1776647100000,7332.254802267197
15117,1776647400000,7332.254802267197
15118,1776647700000,7332.254802267197
15119,1776648000000,7329.322486809381
15120,1776648300000,7337.4618889214125
15121,1776648600000,7380.21787867196
15122,1776648900000,7366.448455336192
15123,1776649200000,7372.561049807678
15124,1776649500000,7371.981961910379
15125,1776649800000,7369.279551722986
15126,1776650100000,7354.963212039771
15127,1776650400000,7347.435069374888
15128,1776650700000,7346.534265979091
15129,1776651000000,7318.898077961132
15130,1776651300000,7318.898077961132
15131,1776651600000,7318.898077961132
15132,1776651900000,7318.898077961132
15133,1776652200000,7318.898077961132
15134,1776652500000,7318.898077961132
15135,1776652800000,7315.970518729947
15136,1776653100000,7306.634033513821
15137,1776653400000,7303.711964314256
15138,1776653700000,7296.087278715426
15139,1776654000000,7293.107884762942
15140,1776654300000,7297.913358879851
15141,1776654600000,7311.528868877762
15142,1776654900000,7302.366431561521
15143,1776655200000,7308.677620901729
15144,1776655500000,7305.345825514006
15145,1776655800000,7308.933912854631
15146,1776656100000,7308.7096573958415
15147,1776656400000,7309.318350783983
15148,1776656700000,7309.382423772208
15149,1776657000000,7327.803407887029
15150,1776657300000,7325.336597840348
15151,1776657600000,7316.782853912249
15152,1776657900000,7316.814890406363
15153,1776658200000,7315.1489927125
15154,1776658500000,7307.8126355606855
15155,1776658800000,7309.7668617015615
15156,1776659100000,7310.055190148576
15157,1776659400000,7304.02516343746
15158,1776659700000,7301.103553372085
15159,1776660000000,7300.3475124742
15160,1776660300000,7297.4279573802305
15161,1776660600000,7297.715584828843
15162,1776660900000,7297.395998774828
15163,1776661200000,7285.15585290605
15164,1776661500000,7264.639933367156
15165,1776661800000,7264.639933367156
15166,1776662100000,7264.639933367156
15167,1776662400000,7264.639933367156
15168,1776662700000,7264.639933367156
15169,1776663000000,7264.639933367156
15170,1776663300000,7264.639933367156
15171,1776663600000,7264.639933367156
15172,1776663900000,7264.639933367156
15173,1776664200000,7261.73407739381
15174,1776664500000,7265.38023035308
15175,1776664800000,7251.435294473766
15176,1776665100000,7254.889544645707
15177,1776665400000,7264.2607974269895
15178,1776665700000,7254.217884890052
15179,1776666000000,7255.20938262459
15180,1776666300000,7252.106954229421
15181,1776666600000,7235.259523340429
15182,1776666900000,7235.259523340429
15183,1776667200000,7235.259523340429
15184,1776667500000,7235.259523340429
15185,1776667800000,7235.259523340429
15186,1776668100000,7235.259523340429
15187,1776668400000,7235.259523340429
15188,1776668700000,7235.259523340429
15189,1776669000000,7235.259523340429
15190,1776669300000,7235.259523340429
15191,1776669600000,7235.259523340429
15192,1776669900000,7235.259523340429
15193,1776670200000,7235.259523340429
15194,1776670500000,7235.259523340429
15195,1776670800000,7235.259523340429
15196,1776671100000,7235.259523340429
15197,1776671400000,7232.365998236113
15198,1776671700000,7264.758452620733
15199,1776672000000,7244.880546466659
15200,1776672300000,7247.345533239341
15201,1776672600000,7269.625221377056
15202,1776672900000,7295.570787279273
15203,1776673200000,7275.661278730678
15204,1776673500000,7267.476258549587
15205,1776673800000,7260.808153305536
15206,1776674100000,7252.90755467514
15207,1776674400000,7254.645686373827
15208,1776674700000,7252.844349886097
15209,1776675000000,7247.4087380283845
15210,1776675300000,7249.873724801068
15211,1776675600000,7253.002361858705
15212,1776675900000,7276.356531410152
15213,1776676200000,7279.011132549965
15214,1776676500000,7280.180421147263
15215,1776676800000,7284.889177930979
15216,1776677100000,7283.087841443248
15217,1776677400000,7284.193925251503
15218,1776677700000,7300.943194347941
15219,1776678000000,7303.31337393706
15220,1776678300000,7300.469158430117
15221,1776678600000,7301.434802629339
15222,1776678900000,7301.434802629339
15223,1776679200000,7301.434802629339
15224,1776679500000,7301.434802629339
15225,1776679800000,7301.434802629339
15226,1776680100000,7301.434802629339
15227,1776680400000,7301.434802629339
15228,1776680700000,7301.434802629339
15229,1776681000000,7298.514812706273
15230,1776681300000,7299.210189311917
15231,1776681600000,7298.13551637592
15232,1776681900000,7294.658633347699
15233,1776682200000,7296.080994586518
15234,1776682500000,7277.649519710864
15235,1776682800000,7274.739041998523
15236,1776683100000,7289.331476165785
15237,1776683400000,7293.532328426056
15238,1776683700000,7293.374401649354
15239,1776684000000,7289.236720099762
15240,1776684300000,7284.183063245301
15241,1776684600000,7284.056721823939
15242,1776684900000,7290.752817156102
15243,1776685200000,7290.436963602698
15244,1776685500000,7296.943546802818
15245,1776685800000,7291.826719237675
15246,1776686100000,7291.2265974862075
15247,1776686400000,7290.752817156102
15248,1776686700000,7301.270740484451
15249,1776687000000,7303.513300713619
15250,1776687300000,7316.810735311923
15251,1776687600000,7318.895368764388
15252,1776687900000,7313.904882620607
15253,1776688200000,7313.210004803119
15254,1776688500000,7300.165253047538
15255,1776688800000,7300.291594468899
15256,1776689100000,7312.041346655525
15257,1776689400000,7319.369149094494
15258,1776689700000,7324.264879172255
15259,1776690000000,7312.9371220163775
15260,1776690300000,7312.9371220163775
15261,1776690600000,7312.9371220163775
15262,1776690900000,7310.012532085558
15263,1776691200000,7300.4422203942095
15264,1776691500000,7316.424325066888
15265,1776691800000,7315.982132447486
15266,1776692100000,7306.3802355690395
15267,1776692400000,7304.327198407529
15268,1776692700000,7284.681212031233
15269,1776693000000,7280.954159953414
15270,1776693300000,7298.7682054779025
15271,1776693600000,7283.859997166629
15272,1776693900000,7274.163344726882
15273,1776694200000,7261.466478526021
15274,1776694500000,7261.466478526021
15275,1776694800000,7261.466478526021
15276,1776695100000,7258.562472735768
15277,1776695400000,7258.562472735768
15278,1776695700000,7242.000931930022
15279,1776696000000,7242.000931930022
15280,1776696300000,7242.000931930022
15281,1776696600000,7242.000931930022
15282,1776696900000,7242.000931930022
15283,1776697200000,7242.000931930022
15284,1776697500000,7242.000931930022
15285,1776697800000,7242.000931930022
15286,1776698100000,7242.000931930022
15287,1776698400000,7242.000931930022
15288,1776698700000,7242.000931930022
15289,1776699000000,7242.000931930022
15290,1776699300000,7242.000931930022
15291,1776699600000,7242.000931930022
15292,1776699900000,7239.104710801476
15293,1776700200000,7245.306773463612
15294,1776700500000,7245.306773463612
15295,1776700800000,7242.409230262869
15296,1776701100000,7240.73573828682
15297,1776701400000,7237.840023134537
15298,1776701700000,7225.071049750321
15299,1776702000000,7222.181021330422
15300,1776702300000,7229.480465255184
15301,1776702600000,7229.668433768267
15302,1776702900000,7231.986712096302
15303,1776703200000,7220.802585567807
15304,1776703500000,7238.4716257977
15305,1776703800000,7237.469127061251
15306,1776704100000,7241.573106263584
15307,1776704400000,7224.593283915001
15308,1776704700000,7208.459319875294
15309,1776705000000,7199.499487418291
15310,1776705300000,7174.884393981694
15311,1776705600000,7174.884393981694
15312,1776705900000,7174.884393981694
15313,1776706200000,7172.015014100078
15314,1776706500000,7182.598425845626
15315,1776706800000,7179.2464948529005
15316,1776707100000,7200.102954363188
15317,1776707400000,7196.378586593494
15318,1776707700000,7191.319653706326
15319,1776708000000,7213.324459945603
15320,1776708300000,7233.870555475081
15321,1776708600000,7235.887921350333
15322,1776708900000,7243.30562049164
15323,1776709200000,7228.346076616702
15324,1776709500000,7226.701147518421
15325,1776709800000,7233.187754717305
15326,1776710100000,7218.197174444284
15327,1776710400000,7247.65071622295
15328,1776710700000,7235.608593767605
15329,1776711000000,7253.020013090926
15330,1776711300000,7244.609149211034
15331,1776711600000,7242.591783335783
15332,1776711900000,7246.750660678607
15333,1776712200000,7244.671222007195
15334,1776712500000,7232.349771969124
15335,1776712800000,7225.739019177917
15336,1776713100000,7230.301369695791
15337,1776713400000,7225.858339121817
15338,1776713700000,7222.968573739246
15339,1776714000000,7218.473593296361
15340,1776714300000,7221.883578459929
15341,1776714600000,7223.030573469492
15342,1776714900000,7228.486549731201
15343,1776715200000,7234.96552154198
15344,1776715500000,7222.348576436779
15345,1776715800000,7229.13754689879
15346,1776716100000,7243.39748485553
15347,1776716400000,7237.66250980771
15348,1776716700000,7226.688557554046
15349,1776717000000,7225.324563488621
15350,1776717300000,7219.496588845431
15351,1776717600000,7214.316006474876
15352,1776717900000,7214.316006474876
15353,1776718200000,7214.316006474876
15354,1776718500000,7214.316006474876
15355,1776718800000,7214.316006474876
15356,1776719100000,7211.430857102162
15357,1776719400000,7182.137228124943
15358,1776719700000,7182.137228124943
15359,1776720000000,7182.137228124943
15360,1776720300000,7182.137228124943
15361,1776720600000,7182.137228124943
15362,1776720900000,7182.137228124943
15363,1776721200000,7182.137228124943
15364,1776721500000,7182.137228124943
15365,1776721800000,7182.137228124943
15366,1776722100000,7182.137228124943
15367,1776722400000,7179.2649476897805
15368,1776722700000,7174.757844945195
15369,1776723000000,7171.887941807217
15370,1776723300000,7189.613229220969
15371,1776723600000,7183.344530013666
15372,1776723900000,7185.691432179947
15373,1776724200000,7170.621849849091
15374,1776724500000,7175.686217681593
15375,1776724800000,7179.669775305938
15376,1776725100000,7186.834002971425
15377,1776725400000,7183.653332930282
15378,1776725700000,7184.270938763513
15379,1776726000000,7203.509360468684
15380,1776726300000,7205.362177968378
15381,1776726600000,7207.832601301307
15382,1776726900000,7211.445595425712
15383,1776727200000,7205.362177968378
15384,1776727500000,7213.823377883655
15385,1776727800000,7208.789890342815
15386,1776728100000,7202.428550260528
15387,1776728400000,7203.44759988536
15388,1776728700000,7199.4640422610155
15389,1776729000000,7200.884535677449
15390,1776729300000,7201.409500635696
15391,1776729600000,7197.549464177997
15392,1776729900000,7205.423938551701
15393,1776730200000,7194.579859003432
15394,1776730500000,7191.702027059831
15395,1776730800000,7190.6145848410515
15396,1776731100000,7190.086398620501
15397,1776731400000,7186.32695552129
15398,1776731700000,7189.092165734759
15399,1776732000000,7189.309654178515
15400,1776732300000,7174.271881781672
15401,1776732600000,7182.816070643515
15402,1776732900000,7172.065927566433
15403,1776733200000,7174.955416890619
15404,1776733500000,7167.312251581481
15405,1776733800000,7169.021089353849
15406,1776734100000,7179.678023097894
15407,1776734400000,7179.24304621038
15408,1776734700000,7167.5728123165345
15409,1776735000000,7167.5728123165345
15410,1776735300000,7164.706356482775
15411,1776735600000,7167.6079846144785
15412,1776735900000,7163.842041720139
15413,1776736200000,7147.389192845684
15414,1776736500000,7146.524878083048
15415,1776736800000,7130.213321311092
15416,1776737100000,7130.213321311092
15417,1776737400000,7130.213321311092
15418,1776737700000,7130.213321311092
15419,1776738000000,7130.213321311092
15420,1776738300000,7130.213321311092
15421,1776738600000,7130.213321311092
15422,1776738900000,7130.213321311092
15423,1776739200000,7130.213321311092
15424,1776739500000,7130.213321311092
15425,1776739800000,7130.213321311092
15426,1776740100000,7130.213321311092
15427,1776740400000,7130.213321311092
15428,1776740700000,7130.213321311092
15429,1776741000000,7130.213321311092
15430,1776741300000,7130.213321311092
15431,1776741600000,7130.213321311092
15432,1776741900000,7127.361235982568
15433,1776742200000,7120.2812626467185
15434,1776742500000,7131.3804348195135
15435,1776742800000,7125.8463071901815
15436,1776743100000,7116.509399122816
15437,1776743400000,7111.46994211957
15438,1776743700000,7110.758853094572
15439,1776744000000,7111.315357548918
15440,1776744300000,7120.2812626467185
15441,1776744600000,7127.763155866262
15442,1776744900000,7131.19493333473
15443,1776745200000,7127.299402154307
15444,1776745500000,7121.332437727151
15445,1776745800000,7130.20559208256
15446,1776746100000,7118.7045000260705
15447,1776746400000,7117.282321976075
15448,1776746700000,7112.675701770653
15449,1776747000000,7104.810208413157
15450,1776747300000,7104.810208413157
15451,1776747600000,7104.810208413157
15452,1776747900000,7104.810208413157
15453,1776748200000,7104.810208413157
15454,1776748500000,7104.810208413157
15455,1776748800000,7104.810208413157
15456,1776749100000,7104.810208413157
15457,1776749400000,7104.810208413157
15458,1776749700000,7101.968852600954
15459,1776750000000,7101.784770775871
15460,1776750300000,7097.642929711512
15461,1776750600000,7101.324566213165
15462,1776750900000,7099.637149483241
15463,1776751200000,7088.929723324267
15464,1776751500000,7089.17516575771
15465,1776751800000,7089.8194521455
15466,1776752100000,7080.758197200365
15467,1776752400000,7080.758197200365
15468,1776752700000,7077.925893921486
15469,1776753000000,7045.108470465107
15470,1776753300000,7045.108470465107
15471,1776753600000,7045.108470465107
15472,1776753900000,7045.108470465107
15473,1776754200000,7045.108470465107
15474,1776754500000,7042.290990572898
15475,1776754800000,7030.560727159526
15476,1776755100000,7033.3565412373255
15477,1776755400000,7033.234984103508
15478,1776755700000,7040.437244282184
15479,1776756000000,7045.907315303964
15480,1776756300000,7054.9329324899
15481,1776756600000,7042.564494123987
15482,1776756900000,7053.80852900209
15483,1776757200000,7055.84461099353
15484,1776757500000,7059.157042890052
15485,1776757800000,7049.493250751575
15486,1776758100000,7045.694590319784
15487,1776758400000,7049.128579350124
15488,1776758700000,7048.368847263765
15489,1776759000000,7038.887390826013
15490,1776759300000,7042.047876305264
15491,1776759600000,7056.148503828073
15492,1776759900000,7059.430546441141
15493,1776760200000,7057.424853733156
15494,1776760500000,7055.692664576259
15495,1776760800000,7070.735359886152
15496,1776761100000,7076.782827293565
15497,1776761400000,7061.497017716035
15498,1776761700000,7057.913273144917
15499,1776762000000,7055.090672355817
15500,1776762300000,7057.308633291551
15501,1776762600000,7061.714172136501
15502,1776762900000,7066.909669670889
15503,1776763200000,7064.084048204819
15504,1776763500000,7048.132959283448
15505,1776763800000,7053.085392605702
15506,1776764100000,7060.498851075824
15507,1776764400000,7064.023282151784
15508,1776764700000,7062.443364772905
15509,1776765000000,7057.916293821888
15510,1776765300000,7066.150094007967
15511,1776765600000,7071.041761277188
15512,1776765900000,7077.847559216972
15513,1776766200000,7073.624318531124
15514,1776766500000,7070.829080091569
15515,1776766800000,7080.399733444391
15516,1776767100000,7073.350871292471
15517,1776767400000,7076.510706050228
15518,1776767700000,7076.510706050228
15519,1776768000000,7089.788088638112
15520,1776768300000,7094.588606827782
15521,1776768600000,7093.43405182014
15522,1776768900000,7082.739226486193
15523,1776769200000,7076.74784315492
15524,1776769500000,7073.91771004428
15525,1776769800000,7047.375126669605
15526,1776770100000,7059.5974846496965
15527,1776770400000,7079.268792145016
15528,1776770700000,7074.130537173286
15529,1776771000000,7071.485399998491
15530,1776771300000,7069.782782966438
15531,1776771600000,7061.725755939761
15532,1776771900000,7059.445465271834
15533,1776772200000,7056.617904843604
15534,1776772500000,7052.24556246923
15535,1776772800000,7052.24556246923
15536,1776773100000,7052.24556246923
15537,1776773400000,7052.24556246923
15538,1776773700000,7052.24556246923
15539,1776774000000,7052.24556246923
15540,1776774300000,7052.24556246923
15541,1776774600000,7049.424664244243
15542,1776774900000,7089.361099131585
15543,1776775200000,7115.772637881281
15544,1776775500000,7116.289319306765
15545,1776775800000,7088.145378130448
15546,1776776100000,7085.318826802805
15547,1776776400000,7098.630971765254
15548,1776776700000,7091.57978995866
15549,1776777000000,7094.6494854865305
15550,1776777300000,7090.880750383006
15551,1776777600000,7089.756208456955
15552,1776777900000,7087.628696704965
15553,1776778200000,7091.36703878346
15554,1776778500000,7102.278134768663
15555,1776778800000,7077.386247270388
15556,1776779100000,7082.34031035002
15557,1776779400000,7079.422579947292
15558,1776779700000,7071.061062100173
15559,1776780000000,7068.2326376753335
15560,1776780300000,7067.283304655589
15561,1776780600000,7076.807258498836
15562,1776780900000,7049.889073842201
15563,1776781200000,7052.798320193032
15564,1776781500000,7052.308341860261
15565,1776781800000,7042.570022496427
15566,1776782100000,7032.7092085494005
15567,1776782400000,7027.870672513282
15568,1776782700000,7053.16580394261
15569,1776783000000,7058.096210916124
15570,1776783300000,7097.845703162211
15571,1776783600000,7098.182563265992
15572,1776783900000,7093.650263687856
15573,1776784200000,7079.777752141262
15574,1776784500000,7064.34343465896
15575,1776784800000,7086.269965050484
15576,1776785100000,7089.761060671482
15577,1776785400000,7092.088457752146
15578,1776785700000,7072.581195378681
15579,1776786000000,7083.054482241671
15580,1776786300000,7072.305582566497
15581,1776786600000,7082.38076203411
15582,1776786900000,7064.496552887952
15583,1776787200000,7063.141835042695
15584,1776787500000,7063.141835042695
15585,1776787800000,7063.141835042695
15586,1776788100000,7063.141835042695
15587,1776788400000,7060.317143247037
15588,1776788700000,7061.004975648721
15589,1776789000000,7061.004975648721
15590,1776789300000,7061.004975648721
15591,1776789600000,7058.181138425906
15592,1776789900000,7068.98200178307
15593,1776790200000,7053.970632371418
15594,1776790500000,7040.240721324176
15595,1776790800000,7041.979843390161
15596,1776791100000,7030.806686511613
15597,1776791400000,7030.806686511613
15598,1776791700000,7030.806686511613
15599,1776792000000,7030.806686511613
15600,1776792300000,7030.806686511613
15601,1776792600000,7030.806686511613
15602,1776792900000,7027.994363837009
15603,1776793200000,7004.7104186253455
15604,1776793500000,7011.719983283308
15605,1776793800000,7027.628647420071
15606,1776794100000,7030.310567810943
15607,1776794400000,7033.053440937972
15608,1776794700000,7031.742957110614
15609,1776795000000,7031.895338951004
15610,1776795300000,7035.4915503842185
15611,1776795600000,7036.680128739265
15612,1776795900000,7032.779153625269
15613,1776796200000,7019.643838983611
15614,1776796500000,7027.994363837009
15615,1776796800000,7031.438193429833
15616,1776797100000,7041.586823999837
15617,1776797400000,7025.982923543854
15618,1776797700000,7009.056999356922
15619,1776798000000,7009.056999356922
15620,1776798300000,7009.056999356922
15621,1776798600000,7009.056999356922
15622,1776798900000,7009.056999356922
15623,1776799200000,7009.056999356922
15624,1776799500000,7009.056999356922
15625,1776799800000,7009.056999356922
15626,1776800100000,7009.056999356922
15627,1776800400000,7009.056999356922
15628,1776800700000,7009.056999356922
15629,1776801000000,7009.056999356922
15630,1776801300000,7009.056999356922
15631,1776801600000,7009.056999356922
15632,1776801900000,7009.056999356922
15633,1776802200000,7009.056999356922
15634,1776802500000,7009.056999356922
15635,1776802800000,7009.056999356922
15636,1776803100000,7009.056999356922
15637,1776803400000,7009.056999356922
15638,1776803700000,7009.056999356922
15639,1776804000000,7009.056999356922
15640,1776804300000,7009.056999356922
15641,1776804600000,7009.056999356922
15642,1776804900000,7006.2539371696175
15643,1776805200000,7010.189082561537
15644,1776805500000,6999.564190003354
15645,1776805800000,7002.984739459408
15646,1776806100000,7003.075550506914
15647,1776806400000,7007.222588343013
15648,1776806700000,7000.805274319268
15649,1776807000000,7003.650687141117
15650,1776807300000,7005.34582669456
15651,1776807600000,6992.692820742081
15652,1776807900000,6996.416073689819
15653,1776808200000,6996.143640547301
15654,1776808500000,7000.199867335896
15655,1776808800000,6995.96201845229
15656,1776809100000,6999.01932371832
15657,1776809400000,7009.4020534831525
15658,1776809700000,6984.186852625701
15659,1776810000000,6983.763067737341
15660,1776810300000,6980.1831275625345
15661,1776810600000,6980.1831275625345
15662,1776810900000,6980.1831275625345
15663,1776811200000,6977.3916126144995
15664,1776811500000,6962.290366433355
15665,1776811800000,6959.505450286782
15666,1776812100000,6955.225471101121
15667,1776812400000,6935.84500197168
15668,1776812700000,6925.879417583966
15669,1776813000000,6925.879417583966
15670,1776813300000,6925.879417583966
15671,1776813600000,6925.879417583966
15672,1776813900000,6925.879417583966
15673,1776814200000,6925.879417583966
15674,1776814500000,6925.879417583966
15675,1776814800000,6925.879417583966
15676,1776815100000,6925.879417583966
15677,1776815400000,6925.879417583966
15678,1776815700000,6925.879417583966
15679,1776816000000,6925.879417583966
15680,1776816300000,6925.879417583966
15681,1776816600000,6925.879417583966
15682,1776816900000,6925.879417583966
15683,1776817200000,6923.109619776494
15684,1776817500000,6926.05932605886
15685,1776817800000,6922.1859743749455
15686,1776818100000,6930.707348079557
15687,1776818400000,6931.899148597685
15688,1776818700000,6924.390805333482
15689,1776819000000,6921.85822923246
15690,1776819300000,6929.068622367131
15691,1776819600000,6927.847026836051
15692,1776819900000,6926.238096136579
15693,1776820200000,6934.431724698706
15694,1776820500000,6908.420678390574
15695,1776820800000,6904.815481823238
15696,1776821100000,6892.523241058389
15697,1776821400000,6892.523241058389
15698,1776821700000,6889.766783053567
15699,1776822000000,6885.996854654395
15700,1776822300000,6889.677729626815
15701,1776822600000,6890.3901570408325
15702,1776822900000,6893.8335562085795
15703,1776823200000,6892.646177185217
15704,1776823500000,6896.26768320647
15705,1776823800000,6931.0282041153705
15706,1776824100000,6963.05775327054
15707,1776824400000,6957.981707945671
15708,1776824700000,6991.198636124201
15709,1776825000000,6982.026133168735
15710,1776825300000,6987.102178493605
15711,1776825600000,7016.875707504388
15712,1776825900000,7005.5065533557035
15713,1776826200000,7033.528698307028
15714,1776826500000,7036.229985585176
15715,1776826800000,7047.124188124516
15716,1776827100000,7048.34125162346
15717,1776827400000,7038.396952302811
15718,1776827700000,7016.252333517124
15719,1776828000000,7019.933208489542
15720,1776828300000,7020.734689330311
15721,1776828600000,7005.47686888012
15722,1776828900000,6998.817519964089
15723,1776829200000,6998.817519964089
15724,1776829500000,6998.817519964089
15725,1776829800000,6998.817519964089
15726,1776830100000,6998.817519964089
15727,1776830400000,6998.817519964089
15728,1776830700000,6998.817519964089
15729,1776831000000,6998.817519964089
15730,1776831300000,6996.018552749547
15731,1776831600000,6994.566334169699
15732,1776831900000,7000.790128083335
15733,1776832200000,6994.566334169699
15734,1776832500000,7013.11916745511
15735,1776832800000,7008.969971512685
15736,1776833100000,7002.479443574179
15737,1776833400000,7000.286297147469
15738,1776833700000,7005.650614758746
15739,1776834000000,7006.27299415011
15740,1776834300000,7014.57138603496
15741,1776834600000,7013.593361277101
15742,1776834900000,7084.159329412191
15743,1776835200000,7082.855296401715
15744,1776835500000,7076.838962285199
15745,1776835800000,7098.088772933187
15746,1776836100000,7082.647836604594
15747,1776836400000,7105.231317376932
15748,1776836700000,7118.656929962063
15749,1776837000000,7120.316608339032
15750,1776837300000,7103.453090544464
15751,1776837600000,7095.865989392603
15752,1776837900000,7089.642195478967
15753,1776838200000,7090.205300642581
15754,1776838500000,7089.443270345544
15755,1776838800000,7089.443270345544
15756,1776839100000,7089.443270345544
15757,1776839400000,7089.443270345544
15758,1776839700000,7089.443270345544
15759,1776840000000,7089.443270345544
15760,1776840300000,7089.443270345544
15761,1776840600000,7089.443270345544
15762,1776840900000,7089.443270345544
15763,1776841200000,7089.443270345544
15764,1776841500000,7089.443270345544
15765,1776841800000,7089.443270345544
15766,1776842100000,7086.60806007946
15767,1776842400000,7081.77598541038
15768,1776842700000,7077.358935559504
15769,1776843000000,7079.345125760905
15770,1776843300000,7077.9221835270655
15771,1776843600000,7096.568655716338
15772,1776843900000,7089.335366027653
15773,1776844200000,7084.770093027418
15774,1776844500000,7084.977605436519
15775,1776844800000,7083.554663202679
15776,1776845100000,7087.675266754841
15777,1776845400000,7087.171308047023
15778,1776845700000,7087.200952676893
15779,1776846000000,7074.572340351568
15780,1776846300000,7069.816664139963
15781,1776846600000,7066.989302946546
15782,1776846900000,7066.930043217958
15783,1776847200000,7063.315199774064
15784,1776847500000,7065.063361767422
15785,1776847800000,7079.433845950111
15786,1776848100000,7076.263450470631
15787,1776848400000,7076.174560877749
15788,1776848700000,7087.463539173841
15789,1776849000000,7086.811682159369
15790,1776849300000,7082.337572650944
15791,1776849600000,7084.678331930186
15792,1776849900000,7092.352466782385
15793,1776850200000,7084.974630573128
15794,1776850500000,7086.722792566486
15795,1776850800000,7087.137610666605
15796,1776851100000,7082.485721972415
15797,1776851400000,7068.915244125668
15798,1776851700000,7074.159730105744
15799,1776852000000,7070.18932829032
15800,1776852300000,7072.856016076798
15801,1776852600000,7082.130163600884
15802,1776852900000,7083.700546408477
15803,1776853200000,7079.789404321642
15804,1776853500000,7084.856111115951
15805,1776853800000,7087.7091106642165
15806,1776854100000,7084.8745939232995
15807,1776854400000,7082.296584154417
15808,1776854700000,7084.311580295613
15809,1776855000000,7082.82996548591
15810,1776855300000,7082.711436301134
15811,1776855600000,7083.126288447851
15812,1776855900000,7074.888510105906
15813,1776856200000,7081.259453787626
15814,1776856500000,7085.407975254793
15815,1776856800000,7088.074881912257
15816,1776857100000,7089.20090916763
15817,1776857400000,7090.8010531621085
15818,1776857700000,7086.26731184442
15819,1776858000000,7089.971348868676
15820,1776858300000,7098.742508542115
15821,1776858600000,7105.67646585152
15822,1776858900000,7107.12844836503
15823,1776859200000,7112.84748153048
15824,1776859500000,7113.025275307644
15825,1776859800000,7118.62577928832
15826,1776860100000,7115.544020484139
15827,1776860400000,7110.595427019733
15828,1776860700000,7106.180214886819
15829,1776861000000,7118.507250103544
15830,1776861300000,7105.23373549357
15831,1776861600000,7105.23373549357
15832,1776861900000,7105.23373549357
15833,1776862200000,7105.23373549357
15834,1776862500000,7105.23373549357
15835,1776862800000,7105.23373549357
15836,1776863100000,7105.23373549357
15837,1776863400000,7105.23373549357
15838,1776863700000,7105.23373549357
15839,1776864000000,7105.23373549357
15840,1776864300000,7105.23373549357
15841,1776864600000,7105.23373549357
15842,1776864900000,7105.23373549357
15843,1776865200000,7105.23373549357
15844,1776865500000,7105.23373549357
15845,1776865800000,7105.23373549357
15846,1776866100000,7105.23373549357
15847,1776866400000,7105.23373549357
15848,1776866700000,7105.23373549357
15849,1776867000000,7105.23373549357
15850,1776867300000,7102.392210304411
15851,1776867600000,7116.3567689627835
15852,1776867900000,7104.071492674722
15853,1776868200000,7070.662611833807
15854,1776868500000,7085.393158941794
15855,1776868800000,7058.730868676336
15856,1776869100000,7074.66932064718
15857,1776869400000,7075.052314871987
15858,1776869700000,7080.001778700271
15859,1776870000000,7059.736069102477
15860,1776870300000,7059.736069102477
15861,1776870600000,7059.736069102477
15862,1776870900000,7059.736069102477
15863,1776871200000,7059.736069102477
15864,1776871500000,7059.736069102477
15865,1776871800000,7059.736069102477
15866,1776872100000,7059.736069102477
15867,1776872400000,7059.736069102477
15868,1776872700000,7059.736069102477
15869,1776873000000,7059.736069102477
15870,1776873300000,7056.912739340789
15871,1776873600000,7080.809300120142
15872,1776873900000,7067.246387245374
15873,1776874200000,7059.114510911368
15874,1776874500000,7047.401086155886
15875,1776874800000,7036.744511754283
15876,1776875100000,7025.15587683194
15877,1776875400000,7025.15587683194
15878,1776875700000,7025.15587683194
15879,1776876000000,7025.15587683194
15880,1776876300000,7025.15587683194
15881,1776876600000,7025.15587683194
15882,1776876900000,7025.15587683194
15883,1776877200000,7025.15587683194
15884,1776877500000,7022.345814481208
15885,1776877800000,7023.695564587023
15886,1776878100000,7034.875016550405
15887,1776878400000,7037.574516762034
15888,1776878700000,7028.50771713819
15889,1776879000000,7026.336380011443
15890,1776879300000,7011.19570491143
15891,1776879600000,7013.102960495735
15892,1776879900000,7005.8847316689835
15893,1776880200000,6999.4880898631645
15894,1776880500000,7007.645275285264
15895,1776880800000,6999.664144224792
15896,1776881100000,7005.943416456193
15897,1776881400000,7000.192307309676
15898,1776881700000,7004.036160871889
15899,1776882000000,7001.835481351538
15900,1776882300000,7010.4914874649185
15901,1776882600000,7014.95153129283
15902,1776882900000,7010.814253794569
15903,1776883200000,7010.69688422015
15904,1776883500000,6994.991449845146
15905,1776883800000,6992.194012752627
15906,1776884100000,6978.799257500507
15907,1776884400000,6978.799257500507
15908,1776884700000,6978.799257500507
15909,1776885000000,6976.007737797508
15910,1776885300000,6956.746512936934
15911,1776885600000,6944.682750316243
15912,1776885900000,6945.4313674005625
15913,1776886200000,6942.653750377008
15914,1776886500000,6936.056332556526
15915,1776886800000,6929.1749127523835
15916,1776887100000,6926.403242787282
15917,1776887400000,6921.0832722295845
15918,1776887700000,6922.87587100446
15919,1776888000000,6912.293755655995
15920,1776888300000,6919.290673454706
15921,1776888600000,6916.310871255264
15922,1776888900000,6913.544346906762
15923,1776889200000,6918.074958771255
15924,1776889500000,6910.543177264039
15925,1776889800000,6912.101476886222
15926,1776890100000,6920.585552606994
15927,1776890400000,6921.739848623426
15928,1776890700000,6921.393559818497
15929,1776891000000,6929.762205937626
15930,1776891300000,6927.395899103941
15931,1776891600000,6919.488971391385
15932,1776891900000,6918.507819777417
15933,1776892200000,6921.2492728164425
15934,1776892500000,6920.729839609048
15935,1776892800000,6911.870617682935
15936,1776893100000,6912.707482294848
15937,1776893400000,6902.28762905244
15938,1776893700000,6902.28762905244
15939,1776894000000,6902.28762905244
15940,1776894300000,6902.28762905244
15941,1776894600000,6902.28762905244
15942,1776894900000,6902.28762905244
15943,1776895200000,6902.28762905244
15944,1776895500000,6902.28762905244
15945,1776895800000,6899.527266073415
15946,1776896100000,6894.013158368261
15947,1776896400000,6887.8097871999635
15948,1776896700000,6884.162434707492
15949,1776897000000,6881.6925739645585
15950,1776897300000,6880.515082215021
15951,1776897600000,6880.945871879485
15952,1776897900000,6876.873208846687
15953,1776898200000,6874.122459563149
15954,1776898500000,6863.1309394636655
15955,1776898800000,6863.1309394636655
15956,1776899100000,6860.38568708788
15957,1776899400000,6858.43857774068
15958,1776899700000,6861.216071956538
15959,1776900000000,6905.026032268528
15960,1776900300000,6890.594515930461
15961,1776900600000,6916.393714780856
15962,1776900900000,6914.475239394644
15963,1776901200000,6915.849669522079
15964,1776901500000,6910.122877324433
15965,1776901800000,6916.565518546785
15966,1776902100000,6925.613850219065
15967,1776902400000,6920.0874957483375
15968,1776902700000,6946.316204013555
15969,1776903000000,6964.813742811951
15970,1776903300000,6926.243577064855
15971,1776903600000,6926.243577064855
15972,1776903900000,6926.243577064855
15973,1776904200000,6926.243577064855
15974,1776904500000,6923.47307963403
15975,1776904800000,6934.19387188283
15976,1776905100000,6937.864577924537
15977,1776905400000,6942.787985234449
15978,1776905700000,6936.670141831601
15979,1776906000000,6950.362458018926
15980,1776906300000,6949.197154513623
15981,1776906600000,6952.605667266638
15982,1776906900000,6959.043969133443
15983,1776907200000,6970.580473835956
15984,1776907500000,6965.569668763148
15985,1776907800000,6966.4436463921265
15986,1776908100000,6960.354935576911
15987,1776908400000,6953.945766297737
15988,1776908700000,6947.041343028809
15989,1776909000000,6955.839384493856
15990,1776909300000,6954.64494840092
15991,1776909600000,6966.3562486292285
15992,1776909900000,6963.413857278334
15993,1776910200000,6972.73628532077
15994,1776910500000,6974.425975403461
15995,1776910800000,6980.572951393941
15996,1776911100000,6988.49701523001
15997,1776911400000,6990.769357065354
15998,1776911700000,7003.225123131846
15999,1776912000000,7003.225123131846
16000,1776912300000,7003.225123131846
16001,1776912600000,7003.225123131846
16002,1776912900000,7003.225123131846
16003,1776913200000,7003.225123131846
16004,1776913500000,7003.225123131846
16005,1776913800000,7003.225123131846
16006,1776914100000,7003.225123131846
16007,1776914400000,7003.225123131846
16008,1776914700000,7003.225123131846
16009,1776915000000,7003.225123131846
16010,1776915300000,7003.225123131846
16011,1776915600000,7003.225123131846
16012,1776915900000,7003.225123131846
16013,1776916200000,7003.225123131846
16014,1776916500000,7003.225123131846
16015,1776916800000,7003.225123131846
16016,1776917100000,7003.225123131846
16017,1776917400000,7000.423833082594
16018,1776917700000,7001.918013821474
16019,1776918000000,7001.918013821474
16020,1776918300000,7000.901970919035
16021,1776918600000,6986.647486670117
16022,1776918900000,6992.504675166528
16023,1776919200000,6992.863278543859
16024,1776919500000,6993.670136142854
16025,1776919800000,6988.1715510237755
16026,1776920100000,6987.454344269113
16027,1776920400000,6973.3426137981605
16028,1776920700000,6970.553276752642
16029,1776921000000,6971.828425305039
16030,1776921300000,6974.497340879824
16031,1776921600000,6981.199284434285
16032,1776921900000,6984.728183916501
16033,1776922200000,6992.201147525898
16034,1776922500000,7000.593404277722
16035,1776922800000,6990.125324301064
16036,1776923100000,6982.326159899193
16037,1776923400000,6979.153115826949
16038,1776923700000,6978.708296564485
16039,1776924000000,6966.963009736898
16040,1776924300000,6966.963009736898
16041,1776924600000,6966.963009736898
16042,1776924900000,6966.963009736898
16043,1776925200000,6966.963009736898
16044,1776925500000,6966.963009736898
16045,1776925800000,6966.963009736898
16046,1776926100000,6966.963009736898
16047,1776926400000,6964.176781778596
16048,1776926700000,6951.5415428331125
16049,1776927000000,6967.81644077226
16050,1776927300000,6966.928719066487
16051,1776927600000,6968.704162478032
16052,1776927900000,6966.514448937128
16053,1776928200000,6964.413507566802
16054,1776928500000,6955.1812018267765
16055,1776928800000,6956.335240044279
16056,1776929100000,6955.625062679663
16057,1776929400000,6960.418759890829
16058,1776929700000,6956.601556556011
16059,1776930000000,6958.82086082044
16060,1776930300000,6960.980983637818
16061,1776930600000,6925.305145760629
16062,1776930900000,6925.305145760629
16063,1776931200000,6925.305145760629
16064,1776931500000,6925.305145760629
16065,1776931800000,6925.305145760629
16066,1776932100000,6925.305145760629
16067,1776932400000,6925.305145760629
16068,1776932700000,6925.305145760629
16069,1776933000000,6925.305145760629
16070,1776933300000,6925.305145760629
16071,1776933600000,6925.305145760629
16072,1776933900000,6925.305145760629
16073,1776934200000,6925.305145760629
16074,1776934500000,6925.305145760629
16075,1776934800000,6925.305145760629
16076,1776935100000,6925.305145760629
16077,1776935400000,6925.305145760629
16078,1776935700000,6925.305145760629
16079,1776936000000,6925.305145760629
16080,1776936300000,6925.305145760629
16081,1776936600000,6925.305145760629
16082,1776936900000,6925.305145760629
16083,1776937200000,6925.305145760629
16084,1776937500000,6925.305145760629
16085,1776937800000,6925.305145760629
16086,1776938100000,6925.305145760629
16087,1776938400000,6925.305145760629
16088,1776938700000,6925.305145760629
16089,1776939000000,6925.305145760629
16090,1776939300000,6925.305145760629
16091,1776939600000,6925.305145760629
16092,1776939900000,6925.305145760629
16093,1776940200000,6925.305145760629
16094,1776940500000,6925.305145760629
16095,1776940800000,6925.305145760629
16096,1776941100000,6925.305145760629
16097,1776941400000,6925.305145760629
16098,1776941700000,6925.305145760629
16099,1776942000000,6922.535023702325
16100,1776942300000,6926.539109331624
16101,1776942600000,6923.700391907868
16102,1776942900000,6916.887470090852
16103,1776943200000,6912.913265697593
16104,1776943500000,6915.453170760953
16105,1776943800000,6924.208372920539
16106,1776944100000,6905.024619383154
16107,1776944400000,6899.705759368114
16108,1776944700000,6896.926804416436
16109,1776945000000,6881.421636510849
16110,1776945300000,6881.421636510849
16111,1776945600000,6881.421636510849
16112,1776945900000,6881.421636510849
16113,1776946200000,6881.421636510849
16114,1776946500000,6881.421636510849
16115,1776946800000,6881.421636510849
16116,1776947100000,6881.421636510849
16117,1776947400000,6881.421636510849
16118,1776947700000,6881.421636510849
16119,1776948000000,6881.421636510849
16120,1776948300000,6878.6690678562445
16121,1776948600000,6873.888238033862
16122,1776948900000,6871.139232539747
16123,1776949200000,6874.827254645179
16124,1776949500000,6874.41419616937
16125,1776949800000,6858.688469911814
16126,1776950100000,6857.1542527159545
16127,1776950400000,6858.57045320444
16128,1776950700000,6854.410364269514
16129,1776951000000,6852.347198956337
16130,1776951300000,6852.347198956337
16131,1776951600000,6852.347198956337
16132,1776951900000,6852.347198956337
16133,1776952200000,6852.347198956337
16134,1776952500000,6852.347198956337
16135,1776952800000,6849.606260076755
16136,1776953100000,6855.592284981707
16137,1776953400000,6860.782139086495
16138,1776953700000,6862.846285605443
16139,1776954000000,6838.4303810670135
16140,1776954300000,6840.081698282173
16141,1776954600000,6838.518844489254
16142,1776954900000,6836.8970150815085
16143,1776955200000,6829.5545510355305
16144,1776955500000,6831.273244406351
16145,1776955800000,6831.273244406351
16146,1776956100000,6831.273244406351
16147,1776956400000,6828.54073510859
16148,1776956700000,6824.706325181428
16149,1776957000000,6824.706325181428
16150,1776957300000,6824.706325181428
16151,1776957600000,6824.706325181428
16152,1776957900000,6824.706325181428
16153,1776958200000,6824.706325181428
16154,1776958500000,6824.706325181428
16155,1776958800000,6824.706325181428
16156,1776959100000,6824.706325181428
16157,1776959400000,6824.706325181428
16158,1776959700000,6821.976988518687
16159,1776960000000,6808.615239361915
16160,1776960300000,6817.386628305091
16161,1776960600000,6813.848834764676
16162,1776960900000,6821.099849624369
16163,1776961200000,6822.707937597285
16164,1776961500000,6812.591602349488
16165,1776961800000,6821.421467218953
16166,1776962100000,6812.737792165207
16167,1776962400000,6816.33406163191
16168,1776962700000,6812.123794939185
16169,1776963000000,6797.183195772642
16170,1776963300000,6801.861269875669
16171,1776963600000,6781.540885490643
16172,1776963900000,6763.250938952761
16173,1776964200000,6763.250938952761
16174,1776964500000,6763.250938952761
16175,1776964800000,6763.250938952761
16176,1776965100000,6763.250938952761
16177,1776965400000,6763.250938952761
16178,1776965700000,6763.250938952761
16179,1776966000000,6763.250938952761
16180,1776966300000,6763.250938952761
16181,1776966600000,6763.250938952761
16182,1776966900000,6763.250938952761
16183,1776967200000,6763.250938952761
16184,1776967500000,6760.5456385771795
16185,1776967800000,6761.744096874303
16186,1776968100000,6764.871780722896
16187,1776968400000,6766.333315231584
16188,1776968700000,6770.717918757647
16189,1776969000000,6764.05332139803
16190,1776969300000,6758.148721982931
16191,1776969600000,6759.814871322836
16192,1776969900000,6768.525616994615
16193,1776970200000,6766.947159725232
16194,1776970500000,6785.21634108383
16195,1776970800000,6793.45939571283
16196,1776971100000,6776.768671623615
16197,1776971400000,6776.914825074483
16198,1776971700000,6764.579473821159
16199,1776972000000,6763.322554143686
16200,1776972300000,6760.984098929786
16201,1776972600000,6770.834841518342
16202,1776972900000,6772.208683956508
16203,1776973200000,6770.630226687125
16204,1776973500000,6753.4319682864
16205,1776973800000,6753.4319682864
16206,1776974100000,6750.730595499085
16207,1776974400000,6720.772183478308
16208,1776974700000,6716.7426894638165
16209,1776975000000,6727.400409139825
16210,1776975300000,6724.334489780973
16211,1776975600000,6727.6759307207285
16212,1776975900000,6727.6759307207285
16213,1776976200000,6727.6759307207285
16214,1776976500000,6727.6759307207285
16215,1776976800000,6727.6759307207285
16216,1776977100000,6727.6759307207285
16217,1776977400000,6727.6759307207285
16218,1776977700000,6727.6759307207285
16219,1776978000000,6727.6759307207285
16220,1776978300000,6727.6759307207285
16221,1776978600000,6724.985398454894
16222,1776978900000,6728.81010061519
16223,1776979200000,6732.374027628193
16224,1776979500000,6735.039729133852
16225,1776979800000,6742.978883618104
16226,1776980100000,6742.225533192591
16227,1776980400000,6746.137160401985
16228,1776980700000,6744.920209714618
16229,1776981000000,6745.702535156496
16230,1776981300000,6727.013649600504
16231,1776981600000,6738.053130835904
16232,1776981900000,6747.180260991156
16233,1776982200000,6750.975988135086
16234,1776982500000,6773.721375982301
16235,1776982800000,6768.998448314663
16236,1776983100000,6752.946289247966
16237,1776983400000,6757.263566686482
16238,1776983700000,6762.537019665072
16239,1776984000000,6768.0132977582225
16240,1776984300000,6764.970921039806
16241,1776984600000,6764.536295794317
16242,1776984900000,6756.886891473725
16243,1776985200000,6753.033214297063
16244,1776985500000,6748.860811940376
16245,1776985800000,6740.687449769068
16246,1776986100000,6740.687449769068
16247,1776986400000,6737.991713936328
16248,1776986700000,6732.465473421379
16249,1776987000000,6735.445592651953
16250,1776987300000,6737.818114757847
16251,1776987600000,6744.299150754437
16252,1776987900000,6744.791015093463
16253,1776988200000,6744.443816736503
16254,1776988500000,6742.187027416263
16255,1776988800000,6734.4618639739
16256,1776989100000,6745.803676967931
16257,1776989400000,6746.208741717718
16258,1776989700000,6751.214184697227
16259,1776990000000,6747.4818023599055
16260,1776990300000,6752.342579357347
16261,1776990600000,6755.120166213028
16262,1776990900000,6756.711492015763
16263,1776991200000,6748.6969966092665
16264,1776991500000,6756.769358408589
16265,1776991800000,6750.432988394066
16266,1776992100000,6748.610197020025
16267,1776992400000,6733.883200045632
16268,1776992700000,6724.595785782342
16269,1776993000000,6724.595785782342
16270,1776993300000,6724.595785782342
16271,1776993600000,6724.595785782342
16272,1776993900000,6724.595785782342
16273,1776994200000,6724.595785782342
16274,1776994500000,6724.595785782342
16275,1776994800000,6724.595785782342
16276,1776995100000,6724.595785782342
16277,1776995400000,6724.595785782342
16278,1776995700000,6724.595785782342
16279,1776996000000,6724.595785782342
16280,1776996300000,6721.90648532812
16281,1776996600000,6721.387076036971
16282,1776996900000,6719.713423876602
16283,1776997200000,6706.6417763314175
16284,1776997500000,6706.6417763314175
16285,1776997800000,6703.959656044943
16286,1776998100000,6697.738233501438
16287,1776998400000,6695.059673919954
16288,1776998700000,6689.02067311399
16289,1776999000000,6689.02067311399
16290,1776999300000,6689.02067311399
16291,1776999600000,6689.02067311399
16292,1776999900000,6689.02067311399
16293,1777000200000,6689.02067311399
16294,1777000500000,6689.02067311399
16295,1777000800000,6689.02067311399
16296,1777001100000,6689.02067311399
16297,1777001400000,6689.02067311399
16298,1777001700000,6689.02067311399
16299,1777002000000,6689.02067311399
16300,1777002300000,6689.02067311399
16301,1777002600000,6689.02067311399
16302,1777002900000,6689.02067311399
16303,1777003200000,6689.02067311399
16304,1777003500000,6689.02067311399
16305,1777003800000,6689.02067311399
16306,1777004100000,6689.02067311399
16307,1777004400000,6689.02067311399
16308,1777004700000,6689.02067311399
16309,1777005000000,6689.02067311399
16310,1777005300000,6689.02067311399
16311,1777005600000,6689.02067311399
16312,1777005900000,6686.345064844745
16313,1777006200000,6688.229059245243
16314,1777006500000,6691.069543110608
16315,1777006800000,6693.011506569583
16316,1777007100000,6693.359320920444
16317,1777007400000,6699.938809057565
16318,1777007700000,6700.431546054619
16319,1777008000000,6700.315607937665
16320,1777008300000,6694.460733031504
16321,1777008600000,6685.939281435407
16322,1777008900000,6684.2581787395775
16323,1777009200000,6682.577076043749
16324,1777009500000,6671.407810895039
16325,1777009800000,6668.739247770681
16326,1777010100000,6662.392504715872
16327,1777010400000,6665.421632082939
16328,1777010700000,6662.219411723467
16329,1777011000000,6660.748121288034
16330,1777011300000,6656.59388947034
16331,1777011600000,6656.968924287216
16332,1777011900000,6666.517887701498
16333,1777012200000,6672.662688931836
16334,1777012500000,6672.489595939433
16335,1777012800000,6677.076560238134
16336,1777013100000,6671.277944992605
16337,1777013400000,6673.614700390057
16338,1777013700000,6678.374757681165
16339,1777014000000,6670.729817183325
16340,1777014300000,6661.959772234862
16341,1777014600000,6664.931201937795
16342,1777014900000,6666.315945877026
16343,1777015200000,6665.825515731881
16344,1777015500000,6663.834946319237
16345,1777015800000,6659.323794981042
16346,1777016100000,6656.660598102425
16347,1777016400000,6654.761473879535
16348,1777016700000,6659.451735217883
16349,1777017000000,6651.79768910745
16350,1777017300000,6651.625041450824
16351,1777017600000,6639.933043865338
16352,1777017900000,6639.933043865338
16353,1777018200000,6637.277070647792
16354,1777018500000,6616.674275941043
16355,1777018800000,6612.836861028044
16356,1777019100000,6612.836861028044
16357,1777019400000,6610.192255204799
16358,1777019700000,6614.077310031624
16359,1777020000000,6607.964061995296
16360,1777020300000,6617.533866164313
16361,1777020600000,6621.790286526054
16362,1777020900000,6613.84877739475
16363,1777021200000,6606.478599855628
16364,1777021500000,6583.0481204756
16365,1777021800000,6583.0481204756
16366,1777022100000,6583.0481204756
16367,1777022400000,6583.0481204756
16368,1777022700000,6583.0481204756
16369,1777023000000,6580.41490122741
16370,1777023300000,6580.158366637757
16371,1777023600000,6575.426728650811
16372,1777023900000,6583.977881639266
16373,1777024200000,6576.823416972259
16374,1777024500000,6578.562151413245
16375,1777024800000,6582.239147198281
16376,1777025100000,6583.464812459959
16377,1777025400000,6582.438674101344
16378,1777025700000,6579.588289771859
16379,1777026000000,6569.013363909469
16380,1777026300000,6568.243760140509
16381,1777026600000,6564.09900889995
16382,1777026900000,6561.473894319306
16383,1777027200000,6559.870152744229
16384,1777027500000,6559.870152744229
16385,1777027800000,6559.870152744229
16386,1777028100000,6559.870152744229
16387,1777028400000,6559.870152744229
16388,1777028700000,6559.870152744229
16389,1777029000000,6559.870152744229
16390,1777029300000,6559.870152744229
16391,1777029600000,6559.870152744229
16392,1777029900000,6559.870152744229
16393,1777030200000,6559.870152744229
16394,1777030500000,6559.870152744229
16395,1777030800000,6559.870152744229
16396,1777031100000,6559.870152744229
16397,1777031400000,6559.870152744229
16398,1777031700000,6559.870152744229
16399,1777032000000,6559.870152744229
16400,1777032300000,6559.870152744229
16401,1777032600000,6559.870152744229
16402,1777032900000,6559.870152744229
16403,1777033200000,6559.870152744229
16404,1777033500000,6557.246729367807
16405,1777033800000,6546.798437279834
16406,1777034100000,6547.389850039531
16407,1777034400000,6544.629923827612
16408,1777034700000,6538.687633718279
16409,1777035000000,6530.041742421762
16410,1777035300000,6548.488188021824
16411,1777035600000,6558.570367449032
16412,1777035900000,6556.852454194675
16413,1777036200000,6554.48680315589
16414,1777036500000,6558.063442226437
16415,1777036800000,6549.164088318619
16416,1777037100000,6543.447098308219
16417,1777037400000,6548.03758782396
16418,1777037700000,6546.488649643802
16419,1777038000000,6535.786894944529
16420,1777038300000,6525.5357404431215
16421,1777038600000,6511.552682779197
16422,1777038900000,6511.552682779197
16423,1777039200000,6511.552682779197
16424,1777039500000,6511.552682779197
16425,1777039800000,6511.552682779197
16426,1777040100000,6511.552682779197
16427,1777040400000,6511.552682779197
16428,1777040700000,6511.552682779197
16429,1777041000000,6511.552682779197
16430,1777041300000,6508.948061706086
16431,1777041600000,6507.176493750138
16432,1777041900000,6513.840963679655
16433,1777042200000,6514.600207089346
16434,1777042500000,6515.162609615045
16435,1777042800000,6525.623296593019
16436,1777043100000,6535.015418772169
16437,1777043400000,6529.307033136338
16438,1777043700000,6532.597087911669
16439,1777044000000,6517.749661233253
16440,1777044300000,6518.705745526939
16441,1777044600000,6510.494668651754
16442,1777044900000,6515.387570625324
16443,1777045200000,6481.230129150296
16444,1777045500000,6481.230129150296
16445,1777045800000,6481.230129150296
16446,1777046100000,6481.230129150296
16447,1777046400000,6481.230129150296
16448,1777046700000,6478.638155493368
16449,1777047000000,6470.908037536898
16450,1777047300000,6470.908037536898
16451,1777047600000,6468.319674321883
16452,1777047900000,6469.01826223202
16453,1777048200000,6454.934729963651
16454,1777048500000,6459.880732367424
16455,1777048800000,6474.103982217821
16456,1777049100000,6478.82643649035
16457,1777049400000,6472.539145299113
16458,1777049700000,6465.637096746956
16459,1777050000000,6469.940398273401
16460,1777050300000,6470.275720470267
16461,1777050600000,6458.120290833877
16462,1777050900000,6468.15201322345
16463,1777051200000,6471.002251896811
16464,1777051500000,6469.353584428886
16465,1777051800000,6482.990020434768
16466,1777052100000,6479.217645720026
16467,1777052400000,6471.756726839759
16468,1777052700000,6471.141969478838
16469,1777053000000,6457.784968637011
16470,1777053300000,6457.449646440145
16471,1777053600000,6459.126257424475
16472,1777053900000,6459.852788851019
16473,1777054200000,6471.505235192109
16474,1777054500000,6480.251555827029
16475,1777054800000,6468.143421675247
16476,1777055100000,6465.556164306577
16477,1777055400000,6455.608097800121
16478,1777055700000,6456.949410138069
16479,1777056000000,6455.496321771958
16480,1777056300000,6455.512303753255
16481,1777056600000,6455.512303753255
16482,1777056900000,6455.512303753255
16483,1777057200000,6455.512303753255
16484,1777057500000,6455.512303753255
16485,1777057800000,6455.512303753255
16486,1777058100000,6455.512303753255
16487,1777058400000,6452.930615169471
16488,1777058700000,6457.326761447948
16489,1777059000000,6461.500318041439
16490,1777059300000,6461.222080935205
16491,1777059600000,6459.079655217213
16492,1777059900000,6457.048524341715
16493,1777060200000,6459.942190246535
16494,1777060500000,6459.552658297809
16495,1777060800000,6458.523181004749
16496,1777061100000,6450.649070898364
16497,1777061400000,6455.712986231798
16498,1777061700000,6447.449344176688
16499,1777062000000,6447.588462729805
16500,1777062300000,6446.586809147367
16501,1777062600000,6457.020700631092
16502,1777062900000,6470.7656136789865
16503,1777063200000,6467.371120982947
16504,1777063500000,6468.094537459153
16505,1777063800000,6470.264786887767
16506,1777064100000,6473.10280537134
16507,1777064400000,6469.235309594706
16508,1777064700000,6473.047157950094
16509,1777065000000,6440.281546265416
16510,1777065300000,6437.70543364691
16511,1777065600000,6442.360510624605
16512,1777065900000,6442.360510624605
16513,1777066200000,6442.360510624605
16514,1777066500000,6442.360510624605
16515,1777066800000,6442.360510624605
16516,1777067100000,6442.360510624605
16517,1777067400000,6442.360510624605
16518,1777067700000,6442.360510624605
16519,1777068000000,6442.360510624605
16520,1777068300000,6442.360510624605
16521,1777068600000,6442.360510624605
16522,1777068900000,6439.783566420355
16523,1777069200000,6440.896678798437
16524,1777069500000,6445.376956120216
16525,1777069800000,6450.358134012133
16526,1777070100000,6459.513483321857
16527,1777070400000,6453.72529895583
16528,1777070700000,6450.998173629529
16529,1777071000000,6448.577154207202
16530,1777071300000,6448.577154207202
16531,1777071600000,6446.128306975421
16532,1777071900000,6441.751992801415
16533,1777072200000,6439.175292004295
16534,1777072500000,6442.013877345481
16535,1777072800000,6441.7912432010735
16536,1777073100000,6439.008316395989
16537,1777073400000,6435.585316425735
16538,1777073700000,6437.7003407976
16539,1777074000000,6438.535218839125
16540,1777074300000,6438.952657859887
16541,1777074600000,6438.256926158616
16542,1777074900000,6438.479560303024
16543,1777075200000,6441.178999303956
16544,1777075500000,6441.485121252515
16545,1777075800000,6444.407194397853
16546,1777076100000,6445.687340728192
16547,1777076400000,6444.991609026921
16548,1777076700000,6446.689194378023
16549,1777077000000,6445.492535851837
16550,1777077300000,6442.347828562091
16551,1777077600000,6442.347828562091
16552,1777077900000,6436.383302288607
16553,1777078200000,6433.809263775394
16554,1777078500000,6433.819481350708
16555,1777078800000,6431.246468160806
16556,1777079100000,6428.479939137209
16557,1777079400000,6428.479939137209
16558,1777079700000,6428.479939137209
16559,1777080000000,6428.479939137209
16560,1777080300000,6425.909061337114
16561,1777080600000,6430.8994987898295
16562,1777080900000,6429.180570333894
16563,1777081200000,6430.927223442345
16564,1777081500000,6432.147108153009
16565,1777081800000,6430.095483866891
16566,1777082100000,6426.574452997475
16567,1777082400000,6415.967146787964
16568,1777082700000,6413.401273103987
16569,1777083000000,6414.813148238571
16570,1777083300000,6416.141971894649
16571,1777083600000,6416.031236589975
16572,1777083900000,6417.387744072222
16573,1777084200000,6417.664582333904
16574,1777084500000,6417.193957289044
16575,1777084800000,6415.200721804927
16576,1777085100000,6413.650427539502
16577,1777085400000,6414.287155541373
16578,1777085700000,6415.449876240441
16579,1777086000000,6419.68550164419
16580,1777086300000,6415.6159791974505
16581,1777086600000,6415.837449806797
16582,1777086900000,6419.242560425498
16583,1777087200000,6417.1109058105385
16584,1777087500000,6412.570758318939
16585,1777087800000,6414.093368758195
16586,1777088100000,6414.093368758195
16587,1777088400000,6417.415427898391
16588,1777088700000,6419.990023732041
16589,1777089000000,6418.688883902132
16590,1777089300000,6418.301310335775
16591,1777089600000,6417.277008767548
16592,1777089900000,6416.647447417285
16593,1777090200000,6414.081301667468
16594,1777090500000,6413.528070316221
16595,1777090800000,6412.227976640787
16596,1777091100000,6410.87255983023
16597,1777091400000,6409.37883518186
16598,1777091700000,6408.963911668424
16599,1777092000000,6409.04689637111
16600,1777092300000,6409.434158316984
16601,1777092600000,6409.434158316984
16602,1777092900000,6406.041125909769
16603,1777093200000,6406.041125909769
16604,1777093500000,6403.478709459405
16605,1777093800000,6404.917871223426
16606,1777094100000,6404.696461721269
16607,1777094400000,6404.004557027029
16608,1777094700000,6404.004557027029
16609,1777095000000,6400.572709743594
16610,1777095300000,6400.628062119133
16611,1777095600000,6401.59672869107
16612,1777095900000,6401.873490568767
16613,1777096200000,6400.600385931364
16614,1777096500000,6398.404090461383
16615,1777096800000,6395.845240595172
16616,1777097100000,6394.611665797827
16617,1777097400000,6392.054332598149
16618,1777097700000,6386.381193990662
16619,1777098000000,6383.8266415130665
16620,1777098300000,6382.943820664617
16621,1777098600000,6379.964300301098
16622,1777098900000,6378.833186089021
16623,1777099200000,6380.598827785921
16624,1777099500000,6379.633242482929
16625,1777099800000,6380.350534422295
16626,1777100100000,6380.7643566950055
16627,1777100400000,6384.599109755461
16628,1777100700000,6385.20604908877
16629,1777101000000,6384.599109755461
16630,1777101300000,6382.309293179794
16631,1777101600000,6380.957473755604
16632,1777101900000,6381.06782636166
16633,1777102200000,6378.253834907226
16634,1777102500000,6379.136655755677
16635,1777102800000,6379.053891301133
16636,1777103100000,6380.074652907154
16637,1777103400000,6379.440125422331
16638,1777103700000,6379.467713573845
16639,1777104000000,6377.6468955739165
16640,1777104300000,6373.4413778192165
16641,1777104600000,6370.892511041446
16642,1777104900000,6369.518306973542
16643,1777105200000,6370.782574716012
16644,1777105500000,6372.37665143478
16645,1777105800000,6374.245568967128
16646,1777106100000,6377.46120648602
16647,1777106400000,6374.932671001079
16648,1777106700000,6373.9707281535475
16649,1777107000000,6374.108148560337
16650,1777107300000,6374.767766512931
16651,1777107600000,6372.596524085645
16652,1777107900000,6373.9432440721885
16653,1777108200000,6375.152543651943
16654,1777108500000,6373.723371421324
16655,1777108800000,6371.222320017741
16656,1777109100000,6366.531185010286
16657,1777109400000,6363.984572536283
16658,1777109700000,6352.459671296401
16659,1777110000000,6352.459671296401
16660,1777110300000,6352.459671296401
16661,1777110600000,6352.459671296401
16662,1777110900000,6349.919195523038
16663,1777111200000,6349.426342434283
16664,1777111500000,6350.521571520406
16665,1777111800000,6352.16441514959
16666,1777112100000,6352.2739380582025
16667,1777112400000,6355.340579499346
16668,1777112700000,6354.984630046356
16669,1777113000000,6359.091739119316
16670,1777113300000,6356.435808585469
16671,1777113600000,6353.615593688702
16672,1777113900000,6351.589419879375
16673,1777114200000,6352.2739380582025
16674,1777114500000,6353.86202023308
16675,1777114800000,6346.1752116994685
16676,1777115100000,6346.1752116994685
16677,1777115400000,6343.63674161479
16678,1777115700000,6342.202868412807
16679,1777116000000,6342.202868412807
16680,1777116300000,6342.202868412807
16681,1777116600000,6342.202868412807
16682,1777116900000,6342.202868412807
16683,1777117200000,6342.202868412807
16684,1777117500000,6342.202868412807
16685,1777117800000,6342.202868412807
16686,1777118100000,6342.202868412807
16687,1777118400000,6342.202868412807
16688,1777118700000,6339.665987265442
16689,1777119000000,6339.556426903044
16690,1777119300000,6339.939888171438
16691,1777119600000,6335.886154762707
16692,1777119900000,6343.829281036572
16693,1777120200000,6341.583293607409
16694,1777120500000,6343.966231489569
16695,1777120800000,6345.69180719734
16696,1777121100000,6343.966231489569
16697,1777121400000,6343.281479224581
16698,1777121700000,6345.03444502295
16699,1777122000000,6341.364172882613
16700,1777122300000,6334.8899588940285
16701,1777122600000,6332.356509600329
16702,1777122900000,6328.157300717188
16703,1777123200000,6325.626543948255
16704,1777123500000,6321.595608469789
16705,1777123800000,6319.066970226402
16706,1777124100000,6316.582967599449
16707,1777124400000,6315.081647330411
16708,1777124700000,6316.364593742135
16709,1777125000000,6314.290042097647
16710,1777125300000,6318.056991136323
16711,1777125600000,6320.732070888425
16712,1777125900000,6314.835976740934
16713,1777126200000,6312.7068316321165
16714,1777126500000,6318.630222511773
16715,1777126800000,6319.230750619387
16716,1777127100000,6314.699493080111
16717,1777127400000,6314.006634619967
16718,1777127700000,6311.481536985646
16719,1777128000000,6311.209192197085
16720,1777128300000,6311.7266472953515
16721,1777128600000,6309.547888986863
16722,1777128900000,6307.559772030368
16723,1777129200000,6307.341896199519
16724,1777129500000,6308.240634001771
16725,1777129800000,6308.703620142324
16726,1777130100000,6308.812558057748
16727,1777130400000,6312.598150618745
16728,1777130700000,6312.461978224466
16729,1777131000000,6313.605826336421
16730,1777131300000,6312.353040309042
16731,1777131600000,6309.765764817712
16732,1777131900000,6290.091251625436
16733,1777132200000,6290.091251625436
16734,1777132500000,6290.091251625436
16735,1777132800000,6290.091251625436
16736,1777133100000,6290.091251625436
16737,1777133400000,6290.091251625436
16738,1777133700000,6290.091251625436
16739,1777134000000,6290.091251625436
16740,1777134300000,6290.091251625436
16741,1777134600000,6290.091251625436
16742,1777134900000,6290.091251625436
16743,1777135200000,6290.091251625436
16744,1777135500000,6287.575215124785
16745,1777135800000,6289.045817053987
16746,1777136100000,6288.038182398792
16747,1777136400000,6289.127517161164
16748,1777136700000,6290.325785399773
16749,1777137000000,6291.197253209671
16750,1777137300000,6292.912955460407
16751,1777137600000,6283.708076718365
16752,1777137900000,6289.181983899282
16753,1777138200000,6288.446682934682
16754,1777138500000,6282.591508586933
16755,1777138800000,6283.381276289653
16756,1777139100000,6288.256049351267
16757,1777139400000,6288.746249994334
16758,1777139700000,6288.5011496728
16759,1777140000000,6282.918309015646
16760,1777140300000,6284.552311159203
16761,1777140600000,6285.559945814396
16762,1777140900000,6286.077379826524
16763,1777141200000,6285.941212981226
16764,1777141500000,6281.2298401339685
16765,1777141800000,6276.509010412157
16766,1777142100000,6273.998908828309
16767,1777142400000,6269.916494003966
16768,1777142700000,6267.409028899386
16769,1777143000000,6262.355585698929
16770,1777143300000,6259.85064346465
16771,1777143600000,6259.661002361927
16772,1777143900000,6261.151039597606
16773,1777144200000,6258.631522090003
16774,1777144500000,6259.037895881553
16775,1777144800000,6257.7916829208025
16776,1777145100000,6266.704814748775
16777,1777145400000,6267.815569779008
16778,1777145700000,6268.0593940539375
16779,1777146000000,6271.337475972432
16780,1777146300000,6268.303218328867
16781,1777146600000,6264.076930896759
16782,1777146900000,6263.8872897940355
16783,1777147200000,6265.9733419239865
16784,1777147500000,6263.67055710521
16785,1777147800000,6262.857809522111
16786,1777148100000,6261.42195545864
16787,1777148400000,6261.611596561362
16788,1777148700000,6258.950253362966
16789,1777149000000,6256.447173877518
16790,1777149300000,6253.349646306704
16791,1777149600000,6250.84880661612
16792,1777149900000,6246.996968753819
16793,1777150200000,6244.498669626143
16794,1777150500000,6247.739758901035
16795,1777150800000,6251.926165881105
16796,1777151100000,6252.331302040467
16797,1777151400000,6256.247618247628
16798,1777151700000,6254.654082687473
16799,1777152000000,6255.113237001416
16800,1777152300000,6255.140246078707
16801,1777152600000,6250.980848175928
16802,1777152900000,6250.710757403021
16803,1777153200000,6251.223929871545
16804,1777153500000,6253.357646977516
16805,1777153800000,6254.735109919345
16806,1777154100000,6254.762118996637
16807,1777154400000,6257.03088148906
16808,1777154700000,6255.95051839743
16809,1777155000000,6254.789128073927
16810,1777155300000,6254.546046378309
16811,1777155600000,6256.004536552012
16812,1777155900000,6256.6797634842815
16813,1777156200000,6265.862849763143
16814,1777156500000,6264.296323280278
16815,1777156800000,6263.242969265938
16816,1777157100000,6261.271306623712
16817,1777157400000,6258.092091683409
16818,1777157700000,6255.589355393994
16819,1777158000000,6257.235740684379
16820,1777158300000,6258.93610582035
16821,1777158600000,6258.855136051971
16822,1777158900000,6258.5042670556595
16823,1777159200000,6258.7741662835915
16824,1777159500000,6259.934732963699
16825,1777159800000,6260.069682577665
16826,1777160100000,6258.477277132867
16827,1777160400000,6258.666206592418
16828,1777160700000,6258.423297287281
16829,1777161000000,6258.072428290969
16830,1777161300000,6260.312591882804
16831,1777161600000,6260.204632191631
16832,1777161900000,6254.050929794781
16833,1777162200000,6252.809393346294
16834,1777162500000,6246.342587899491
16835,1777162800000,6246.342587899491
16836,1777163100000,6243.844050864332
16837,1777163400000,6240.057447079005
16838,1777163700000,6237.561424100174
16839,1777164000000,6232.323552899859
16840,1777164300000,6229.831121964888
16841,1777164600000,6227.464736995047
16842,1777164900000,6226.200872295246
16843,1777165200000,6222.6781855787785
16844,1777165500000,6224.6412094742145
16845,1777165800000,6223.41496118055
16846,1777166100000,6220.925595196078
16847,1777166400000,6220.11930366166
16848,1777166700000,6220.092427277178
16849,1777167000000,6217.082272215348
16850,1777167300000,6213.577283370391
16851,1777167600000,6211.091852457044
16852,1777167900000,6212.943127695839
16853,1777168200000,6210.394270483006
16854,1777168500000,6216.592018021581
16855,1777168800000,6212.272375797725
16856,1777169100000,6210.474760710779
16857,1777169400000,6205.806327499905
16858,1777169700000,6208.140544105342
16859,1777170000000,6205.822767103058
16860,1777170300000,6203.340934362766
16861,1777170600000,6203.822751408948
16862,1777170900000,6201.949018451574
16863,1777171200000,6197.9338764000595
16864,1777171500000,6197.559129808586
16865,1777171800000,6195.321166228345
16866,1777172100000,6192.843037761853
16867,1777172400000,6194.609191993637
16868,1777172700000,6193.592315314731
16869,1777173000000,6190.08676676377
16870,1777173300000,6190.08676676377
16871,1777173600000,6190.461405540208
16872,1777173900000,6200.523132678846
16873,1777174200000,6204.456839831452
16874,1777174500000,6211.949615360225
16875,1777174800000,6208.845465498305
16876,1777175100000,6207.989148295018
16877,1777175400000,6207.507469868167
16878,1777175700000,6206.624392752276
16879,1777176000000,6209.380663750361
16880,1777176300000,6203.3329235021365
16881,1777176600000,6203.520242890356
16882,1777176900000,6203.35968341474
16883,1777177200000,6201.883642888831
16884,1777177500000,6199.402889431676
16885,1777177800000,6198.73193679056
16886,1777178100000,6196.960621818014
16887,1777178400000,6194.115782619683
16888,1777178700000,6178.347819260969
16889,1777179000000,6178.347819260969
16890,1777179300000,6178.347819260969
16891,1777179600000,6178.347819260969
16892,1777179900000,6178.347819260969
16893,1777180200000,6178.347819260969
16894,1777180500000,6178.347819260969
16895,1777180800000,6178.347819260969
16896,1777181100000,6178.347819260969
16897,1777181400000,6178.347819260969
16898,1777181700000,6178.347819260969
16899,1777182000000,6178.347819260969
16900,1777182300000,6178.347819260969
16901,1777182600000,6178.347819260969
16902,1777182900000,6178.347819260969
16903,1777183200000,6178.347819260969
16904,1777183500000,6178.347819260969
16905,1777183800000,6178.347819260969
16906,1777184100000,6178.347819260969
16907,1777184400000,6178.347819260969
16908,1777184700000,6178.347819260969
16909,1777185000000,6178.347819260969
16910,1777185300000,6178.347819260969
16911,1777185600000,6178.347819260969
16912,1777185900000,6175.876974302257
16913,1777186200000,6175.214147338926
16914,1777186500000,6177.5207851713185
16915,1777186800000,6174.2861895902615
16916,1777187100000,6175.134608103326
16917,1777187400000,6176.06256585199
16918,1777187700000,6177.28216746452
16919,1777188000000,6178.157099056118
16920,1777188300000,6177.732889799586
16921,1777188600000,6175.134608103326
16922,1777188900000,6174.365728825862
16923,1777189200000,6171.366180021712
16924,1777189500000,6168.898127160277
16925,1777189800000,6172.553346701321
16926,1777190100000,6174.778262943694
16927,1777190400000,6177.930227620392
16928,1777190700000,6177.877253424144
16929,1777191000000,6179.334043820938
16930,1777191300000,6174.5928532568305
16931,1777191600000,6174.063111294359
16932,1777191900000,6175.228543611794
16933,1777192200000,6180.896782610224
16934,1777192500000,6183.174673048845
16935,1777192800000,6176.7383082048345
16936,1777193100000,6177.003179186069
16937,1777193400000,6180.420014844
16938,1777193700000,6177.797792129774
16939,1777194000000,6171.090679429837
16940,1777194300000,6168.622736746603
16941,1777194600000,6170.846360231807
16942,1777194900000,6170.422812901292
16943,1777195200000,6174.790644747229
16944,1777195500000,6173.36117250674
16945,1777195800000,6172.302304180453
16946,1777196100000,6172.911153468068
16947,1777196400000,6177.226041897691
16948,1777196700000,6175.584795991945
16949,1777197000000,6179.396721966581
16950,1777197300000,6180.323231752082
16951,1777197600000,6175.637739408259
16952,1777197900000,6180.455590292868
16953,1777198200000,6180.90560933154
16954,1777198500000,6182.414496696501
16955,1777198800000,6178.020193142407
16956,1777199100000,6176.537777485604
16957,1777199400000,6176.193645279561
16958,1777199700000,6174.843588163543
16959,1777200000000,6171.447758503374
16960,1777200300000,6168.97967301707
16961,1777200600000,6168.97967301707
16962,1777200900000,6171.67802128073
16963,1777201200000,6172.445198728241
16964,1777201500000,6174.9583662287105
16965,1777201800000,6174.402823939133
16966,1777202100000,6173.476920123171
16967,1777202400000,6180.857696256125
16968,1777202700000,6180.64606109819
16969,1777203000000,6182.074598414246
16970,1777203300000,6177.418624939694
16971,1777203600000,6177.259898571244
16972,1777203900000,6176.545629913216
16973,1777204200000,6180.249245177064
16974,1777204500000,6179.61433970326
16975,1777204800000,6176.863082650117
16976,1777205100000,6174.032462412749
16977,1777205400000,6163.048188267542
16978,1777205700000,6163.048188267542
16979,1777206000000,6160.582968992236
16980,1777206300000,6161.465121161306
16981,1777206600000,6159.000535112843
16982,1777206900000,6153.590207368985
16983,1777207200000,6151.128771286038
16984,1777207500000,6157.439116813048
16985,1777207800000,6156.67342635161
16986,1777208100000,6155.722914054656
16987,1777208400000,6154.8516111157805
16988,1777208700000,6148.392227246124
16989,1777209000000,6145.932870355226
16990,1777209300000,6146.53947036735
16991,1777209600000,6148.09553126802
16992,1777209900000,6147.5944269101765
16993,1777210200000,6138.416304987588
16994,1777210500000,6137.176731049767
16995,1777210800000,6136.016278852659
16996,1777211100000,6135.310076722077
16997,1777211400000,6135.310076722077
16998,1777211700000,6132.856443418049
16999,1777212000000,6131.727158695124
17000,1777212300000,6135.272587476401
17001,1777212600000,6133.801891093056
17002,1777212900000,6147.6159321223295
17003,1777213200000,6163.478443114119
17004,1777213500000,6171.646060528764
17005,1777213800000,6166.419835880807
17006,1777214100000,6165.920849607887
17007,1777214400000,6163.846117209954
17008,1777214700000,6161.535022893269
17009,1777215000000,6169.492540824582
17010,1777215300000,6161.692597505771
17011,1777215600000,6164.528940530793
17012,1777215900000,6162.559257874528
17013,1777216200000,6161.508760457853
17014,1777216500000,6164.029954257873
17015,1777216800000,6158.147168724494
17016,1777217100000,6167.339021120398
17017,1777217400000,6159.959276768258
17018,1777217700000,6163.504705549535
17019,1777218000000,6160.011801639092
17020,1777218300000,6157.385558097404
17021,1777218600000,6162.060271601607
17022,1777218900000,6164.084774260716
17023,1777219200000,6164.084774260716
17024,1777219500000,6161.619633379188
17025,1777219800000,6159.465918865994
17026,1777220100000,6162.722755446921
17027,1777220400000,6165.217912504889
17028,1777220700000,6164.035996003747
17029,1777221000000,6164.45623298193
17030,1777221300000,6160.752894611684
17031,1777221600000,6158.756768965309
17032,1777221900000,6162.906609124876
17033,1777222200000,6161.30445564555
17034,1777222500000,6153.635130793691
17035,1777222800000,6155.316078706427
17036,1777223100000,6158.389061609398
17037,1777223400000,6160.096274333271
17038,1777223700000,6162.355048091009
17039,1777224000000,6162.013605546235
17040,1777224300000,6162.591431391238
17041,1777224600000,6158.914357832127
17042,1777224900000,6159.282065188039
17043,1777225200000,6164.561292226476
17044,1777225500000,6167.135243717853
17045,1777225800000,6166.2947697614845
17046,1777226100000,6170.733522843554
17047,1777226400000,6168.501013896952
17048,1777226700000,6182.469055951847
17049,1777227000000,6182.469055951847
17050,1777227300000,6182.469055951847
17051,1777227600000,6182.469055951847
17052,1777227900000,6182.469055951847
17053,1777228200000,6182.469055951847
17054,1777228500000,6182.469055951847
17055,1777228800000,6182.469055951847
17056,1777229100000,6182.469055951847
17057,1777229400000,6182.469055951847
17058,1777229700000,6182.469055951847
17059,1777230000000,6182.469055951847
17060,1777230300000,6182.469055951847
17061,1777230600000,6182.469055951847
17062,1777230900000,6182.469055951847
17063,1777231200000,6182.469055951847
17064,1777231500000,6182.469055951847
17065,1777231800000,6182.469055951847
17066,1777232100000,6182.469055951847
17067,1777232400000,6182.469055951847
17068,1777232700000,6182.469055951847
17069,1777233000000,6182.469055951847
17070,1777233300000,6182.469055951847
17071,1777233600000,6182.469055951847
17072,1777233900000,6182.469055951847
17073,1777234200000,6179.99656282809
17074,1777234500000,6178.690191927872
17075,1777234800000,6184.229204544798
17076,1777235100000,6183.366999750654
17077,1777235400000,6195.17659268863
17078,1777235700000,6183.393127168659
17079,1777236000000,6182.713814300545
17080,1777236300000,6180.074945082104
17081,1777236600000,6174.704178849937
17082,1777236900000,6172.2347910559565
17083,1777237200000,6181.822982244603
17084,1777237500000,6180.856325367274
17085,1777237800000,6182.293247752492
17086,1777238100000,6180.960828813471
17087,1777238400000,6184.122058060954
17088,1777238700000,6179.837416766844
17089,1777239000000,6151.694278752024
17090,1777239300000,6151.694278752024
17091,1777239600000,6151.694278752024
17092,1777239900000,6151.694278752024
17093,1777240200000,6149.233601040523
17094,1777240500000,6137.129720043178
17095,1777240800000,6137.129720043178
17096,1777241100000,6137.129720043178
17097,1777241400000,6137.129720043178
17098,1777241700000,6137.129720043178
17099,1777242000000,6137.129720043178
17100,1777242300000,6134.675359027364
17101,1777242600000,6100.478255711376
17102,1777242900000,6109.856552226821
17103,1777243200000,6115.607883239057
17104,1777243500000,6127.3696142280405
17105,1777243800000,6123.457672863862
17106,1777244100000,6118.923965984848
17107,1777244400000,6112.006824632296
17108,1777244700000,6107.024405979255
17109,1777245000000,6104.5815962168635
17110,1777245300000,6107.24557294845
17111,1777245600000,6088.404660415187
17112,1777245900000,6085.969298551021
17113,1777246200000,6078.948191147076
17114,1777246500000,6078.948191147076
17115,1777246800000,6078.948191147076
17116,1777247100000,6078.948191147076
17117,1777247400000,6078.948191147076
17118,1777247700000,6078.948191147076
17119,1777248000000,6078.948191147076
17120,1777248300000,6078.948191147076
17121,1777248600000,6076.517098089228
17122,1777248900000,6078.186082946407
17123,1777249200000,6072.460181051776
17124,1777249500000,6067.53025655057
17125,1777249800000,6070.714166124266
17126,1777250100000,6083.398451038829
17127,1777250400000,6091.666345254394
17128,1777250700000,6092.308262507156
17129,1777251000000,6103.349239254651
17130,1777251300000,6138.680364846635
17131,1777251600000,6153.983672152463
17132,1777251900000,6128.871869224441
17133,1777252200000,6129.282696266208
17134,1777252500000,6119.987734446225
17135,1777252800000,6120.090441206667
17136,1777253100000,6115.999998924268
17137,1777253400000,6115.999998924268
17138,1777253700000,6115.999998924268
17139,1777254000000,6115.999998924268
17140,1777254300000,6115.999998924268
17141,1777254600000,6115.999998924268
17142,1777254900000,6115.999998924268
17143,1777255200000,6115.999998924268
17144,1777255500000,6115.999998924268
17145,1777255800000,6115.999998924268
17146,1777256100000,6115.999998924268
17147,1777256400000,6115.999998924268
17148,1777256700000,6115.999998924268
17149,1777257000000,6115.999998924268
17150,1777257300000,6115.999998924268
17151,1777257600000,6115.999998924268
17152,1777257900000,6115.999998924268
17153,1777258200000,6115.999998924268
17154,1777258500000,6115.999998924268
17155,1777258800000,6115.999998924268
17156,1777259100000,6115.999998924268
17157,1777259400000,6115.999998924268
17158,1777259700000,6115.999998924268
17159,1777260000000,6115.999998924268
17160,1777260300000,6115.999998924268
17161,1777260600000,6115.999998924268
17162,1777260900000,6115.999998924268
17163,1777261200000,6115.999998924268
17164,1777261500000,6115.999998924268
17165,1777261800000,6115.999998924268
17166,1777262100000,6113.554088106861
17167,1777262400000,6111.945829102953
17168,1777262700000,6108.6527273330485
17169,1777263000000,6103.725838638539
17170,1777263300000,6101.607021220693
17171,1777263600000,6100.279569344452
17172,1777263900000,6104.593787942235
17173,1777264200000,6091.281649916604
17174,1777264500000,6088.845624461728
17175,1777264800000,6087.035637945995
17176,1777265100000,6075.997269476807
17177,1777265400000,6076.15022608377
17178,1777265700000,6074.518688942827
17179,1777266000000,6054.68452794971
17180,1777266300000,6054.68452794971
17181,1777266600000,6054.68452794971
17182,1777266900000,6054.68452794971
17183,1777267200000,6054.68452794971
17184,1777267500000,6054.68452794971
17185,1777267800000,6054.68452794971
17186,1777268100000,6054.68452794971
17187,1777268400000,6054.68452794971
17188,1777268700000,6054.68452794971
17189,1777269000000,6054.68452794971
17190,1777269300000,6054.68452794971
17191,1777269600000,6054.68452794971
17192,1777269900000,6054.68452794971
17193,1777270200000,6054.68452794971
17194,1777270500000,6054.68452794971
17195,1777270800000,6054.68452794971
17196,1777271100000,6054.68452794971
17197,1777271400000,6054.68452794971
17198,1777271700000,6054.68452794971
17199,1777272000000,6054.68452794971
17200,1777272300000,6054.68452794971
17201,1777272600000,6054.68452794971
17202,1777272900000,6054.68452794971
17203,1777273200000,6054.68452794971
17204,1777273500000,6054.68452794971
17205,1777273800000,6054.68452794971
17206,1777274100000,6054.68452794971
17207,1777274400000,6054.68452794971
17208,1777274700000,6054.68452794971
17209,1777275000000,6054.68452794971
17210,1777275300000,6054.68452794971
17211,1777275600000,6054.68452794971
17212,1777275900000,6054.68452794971
17213,1777276200000,6054.68452794971
17214,1777276500000,6054.68452794971
17215,1777276800000,6054.68452794971
17216,1777277100000,6054.68452794971
17217,1777277400000,6054.68452794971
17218,1777277700000,6054.68452794971
17219,1777278000000,6054.68452794971
17220,1777278300000,6054.68452794971
17221,1777278600000,6054.68452794971
17222,1777278900000,6054.68452794971
17223,1777279200000,6054.68452794971
17224,1777279500000,6052.262654138531
17225,1777279800000,6048.497888381995
17226,1777280100000,6042.327855614339
17227,1777280400000,6041.465096795131
17228,1777280700000,6042.693874507335
17229,1777281000000,6036.352553107035
17230,1777281300000,6033.938012085793
17231,1777281600000,6040.368887105169
17232,1777281900000,6032.089460966862
17233,1777282200000,6021.07626204704
17234,1777282500000,6022.508238265928
17235,1777282800000,6020.112932590694
17236,1777283100000,6023.96625041607
17237,1777283400000,6018.889243821825
17238,1777283700000,6024.252645659848
17239,1777284000000,6023.679855172293
17240,1777284300000,6023.86210669106
17241,1777284600000,6025.971017122515
17242,1777284900000,6025.554442222475
17243,1777285200000,6030.553341022963
17244,1777285500000,6029.850370879144
17245,1777285800000,6029.459831910356
17246,1777286100000,6028.8870414228
17247,1777286400000,6031.2563111667805
17248,1777286700000,6029.563975635366
17249,1777287000000,6027.03849030387
17250,1777287300000,6029.590011566619
17251,1777287600000,6032.896574835691
17252,1777287900000,6036.333317761026
17253,1777288200000,6033.91197615454
17254,1777288500000,6027.495184441107
17255,1777288800000,6025.084186367331
17256,1777289100000,6025.239961089752
17257,1777289400000,6028.667004983008
17258,1777289700000,6030.094939938532
17259,1777290000000,6030.250714660952
17260,1777290300000,6031.419025079108
17261,1777290600000,6029.913202762374
17262,1777290900000,6028.277568176956
17263,1777291200000,6036.403816196571
17264,1777291500000,6034.482594620049
17265,1777291800000,6029.627615771269
17266,1777292100000,6030.744001281952
17267,1777292400000,6037.624051522202
17268,1777292700000,6038.662549671673
17269,1777293000000,6040.090484627196
17270,1777293300000,6046.840722598763
17271,1777293600000,6040.609733701933
17272,1777293900000,6036.24804147415
17273,1777294200000,6043.6213783354
17274,1777294500000,6044.5819891236615
17275,1777294800000,6044.7118013923455
17276,1777295100000,6041.128982776668
17277,1777295400000,6043.777153057821
17278,1777295700000,6040.843395785563
17279,1777296000000,6036.631110551216
